dataset,path,label,dup_group,split,label_conflict
ccsn,ccsn/CCSN_v2/Ac/Ac-N001.jpg,Ac,0,train,False
ccsn,ccsn/CCSN_v2/Ac/Ac-N002.jpg,Ac,1,val,False
ccsn,ccsn/CCSN_v2/Ac/Ac-N003.jpg,Ac,2,train,False
ccsn,ccsn/CCSN_v2/Ac/Ac-N004.jpg,Ac,3,train,False
ccsn,ccsn/CCSN_v2/Ac/Ac-N005.jpg,Ac,4,train,True
ccsn,ccsn/CCSN_v2/Ac/Ac-N006.jpg,Ac,5,train,True
ccsn,ccsn/CCSN_v2/Ac/Ac-N007.jpg,Ac,6,test,False
ccsn,ccsn/CCSN_v2/Ac/Ac-N008.jpg,Ac,7,train,False
ccsn,ccsn/CCSN_v2/Ac/Ac-N009.jpg,Ac,8,train,False
ccsn,ccsn/CCSN_v2/Ac/Ac-N010.jpg,Ac,9,train,False
ccsn,ccsn/CCSN_v2/Ac/Ac-N011.jpg,Ac,10,train,False
ccsn,ccsn/CCSN_v2/Ac/Ac-N012.jpg,Ac,11,val,False
ccsn,ccsn/CCSN_v2/Ac/Ac-N013.jpg,Ac,12,train,True
ccsn,ccsn/CCSN_v2/Ac/Ac-N014.jpg,Ac,13,train,False
ccsn,ccsn/CCSN_v2/Ac/Ac-N015.jpg,Ac,14,test,False
ccsn,ccsn/CCSN_v2/Ac/Ac-N016.jpg,Ac,15,val,False
ccsn,ccsn/CCSN_v2/Ac/Ac-N017.jpg,Ac,16,test,True
ccsn,ccsn/CCSN_v2/Ac/Ac-N018.jpg,Ac,17,val,False
ccsn,ccsn/CCSN_v2/Ac/Ac-N019.jpg,Ac,18,train,False
ccsn,ccsn/CCSN_v2/Ac/Ac-N020.jpg,Ac,19,test,False
ccsn,ccsn/CCSN_v2/Ac/Ac-N021.jpg,Ac,20,train,False
ccsn,ccsn/CCSN_v2/Ac/Ac-N022.jpg,Ac,21,train,False
ccsn,ccsn/CCSN_v2/Ac/Ac-N023.jpg,Ac,22,test,False
ccsn,ccsn/CCSN_v2/Ac/Ac-N024.jpg,Ac,23,val,False
ccsn,ccsn/CCSN_v2/Ac/Ac-N025.jpg,Ac,24,train,False
ccsn,ccsn/CCSN_v2/Ac/Ac-N026.jpg,Ac,25,train,False
ccsn,ccsn/CCSN_v2/Ac/Ac-N027.jpg,Ac,26,train,False
ccsn,ccsn/CCSN_v2/Ac/Ac-N028.jpg,Ac,26,train,False
ccsn,ccsn/CCSN_v2/Ac/Ac-N029.jpg,Ac,28,train,False
ccsn,ccsn/CCSN_v2/Ac/Ac-N030.jpg,Ac,29,train,False
ccsn,ccsn/CCSN_v2/Ac/Ac-N031.jpg,Ac,30,train,False
ccsn,ccsn/CCSN_v2/Ac/Ac-N032.jpg,Ac,31,test,False
ccsn,ccsn/CCSN_v2/Ac/Ac-N033.jpg,Ac,32,val,False
ccsn,ccsn/CCSN_v2/Ac/Ac-N034.jpg,Ac,33,train,False
ccsn,ccsn/CCSN_v2/Ac/Ac-N035.jpg,Ac,34,train,False
ccsn,ccsn/CCSN_v2/Ac/Ac-N036.jpg,Ac,35,test,False
ccsn,ccsn/CCSN_v2/Ac/Ac-N037.jpg,Ac,36,test,False
ccsn,ccsn/CCSN_v2/Ac/Ac-N038.jpg,Ac,37,test,False
ccsn,ccsn/CCSN_v2/Ac/Ac-N039.jpg,Ac,38,train,False
ccsn,ccsn/CCSN_v2/Ac/Ac-N040.jpg,Ac,39,train,False
ccsn,ccsn/CCSN_v2/Ac/Ac-N041.jpg,Ac,40,train,False
ccsn,ccsn/CCSN_v2/Ac/Ac-N042.jpg,Ac,41,val,False
ccsn,ccsn/CCSN_v2/Ac/Ac-N043.jpg,Ac,42,test,False
ccsn,ccsn/CCSN_v2/Ac/Ac-N044.jpg,Ac,43,val,False
ccsn,ccsn/CCSN_v2/Ac/Ac-N045.jpg,Ac,44,val,False
ccsn,ccsn/CCSN_v2/Ac/Ac-N046.jpg,Ac,45,test,False
ccsn,ccsn/CCSN_v2/Ac/Ac-N047.jpg,Ac,46,train,False
ccsn,ccsn/CCSN_v2/Ac/Ac-N048.jpg,Ac,47,train,False
ccsn,ccsn/CCSN_v2/Ac/Ac-N049.jpg,Ac,48,test,False
ccsn,ccsn/CCSN_v2/Ac/Ac-N050.jpg,Ac,49,train,False
ccsn,ccsn/CCSN_v2/Ac/Ac-N051.jpg,Ac,50,test,False
ccsn,ccsn/CCSN_v2/Ac/Ac-N052.jpg,Ac,51,train,False
ccsn,ccsn/CCSN_v2/Ac/Ac-N053.jpg,Ac,52,train,False
ccsn,ccsn/CCSN_v2/Ac/Ac-N054.jpg,Ac,53,train,False
ccsn,ccsn/CCSN_v2/Ac/Ac-N055.jpg,Ac,54,val,False
ccsn,ccsn/CCSN_v2/Ac/Ac-N056.jpg,Ac,55,train,False
ccsn,ccsn/CCSN_v2/Ac/Ac-N057.jpg,Ac,56,train,False
ccsn,ccsn/CCSN_v2/Ac/Ac-N058.jpg,Ac,57,train,True
ccsn,ccsn/CCSN_v2/Ac/Ac-N059.jpg,Ac,58,val,True
ccsn,ccsn/CCSN_v2/Ac/Ac-N060.jpg,Ac,59,test,False
ccsn,ccsn/CCSN_v2/Ac/Ac-N061.jpg,Ac,60,train,False
ccsn,ccsn/CCSN_v2/Ac/Ac-N062.jpg,Ac,61,val,False
ccsn,ccsn/CCSN_v2/Ac/Ac-N063.jpg,Ac,62,val,False
ccsn,ccsn/CCSN_v2/Ac/Ac-N064.jpg,Ac,63,train,False
ccsn,ccsn/CCSN_v2/Ac/Ac-N065.jpg,Ac,64,val,False
ccsn,ccsn/CCSN_v2/Ac/Ac-N066.jpg,Ac,65,test,False
ccsn,ccsn/CCSN_v2/Ac/Ac-N067.jpg,Ac,66,train,False
ccsn,ccsn/CCSN_v2/Ac/Ac-N068.jpg,Ac,67,train,False
ccsn,ccsn/CCSN_v2/Ac/Ac-N069.jpg,Ac,68,train,False
ccsn,ccsn/CCSN_v2/Ac/Ac-N070.jpg,Ac,69,train,False
ccsn,ccsn/CCSN_v2/Ac/Ac-N071.jpg,Ac,70,val,False
ccsn,ccsn/CCSN_v2/Ac/Ac-N072.jpg,Ac,71,train,False
ccsn,ccsn/CCSN_v2/Ac/Ac-N073.jpg,Ac,72,train,False
ccsn,ccsn/CCSN_v2/Ac/Ac-N074.jpg,Ac,73,train,False
ccsn,ccsn/CCSN_v2/Ac/Ac-N075.jpg,Ac,74,train,False
ccsn,ccsn/CCSN_v2/Ac/Ac-N076.jpg,Ac,75,train,False
ccsn,ccsn/CCSN_v2/Ac/Ac-N077.jpg,Ac,76,train,False
ccsn,ccsn/CCSN_v2/Ac/Ac-N078.jpg,Ac,77,val,False
ccsn,ccsn/CCSN_v2/Ac/Ac-N079.jpg,Ac,78,test,False
ccsn,ccsn/CCSN_v2/Ac/Ac-N080.jpg,Ac,79,train,False
ccsn,ccsn/CCSN_v2/Ac/Ac-N081.jpg,Ac,80,train,False
ccsn,ccsn/CCSN_v2/Ac/Ac-N082.jpg,Ac,81,train,False
ccsn,ccsn/CCSN_v2/Ac/Ac-N083.jpg,Ac,82,train,False
ccsn,ccsn/CCSN_v2/Ac/Ac-N084.jpg,Ac,83,train,False
ccsn,ccsn/CCSN_v2/Ac/Ac-N085.jpg,Ac,84,train,False
ccsn,ccsn/CCSN_v2/Ac/Ac-N086.jpg,Ac,85,train,False
ccsn,ccsn/CCSN_v2/Ac/Ac-N087.jpg,Ac,86,train,False
ccsn,ccsn/CCSN_v2/Ac/Ac-N088.jpg,Ac,87,train,False
ccsn,ccsn/CCSN_v2/Ac/Ac-N089.jpg,Ac,88,train,False
ccsn,ccsn/CCSN_v2/Ac/Ac-N090.jpg,Ac,89,train,False
ccsn,ccsn/CCSN_v2/Ac/Ac-N091.jpg,Ac,90,train,False
ccsn,ccsn/CCSN_v2/Ac/Ac-N092.jpg,Ac,91,train,False
ccsn,ccsn/CCSN_v2/Ac/Ac-N093.jpg,Ac,92,train,False
ccsn,ccsn/CCSN_v2/Ac/Ac-N094.jpg,Ac,93,train,False
ccsn,ccsn/CCSN_v2/Ac/Ac-N095.jpg,Ac,94,train,False
ccsn,ccsn/CCSN_v2/Ac/Ac-N096.jpg,Ac,95,train,False
ccsn,ccsn/CCSN_v2/Ac/Ac-N097.jpg,Ac,96,train,False
ccsn,ccsn/CCSN_v2/Ac/Ac-N098.jpg,Ac,97,train,False
ccsn,ccsn/CCSN_v2/Ac/Ac-N099.jpg,Ac,98,test,False
ccsn,ccsn/CCSN_v2/Ac/Ac-N100.jpg,Ac,99,train,False
ccsn,ccsn/CCSN_v2/Ac/Ac-N101.jpg,Ac,100,train,False
ccsn,ccsn/CCSN_v2/Ac/Ac-N102.jpg,Ac,101,train,False
ccsn,ccsn/CCSN_v2/Ac/Ac-N103.jpg,Ac,102,train,False
ccsn,ccsn/CCSN_v2/Ac/Ac-N104.jpg,Ac,103,test,False
ccsn,ccsn/CCSN_v2/Ac/Ac-N105.jpg,Ac,104,train,False
ccsn,ccsn/CCSN_v2/Ac/Ac-N106.jpg,Ac,105,train,False
ccsn,ccsn/CCSN_v2/Ac/Ac-N107.jpg,Ac,106,val,False
ccsn,ccsn/CCSN_v2/Ac/Ac-N108.jpg,Ac,107,train,False
ccsn,ccsn/CCSN_v2/Ac/Ac-N109.jpg,Ac,108,train,False
ccsn,ccsn/CCSN_v2/Ac/Ac-N110.jpg,Ac,109,train,False
ccsn,ccsn/CCSN_v2/Ac/Ac-N111.jpg,Ac,110,val,False
ccsn,ccsn/CCSN_v2/Ac/Ac-N112.jpg,Ac,111,test,False
ccsn,ccsn/CCSN_v2/Ac/Ac-N113.jpg,Ac,112,train,False
ccsn,ccsn/CCSN_v2/Ac/Ac-N114.jpg,Ac,113,train,False
ccsn,ccsn/CCSN_v2/Ac/Ac-N115.jpg,Ac,114,test,False
ccsn,ccsn/CCSN_v2/Ac/Ac-N116.jpg,Ac,115,train,False
ccsn,ccsn/CCSN_v2/Ac/Ac-N117.jpg,Ac,116,train,False
ccsn,ccsn/CCSN_v2/Ac/Ac-N118.jpg,Ac,117,train,False
ccsn,ccsn/CCSN_v2/Ac/Ac-N119.jpg,Ac,118,train,False
ccsn,ccsn/CCSN_v2/Ac/Ac-N120.jpg,Ac,119,train,False
ccsn,ccsn/CCSN_v2/Ac/Ac-N121.jpg,Ac,120,train,False
ccsn,ccsn/CCSN_v2/Ac/Ac-N122.jpg,Ac,121,train,False
ccsn,ccsn/CCSN_v2/Ac/Ac-N123.jpg,Ac,122,train,False
ccsn,ccsn/CCSN_v2/Ac/Ac-N124.jpg,Ac,123,val,False
ccsn,ccsn/CCSN_v2/Ac/Ac-N125.jpg,Ac,124,train,False
ccsn,ccsn/CCSN_v2/Ac/Ac-N126.jpg,Ac,125,train,False
ccsn,ccsn/CCSN_v2/Ac/Ac-N127.jpg,Ac,126,train,False
ccsn,ccsn/CCSN_v2/Ac/Ac-N128.jpg,Ac,127,train,False
ccsn,ccsn/CCSN_v2/Ac/Ac-N129.jpg,Ac,128,train,False
ccsn,ccsn/CCSN_v2/Ac/Ac-N130.jpg,Ac,129,train,False
ccsn,ccsn/CCSN_v2/Ac/Ac-N131.jpg,Ac,130,val,False
ccsn,ccsn/CCSN_v2/Ac/Ac-N132.jpg,Ac,131,train,False
ccsn,ccsn/CCSN_v2/Ac/Ac-N133.jpg,Ac,132,train,False
ccsn,ccsn/CCSN_v2/Ac/Ac-N134.jpg,Ac,133,train,False
ccsn,ccsn/CCSN_v2/Ac/Ac-N135.jpg,Ac,134,train,False
ccsn,ccsn/CCSN_v2/Ac/Ac-N136.jpg,Ac,135,train,False
ccsn,ccsn/CCSN_v2/Ac/Ac-N137.jpg,Ac,136,train,False
ccsn,ccsn/CCSN_v2/Ac/Ac-N138.jpg,Ac,137,test,False
ccsn,ccsn/CCSN_v2/Ac/Ac-N139.jpg,Ac,138,val,False
ccsn,ccsn/CCSN_v2/Ac/Ac-N140.jpg,Ac,139,train,False
ccsn,ccsn/CCSN_v2/Ac/Ac-N141.jpg,Ac,140,test,False
ccsn,ccsn/CCSN_v2/Ac/Ac-N142.jpg,Ac,141,test,False
ccsn,ccsn/CCSN_v2/Ac/Ac-N143.jpg,Ac,142,test,False
ccsn,ccsn/CCSN_v2/Ac/Ac-N144.jpg,Ac,143,val,False
ccsn,ccsn/CCSN_v2/Ac/Ac-N145.jpg,Ac,144,train,False
ccsn,ccsn/CCSN_v2/Ac/Ac-N146.jpg,Ac,145,train,False
ccsn,ccsn/CCSN_v2/Ac/Ac-N147.jpg,Ac,146,train,False
ccsn,ccsn/CCSN_v2/Ac/Ac-N148.jpg,Ac,147,train,False
ccsn,ccsn/CCSN_v2/Ac/Ac-N149.jpg,Ac,148,train,False
ccsn,ccsn/CCSN_v2/Ac/Ac-N150.jpg,Ac,149,train,False
ccsn,ccsn/CCSN_v2/Ac/Ac-N151.jpg,Ac,150,train,False
ccsn,ccsn/CCSN_v2/Ac/Ac-N152.jpg,Ac,151,train,False
ccsn,ccsn/CCSN_v2/Ac/Ac-N153.jpg,Ac,152,train,False
ccsn,ccsn/CCSN_v2/Ac/Ac-N154.jpg,Ac,153,train,True
ccsn,ccsn/CCSN_v2/Ac/Ac-N155.jpg,Ac,154,train,True
ccsn,ccsn/CCSN_v2/Ac/Ac-N156.jpg,Ac,155,train,True
ccsn,ccsn/CCSN_v2/Ac/Ac-N157.jpg,Ac,156,train,False
ccsn,ccsn/CCSN_v2/Ac/Ac-N158.jpg,Ac,157,train,False
ccsn,ccsn/CCSN_v2/Ac/Ac-N159.jpg,Ac,158,train,False
ccsn,ccsn/CCSN_v2/Ac/Ac-N160.jpg,Ac,159,train,False
ccsn,ccsn/CCSN_v2/Ac/Ac-N161.jpg,Ac,160,val,False
ccsn,ccsn/CCSN_v2/Ac/Ac-N162.jpg,Ac,161,val,False
ccsn,ccsn/CCSN_v2/Ac/Ac-N163.jpg,Ac,162,train,False
ccsn,ccsn/CCSN_v2/Ac/Ac-N164.jpg,Ac,163,train,False
ccsn,ccsn/CCSN_v2/Ac/Ac-N165.jpg,Ac,164,test,False
ccsn,ccsn/CCSN_v2/Ac/Ac-N166.jpg,Ac,165,val,False
ccsn,ccsn/CCSN_v2/Ac/Ac-N167.jpg,Ac,166,train,False
ccsn,ccsn/CCSN_v2/Ac/Ac-N168.jpg,Ac,167,train,False
ccsn,ccsn/CCSN_v2/Ac/Ac-N169.jpg,Ac,168,train,False
ccsn,ccsn/CCSN_v2/Ac/Ac-N170.jpg,Ac,169,val,False
ccsn,ccsn/CCSN_v2/Ac/Ac-N171.jpg,Ac,170,train,True
ccsn,ccsn/CCSN_v2/Ac/Ac-N172.jpg,Ac,171,train,False
ccsn,ccsn/CCSN_v2/Ac/Ac-N173.jpg,Ac,172,train,False
ccsn,ccsn/CCSN_v2/Ac/Ac-N174.jpg,Ac,173,val,False
ccsn,ccsn/CCSN_v2/Ac/Ac-N175.jpg,Ac,174,train,False
ccsn,ccsn/CCSN_v2/Ac/Ac-N176.jpg,Ac,175,train,False
ccsn,ccsn/CCSN_v2/Ac/Ac-N177.jpg,Ac,176,test,False
ccsn,ccsn/CCSN_v2/Ac/Ac-N178.jpg,Ac,177,val,False
ccsn,ccsn/CCSN_v2/Ac/Ac-N179.jpg,Ac,178,val,False
ccsn,ccsn/CCSN_v2/Ac/Ac-N180.jpg,Ac,179,train,False
ccsn,ccsn/CCSN_v2/Ac/Ac-N181.jpg,Ac,180,train,True
ccsn,ccsn/CCSN_v2/Ac/Ac-N182.jpg,Ac,181,train,True
ccsn,ccsn/CCSN_v2/Ac/Ac-N183.jpg,Ac,182,test,True
ccsn,ccsn/CCSN_v2/Ac/Ac-N184.jpg,Ac,183,test,False
ccsn,ccsn/CCSN_v2/Ac/Ac-N185.jpg,Ac,184,train,False
ccsn,ccsn/CCSN_v2/Ac/Ac-N186.jpg,Ac,185,train,True
ccsn,ccsn/CCSN_v2/Ac/Ac-N187.jpg,Ac,186,val,False
ccsn,ccsn/CCSN_v2/Ac/Ac-N188.jpg,Ac,187,val,False
ccsn,ccsn/CCSN_v2/Ac/Ac-N189.jpg,Ac,188,train,False
ccsn,ccsn/CCSN_v2/Ac/Ac-N190.jpg,Ac,189,train,False
ccsn,ccsn/CCSN_v2/Ac/Ac-N191.jpg,Ac,190,val,False
ccsn,ccsn/CCSN_v2/Ac/Ac-N192.jpg,Ac,191,val,True
ccsn,ccsn/CCSN_v2/Ac/Ac-N193.jpg,Ac,192,train,False
ccsn,ccsn/CCSN_v2/Ac/Ac-N194.jpg,Ac,193,train,False
ccsn,ccsn/CCSN_v2/Ac/Ac-N195.jpg,Ac,194,test,False
ccsn,ccsn/CCSN_v2/Ac/Ac-N196.jpg,Ac,195,test,False
ccsn,ccsn/CCSN_v2/Ac/Ac-N197.jpg,Ac,196,train,False
ccsn,ccsn/CCSN_v2/Ac/Ac-N198.jpg,Ac,197,train,False
ccsn,ccsn/CCSN_v2/Ac/Ac-N199.jpg,Ac,198,train,False
ccsn,ccsn/CCSN_v2/Ac/Ac-N200.jpg,Ac,199,train,False
ccsn,ccsn/CCSN_v2/Ac/Ac-N201.jpg,Ac,200,test,False
ccsn,ccsn/CCSN_v2/Ac/Ac-N202.jpg,Ac,201,train,True
ccsn,ccsn/CCSN_v2/Ac/Ac-N203.jpg,Ac,202,val,False
ccsn,ccsn/CCSN_v2/Ac/Ac-N204.jpg,Ac,203,test,False
ccsn,ccsn/CCSN_v2/Ac/Ac-N205.jpg,Ac,204,test,False
ccsn,ccsn/CCSN_v2/Ac/Ac-N206.jpg,Ac,205,train,True
ccsn,ccsn/CCSN_v2/Ac/Ac-N207.jpg,Ac,206,test,False
ccsn,ccsn/CCSN_v2/Ac/Ac-N208.jpg,Ac,207,train,True
ccsn,ccsn/CCSN_v2/Ac/Ac-N209.jpg,Ac,208,train,False
ccsn,ccsn/CCSN_v2/Ac/Ac-N210.jpg,Ac,209,train,False
ccsn,ccsn/CCSN_v2/Ac/Ac-N211.jpg,Ac,210,train,False
ccsn,ccsn/CCSN_v2/Ac/Ac-N212.jpg,Ac,211,train,False
ccsn,ccsn/CCSN_v2/Ac/Ac-N213.jpg,Ac,212,train,False
ccsn,ccsn/CCSN_v2/Ac/Ac-N214.jpg,Ac,213,train,False
ccsn,ccsn/CCSN_v2/Ac/Ac-N215.jpg,Ac,214,train,False
ccsn,ccsn/CCSN_v2/Ac/Ac-N216.jpg,Ac,215,train,True
ccsn,ccsn/CCSN_v2/Ac/Ac-N217.jpg,Ac,216,train,False
ccsn,ccsn/CCSN_v2/Ac/Ac-N218.jpg,Ac,217,train,False
ccsn,ccsn/CCSN_v2/Ac/Ac-N219.jpg,Ac,218,train,False
ccsn,ccsn/CCSN_v2/Ac/Ac-N220.jpg,Ac,219,train,False
ccsn,ccsn/CCSN_v2/Ac/Ac-N221.jpg,Ac,220,train,False
ccsn,ccsn/CCSN_v2/As/As-N001.jpg,As,221,train,False
ccsn,ccsn/CCSN_v2/As/As-N002.jpg,As,222,test,False
ccsn,ccsn/CCSN_v2/As/As-N003.jpg,As,223,train,True
ccsn,ccsn/CCSN_v2/As/As-N004.jpg,As,224,train,False
ccsn,ccsn/CCSN_v2/As/As-N005.jpg,As,225,train,False
ccsn,ccsn/CCSN_v2/As/As-N006.jpg,As,226,train,False
ccsn,ccsn/CCSN_v2/As/As-N007.jpg,As,227,train,False
ccsn,ccsn/CCSN_v2/As/As-N008.jpg,As,228,val,False
ccsn,ccsn/CCSN_v2/As/As-N009.jpg,As,229,train,False
ccsn,ccsn/CCSN_v2/As/As-N010.jpg,As,230,train,True
ccsn,ccsn/CCSN_v2/As/As-N011.jpg,As,231,train,False
ccsn,ccsn/CCSN_v2/As/As-N012.jpg,As,232,train,False
ccsn,ccsn/CCSN_v2/As/As-N013.jpg,As,233,train,False
ccsn,ccsn/CCSN_v2/As/As-N014.jpg,As,5,train,True
ccsn,ccsn/CCSN_v2/As/As-N015.jpg,As,235,test,False
ccsn,ccsn/CCSN_v2/As/As-N016.jpg,As,236,train,False
ccsn,ccsn/CCSN_v2/As/As-N017.jpg,As,237,train,False
ccsn,ccsn/CCSN_v2/As/As-N018.jpg,As,238,train,False
ccsn,ccsn/CCSN_v2/As/As-N019.jpg,As,239,train,True
ccsn,ccsn/CCSN_v2/As/As-N020.jpg,As,240,train,False
ccsn,ccsn/CCSN_v2/As/As-N021.jpg,As,241,train,False
ccsn,ccsn/CCSN_v2/As/As-N022.jpg,As,242,train,False
ccsn,ccsn/CCSN_v2/As/As-N023.jpg,As,243,train,False
ccsn,ccsn/CCSN_v2/As/As-N024.jpg,As,244,train,False
ccsn,ccsn/CCSN_v2/As/As-N025.jpg,As,245,test,False
ccsn,ccsn/CCSN_v2/As/As-N026.jpg,As,246,train,False
ccsn,ccsn/CCSN_v2/As/As-N027.jpg,As,247,val,False
ccsn,ccsn/CCSN_v2/As/As-N028.jpg,As,248,train,True
ccsn,ccsn/CCSN_v2/As/As-N029.jpg,As,249,train,False
ccsn,ccsn/CCSN_v2/As/As-N030.jpg,As,250,train,False
ccsn,ccsn/CCSN_v2/As/As-N031.jpg,As,251,train,False
ccsn,ccsn/CCSN_v2/As/As-N032.jpg,As,252,val,True
ccsn,ccsn/CCSN_v2/As/As-N033.jpg,As,253,test,False
ccsn,ccsn/CCSN_v2/As/As-N034.jpg,As,254,train,False
ccsn,ccsn/CCSN_v2/As/As-N035.jpg,As,255,train,False
ccsn,ccsn/CCSN_v2/As/As-N036.jpg,As,256,train,False
ccsn,ccsn/CCSN_v2/As/As-N037.jpg,As,257,val,False
ccsn,ccsn/CCSN_v2/As/As-N038.jpg,As,258,train,False
ccsn,ccsn/CCSN_v2/As/As-N039.jpg,As,259,test,False
ccsn,ccsn/CCSN_v2/As/As-N040.jpg,As,260,train,False
ccsn,ccsn/CCSN_v2/As/As-N041.jpg,As,261,train,False
ccsn,ccsn/CCSN_v2/As/As-N042.jpg,As,262,val,False
ccsn,ccsn/CCSN_v2/As/As-N043.jpg,As,263,val,True
ccsn,ccsn/CCSN_v2/As/As-N044.jpg,As,264,train,False
ccsn,ccsn/CCSN_v2/As/As-N045.jpg,As,265,test,False
ccsn,ccsn/CCSN_v2/As/As-N046.jpg,As,266,train,False
ccsn,ccsn/CCSN_v2/As/As-N047.jpg,As,267,train,False
ccsn,ccsn/CCSN_v2/As/As-N048.jpg,As,268,train,False
ccsn,ccsn/CCSN_v2/As/As-N049.jpg,As,269,train,False
ccsn,ccsn/CCSN_v2/As/As-N050.jpg,As,270,val,False
ccsn,ccsn/CCSN_v2/As/As-N051.jpg,As,271,train,False
ccsn,ccsn/CCSN_v2/As/As-N052.jpg,As,272,train,False
ccsn,ccsn/CCSN_v2/As/As-N053.jpg,As,273,train,False
ccsn,ccsn/CCSN_v2/As/As-N054.jpg,As,274,train,False
ccsn,ccsn/CCSN_v2/As/As-N055.jpg,As,275,train,False
ccsn,ccsn/CCSN_v2/As/As-N056.jpg,As,276,test,False
ccsn,ccsn/CCSN_v2/As/As-N057.jpg,As,277,train,False
ccsn,ccsn/CCSN_v2/As/As-N058.jpg,As,278,train,False
ccsn,ccsn/CCSN_v2/As/As-N059.jpg,As,279,train,False
ccsn,ccsn/CCSN_v2/As/As-N060.jpg,As,280,train,False
ccsn,ccsn/CCSN_v2/As/As-N061.jpg,As,281,train,False
ccsn,ccsn/CCSN_v2/As/As-N062.jpg,As,282,train,False
ccsn,ccsn/CCSN_v2/As/As-N063.jpg,As,283,train,False
ccsn,ccsn/CCSN_v2/As/As-N064.jpg,As,284,test,False
ccsn,ccsn/CCSN_v2/As/As-N065.jpg,As,285,train,False
ccsn,ccsn/CCSN_v2/As/As-N066.jpg,As,286,train,False
ccsn,ccsn/CCSN_v2/As/As-N067.jpg,As,287,train,False
ccsn,ccsn/CCSN_v2/As/As-N068.jpg,As,288,test,False
ccsn,ccsn/CCSN_v2/As/As-N069.jpg,As,289,val,False
ccsn,ccsn/CCSN_v2/As/As-N070.jpg,As,290,train,False
ccsn,ccsn/CCSN_v2/As/As-N071.jpg,As,291,train,False
ccsn,ccsn/CCSN_v2/As/As-N072.jpg,As,292,test,False
ccsn,ccsn/CCSN_v2/As/As-N073.jpg,As,293,train,False
ccsn,ccsn/CCSN_v2/As/As-N074.jpg,As,294,train,False
ccsn,ccsn/CCSN_v2/As/As-N075.jpg,As,295,train,True
ccsn,ccsn/CCSN_v2/As/As-N076.jpg,As,296,train,False
ccsn,ccsn/CCSN_v2/As/As-N077.jpg,As,297,test,False
ccsn,ccsn/CCSN_v2/As/As-N078.jpg,As,238,train,False
ccsn,ccsn/CCSN_v2/As/As-N079.jpg,As,299,train,False
ccsn,ccsn/CCSN_v2/As/As-N080.jpg,As,300,train,False
ccsn,ccsn/CCSN_v2/As/As-N081.jpg,As,301,test,False
ccsn,ccsn/CCSN_v2/As/As-N082.jpg,As,302,train,False
ccsn,ccsn/CCSN_v2/As/As-N083.jpg,As,303,train,False
ccsn,ccsn/CCSN_v2/As/As-N084.jpg,As,304,train,False
ccsn,ccsn/CCSN_v2/As/As-N085.jpg,As,302,train,False
ccsn,ccsn/CCSN_v2/As/As-N086.jpg,As,306,train,False
ccsn,ccsn/CCSN_v2/As/As-N087.jpg,As,307,train,False
ccsn,ccsn/CCSN_v2/As/As-N088.jpg,As,308,val,False
ccsn,ccsn/CCSN_v2/As/As-N089.jpg,As,309,val,False
ccsn,ccsn/CCSN_v2/As/As-N090.jpg,As,310,train,False
ccsn,ccsn/CCSN_v2/As/As-N091.jpg,As,311,train,False
ccsn,ccsn/CCSN_v2/As/As-N092.jpg,As,312,val,True
ccsn,ccsn/CCSN_v2/As/As-N093.jpg,As,313,train,True
ccsn,ccsn/CCSN_v2/As/As-N094.jpg,As,314,train,False
ccsn,ccsn/CCSN_v2/As/As-N095.jpg,As,315,test,False
ccsn,ccsn/CCSN_v2/As/As-N096.jpg,As,316,test,False
ccsn,ccsn/CCSN_v2/As/As-N097.jpg,As,317,test,False
ccsn,ccsn/CCSN_v2/As/As-N098.jpg,As,318,train,False
ccsn,ccsn/CCSN_v2/As/As-N099.jpg,As,319,test,False
ccsn,ccsn/CCSN_v2/As/As-N100.jpg,As,320,train,False
ccsn,ccsn/CCSN_v2/As/As-N101.jpg,As,321,train,False
ccsn,ccsn/CCSN_v2/As/As-N102.jpg,As,322,train,False
ccsn,ccsn/CCSN_v2/As/As-N103.jpg,As,323,val,False
ccsn,ccsn/CCSN_v2/As/As-N104.jpg,As,324,train,False
ccsn,ccsn/CCSN_v2/As/As-N105.jpg,As,325,train,False
ccsn,ccsn/CCSN_v2/As/As-N106.jpg,As,326,val,False
ccsn,ccsn/CCSN_v2/As/As-N107.jpg,As,327,train,False
ccsn,ccsn/CCSN_v2/As/As-N108.jpg,As,328,val,True
ccsn,ccsn/CCSN_v2/As/As-N109.jpg,As,329,train,False
ccsn,ccsn/CCSN_v2/As/As-N110.jpg,As,330,train,True
ccsn,ccsn/CCSN_v2/As/As-N111.jpg,As,331,train,True
ccsn,ccsn/CCSN_v2/As/As-N112.jpg,As,332,val,True
ccsn,ccsn/CCSN_v2/As/As-N113.jpg,As,333,test,False
ccsn,ccsn/CCSN_v2/As/As-N114.jpg,As,334,train,False
ccsn,ccsn/CCSN_v2/As/As-N115.jpg,As,335,train,False
ccsn,ccsn/CCSN_v2/As/As-N116.jpg,As,336,train,False
ccsn,ccsn/CCSN_v2/As/As-N117.jpg,As,337,val,False
ccsn,ccsn/CCSN_v2/As/As-N118.jpg,As,338,train,False
ccsn,ccsn/CCSN_v2/As/As-N119.jpg,As,339,train,False
ccsn,ccsn/CCSN_v2/As/As-N120.jpg,As,340,train,False
ccsn,ccsn/CCSN_v2/As/As-N121.jpg,As,341,train,False
ccsn,ccsn/CCSN_v2/As/As-N122.jpg,As,342,train,False
ccsn,ccsn/CCSN_v2/As/As-N123.jpg,As,343,train,False
ccsn,ccsn/CCSN_v2/As/As-N124.jpg,As,344,train,False
ccsn,ccsn/CCSN_v2/As/As-N125.jpg,As,345,train,False
ccsn,ccsn/CCSN_v2/As/As-N126.jpg,As,346,test,False
ccsn,ccsn/CCSN_v2/As/As-N127.jpg,As,347,train,False
ccsn,ccsn/CCSN_v2/As/As-N128.jpg,As,348,train,False
ccsn,ccsn/CCSN_v2/As/As-N129.jpg,As,349,train,False
ccsn,ccsn/CCSN_v2/As/As-N130.jpg,As,350,test,False
ccsn,ccsn/CCSN_v2/As/As-N131.jpg,As,351,train,False
ccsn,ccsn/CCSN_v2/As/As-N132.jpg,As,352,train,False
ccsn,ccsn/CCSN_v2/As/As-N133.jpg,As,353,train,False
ccsn,ccsn/CCSN_v2/As/As-N134.jpg,As,354,train,True
ccsn,ccsn/CCSN_v2/As/As-N135.jpg,As,355,train,False
ccsn,ccsn/CCSN_v2/As/As-N136.jpg,As,356,train,True
ccsn,ccsn/CCSN_v2/As/As-N137.jpg,As,357,train,True
ccsn,ccsn/CCSN_v2/As/As-N138.jpg,As,358,train,False
ccsn,ccsn/CCSN_v2/As/As-N139.jpg,As,185,train,True
ccsn,ccsn/CCSN_v2/As/As-N140.jpg,As,360,test,False
ccsn,ccsn/CCSN_v2/As/As-N141.jpg,As,185,train,True
ccsn,ccsn/CCSN_v2/As/As-N142.jpg,As,362,test,False
ccsn,ccsn/CCSN_v2/As/As-N143.jpg,As,363,test,False
ccsn,ccsn/CCSN_v2/As/As-N144.jpg,As,364,train,False
ccsn,ccsn/CCSN_v2/As/As-N145.jpg,As,365,train,True
ccsn,ccsn/CCSN_v2/As/As-N146.jpg,As,366,train,False
ccsn,ccsn/CCSN_v2/As/As-N147.jpg,As,367,train,False
ccsn,ccsn/CCSN_v2/As/As-N148.jpg,As,368,train,True
ccsn,ccsn/CCSN_v2/As/As-N149.jpg,As,369,train,True
ccsn,ccsn/CCSN_v2/As/As-N150.jpg,As,181,train,True
ccsn,ccsn/CCSN_v2/As/As-N151.jpg,As,371,val,False
ccsn,ccsn/CCSN_v2/As/As-N152.jpg,As,372,test,True
ccsn,ccsn/CCSN_v2/As/As-N153.jpg,As,373,train,False
ccsn,ccsn/CCSN_v2/As/As-N154.jpg,As,374,train,False
ccsn,ccsn/CCSN_v2/As/As-N155.jpg,As,375,train,False
ccsn,ccsn/CCSN_v2/As/As-N156.jpg,As,376,test,False
ccsn,ccsn/CCSN_v2/As/As-N157.jpg,As,377,train,False
ccsn,ccsn/CCSN_v2/As/As-N158.jpg,As,378,train,False
ccsn,ccsn/CCSN_v2/As/As-N159.jpg,As,379,train,True
ccsn,ccsn/CCSN_v2/As/As-N160.jpg,As,380,train,False
ccsn,ccsn/CCSN_v2/As/As-N161.jpg,As,381,train,False
ccsn,ccsn/CCSN_v2/As/As-N162.jpg,As,382,val,False
ccsn,ccsn/CCSN_v2/As/As-N163.jpg,As,383,train,False
ccsn,ccsn/CCSN_v2/As/As-N164.jpg,As,384,val,False
ccsn,ccsn/CCSN_v2/As/As-N165.jpg,As,385,test,False
ccsn,ccsn/CCSN_v2/As/As-N166.jpg,As,386,val,False
ccsn,ccsn/CCSN_v2/As/As-N167.jpg,As,387,test,False
ccsn,ccsn/CCSN_v2/As/As-N168.jpg,As,388,train,False
ccsn,ccsn/CCSN_v2/As/As-N169.jpg,As,389,train,False
ccsn,ccsn/CCSN_v2/As/As-N170.jpg,As,390,test,False
ccsn,ccsn/CCSN_v2/As/As-N171.jpg,As,391,train,False
ccsn,ccsn/CCSN_v2/As/As-N172.jpg,As,392,train,False
ccsn,ccsn/CCSN_v2/As/As-N173.jpg,As,393,train,False
ccsn,ccsn/CCSN_v2/As/As-N174.jpg,As,394,train,False
ccsn,ccsn/CCSN_v2/As/As-N175.jpg,As,201,train,True
ccsn,ccsn/CCSN_v2/As/As-N176.jpg,As,396,test,False
ccsn,ccsn/CCSN_v2/As/As-N177.jpg,As,397,test,False
ccsn,ccsn/CCSN_v2/As/As-N178.jpg,As,398,train,False
ccsn,ccsn/CCSN_v2/As/As-N179.jpg,As,399,val,False
ccsn,ccsn/CCSN_v2/As/As-N180.jpg,As,400,val,False
ccsn,ccsn/CCSN_v2/As/As-N181.jpg,As,401,train,False
ccsn,ccsn/CCSN_v2/As/As-N182.jpg,As,402,train,False
ccsn,ccsn/CCSN_v2/As/As-N183.jpg,As,403,val,False
ccsn,ccsn/CCSN_v2/As/As-N184.jpg,As,404,train,False
ccsn,ccsn/CCSN_v2/As/As-N185.jpg,As,405,test,False
ccsn,ccsn/CCSN_v2/As/As-N186.jpg,As,406,train,False
ccsn,ccsn/CCSN_v2/As/As-N187.jpg,As,407,train,False
ccsn,ccsn/CCSN_v2/As/As-N188.jpg,As,408,val,False
ccsn,ccsn/CCSN_v2/Cb/Cb-N001.jpg,Cb,409,train,False
ccsn,ccsn/CCSN_v2/Cb/Cb-N002.jpg,Cb,410,test,False
ccsn,ccsn/CCSN_v2/Cb/Cb-N003.jpg,Cb,411,val,False
ccsn,ccsn/CCSN_v2/Cb/Cb-N004.jpg,Cb,412,train,False
ccsn,ccsn/CCSN_v2/Cb/Cb-N005.jpg,Cb,413,val,False
ccsn,ccsn/CCSN_v2/Cb/Cb-N006.jpg,Cb,414,test,False
ccsn,ccsn/CCSN_v2/Cb/Cb-N007.jpg,Cb,379,train,True
ccsn,ccsn/CCSN_v2/Cb/Cb-N008.jpg,Cb,416,train,False
ccsn,ccsn/CCSN_v2/Cb/Cb-N009.jpg,Cb,417,train,False
ccsn,ccsn/CCSN_v2/Cb/Cb-N010.jpg,Cb,418,train,False
ccsn,ccsn/CCSN_v2/Cb/Cb-N011.jpg,Cb,419,train,False
ccsn,ccsn/CCSN_v2/Cb/Cb-N012.jpg,Cb,420,val,False
ccsn,ccsn/CCSN_v2/Cb/Cb-N013.jpg,Cb,421,train,False
ccsn,ccsn/CCSN_v2/Cb/Cb-N014.jpg,Cb,422,train,False
ccsn,ccsn/CCSN_v2/Cb/Cb-N015.jpg,Cb,423,test,False
ccsn,ccsn/CCSN_v2/Cb/Cb-N016.jpg,Cb,424,test,False
ccsn,ccsn/CCSN_v2/Cb/Cb-N017.jpg,Cb,425,train,False
ccsn,ccsn/CCSN_v2/Cb/Cb-N018.jpg,Cb,426,val,False
ccsn,ccsn/CCSN_v2/Cb/Cb-N019.jpg,Cb,368,train,True
ccsn,ccsn/CCSN_v2/Cb/Cb-N020.jpg,Cb,428,test,False
ccsn,ccsn/CCSN_v2/Cb/Cb-N021.jpg,Cb,429,train,False
ccsn,ccsn/CCSN_v2/Cb/Cb-N022.jpg,Cb,430,train,False
ccsn,ccsn/CCSN_v2/Cb/Cb-N023.jpg,Cb,431,train,False
ccsn,ccsn/CCSN_v2/Cb/Cb-N024.jpg,Cb,432,train,False
ccsn,ccsn/CCSN_v2/Cb/Cb-N025.jpg,Cb,433,train,False
ccsn,ccsn/CCSN_v2/Cb/Cb-N026.jpg,Cb,434,train,False
ccsn,ccsn/CCSN_v2/Cb/Cb-N027.jpg,Cb,435,val,False
ccsn,ccsn/CCSN_v2/Cb/Cb-N028.jpg,Cb,436,train,False
ccsn,ccsn/CCSN_v2/Cb/Cb-N029.jpg,Cb,437,val,False
ccsn,ccsn/CCSN_v2/Cb/Cb-N030.jpg,Cb,438,train,False
ccsn,ccsn/CCSN_v2/Cb/Cb-N031.jpg,Cb,439,test,False
ccsn,ccsn/CCSN_v2/Cb/Cb-N032.jpg,Cb,440,train,False
ccsn,ccsn/CCSN_v2/Cb/Cb-N033.jpg,Cb,441,train,False
ccsn,ccsn/CCSN_v2/Cb/Cb-N034.jpg,Cb,442,train,False
ccsn,ccsn/CCSN_v2/Cb/Cb-N035.jpg,Cb,443,train,False
ccsn,ccsn/CCSN_v2/Cb/Cb-N036.jpg,Cb,444,train,False
ccsn,ccsn/CCSN_v2/Cb/Cb-N037.jpg,Cb,445,train,False
ccsn,ccsn/CCSN_v2/Cb/Cb-N038.jpg,Cb,446,train,False
ccsn,ccsn/CCSN_v2/Cb/Cb-N039.jpg,Cb,447,train,False
ccsn,ccsn/CCSN_v2/Cb/Cb-N040.jpg,Cb,448,test,False
ccsn,ccsn/CCSN_v2/Cb/Cb-N041.jpg,Cb,449,train,False
ccsn,ccsn/CCSN_v2/Cb/Cb-N042.jpg,Cb,450,test,False
ccsn,ccsn/CCSN_v2/Cb/Cb-N043.jpg,Cb,451,train,False
ccsn,ccsn/CCSN_v2/Cb/Cb-N044.jpg,Cb,452,test,False
ccsn,ccsn/CCSN_v2/Cb/Cb-N045.jpg,Cb,453,val,False
ccsn,ccsn/CCSN_v2/Cb/Cb-N046.jpg,Cb,454,train,False
ccsn,ccsn/CCSN_v2/Cb/Cb-N047.jpg,Cb,455,val,False
ccsn,ccsn/CCSN_v2/Cb/Cb-N048.jpg,Cb,456,train,False
ccsn,ccsn/CCSN_v2/Cb/Cb-N049.jpg,Cb,457,train,False
ccsn,ccsn/CCSN_v2/Cb/Cb-N050.jpg,Cb,458,val,False
ccsn,ccsn/CCSN_v2/Cb/Cb-N051.jpg,Cb,459,train,False
ccsn,ccsn/CCSN_v2/Cb/Cb-N052.jpg,Cb,460,train,False
ccsn,ccsn/CCSN_v2/Cb/Cb-N053.jpg,Cb,461,test,False
ccsn,ccsn/CCSN_v2/Cb/Cb-N054.jpg,Cb,462,train,False
ccsn,ccsn/CCSN_v2/Cb/Cb-N055.jpg,Cb,463,train,False
ccsn,ccsn/CCSN_v2/Cb/Cb-N056.jpg,Cb,464,train,False
ccsn,ccsn/CCSN_v2/Cb/Cb-N057.jpg,Cb,465,test,False
ccsn,ccsn/CCSN_v2/Cb/Cb-N058.jpg,Cb,466,train,False
ccsn,ccsn/CCSN_v2/Cb/Cb-N059.jpg,Cb,467,train,False
ccsn,ccsn/CCSN_v2/Cb/Cb-N060.jpg,Cb,468,test,False
ccsn,ccsn/CCSN_v2/Cb/Cb-N061.jpg,Cb,469,test,False
ccsn,ccsn/CCSN_v2/Cb/Cb-N062.jpg,Cb,470,train,False
ccsn,ccsn/CCSN_v2/Cb/Cb-N063.jpg,Cb,471,train,False
ccsn,ccsn/CCSN_v2/Cb/Cb-N064.jpg,Cb,472,train,True
ccsn,ccsn/CCSN_v2/Cb/Cb-N065.jpg,Cb,473,train,False
ccsn,ccsn/CCSN_v2/Cb/Cb-N066.jpg,Cb,474,train,False
ccsn,ccsn/CCSN_v2/Cb/Cb-N067.jpg,Cb,475,train,False
ccsn,ccsn/CCSN_v2/Cb/Cb-N068.jpg,Cb,476,train,True
ccsn,ccsn/CCSN_v2/Cb/Cb-N069.jpg,Cb,477,train,False
ccsn,ccsn/CCSN_v2/Cb/Cb-N070.jpg,Cb,478,val,False
ccsn,ccsn/CCSN_v2/Cb/Cb-N071.jpg,Cb,479,train,False
ccsn,ccsn/CCSN_v2/Cb/Cb-N072.jpg,Cb,480,val,False
ccsn,ccsn/CCSN_v2/Cb/Cb-N073.jpg,Cb,481,train,False
ccsn,ccsn/CCSN_v2/Cb/Cb-N074.jpg,Cb,482,train,False
ccsn,ccsn/CCSN_v2/Cb/Cb-N075.jpg,Cb,483,train,False
ccsn,ccsn/CCSN_v2/Cb/Cb-N076.jpg,Cb,484,train,False
ccsn,ccsn/CCSN_v2/Cb/Cb-N077.jpg,Cb,485,val,False
ccsn,ccsn/CCSN_v2/Cb/Cb-N078.jpg,Cb,486,train,False
ccsn,ccsn/CCSN_v2/Cb/Cb-N079.jpg,Cb,487,train,False
ccsn,ccsn/CCSN_v2/Cb/Cb-N080.jpg,Cb,488,train,False
ccsn,ccsn/CCSN_v2/Cb/Cb-N081.jpg,Cb,489,train,False
ccsn,ccsn/CCSN_v2/Cb/Cb-N082.jpg,Cb,252,val,True
ccsn,ccsn/CCSN_v2/Cb/Cb-N083.jpg,Cb,491,val,False
ccsn,ccsn/CCSN_v2/Cb/Cb-N084.jpg,Cb,492,train,False
ccsn,ccsn/CCSN_v2/Cb/Cb-N085.jpg,Cb,493,test,False
ccsn,ccsn/CCSN_v2/Cb/Cb-N086.jpg,Cb,494,test,False
ccsn,ccsn/CCSN_v2/Cb/Cb-N087.jpg,Cb,495,train,False
ccsn,ccsn/CCSN_v2/Cb/Cb-N088.jpg,Cb,496,val,False
ccsn,ccsn/CCSN_v2/Cb/Cb-N089.jpg,Cb,497,train,False
ccsn,ccsn/CCSN_v2/Cb/Cb-N090.jpg,Cb,498,train,False
ccsn,ccsn/CCSN_v2/Cb/Cb-N091.jpg,Cb,499,val,False
ccsn,ccsn/CCSN_v2/Cb/Cb-N092.jpg,Cb,500,train,False
ccsn,ccsn/CCSN_v2/Cb/Cb-N093.jpg,Cb,501,val,False
ccsn,ccsn/CCSN_v2/Cb/Cb-N094.jpg,Cb,502,train,False
ccsn,ccsn/CCSN_v2/Cb/Cb-N095.jpg,Cb,503,train,False
ccsn,ccsn/CCSN_v2/Cb/Cb-N096.jpg,Cb,504,train,False
ccsn,ccsn/CCSN_v2/Cb/Cb-N097.jpg,Cb,505,test,False
ccsn,ccsn/CCSN_v2/Cb/Cb-N098.jpg,Cb,506,train,False
ccsn,ccsn/CCSN_v2/Cb/Cb-N099.jpg,Cb,507,train,False
ccsn,ccsn/CCSN_v2/Cb/Cb-N100.jpg,Cb,508,train,False
ccsn,ccsn/CCSN_v2/Cb/Cb-N101.jpg,Cb,509,val,False
ccsn,ccsn/CCSN_v2/Cb/Cb-N102.jpg,Cb,510,train,False
ccsn,ccsn/CCSN_v2/Cb/Cb-N103.jpg,Cb,511,test,False
ccsn,ccsn/CCSN_v2/Cb/Cb-N104.jpg,Cb,512,train,False
ccsn,ccsn/CCSN_v2/Cb/Cb-N105.jpg,Cb,513,test,False
ccsn,ccsn/CCSN_v2/Cb/Cb-N106.jpg,Cb,514,train,False
ccsn,ccsn/CCSN_v2/Cb/Cb-N107.jpg,Cb,515,val,False
ccsn,ccsn/CCSN_v2/Cb/Cb-N108.jpg,Cb,447,train,False
ccsn,ccsn/CCSN_v2/Cb/Cb-N109.jpg,Cb,517,val,False
ccsn,ccsn/CCSN_v2/Cb/Cb-N110.jpg,Cb,518,train,False
ccsn,ccsn/CCSN_v2/Cb/Cb-N111.jpg,Cb,519,train,False
ccsn,ccsn/CCSN_v2/Cb/Cb-N112.jpg,Cb,520,train,False
ccsn,ccsn/CCSN_v2/Cb/Cb-N113.jpg,Cb,521,train,True
ccsn,ccsn/CCSN_v2/Cb/Cb-N114.jpg,Cb,522,test,False
ccsn,ccsn/CCSN_v2/Cb/Cb-N115.jpg,Cb,523,val,False
ccsn,ccsn/CCSN_v2/Cb/Cb-N116.jpg,Cb,524,train,False
ccsn,ccsn/CCSN_v2/Cb/Cb-N117.jpg,Cb,525,train,False
ccsn,ccsn/CCSN_v2/Cb/Cb-N118.jpg,Cb,526,train,False
ccsn,ccsn/CCSN_v2/Cb/Cb-N119.jpg,Cb,527,train,False
ccsn,ccsn/CCSN_v2/Cb/Cb-N120.jpg,Cb,443,train,False
ccsn,ccsn/CCSN_v2/Cb/Cb-N121.jpg,Cb,529,train,False
ccsn,ccsn/CCSN_v2/Cb/Cb-N122.jpg,Cb,530,train,False
ccsn,ccsn/CCSN_v2/Cb/Cb-N123.jpg,Cb,531,val,False
ccsn,ccsn/CCSN_v2/Cb/Cb-N124.jpg,Cb,532,test,False
ccsn,ccsn/CCSN_v2/Cb/Cb-N125.jpg,Cb,533,test,False
ccsn,ccsn/CCSN_v2/Cb/Cb-N126.jpg,Cb,534,train,False
ccsn,ccsn/CCSN_v2/Cb/Cb-N127.jpg,Cb,535,test,False
ccsn,ccsn/CCSN_v2/Cb/Cb-N128.jpg,Cb,536,train,False
ccsn,ccsn/CCSN_v2/Cb/Cb-N129.jpg,Cb,537,train,False
ccsn,ccsn/CCSN_v2/Cb/Cb-N130.jpg,Cb,538,train,False
ccsn,ccsn/CCSN_v2/Cb/Cb-N131.jpg,Cb,539,test,False
ccsn,ccsn/CCSN_v2/Cb/Cb-N132.jpg,Cb,540,train,False
ccsn,ccsn/CCSN_v2/Cb/Cb-N133.jpg,Cb,541,train,False
ccsn,ccsn/CCSN_v2/Cb/Cb-N134.jpg,Cb,542,train,False
ccsn,ccsn/CCSN_v2/Cb/Cb-N135.jpg,Cb,543,test,False
ccsn,ccsn/CCSN_v2/Cb/Cb-N136.jpg,Cb,544,train,False
ccsn,ccsn/CCSN_v2/Cb/Cb-N137.jpg,Cb,545,train,False
ccsn,ccsn/CCSN_v2/Cb/Cb-N138.jpg,Cb,546,train,False
ccsn,ccsn/CCSN_v2/Cb/Cb-N139.jpg,Cb,547,train,False
ccsn,ccsn/CCSN_v2/Cb/Cb-N140.jpg,Cb,548,train,False
ccsn,ccsn/CCSN_v2/Cb/Cb-N141.jpg,Cb,549,train,False
ccsn,ccsn/CCSN_v2/Cb/Cb-N142.jpg,Cb,550,train,False
ccsn,ccsn/CCSN_v2/Cb/Cb-N143.jpg,Cb,551,train,True
ccsn,ccsn/CCSN_v2/Cb/Cb-N144.jpg,Cb,552,train,False
ccsn,ccsn/CCSN_v2/Cb/Cb-N145.jpg,Cb,553,test,True
ccsn,ccsn/CCSN_v2/Cb/Cb-N146.jpg,Cb,554,train,False
ccsn,ccsn/CCSN_v2/Cb/Cb-N147.jpg,Cb,555,train,False
ccsn,ccsn/CCSN_v2/Cb/Cb-N148.jpg,Cb,556,train,False
ccsn,ccsn/CCSN_v2/Cb/Cb-N149.jpg,Cb,557,train,False
ccsn,ccsn/CCSN_v2/Cb/Cb-N150.jpg,Cb,558,train,False
ccsn,ccsn/CCSN_v2/Cb/Cb-N151.jpg,Cb,559,train,False
ccsn,ccsn/CCSN_v2/Cb/Cb-N152.jpg,Cb,560,train,False
ccsn,ccsn/CCSN_v2/Cb/Cb-N153.jpg,Cb,561,train,False
ccsn,ccsn/CCSN_v2/Cb/Cb-N154.jpg,Cb,562,train,False
ccsn,ccsn/CCSN_v2/Cb/Cb-N155.jpg,Cb,563,test,False
ccsn,ccsn/CCSN_v2/Cb/Cb-N156.jpg,Cb,564,train,False
ccsn,ccsn/CCSN_v2/Cb/Cb-N157.jpg,Cb,565,train,False
ccsn,ccsn/CCSN_v2/Cb/Cb-N158.jpg,Cb,566,train,False
ccsn,ccsn/CCSN_v2/Cb/Cb-N159.jpg,Cb,567,val,False
ccsn,ccsn/CCSN_v2/Cb/Cb-N160.jpg,Cb,568,train,False
ccsn,ccsn/CCSN_v2/Cb/Cb-N161.jpg,Cb,569,train,False
ccsn,ccsn/CCSN_v2/Cb/Cb-N162.jpg,Cb,570,train,False
ccsn,ccsn/CCSN_v2/Cb/Cb-N163.jpg,Cb,571,train,False
ccsn,ccsn/CCSN_v2/Cb/Cb-N164.jpg,Cb,559,train,False
ccsn,ccsn/CCSN_v2/Cb/Cb-N165.jpg,Cb,573,train,False
ccsn,ccsn/CCSN_v2/Cb/Cb-N166.jpg,Cb,574,train,False
ccsn,ccsn/CCSN_v2/Cb/Cb-N167.jpg,Cb,575,val,False
ccsn,ccsn/CCSN_v2/Cb/Cb-N168.jpg,Cb,576,train,False
ccsn,ccsn/CCSN_v2/Cb/Cb-N169.jpg,Cb,577,train,False
ccsn,ccsn/CCSN_v2/Cb/Cb-N170.jpg,Cb,578,val,False
ccsn,ccsn/CCSN_v2/Cb/Cb-N171.jpg,Cb,579,train,False
ccsn,ccsn/CCSN_v2/Cb/Cb-N172.jpg,Cb,580,train,False
ccsn,ccsn/CCSN_v2/Cb/Cb-N173.jpg,Cb,581,test,False
ccsn,ccsn/CCSN_v2/Cb/Cb-N174.jpg,Cb,582,test,False
ccsn,ccsn/CCSN_v2/Cb/Cb-N175.jpg,Cb,583,train,False
ccsn,ccsn/CCSN_v2/Cb/Cb-N176.jpg,Cb,584,train,False
ccsn,ccsn/CCSN_v2/Cb/Cb-N177.jpg,Cb,585,train,False
ccsn,ccsn/CCSN_v2/Cb/Cb-N178.jpg,Cb,586,train,False
ccsn,ccsn/CCSN_v2/Cb/Cb-N179.jpg,Cb,587,train,False
ccsn,ccsn/CCSN_v2/Cb/Cb-N180.jpg,Cb,588,train,False
ccsn,ccsn/CCSN_v2/Cb/Cb-N181.jpg,Cb,589,test,False
ccsn,ccsn/CCSN_v2/Cb/Cb-N182.jpg,Cb,590,train,False
ccsn,ccsn/CCSN_v2/Cb/Cb-N183.jpg,Cb,591,train,False
ccsn,ccsn/CCSN_v2/Cb/Cb-N184.jpg,Cb,592,train,False
ccsn,ccsn/CCSN_v2/Cb/Cb-N185.jpg,Cb,593,train,False
ccsn,ccsn/CCSN_v2/Cb/Cb-N186.jpg,Cb,566,train,False
ccsn,ccsn/CCSN_v2/Cb/Cb-N187.jpg,Cb,595,train,False
ccsn,ccsn/CCSN_v2/Cb/Cb-N188.jpg,Cb,596,train,False
ccsn,ccsn/CCSN_v2/Cb/Cb-N189.jpg,Cb,597,train,False
ccsn,ccsn/CCSN_v2/Cb/Cb-N190.jpg,Cb,598,val,False
ccsn,ccsn/CCSN_v2/Cb/Cb-N191.jpg,Cb,599,train,False
ccsn,ccsn/CCSN_v2/Cb/Cb-N192.jpg,Cb,600,train,False
ccsn,ccsn/CCSN_v2/Cb/Cb-N193.jpg,Cb,601,train,False
ccsn,ccsn/CCSN_v2/Cb/Cb-N194.jpg,Cb,602,train,False
ccsn,ccsn/CCSN_v2/Cb/Cb-N195.jpg,Cb,603,train,False
ccsn,ccsn/CCSN_v2/Cb/Cb-N196.jpg,Cb,604,train,False
ccsn,ccsn/CCSN_v2/Cb/Cb-N197.jpg,Cb,605,train,False
ccsn,ccsn/CCSN_v2/Cb/Cb-N198.jpg,Cb,606,test,False
ccsn,ccsn/CCSN_v2/Cb/Cb-N199.jpg,Cb,607,train,False
ccsn,ccsn/CCSN_v2/Cb/Cb-N200.jpg,Cb,608,train,False
ccsn,ccsn/CCSN_v2/Cb/Cb-N201.jpg,Cb,609,train,False
ccsn,ccsn/CCSN_v2/Cb/Cb-N202.jpg,Cb,610,train,True
ccsn,ccsn/CCSN_v2/Cb/Cb-N203.jpg,Cb,611,train,False
ccsn,ccsn/CCSN_v2/Cb/Cb-N204.jpg,Cb,612,val,False
ccsn,ccsn/CCSN_v2/Cb/Cb-N205.jpg,Cb,613,val,False
ccsn,ccsn/CCSN_v2/Cb/Cb-N206.jpg,Cb,614,train,False
ccsn,ccsn/CCSN_v2/Cb/Cb-N207.jpg,Cb,615,train,False
ccsn,ccsn/CCSN_v2/Cb/Cb-N208.jpg,Cb,616,train,False
ccsn,ccsn/CCSN_v2/Cb/Cb-N209.jpg,Cb,617,train,False
ccsn,ccsn/CCSN_v2/Cb/Cb-N210.jpg,Cb,618,val,False
ccsn,ccsn/CCSN_v2/Cb/Cb-N211.jpg,Cb,619,test,False
ccsn,ccsn/CCSN_v2/Cb/Cb-N212.jpg,Cb,239,train,True
ccsn,ccsn/CCSN_v2/Cb/Cb-N213.jpg,Cb,621,train,True
ccsn,ccsn/CCSN_v2/Cb/Cb-N214.jpg,Cb,622,val,True
ccsn,ccsn/CCSN_v2/Cb/Cb-N215.jpg,Cb,623,val,False
ccsn,ccsn/CCSN_v2/Cb/Cb-N216.jpg,Cb,624,train,False
ccsn,ccsn/CCSN_v2/Cb/Cb-N217.jpg,Cb,625,val,False
ccsn,ccsn/CCSN_v2/Cb/Cb-N218.jpg,Cb,626,train,False
ccsn,ccsn/CCSN_v2/Cb/Cb-N219.jpg,Cb,627,train,True
ccsn,ccsn/CCSN_v2/Cb/Cb-N220.jpg,Cb,628,train,False
ccsn,ccsn/CCSN_v2/Cb/Cb-N221.jpg,Cb,629,val,False
ccsn,ccsn/CCSN_v2/Cb/Cb-N222.jpg,Cb,630,test,True
ccsn,ccsn/CCSN_v2/Cb/Cb-N223.jpg,Cb,631,test,False
ccsn,ccsn/CCSN_v2/Cb/Cb-N224.jpg,Cb,632,train,False
ccsn,ccsn/CCSN_v2/Cb/Cb-N225.jpg,Cb,625,val,False
ccsn,ccsn/CCSN_v2/Cb/Cb-N226.jpg,Cb,634,train,False
ccsn,ccsn/CCSN_v2/Cb/Cb-N227.jpg,Cb,635,train,False
ccsn,ccsn/CCSN_v2/Cb/Cb-N228.jpg,Cb,492,train,False
ccsn,ccsn/CCSN_v2/Cb/Cb-N229.jpg,Cb,637,val,False
ccsn,ccsn/CCSN_v2/Cb/Cb-N230.jpg,Cb,638,train,True
ccsn,ccsn/CCSN_v2/Cb/Cb-N231.jpg,Cb,639,train,False
ccsn,ccsn/CCSN_v2/Cb/Cb-N232.jpg,Cb,640,train,False
ccsn,ccsn/CCSN_v2/Cb/Cb-N233.jpg,Cb,641,test,False
ccsn,ccsn/CCSN_v2/Cb/Cb-N234.jpg,Cb,642,val,False
ccsn,ccsn/CCSN_v2/Cb/Cb-N235.jpg,Cb,643,train,False
ccsn,ccsn/CCSN_v2/Cb/Cb-N236.jpg,Cb,644,test,False
ccsn,ccsn/CCSN_v2/Cb/Cb-N237.jpg,Cb,645,train,False
ccsn,ccsn/CCSN_v2/Cb/Cb-N238.jpg,Cb,646,val,False
ccsn,ccsn/CCSN_v2/Cb/Cb-N239.jpg,Cb,647,train,False
ccsn,ccsn/CCSN_v2/Cb/Cb-N240.jpg,Cb,481,train,False
ccsn,ccsn/CCSN_v2/Cb/Cb-N241.jpg,Cb,649,val,False
ccsn,ccsn/CCSN_v2/Cb/Cb-N242.jpg,Cb,650,train,False
ccsn,ccsn/CCSN_v2/Cc/Cc-N001.jpg,Cc,651,train,False
ccsn,ccsn/CCSN_v2/Cc/Cc-N002.jpg,Cc,652,test,False
ccsn,ccsn/CCSN_v2/Cc/Cc-N003.jpg,Cc,653,train,False
ccsn,ccsn/CCSN_v2/Cc/Cc-N004.jpg,Cc,654,train,False
ccsn,ccsn/CCSN_v2/Cc/Cc-N005.jpg,Cc,655,train,False
ccsn,ccsn/CCSN_v2/Cc/Cc-N006.jpg,Cc,656,train,False
ccsn,ccsn/CCSN_v2/Cc/Cc-N007.jpg,Cc,657,test,False
ccsn,ccsn/CCSN_v2/Cc/Cc-N008.jpg,Cc,658,train,False
ccsn,ccsn/CCSN_v2/Cc/Cc-N009.jpg,Cc,659,train,False
ccsn,ccsn/CCSN_v2/Cc/Cc-N010.jpg,Cc,660,train,False
ccsn,ccsn/CCSN_v2/Cc/Cc-N011.jpg,Cc,661,train,False
ccsn,ccsn/CCSN_v2/Cc/Cc-N012.jpg,Cc,662,train,True
ccsn,ccsn/CCSN_v2/Cc/Cc-N013.jpg,Cc,663,val,False
ccsn,ccsn/CCSN_v2/Cc/Cc-N014.jpg,Cc,664,train,False
ccsn,ccsn/CCSN_v2/Cc/Cc-N015.jpg,Cc,665,test,False
ccsn,ccsn/CCSN_v2/Cc/Cc-N016.jpg,Cc,666,train,False
ccsn,ccsn/CCSN_v2/Cc/Cc-N017.jpg,Cc,667,train,False
ccsn,ccsn/CCSN_v2/Cc/Cc-N018.jpg,Cc,668,train,False
ccsn,ccsn/CCSN_v2/Cc/Cc-N019.jpg,Cc,669,train,False
ccsn,ccsn/CCSN_v2/Cc/Cc-N020.jpg,Cc,670,test,True
ccsn,ccsn/CCSN_v2/Cc/Cc-N021.jpg,Cc,671,train,False
ccsn,ccsn/CCSN_v2/Cc/Cc-N022.jpg,Cc,672,train,False
ccsn,ccsn/CCSN_v2/Cc/Cc-N023.jpg,Cc,673,train,True
ccsn,ccsn/CCSN_v2/Cc/Cc-N024.jpg,Cc,674,train,False
ccsn,ccsn/CCSN_v2/Cc/Cc-N025.jpg,Cc,675,train,False
ccsn,ccsn/CCSN_v2/Cc/Cc-N026.jpg,Cc,676,train,True
ccsn,ccsn/CCSN_v2/Cc/Cc-N027.jpg,Cc,677,train,True
ccsn,ccsn/CCSN_v2/Cc/Cc-N028.jpg,Cc,678,train,False
ccsn,ccsn/CCSN_v2/Cc/Cc-N029.jpg,Cc,12,train,True
ccsn,ccsn/CCSN_v2/Cc/Cc-N030.jpg,Cc,680,train,False
ccsn,ccsn/CCSN_v2/Cc/Cc-N031.jpg,Cc,681,train,False
ccsn,ccsn/CCSN_v2/Cc/Cc-N032.jpg,Cc,57,train,True
ccsn,ccsn/CCSN_v2/Cc/Cc-N033.jpg,Cc,58,val,True
ccsn,ccsn/CCSN_v2/Cc/Cc-N034.jpg,Cc,684,train,False
ccsn,ccsn/CCSN_v2/Cc/Cc-N035.jpg,Cc,685,train,False
ccsn,ccsn/CCSN_v2/Cc/Cc-N036.jpg,Cc,686,val,False
ccsn,ccsn/CCSN_v2/Cc/Cc-N037.jpg,Cc,687,test,False
ccsn,ccsn/CCSN_v2/Cc/Cc-N038.jpg,Cc,688,train,False
ccsn,ccsn/CCSN_v2/Cc/Cc-N039.jpg,Cc,689,train,False
ccsn,ccsn/CCSN_v2/Cc/Cc-N040.jpg,Cc,690,train,False
ccsn,ccsn/CCSN_v2/Cc/Cc-N041.jpg,Cc,691,train,False
ccsn,ccsn/CCSN_v2/Cc/Cc-N042.jpg,Cc,692,train,False
ccsn,ccsn/CCSN_v2/Cc/Cc-N043.jpg,Cc,693,train,False
ccsn,ccsn/CCSN_v2/Cc/Cc-N044.jpg,Cc,694,val,False
ccsn,ccsn/CCSN_v2/Cc/Cc-N045.jpg,Cc,695,train,False
ccsn,ccsn/CCSN_v2/Cc/Cc-N046.jpg,Cc,153,train,True
ccsn,ccsn/CCSN_v2/Cc/Cc-N047.jpg,Cc,154,train,True
ccsn,ccsn/CCSN_v2/Cc/Cc-N048.jpg,Cc,698,train,False
ccsn,ccsn/CCSN_v2/Cc/Cc-N049.jpg,Cc,699,val,False
ccsn,ccsn/CCSN_v2/Cc/Cc-N050.jpg,Cc,700,val,False
ccsn,ccsn/CCSN_v2/Cc/Cc-N051.jpg,Cc,701,train,False
ccsn,ccsn/CCSN_v2/Cc/Cc-N052.jpg,Cc,155,train,True
ccsn,ccsn/CCSN_v2/Cc/Cc-N053.jpg,Cc,703,val,False
ccsn,ccsn/CCSN_v2/Cc/Cc-N054.jpg,Cc,704,test,False
ccsn,ccsn/CCSN_v2/Cc/Cc-N055.jpg,Cc,705,test,False
ccsn,ccsn/CCSN_v2/Cc/Cc-N056.jpg,Cc,706,val,False
ccsn,ccsn/CCSN_v2/Cc/Cc-N057.jpg,Cc,707,train,False
ccsn,ccsn/CCSN_v2/Cc/Cc-N058.jpg,Cc,708,train,False
ccsn,ccsn/CCSN_v2/Cc/Cc-N059.jpg,Cc,709,train,False
ccsn,ccsn/CCSN_v2/Cc/Cc-N060.jpg,Cc,710,train,False
ccsn,ccsn/CCSN_v2/Cc/Cc-N061.jpg,Cc,711,train,False
ccsn,ccsn/CCSN_v2/Cc/Cc-N062.jpg,Cc,712,train,False
ccsn,ccsn/CCSN_v2/Cc/Cc-N063.jpg,Cc,713,test,False
ccsn,ccsn/CCSN_v2/Cc/Cc-N064.jpg,Cc,714,train,False
ccsn,ccsn/CCSN_v2/Cc/Cc-N065.jpg,Cc,715,train,False
ccsn,ccsn/CCSN_v2/Cc/Cc-N066.jpg,Cc,716,train,False
ccsn,ccsn/CCSN_v2/Cc/Cc-N067.jpg,Cc,717,train,False
ccsn,ccsn/CCSN_v2/Cc/Cc-N068.jpg,Cc,718,train,False
ccsn,ccsn/CCSN_v2/Cc/Cc-N069.jpg,Cc,719,val,False
ccsn,ccsn/CCSN_v2/Cc/Cc-N070.jpg,Cc,720,train,False
ccsn,ccsn/CCSN_v2/Cc/Cc-N071.jpg,Cc,721,train,False
ccsn,ccsn/CCSN_v2/Cc/Cc-N072.jpg,Cc,722,train,False
ccsn,ccsn/CCSN_v2/Cc/Cc-N073.jpg,Cc,723,train,False
ccsn,ccsn/CCSN_v2/Cc/Cc-N074.jpg,Cc,724,test,False
ccsn,ccsn/CCSN_v2/Cc/Cc-N075.jpg,Cc,725,train,False
ccsn,ccsn/CCSN_v2/Cc/Cc-N076.jpg,Cc,726,train,False
ccsn,ccsn/CCSN_v2/Cc/Cc-N077.jpg,Cc,727,val,False
ccsn,ccsn/CCSN_v2/Cc/Cc-N078.jpg,Cc,728,train,False
ccsn,ccsn/CCSN_v2/Cc/Cc-N079.jpg,Cc,729,train,False
ccsn,ccsn/CCSN_v2/Cc/Cc-N080.jpg,Cc,730,train,False
ccsn,ccsn/CCSN_v2/Cc/Cc-N081.jpg,Cc,731,train,False
ccsn,ccsn/CCSN_v2/Cc/Cc-N082.jpg,Cc,732,train,False
ccsn,ccsn/CCSN_v2/Cc/Cc-N083.jpg,Cc,733,test,False
ccsn,ccsn/CCSN_v2/Cc/Cc-N084.jpg,Cc,734,train,False
ccsn,ccsn/CCSN_v2/Cc/Cc-N085.jpg,Cc,735,test,False
ccsn,ccsn/CCSN_v2/Cc/Cc-N086.jpg,Cc,736,train,False
ccsn,ccsn/CCSN_v2/Cc/Cc-N087.jpg,Cc,737,train,False
ccsn,ccsn/CCSN_v2/Cc/Cc-N088.jpg,Cc,738,train,False
ccsn,ccsn/CCSN_v2/Cc/Cc-N089.jpg,Cc,739,train,False
ccsn,ccsn/CCSN_v2/Cc/Cc-N090.jpg,Cc,740,train,False
ccsn,ccsn/CCSN_v2/Cc/Cc-N091.jpg,Cc,741,train,False
ccsn,ccsn/CCSN_v2/Cc/Cc-N092.jpg,Cc,742,test,True
ccsn,ccsn/CCSN_v2/Cc/Cc-N093.jpg,Cc,743,test,False
ccsn,ccsn/CCSN_v2/Cc/Cc-N094.jpg,Cc,744,train,False
ccsn,ccsn/CCSN_v2/Cc/Cc-N095.jpg,Cc,745,train,False
ccsn,ccsn/CCSN_v2/Cc/Cc-N096.jpg,Cc,746,val,False
ccsn,ccsn/CCSN_v2/Cc/Cc-N097.jpg,Cc,747,val,False
ccsn,ccsn/CCSN_v2/Cc/Cc-N098.jpg,Cc,748,train,False
ccsn,ccsn/CCSN_v2/Cc/Cc-N099.jpg,Cc,749,train,False
ccsn,ccsn/CCSN_v2/Cc/Cc-N100.jpg,Cc,750,train,False
ccsn,ccsn/CCSN_v2/Cc/Cc-N101.jpg,Cc,751,train,False
ccsn,ccsn/CCSN_v2/Cc/Cc-N102.jpg,Cc,752,train,False
ccsn,ccsn/CCSN_v2/Cc/Cc-N103.jpg,Cc,753,train,False
ccsn,ccsn/CCSN_v2/Cc/Cc-N104.jpg,Cc,754,train,False
ccsn,ccsn/CCSN_v2/Cc/Cc-N105.jpg,Cc,755,train,False
ccsn,ccsn/CCSN_v2/Cc/Cc-N106.jpg,Cc,756,test,False
ccsn,ccsn/CCSN_v2/Cc/Cc-N107.jpg,Cc,757,train,False
ccsn,ccsn/CCSN_v2/Cc/Cc-N108.jpg,Cc,758,train,False
ccsn,ccsn/CCSN_v2/Cc/Cc-N109.jpg,Cc,170,train,True
ccsn,ccsn/CCSN_v2/Cc/Cc-N110.jpg,Cc,760,test,False
ccsn,ccsn/CCSN_v2/Cc/Cc-N111.jpg,Cc,761,train,False
ccsn,ccsn/CCSN_v2/Cc/Cc-N112.jpg,Cc,762,train,False
ccsn,ccsn/CCSN_v2/Cc/Cc-N113.jpg,Cc,763,train,False
ccsn,ccsn/CCSN_v2/Cc/Cc-N114.jpg,Cc,764,train,False
ccsn,ccsn/CCSN_v2/Cc/Cc-N115.jpg,Cc,765,train,False
ccsn,ccsn/CCSN_v2/Cc/Cc-N116.jpg,Cc,766,val,False
ccsn,ccsn/CCSN_v2/Cc/Cc-N117.jpg,Cc,767,test,False
ccsn,ccsn/CCSN_v2/Cc/Cc-N118.jpg,Cc,768,val,False
ccsn,ccsn/CCSN_v2/Cc/Cc-N119.jpg,Cc,769,val,False
ccsn,ccsn/CCSN_v2/Cc/Cc-N120.jpg,Cc,770,train,False
ccsn,ccsn/CCSN_v2/Cc/Cc-N121.jpg,Cc,771,train,True
ccsn,ccsn/CCSN_v2/Cc/Cc-N122.jpg,Cc,772,test,True
ccsn,ccsn/CCSN_v2/Cc/Cc-N123.jpg,Cc,773,train,False
ccsn,ccsn/CCSN_v2/Cc/Cc-N124.jpg,Cc,774,train,False
ccsn,ccsn/CCSN_v2/Cc/Cc-N125.jpg,Cc,775,train,False
ccsn,ccsn/CCSN_v2/Cc/Cc-N126.jpg,Cc,776,train,False
ccsn,ccsn/CCSN_v2/Cc/Cc-N127.jpg,Cc,777,train,False
ccsn,ccsn/CCSN_v2/Cc/Cc-N128.jpg,Cc,778,test,False
ccsn,ccsn/CCSN_v2/Cc/Cc-N129.jpg,Cc,779,train,False
ccsn,ccsn/CCSN_v2/Cc/Cc-N130.jpg,Cc,780,train,False
ccsn,ccsn/CCSN_v2/Cc/Cc-N131.jpg,Cc,357,train,True
ccsn,ccsn/CCSN_v2/Cc/Cc-N132.jpg,Cc,782,val,True
ccsn,ccsn/CCSN_v2/Cc/Cc-N133.jpg,Cc,191,val,True
ccsn,ccsn/CCSN_v2/Cc/Cc-N134.jpg,Cc,784,train,False
ccsn,ccsn/CCSN_v2/Cc/Cc-N135.jpg,Cc,785,train,False
ccsn,ccsn/CCSN_v2/Cc/Cc-N136.jpg,Cc,786,train,False
ccsn,ccsn/CCSN_v2/Cc/Cc-N137.jpg,Cc,787,train,False
ccsn,ccsn/CCSN_v2/Cc/Cc-N138.jpg,Cc,788,train,False
ccsn,ccsn/CCSN_v2/Cc/Cc-N139.jpg,Cc,789,train,False
ccsn,ccsn/CCSN_v2/Cc/Cc-N140.jpg,Cc,790,val,False
ccsn,ccsn/CCSN_v2/Cc/Cc-N141.jpg,Cc,791,train,False
ccsn,ccsn/CCSN_v2/Cc/Cc-N142.jpg,Cc,792,train,False
ccsn,ccsn/CCSN_v2/Cc/Cc-N143.jpg,Cc,793,val,False
ccsn,ccsn/CCSN_v2/Cc/Cc-N144.jpg,Cc,205,train,True
ccsn,ccsn/CCSN_v2/Cc/Cc-N145.jpg,Cc,795,train,False
ccsn,ccsn/CCSN_v2/Cc/Cc-N146.jpg,Cc,796,train,False
ccsn,ccsn/CCSN_v2/Cc/Cc-N147.jpg,Cc,797,train,False
ccsn,ccsn/CCSN_v2/Cc/Cc-N148.jpg,Cc,798,train,True
ccsn,ccsn/CCSN_v2/Cc/Cc-N149.jpg,Cc,799,train,False
ccsn,ccsn/CCSN_v2/Cc/Cc-N150.jpg,Cc,800,train,False
ccsn,ccsn/CCSN_v2/Cc/Cc-N151.jpg,Cc,801,train,False
ccsn,ccsn/CCSN_v2/Cc/Cc-N152.jpg,Cc,802,test,False
ccsn,ccsn/CCSN_v2/Cc/Cc-N153.jpg,Cc,803,test,False
ccsn,ccsn/CCSN_v2/Cc/Cc-N154.jpg,Cc,804,train,False
ccsn,ccsn/CCSN_v2/Cc/Cc-N155.jpg,Cc,805,train,False
ccsn,ccsn/CCSN_v2/Cc/Cc-N156.jpg,Cc,806,train,False
ccsn,ccsn/CCSN_v2/Cc/Cc-N157.jpg,Cc,807,train,False
ccsn,ccsn/CCSN_v2/Cc/Cc-N158.jpg,Cc,808,val,False
ccsn,ccsn/CCSN_v2/Cc/Cc-N159.jpg,Cc,809,test,False
ccsn,ccsn/CCSN_v2/Cc/Cc-N160.jpg,Cc,810,train,False
ccsn,ccsn/CCSN_v2/Cc/Cc-N161.jpg,Cc,811,test,False
ccsn,ccsn/CCSN_v2/Cc/Cc-N162.jpg,Cc,812,train,False
ccsn,ccsn/CCSN_v2/Cc/Cc-N163.jpg,Cc,813,train,False
ccsn,ccsn/CCSN_v2/Cc/Cc-N164.jpg,Cc,814,val,False
ccsn,ccsn/CCSN_v2/Cc/Cc-N165.jpg,Cc,815,train,True
ccsn,ccsn/CCSN_v2/Cc/Cc-N166.jpg,Cc,816,train,False
ccsn,ccsn/CCSN_v2/Cc/Cc-N167.jpg,Cc,817,train,False
ccsn,ccsn/CCSN_v2/Cc/Cc-N168.jpg,Cc,818,train,False
ccsn,ccsn/CCSN_v2/Cc/Cc-N169.jpg,Cc,819,train,False
ccsn,ccsn/CCSN_v2/Cc/Cc-N170.jpg,Cc,820,test,False
ccsn,ccsn/CCSN_v2/Cc/Cc-N171.jpg,Cc,821,train,False
ccsn,ccsn/CCSN_v2/Cc/Cc-N172.jpg,Cc,822,test,False
ccsn,ccsn/CCSN_v2/Cc/Cc-N173.jpg,Cc,823,train,False
ccsn,ccsn/CCSN_v2/Cc/Cc-N174.jpg,Cc,824,val,True
ccsn,ccsn/CCSN_v2/Cc/Cc-N175.jpg,Cc,825,val,False
ccsn,ccsn/CCSN_v2/Cc/Cc-N176.jpg,Cc,826,train,True
ccsn,ccsn/CCSN_v2/Cc/Cc-N177.jpg,Cc,827,train,True
ccsn,ccsn/CCSN_v2/Cc/Cc-N178.jpg,Cc,828,train,False
ccsn,ccsn/CCSN_v2/Cc/Cc-N179.jpg,Cc,829,train,True
ccsn,ccsn/CCSN_v2/Cc/Cc-N180.jpg,Cc,830,train,True
ccsn,ccsn/CCSN_v2/Cc/Cc-N181.jpg,Cc,831,test,False
ccsn,ccsn/CCSN_v2/Cc/Cc-N182.jpg,Cc,832,train,False
ccsn,ccsn/CCSN_v2/Cc/Cc-N183.jpg,Cc,833,train,False
ccsn,ccsn/CCSN_v2/Cc/Cc-N184.jpg,Cc,834,test,False
ccsn,ccsn/CCSN_v2/Cc/Cc-N185.jpg,Cc,835,val,False
ccsn,ccsn/CCSN_v2/Cc/Cc-N186.jpg,Cc,836,train,False
ccsn,ccsn/CCSN_v2/Cc/Cc-N187.jpg,Cc,704,test,False
ccsn,ccsn/CCSN_v2/Cc/Cc-N188.jpg,Cc,838,test,False
ccsn,ccsn/CCSN_v2/Cc/Cc-N189.jpg,Cc,839,train,True
ccsn,ccsn/CCSN_v2/Cc/Cc-N190.jpg,Cc,840,val,False
ccsn,ccsn/CCSN_v2/Cc/Cc-N191.jpg,Cc,841,train,False
ccsn,ccsn/CCSN_v2/Cc/Cc-N192.jpg,Cc,842,train,False
ccsn,ccsn/CCSN_v2/Cc/Cc-N193.jpg,Cc,843,train,False
ccsn,ccsn/CCSN_v2/Cc/Cc-N194.jpg,Cc,844,val,False
ccsn,ccsn/CCSN_v2/Cc/Cc-N195.jpg,Cc,845,train,False
ccsn,ccsn/CCSN_v2/Cc/Cc-N196.jpg,Cc,846,train,False
ccsn,ccsn/CCSN_v2/Cc/Cc-N197.jpg,Cc,847,train,False
ccsn,ccsn/CCSN_v2/Cc/Cc-N198.jpg,Cc,848,train,False
ccsn,ccsn/CCSN_v2/Cc/Cc-N199.jpg,Cc,849,train,False
ccsn,ccsn/CCSN_v2/Cc/Cc-N200.jpg,Cc,698,train,False
ccsn,ccsn/CCSN_v2/Cc/Cc-N201.jpg,Cc,851,test,False
ccsn,ccsn/CCSN_v2/Cc/Cc-N202.jpg,Cc,852,train,False
ccsn,ccsn/CCSN_v2/Cc/Cc-N203.jpg,Cc,853,train,False
ccsn,ccsn/CCSN_v2/Cc/Cc-N204.jpg,Cc,854,val,False
ccsn,ccsn/CCSN_v2/Cc/Cc-N205.jpg,Cc,855,train,False
ccsn,ccsn/CCSN_v2/Cc/Cc-N206.jpg,Cc,856,train,False
ccsn,ccsn/CCSN_v2/Cc/Cc-N207.jpg,Cc,857,test,False
ccsn,ccsn/CCSN_v2/Cc/Cc-N208.jpg,Cc,858,train,False
ccsn,ccsn/CCSN_v2/Cc/Cc-N209.jpg,Cc,859,train,False
ccsn,ccsn/CCSN_v2/Cc/Cc-N210.jpg,Cc,860,train,False
ccsn,ccsn/CCSN_v2/Cc/Cc-N211.jpg,Cc,861,val,False
ccsn,ccsn/CCSN_v2/Cc/Cc-N212.jpg,Cc,862,train,False
ccsn,ccsn/CCSN_v2/Cc/Cc-N213.jpg,Cc,863,train,False
ccsn,ccsn/CCSN_v2/Cc/Cc-N214.jpg,Cc,864,train,False
ccsn,ccsn/CCSN_v2/Cc/Cc-N215.jpg,Cc,865,test,False
ccsn,ccsn/CCSN_v2/Cc/Cc-N216.jpg,Cc,866,train,False
ccsn,ccsn/CCSN_v2/Cc/Cc-N217.jpg,Cc,867,test,False
ccsn,ccsn/CCSN_v2/Cc/Cc-N218.jpg,Cc,851,test,False
ccsn,ccsn/CCSN_v2/Cc/Cc-N219.jpg,Cc,869,test,False
ccsn,ccsn/CCSN_v2/Cc/Cc-N220.jpg,Cc,870,train,False
ccsn,ccsn/CCSN_v2/Cc/Cc-N221.jpg,Cc,871,train,False
ccsn,ccsn/CCSN_v2/Cc/Cc-N222.jpg,Cc,872,train,False
ccsn,ccsn/CCSN_v2/Cc/Cc-N223.jpg,Cc,873,train,False
ccsn,ccsn/CCSN_v2/Cc/Cc-N224.jpg,Cc,874,train,False
ccsn,ccsn/CCSN_v2/Cc/Cc-N225.jpg,Cc,875,train,False
ccsn,ccsn/CCSN_v2/Cc/Cc-N226.jpg,Cc,876,train,False
ccsn,ccsn/CCSN_v2/Cc/Cc-N227.jpg,Cc,877,train,False
ccsn,ccsn/CCSN_v2/Cc/Cc-N228.jpg,Cc,878,val,False
ccsn,ccsn/CCSN_v2/Cc/Cc-N229.jpg,Cc,879,train,False
ccsn,ccsn/CCSN_v2/Cc/Cc-N230.jpg,Cc,880,train,False
ccsn,ccsn/CCSN_v2/Cc/Cc-N231.jpg,Cc,881,test,False
ccsn,ccsn/CCSN_v2/Cc/Cc-N232.jpg,Cc,882,train,False
ccsn,ccsn/CCSN_v2/Cc/Cc-N233.jpg,Cc,883,train,False
ccsn,ccsn/CCSN_v2/Cc/Cc-N234.jpg,Cc,884,train,False
ccsn,ccsn/CCSN_v2/Cc/Cc-N235.jpg,Cc,885,val,False
ccsn,ccsn/CCSN_v2/Cc/Cc-N236.jpg,Cc,886,val,False
ccsn,ccsn/CCSN_v2/Cc/Cc-N237.jpg,Cc,887,train,False
ccsn,ccsn/CCSN_v2/Cc/Cc-N238.jpg,Cc,888,val,False
ccsn,ccsn/CCSN_v2/Cc/Cc-N239.jpg,Cc,889,train,False
ccsn,ccsn/CCSN_v2/Cc/Cc-N240.jpg,Cc,890,train,False
ccsn,ccsn/CCSN_v2/Cc/Cc-N241.jpg,Cc,891,train,False
ccsn,ccsn/CCSN_v2/Cc/Cc-N242.jpg,Cc,892,val,False
ccsn,ccsn/CCSN_v2/Cc/Cc-N243.jpg,Cc,893,val,False
ccsn,ccsn/CCSN_v2/Cc/Cc-N244.jpg,Cc,894,train,False
ccsn,ccsn/CCSN_v2/Cc/Cc-N245.jpg,Cc,895,val,False
ccsn,ccsn/CCSN_v2/Cc/Cc-N246.jpg,Cc,896,train,False
ccsn,ccsn/CCSN_v2/Cc/Cc-N247.jpg,Cc,897,val,False
ccsn,ccsn/CCSN_v2/Cc/Cc-N248.jpg,Cc,898,train,False
ccsn,ccsn/CCSN_v2/Cc/Cc-N249.jpg,Cc,899,test,False
ccsn,ccsn/CCSN_v2/Cc/Cc-N250.jpg,Cc,900,train,False
ccsn,ccsn/CCSN_v2/Cc/Cc-N251.jpg,Cc,900,train,False
ccsn,ccsn/CCSN_v2/Cc/Cc-N252.jpg,Cc,902,train,False
ccsn,ccsn/CCSN_v2/Cc/Cc-N253.jpg,Cc,903,train,False
ccsn,ccsn/CCSN_v2/Cc/Cc-N254.jpg,Cc,904,val,False
ccsn,ccsn/CCSN_v2/Cc/Cc-N255.jpg,Cc,905,train,False
ccsn,ccsn/CCSN_v2/Cc/Cc-N256.jpg,Cc,906,train,False
ccsn,ccsn/CCSN_v2/Cc/Cc-N257.jpg,Cc,907,val,False
ccsn,ccsn/CCSN_v2/Cc/Cc-N258.jpg,Cc,908,train,False
ccsn,ccsn/CCSN_v2/Cc/Cc-N259.jpg,Cc,909,val,False
ccsn,ccsn/CCSN_v2/Cc/Cc-N260.jpg,Cc,910,train,False
ccsn,ccsn/CCSN_v2/Cc/Cc-N261.jpg,Cc,911,train,False
ccsn,ccsn/CCSN_v2/Cc/Cc-N262.jpg,Cc,911,train,False
ccsn,ccsn/CCSN_v2/Cc/Cc-N263.jpg,Cc,913,test,False
ccsn,ccsn/CCSN_v2/Cc/Cc-N264.jpg,Cc,914,train,False
ccsn,ccsn/CCSN_v2/Cc/Cc-N265.jpg,Cc,915,val,False
ccsn,ccsn/CCSN_v2/Cc/Cc-N266.jpg,Cc,916,train,False
ccsn,ccsn/CCSN_v2/Cc/Cc-N267.jpg,Cc,917,val,False
ccsn,ccsn/CCSN_v2/Cc/Cc-N268.jpg,Cc,918,val,False
ccsn,ccsn/CCSN_v2/Ci/Ci-N001.jpg,Ci,919,val,False
ccsn,ccsn/CCSN_v2/Ci/Ci-N002.jpg,Ci,920,train,False
ccsn,ccsn/CCSN_v2/Ci/Ci-N003.jpg,Ci,248,train,True
ccsn,ccsn/CCSN_v2/Ci/Ci-N004.jpg,Ci,922,train,False
ccsn,ccsn/CCSN_v2/Ci/Ci-N005.jpg,Ci,923,val,True
ccsn,ccsn/CCSN_v2/Ci/Ci-N006.jpg,Ci,924,train,False
ccsn,ccsn/CCSN_v2/Ci/Ci-N007.jpg,Ci,925,train,False
ccsn,ccsn/CCSN_v2/Ci/Ci-N008.jpg,Ci,926,train,False
ccsn,ccsn/CCSN_v2/Ci/Ci-N009.jpg,Ci,927,train,False
ccsn,ccsn/CCSN_v2/Ci/Ci-N010.jpg,Ci,928,test,False
ccsn,ccsn/CCSN_v2/Ci/Ci-N011.jpg,Ci,929,train,False
ccsn,ccsn/CCSN_v2/Ci/Ci-N012.jpg,Ci,930,train,False
ccsn,ccsn/CCSN_v2/Ci/Ci-N013.jpg,Ci,931,val,True
ccsn,ccsn/CCSN_v2/Ci/Ci-N014.jpg,Ci,932,val,False
ccsn,ccsn/CCSN_v2/Ci/Ci-N015.jpg,Ci,933,train,False
ccsn,ccsn/CCSN_v2/Ci/Ci-N016.jpg,Ci,934,val,False
ccsn,ccsn/CCSN_v2/Ci/Ci-N017.jpg,Ci,935,train,False
ccsn,ccsn/CCSN_v2/Ci/Ci-N018.jpg,Ci,936,train,False
ccsn,ccsn/CCSN_v2/Ci/Ci-N019.jpg,Ci,937,val,False
ccsn,ccsn/CCSN_v2/Ci/Ci-N020.jpg,Ci,938,train,False
ccsn,ccsn/CCSN_v2/Ci/Ci-N021.jpg,Ci,939,val,False
ccsn,ccsn/CCSN_v2/Ci/Ci-N022.jpg,Ci,940,train,False
ccsn,ccsn/CCSN_v2/Ci/Ci-N023.jpg,Ci,941,train,False
ccsn,ccsn/CCSN_v2/Ci/Ci-N024.jpg,Ci,942,train,True
ccsn,ccsn/CCSN_v2/Ci/Ci-N025.jpg,Ci,943,val,False
ccsn,ccsn/CCSN_v2/Ci/Ci-N026.jpg,Ci,944,train,False
ccsn,ccsn/CCSN_v2/Ci/Ci-N027.jpg,Ci,945,train,False
ccsn,ccsn/CCSN_v2/Ci/Ci-N028.jpg,Ci,946,train,False
ccsn,ccsn/CCSN_v2/Ci/Ci-N029.jpg,Ci,947,val,False
ccsn,ccsn/CCSN_v2/Ci/Ci-N030.jpg,Ci,948,test,False
ccsn,ccsn/CCSN_v2/Ci/Ci-N031.jpg,Ci,949,train,False
ccsn,ccsn/CCSN_v2/Ci/Ci-N032.jpg,Ci,950,train,False
ccsn,ccsn/CCSN_v2/Ci/Ci-N033.jpg,Ci,951,test,True
ccsn,ccsn/CCSN_v2/Ci/Ci-N034.jpg,Ci,952,val,False
ccsn,ccsn/CCSN_v2/Ci/Ci-N035.jpg,Ci,953,train,True
ccsn,ccsn/CCSN_v2/Ci/Ci-N036.jpg,Ci,954,train,False
ccsn,ccsn/CCSN_v2/Ci/Ci-N037.jpg,Ci,955,train,False
ccsn,ccsn/CCSN_v2/Ci/Ci-N038.jpg,Ci,956,test,False
ccsn,ccsn/CCSN_v2/Ci/Ci-N039.jpg,Ci,957,train,False
ccsn,ccsn/CCSN_v2/Ci/Ci-N040.jpg,Ci,958,train,False
ccsn,ccsn/CCSN_v2/Ci/Ci-N041.jpg,Ci,959,train,False
ccsn,ccsn/CCSN_v2/Ci/Ci-N042.jpg,Ci,610,train,True
ccsn,ccsn/CCSN_v2/Ci/Ci-N043.jpg,Ci,927,train,False
ccsn,ccsn/CCSN_v2/Ci/Ci-N044.jpg,Ci,962,train,False
ccsn,ccsn/CCSN_v2/Ci/Ci-N045.jpg,Ci,963,train,False
ccsn,ccsn/CCSN_v2/Ci/Ci-N046.jpg,Ci,964,val,False
ccsn,ccsn/CCSN_v2/Ci/Ci-N047.jpg,Ci,965,test,False
ccsn,ccsn/CCSN_v2/Ci/Ci-N048.jpg,Ci,966,train,False
ccsn,ccsn/CCSN_v2/Ci/Ci-N049.jpg,Ci,967,train,False
ccsn,ccsn/CCSN_v2/Ci/Ci-N050.jpg,Ci,968,train,False
ccsn,ccsn/CCSN_v2/Ci/Ci-N051.jpg,Ci,969,val,False
ccsn,ccsn/CCSN_v2/Ci/Ci-N052.jpg,Ci,970,train,False
ccsn,ccsn/CCSN_v2/Ci/Ci-N053.jpg,Ci,971,test,False
ccsn,ccsn/CCSN_v2/Ci/Ci-N054.jpg,Ci,972,train,False
ccsn,ccsn/CCSN_v2/Ci/Ci-N055.jpg,Ci,973,train,False
ccsn,ccsn/CCSN_v2/Ci/Ci-N056.jpg,Ci,974,train,False
ccsn,ccsn/CCSN_v2/Ci/Ci-N057.jpg,Ci,975,test,False
ccsn,ccsn/CCSN_v2/Ci/Ci-N058.jpg,Ci,976,val,False
ccsn,ccsn/CCSN_v2/Ci/Ci-N059.jpg,Ci,742,test,True
ccsn,ccsn/CCSN_v2/Ci/Ci-N060.jpg,Ci,978,train,False
ccsn,ccsn/CCSN_v2/Ci/Ci-N061.jpg,Ci,979,train,False
ccsn,ccsn/CCSN_v2/Ci/Ci-N062.jpg,Ci,980,train,True
ccsn,ccsn/CCSN_v2/Ci/Ci-N063.jpg,Ci,981,test,False
ccsn,ccsn/CCSN_v2/Ci/Ci-N064.jpg,Ci,982,train,False
ccsn,ccsn/CCSN_v2/Ci/Ci-N065.jpg,Ci,983,train,False
ccsn,ccsn/CCSN_v2/Ci/Ci-N066.jpg,Ci,984,train,False
ccsn,ccsn/CCSN_v2/Ci/Ci-N067.jpg,Ci,985,train,False
ccsn,ccsn/CCSN_v2/Ci/Ci-N068.jpg,Ci,986,train,False
ccsn,ccsn/CCSN_v2/Ci/Ci-N069.jpg,Ci,987,val,False
ccsn,ccsn/CCSN_v2/Ci/Ci-N070.jpg,Ci,988,train,False
ccsn,ccsn/CCSN_v2/Ci/Ci-N071.jpg,Ci,989,train,False
ccsn,ccsn/CCSN_v2/Ci/Ci-N072.jpg,Ci,990,train,False
ccsn,ccsn/CCSN_v2/Ci/Ci-N073.jpg,Ci,991,train,False
ccsn,ccsn/CCSN_v2/Ci/Ci-N074.jpg,Ci,330,train,True
ccsn,ccsn/CCSN_v2/Ci/Ci-N075.jpg,Ci,993,train,False
ccsn,ccsn/CCSN_v2/Ci/Ci-N076.jpg,Ci,994,train,False
ccsn,ccsn/CCSN_v2/Ci/Ci-N077.jpg,Ci,995,test,False
ccsn,ccsn/CCSN_v2/Ci/Ci-N078.jpg,Ci,996,train,False
ccsn,ccsn/CCSN_v2/Ci/Ci-N079.jpg,Ci,331,train,True
ccsn,ccsn/CCSN_v2/Ci/Ci-N080.jpg,Ci,998,train,False
ccsn,ccsn/CCSN_v2/Ci/Ci-N081.jpg,Ci,999,test,False
ccsn,ccsn/CCSN_v2/Ci/Ci-N082.jpg,Ci,1000,train,False
ccsn,ccsn/CCSN_v2/Ci/Ci-N083.jpg,Ci,332,val,True
ccsn,ccsn/CCSN_v2/Ci/Ci-N084.jpg,Ci,1002,val,False
ccsn,ccsn/CCSN_v2/Ci/Ci-N085.jpg,Ci,1003,val,False
ccsn,ccsn/CCSN_v2/Ci/Ci-N086.jpg,Ci,1004,train,False
ccsn,ccsn/CCSN_v2/Ci/Ci-N087.jpg,Ci,1005,test,False
ccsn,ccsn/CCSN_v2/Ci/Ci-N088.jpg,Ci,1006,train,False
ccsn,ccsn/CCSN_v2/Ci/Ci-N089.jpg,Ci,1007,train,False
ccsn,ccsn/CCSN_v2/Ci/Ci-N090.jpg,Ci,1008,train,False
ccsn,ccsn/CCSN_v2/Ci/Ci-N091.jpg,Ci,1009,train,False
ccsn,ccsn/CCSN_v2/Ci/Ci-N092.jpg,Ci,1010,train,False
ccsn,ccsn/CCSN_v2/Ci/Ci-N093.jpg,Ci,1011,train,False
ccsn,ccsn/CCSN_v2/Ci/Ci-N094.jpg,Ci,1012,train,False
ccsn,ccsn/CCSN_v2/Ci/Ci-N095.jpg,Ci,1013,val,False
ccsn,ccsn/CCSN_v2/Ci/Ci-N096.jpg,Ci,1014,train,False
ccsn,ccsn/CCSN_v2/Ci/Ci-N097.jpg,Ci,1015,train,False
ccsn,ccsn/CCSN_v2/Ci/Ci-N098.jpg,Ci,1016,train,False
ccsn,ccsn/CCSN_v2/Ci/Ci-N099.jpg,Ci,1017,train,False
ccsn,ccsn/CCSN_v2/Ci/Ci-N100.jpg,Ci,1018,train,False
ccsn,ccsn/CCSN_v2/Ci/Ci-N101.jpg,Ci,1019,train,False
ccsn,ccsn/CCSN_v2/Ci/Ci-N102.jpg,Ci,1020,train,False
ccsn,ccsn/CCSN_v2/Ci/Ci-N103.jpg,Ci,1021,train,False
ccsn,ccsn/CCSN_v2/Ci/Ci-N104.jpg,Ci,1022,val,False
ccsn,ccsn/CCSN_v2/Ci/Ci-N105.jpg,Ci,1023,train,False
ccsn,ccsn/CCSN_v2/Ci/Ci-N106.jpg,Ci,1024,train,False
ccsn,ccsn/CCSN_v2/Ci/Ci-N107.jpg,Ci,1025,val,False
ccsn,ccsn/CCSN_v2/Ci/Ci-N108.jpg,Ci,1026,train,False
ccsn,ccsn/CCSN_v2/Ci/Ci-N109.jpg,Ci,1027,train,False
ccsn,ccsn/CCSN_v2/Ci/Ci-N110.jpg,Ci,1028,train,False
ccsn,ccsn/CCSN_v2/Ci/Ci-N111.jpg,Ci,1029,train,False
ccsn,ccsn/CCSN_v2/Ci/Ci-N112.jpg,Ci,1030,test,False
ccsn,ccsn/CCSN_v2/Ci/Ci-N113.jpg,Ci,1031,train,False
ccsn,ccsn/CCSN_v2/Ci/Ci-N114.jpg,Ci,1032,test,False
ccsn,ccsn/CCSN_v2/Ci/Ci-N115.jpg,Ci,1033,test,False
ccsn,ccsn/CCSN_v2/Ci/Ci-N116.jpg,Ci,1034,train,False
ccsn,ccsn/CCSN_v2/Ci/Ci-N117.jpg,Ci,1035,train,False
ccsn,ccsn/CCSN_v2/Ci/Ci-N118.jpg,Ci,1036,train,False
ccsn,ccsn/CCSN_v2/Ci/Ci-N119.jpg,Ci,1037,train,False
ccsn,ccsn/CCSN_v2/Ci/Ci-N120.jpg,Ci,1038,val,False
ccsn,ccsn/CCSN_v2/Ci/Ci-N121.jpg,Ci,1039,train,False
ccsn,ccsn/CCSN_v2/Ci/Ci-N122.jpg,Ci,1040,train,False
ccsn,ccsn/CCSN_v2/Ci/Ci-N123.jpg,Ci,1041,train,False
ccsn,ccsn/CCSN_v2/Ci/Ci-N124.jpg,Ci,1042,train,False
ccsn,ccsn/CCSN_v2/Ci/Ci-N125.jpg,Ci,1043,train,False
ccsn,ccsn/CCSN_v2/Ci/Ci-N126.jpg,Ci,1044,test,False
ccsn,ccsn/CCSN_v2/Ci/Ci-N127.jpg,Ci,1045,train,False
ccsn,ccsn/CCSN_v2/Ci/Ci-N128.jpg,Ci,1046,train,False
ccsn,ccsn/CCSN_v2/Ci/Ci-N129.jpg,Ci,1047,train,False
ccsn,ccsn/CCSN_v2/Ci/Ci-N130.jpg,Ci,1048,test,False
ccsn,ccsn/CCSN_v2/Ci/Ci-N131.jpg,Ci,1049,train,False
ccsn,ccsn/CCSN_v2/Ci/Ci-N132.jpg,Ci,1050,train,False
ccsn,ccsn/CCSN_v2/Ci/Ci-N133.jpg,Ci,1051,train,False
ccsn,ccsn/CCSN_v2/Ci/Ci-N134.jpg,Ci,1052,train,False
ccsn,ccsn/CCSN_v2/Ci/Ci-N135.jpg,Ci,1053,train,False
ccsn,ccsn/CCSN_v2/Ci/Ci-N136.jpg,Ci,1054,train,False
ccsn,ccsn/CCSN_v2/Ci/Ci-N137.jpg,Ci,1055,train,False
ccsn,ccsn/CCSN_v2/Ci/Ci-N138.jpg,Ci,1056,test,False
ccsn,ccsn/CCSN_v2/Ci/Ci-N139.jpg,Ci,1057,test,False
ccsn,ccsn/CCSN_v2/Cs/Cs-N001.jpg,Cs,1058,val,False
ccsn,ccsn/CCSN_v2/Cs/Cs-N002.jpg,Cs,1059,test,False
ccsn,ccsn/CCSN_v2/Cs/Cs-N003.jpg,Cs,1060,train,False
ccsn,ccsn/CCSN_v2/Cs/Cs-N004.jpg,Cs,1061,train,True
ccsn,ccsn/CCSN_v2/Cs/Cs-N005.jpg,Cs,1062,train,False
ccsn,ccsn/CCSN_v2/Cs/Cs-N006.jpg,Cs,1063,train,False
ccsn,ccsn/CCSN_v2/Cs/Cs-N007.jpg,Cs,1064,val,False
ccsn,ccsn/CCSN_v2/Cs/Cs-N008.jpg,Cs,1065,train,False
ccsn,ccsn/CCSN_v2/Cs/Cs-N009.jpg,Cs,1066,test,False
ccsn,ccsn/CCSN_v2/Cs/Cs-N010.jpg,Cs,1067,train,True
ccsn,ccsn/CCSN_v2/Cs/Cs-N011.jpg,Cs,1068,test,False
ccsn,ccsn/CCSN_v2/Cs/Cs-N012.jpg,Cs,1069,train,False
ccsn,ccsn/CCSN_v2/Cs/Cs-N013.jpg,Cs,1070,train,False
ccsn,ccsn/CCSN_v2/Cs/Cs-N014.jpg,Cs,1071,val,False
ccsn,ccsn/CCSN_v2/Cs/Cs-N015.jpg,Cs,1072,val,False
ccsn,ccsn/CCSN_v2/Cs/Cs-N016.jpg,Cs,1073,test,True
ccsn,ccsn/CCSN_v2/Cs/Cs-N017.jpg,Cs,1074,train,False
ccsn,ccsn/CCSN_v2/Cs/Cs-N018.jpg,Cs,1075,train,False
ccsn,ccsn/CCSN_v2/Cs/Cs-N019.jpg,Cs,1076,test,False
ccsn,ccsn/CCSN_v2/Cs/Cs-N020.jpg,Cs,1077,train,False
ccsn,ccsn/CCSN_v2/Cs/Cs-N021.jpg,Cs,1078,train,False
ccsn,ccsn/CCSN_v2/Cs/Cs-N022.jpg,Cs,1079,train,True
ccsn,ccsn/CCSN_v2/Cs/Cs-N023.jpg,Cs,1080,train,True
ccsn,ccsn/CCSN_v2/Cs/Cs-N024.jpg,Cs,1081,train,False
ccsn,ccsn/CCSN_v2/Cs/Cs-N025.jpg,Cs,1082,test,False
ccsn,ccsn/CCSN_v2/Cs/Cs-N026.jpg,Cs,1083,val,False
ccsn,ccsn/CCSN_v2/Cs/Cs-N027.jpg,Cs,1084,train,False
ccsn,ccsn/CCSN_v2/Cs/Cs-N028.jpg,Cs,1085,test,False
ccsn,ccsn/CCSN_v2/Cs/Cs-N029.jpg,Cs,1085,test,False
ccsn,ccsn/CCSN_v2/Cs/Cs-N030.jpg,Cs,16,test,True
ccsn,ccsn/CCSN_v2/Cs/Cs-N031.jpg,Cs,1088,val,False
ccsn,ccsn/CCSN_v2/Cs/Cs-N032.jpg,Cs,1089,train,False
ccsn,ccsn/CCSN_v2/Cs/Cs-N033.jpg,Cs,1090,train,False
ccsn,ccsn/CCSN_v2/Cs/Cs-N034.jpg,Cs,1091,test,False
ccsn,ccsn/CCSN_v2/Cs/Cs-N035.jpg,Cs,1092,train,False
ccsn,ccsn/CCSN_v2/Cs/Cs-N036.jpg,Cs,1093,train,False
ccsn,ccsn/CCSN_v2/Cs/Cs-N037.jpg,Cs,1094,train,False
ccsn,ccsn/CCSN_v2/Cs/Cs-N038.jpg,Cs,1095,test,True
ccsn,ccsn/CCSN_v2/Cs/Cs-N039.jpg,Cs,1096,train,True
ccsn,ccsn/CCSN_v2/Cs/Cs-N040.jpg,Cs,1097,train,False
ccsn,ccsn/CCSN_v2/Cs/Cs-N041.jpg,Cs,1098,train,False
ccsn,ccsn/CCSN_v2/Cs/Cs-N042.jpg,Cs,1099,train,True
ccsn,ccsn/CCSN_v2/Cs/Cs-N043.jpg,Cs,1100,train,True
ccsn,ccsn/CCSN_v2/Cs/Cs-N044.jpg,Cs,1101,train,False
ccsn,ccsn/CCSN_v2/Cs/Cs-N045.jpg,Cs,1102,train,False
ccsn,ccsn/CCSN_v2/Cs/Cs-N046.jpg,Cs,1103,train,False
ccsn,ccsn/CCSN_v2/Cs/Cs-N047.jpg,Cs,1104,train,False
ccsn,ccsn/CCSN_v2/Cs/Cs-N048.jpg,Cs,1105,train,False
ccsn,ccsn/CCSN_v2/Cs/Cs-N049.jpg,Cs,662,train,True
ccsn,ccsn/CCSN_v2/Cs/Cs-N050.jpg,Cs,1107,train,False
ccsn,ccsn/CCSN_v2/Cs/Cs-N051.jpg,Cs,1108,train,False
ccsn,ccsn/CCSN_v2/Cs/Cs-N052.jpg,Cs,1109,train,False
ccsn,ccsn/CCSN_v2/Cs/Cs-N053.jpg,Cs,1110,train,False
ccsn,ccsn/CCSN_v2/Cs/Cs-N054.jpg,Cs,1111,train,False
ccsn,ccsn/CCSN_v2/Cs/Cs-N055.jpg,Cs,1112,test,False
ccsn,ccsn/CCSN_v2/Cs/Cs-N056.jpg,Cs,1113,val,False
ccsn,ccsn/CCSN_v2/Cs/Cs-N057.jpg,Cs,1114,train,False
ccsn,ccsn/CCSN_v2/Cs/Cs-N058.jpg,Cs,1115,train,False
ccsn,ccsn/CCSN_v2/Cs/Cs-N059.jpg,Cs,1116,val,False
ccsn,ccsn/CCSN_v2/Cs/Cs-N060.jpg,Cs,1117,train,False
ccsn,ccsn/CCSN_v2/Cs/Cs-N061.jpg,Cs,1118,train,False
ccsn,ccsn/CCSN_v2/Cs/Cs-N062.jpg,Cs,1119,train,False
ccsn,ccsn/CCSN_v2/Cs/Cs-N063.jpg,Cs,1120,train,False
ccsn,ccsn/CCSN_v2/Cs/Cs-N064.jpg,Cs,1121,train,False
ccsn,ccsn/CCSN_v2/Cs/Cs-N065.jpg,Cs,1122,train,False
ccsn,ccsn/CCSN_v2/Cs/Cs-N066.jpg,Cs,1123,val,False
ccsn,ccsn/CCSN_v2/Cs/Cs-N067.jpg,Cs,1124,train,False
ccsn,ccsn/CCSN_v2/Cs/Cs-N068.jpg,Cs,1125,train,False
ccsn,ccsn/CCSN_v2/Cs/Cs-N069.jpg,Cs,1126,train,False
ccsn,ccsn/CCSN_v2/Cs/Cs-N070.jpg,Cs,1127,train,False
ccsn,ccsn/CCSN_v2/Cs/Cs-N071.jpg,Cs,1128,train,False
ccsn,ccsn/CCSN_v2/Cs/Cs-N072.jpg,Cs,670,test,True
ccsn,ccsn/CCSN_v2/Cs/Cs-N073.jpg,Cs,1130,train,False
ccsn,ccsn/CCSN_v2/Cs/Cs-N074.jpg,Cs,1131,train,False
ccsn,ccsn/CCSN_v2/Cs/Cs-N075.jpg,Cs,1132,train,False
ccsn,ccsn/CCSN_v2/Cs/Cs-N076.jpg,Cs,1133,val,False
ccsn,ccsn/CCSN_v2/Cs/Cs-N077.jpg,Cs,1134,test,False
ccsn,ccsn/CCSN_v2/Cs/Cs-N078.jpg,Cs,1135,test,False
ccsn,ccsn/CCSN_v2/Cs/Cs-N079.jpg,Cs,1136,train,False
ccsn,ccsn/CCSN_v2/Cs/Cs-N080.jpg,Cs,1137,val,False
ccsn,ccsn/CCSN_v2/Cs/Cs-N081.jpg,Cs,673,train,True
ccsn,ccsn/CCSN_v2/Cs/Cs-N082.jpg,Cs,1139,train,False
ccsn,ccsn/CCSN_v2/Cs/Cs-N083.jpg,Cs,1140,train,False
ccsn,ccsn/CCSN_v2/Cs/Cs-N084.jpg,Cs,1141,train,False
ccsn,ccsn/CCSN_v2/Cs/Cs-N085.jpg,Cs,1142,train,False
ccsn,ccsn/CCSN_v2/Cs/Cs-N086.jpg,Cs,1143,train,False
ccsn,ccsn/CCSN_v2/Cs/Cs-N087.jpg,Cs,263,val,True
ccsn,ccsn/CCSN_v2/Cs/Cs-N088.jpg,Cs,1145,train,False
ccsn,ccsn/CCSN_v2/Cs/Cs-N089.jpg,Cs,1146,val,False
ccsn,ccsn/CCSN_v2/Cs/Cs-N090.jpg,Cs,1147,train,False
ccsn,ccsn/CCSN_v2/Cs/Cs-N091.jpg,Cs,1148,train,False
ccsn,ccsn/CCSN_v2/Cs/Cs-N092.jpg,Cs,1149,train,False
ccsn,ccsn/CCSN_v2/Cs/Cs-N093.jpg,Cs,1150,train,False
ccsn,ccsn/CCSN_v2/Cs/Cs-N094.jpg,Cs,677,train,True
ccsn,ccsn/CCSN_v2/Cs/Cs-N095.jpg,Cs,1152,val,False
ccsn,ccsn/CCSN_v2/Cs/Cs-N096.jpg,Cs,1153,val,False
ccsn,ccsn/CCSN_v2/Cs/Cs-N097.jpg,Cs,1154,val,False
ccsn,ccsn/CCSN_v2/Cs/Cs-N098.jpg,Cs,1155,train,False
ccsn,ccsn/CCSN_v2/Cs/Cs-N099.jpg,Cs,1156,val,False
ccsn,ccsn/CCSN_v2/Cs/Cs-N100.jpg,Cs,1157,train,False
ccsn,ccsn/CCSN_v2/Cs/Cs-N101.jpg,Cs,1158,train,False
ccsn,ccsn/CCSN_v2/Cs/Cs-N102.jpg,Cs,1159,test,False
ccsn,ccsn/CCSN_v2/Cs/Cs-N103.jpg,Cs,1160,test,False
ccsn,ccsn/CCSN_v2/Cs/Cs-N104.jpg,Cs,1161,train,False
ccsn,ccsn/CCSN_v2/Cs/Cs-N105.jpg,Cs,1162,val,False
ccsn,ccsn/CCSN_v2/Cs/Cs-N106.jpg,Cs,1163,train,False
ccsn,ccsn/CCSN_v2/Cs/Cs-N107.jpg,Cs,1164,test,False
ccsn,ccsn/CCSN_v2/Cs/Cs-N108.jpg,Cs,1165,train,False
ccsn,ccsn/CCSN_v2/Cs/Cs-N109.jpg,Cs,1147,train,False
ccsn,ccsn/CCSN_v2/Cs/Cs-N110.jpg,Cs,1167,train,False
ccsn,ccsn/CCSN_v2/Cs/Cs-N111.jpg,Cs,1068,test,False
ccsn,ccsn/CCSN_v2/Cs/Cs-N112.jpg,Cs,1169,train,False
ccsn,ccsn/CCSN_v2/Cs/Cs-N113.jpg,Cs,1080,train,True
ccsn,ccsn/CCSN_v2/Cs/Cs-N114.jpg,Cs,263,val,True
ccsn,ccsn/CCSN_v2/Cs/Cs-N115.jpg,Cs,1172,train,False
ccsn,ccsn/CCSN_v2/Cs/Cs-N116.jpg,Cs,1173,train,False
ccsn,ccsn/CCSN_v2/Cs/Cs-N117.jpg,Cs,1174,train,False
ccsn,ccsn/CCSN_v2/Cs/Cs-N118.jpg,Cs,1175,val,False
ccsn,ccsn/CCSN_v2/Cs/Cs-N119.jpg,Cs,1176,train,False
ccsn,ccsn/CCSN_v2/Cs/Cs-N120.jpg,Cs,1177,val,False
ccsn,ccsn/CCSN_v2/Cs/Cs-N121.jpg,Cs,1178,train,False
ccsn,ccsn/CCSN_v2/Cs/Cs-N122.jpg,Cs,1179,train,False
ccsn,ccsn/CCSN_v2/Cs/Cs-N123.jpg,Cs,1180,train,False
ccsn,ccsn/CCSN_v2/Cs/Cs-N124.jpg,Cs,312,val,True
ccsn,ccsn/CCSN_v2/Cs/Cs-N125.jpg,Cs,313,train,True
ccsn,ccsn/CCSN_v2/Cs/Cs-N126.jpg,Cs,1183,val,False
ccsn,ccsn/CCSN_v2/Cs/Cs-N127.jpg,Cs,1184,val,False
ccsn,ccsn/CCSN_v2/Cs/Cs-N128.jpg,Cs,1185,train,False
ccsn,ccsn/CCSN_v2/Cs/Cs-N129.jpg,Cs,1186,test,False
ccsn,ccsn/CCSN_v2/Cs/Cs-N130.jpg,Cs,1187,train,False
ccsn,ccsn/CCSN_v2/Cs/Cs-N131.jpg,Cs,1188,train,False
ccsn,ccsn/CCSN_v2/Cs/Cs-N132.jpg,Cs,1189,train,False
ccsn,ccsn/CCSN_v2/Cs/Cs-N133.jpg,Cs,1190,train,False
ccsn,ccsn/CCSN_v2/Cs/Cs-N134.jpg,Cs,1191,test,False
ccsn,ccsn/CCSN_v2/Cs/Cs-N135.jpg,Cs,1192,train,False
ccsn,ccsn/CCSN_v2/Cs/Cs-N136.jpg,Cs,742,test,True
ccsn,ccsn/CCSN_v2/Cs/Cs-N137.jpg,Cs,1194,train,False
ccsn,ccsn/CCSN_v2/Cs/Cs-N138.jpg,Cs,1195,val,False
ccsn,ccsn/CCSN_v2/Cs/Cs-N139.jpg,Cs,1196,train,False
ccsn,ccsn/CCSN_v2/Cs/Cs-N140.jpg,Cs,1197,train,False
ccsn,ccsn/CCSN_v2/Cs/Cs-N141.jpg,Cs,1198,val,False
ccsn,ccsn/CCSN_v2/Cs/Cs-N142.jpg,Cs,1199,train,False
ccsn,ccsn/CCSN_v2/Cs/Cs-N143.jpg,Cs,1200,train,False
ccsn,ccsn/CCSN_v2/Cs/Cs-N144.jpg,Cs,1201,train,False
ccsn,ccsn/CCSN_v2/Cs/Cs-N145.jpg,Cs,1202,train,False
ccsn,ccsn/CCSN_v2/Cs/Cs-N146.jpg,Cs,1203,train,False
ccsn,ccsn/CCSN_v2/Cs/Cs-N147.jpg,Cs,1204,val,False
ccsn,ccsn/CCSN_v2/Cs/Cs-N148.jpg,Cs,1205,train,False
ccsn,ccsn/CCSN_v2/Cs/Cs-N149.jpg,Cs,1206,train,False
ccsn,ccsn/CCSN_v2/Cs/Cs-N150.jpg,Cs,980,train,True
ccsn,ccsn/CCSN_v2/Cs/Cs-N151.jpg,Cs,1208,train,False
ccsn,ccsn/CCSN_v2/Cs/Cs-N152.jpg,Cs,1209,test,False
ccsn,ccsn/CCSN_v2/Cs/Cs-N153.jpg,Cs,331,train,True
ccsn,ccsn/CCSN_v2/Cs/Cs-N154.jpg,Cs,1211,train,False
ccsn,ccsn/CCSN_v2/Cs/Cs-N155.jpg,Cs,332,val,True
ccsn,ccsn/CCSN_v2/Cs/Cs-N156.jpg,Cs,1213,train,False
ccsn,ccsn/CCSN_v2/Cs/Cs-N157.jpg,Cs,1214,test,False
ccsn,ccsn/CCSN_v2/Cs/Cs-N158.jpg,Cs,1215,test,False
ccsn,ccsn/CCSN_v2/Cs/Cs-N159.jpg,Cs,1216,train,False
ccsn,ccsn/CCSN_v2/Cs/Cs-N160.jpg,Cs,1217,train,False
ccsn,ccsn/CCSN_v2/Cs/Cs-N161.jpg,Cs,1218,train,False
ccsn,ccsn/CCSN_v2/Cs/Cs-N162.jpg,Cs,1219,train,False
ccsn,ccsn/CCSN_v2/Cs/Cs-N163.jpg,Cs,1220,train,False
ccsn,ccsn/CCSN_v2/Cs/Cs-N164.jpg,Cs,1221,train,True
ccsn,ccsn/CCSN_v2/Cs/Cs-N165.jpg,Cs,1222,val,False
ccsn,ccsn/CCSN_v2/Cs/Cs-N166.jpg,Cs,771,train,True
ccsn,ccsn/CCSN_v2/Cs/Cs-N167.jpg,Cs,772,test,True
ccsn,ccsn/CCSN_v2/Cs/Cs-N168.jpg,Cs,1225,train,False
ccsn,ccsn/CCSN_v2/Cs/Cs-N169.jpg,Cs,1226,test,False
ccsn,ccsn/CCSN_v2/Cs/Cs-N170.jpg,Cs,1227,train,False
ccsn,ccsn/CCSN_v2/Cs/Cs-N171.jpg,Cs,1146,val,False
ccsn,ccsn/CCSN_v2/Cs/Cs-N172.jpg,Cs,1229,test,False
ccsn,ccsn/CCSN_v2/Cs/Cs-N173.jpg,Cs,1079,train,True
ccsn,ccsn/CCSN_v2/Cs/Cs-N174.jpg,Cs,1231,train,False
ccsn,ccsn/CCSN_v2/Cs/Cs-N175.jpg,Cs,354,train,True
ccsn,ccsn/CCSN_v2/Cs/Cs-N176.jpg,Cs,1233,train,False
ccsn,ccsn/CCSN_v2/Cs/Cs-N177.jpg,Cs,1234,train,False
ccsn,ccsn/CCSN_v2/Cs/Cs-N178.jpg,Cs,1235,train,False
ccsn,ccsn/CCSN_v2/Cs/Cs-N179.jpg,Cs,1236,train,False
ccsn,ccsn/CCSN_v2/Cs/Cs-N180.jpg,Cs,1237,train,False
ccsn,ccsn/CCSN_v2/Cs/Cs-N181.jpg,Cs,1238,train,False
ccsn,ccsn/CCSN_v2/Cs/Cs-N182.jpg,Cs,1239,train,False
ccsn,ccsn/CCSN_v2/Cs/Cs-N183.jpg,Cs,1240,train,False
ccsn,ccsn/CCSN_v2/Cs/Cs-N184.jpg,Cs,1241,train,False
ccsn,ccsn/CCSN_v2/Cs/Cs-N185.jpg,Cs,1242,train,False
ccsn,ccsn/CCSN_v2/Cs/Cs-N186.jpg,Cs,1243,train,False
ccsn,ccsn/CCSN_v2/Cs/Cs-N187.jpg,Cs,1244,train,False
ccsn,ccsn/CCSN_v2/Cs/Cs-N188.jpg,Cs,1245,train,False
ccsn,ccsn/CCSN_v2/Cs/Cs-N189.jpg,Cs,1246,train,False
ccsn,ccsn/CCSN_v2/Cs/Cs-N190.jpg,Cs,1247,train,False
ccsn,ccsn/CCSN_v2/Cs/Cs-N191.jpg,Cs,1248,train,False
ccsn,ccsn/CCSN_v2/Cs/Cs-N192.jpg,Cs,1249,train,False
ccsn,ccsn/CCSN_v2/Cs/Cs-N193.jpg,Cs,1250,test,False
ccsn,ccsn/CCSN_v2/Cs/Cs-N194.jpg,Cs,1251,train,False
ccsn,ccsn/CCSN_v2/Cs/Cs-N195.jpg,Cs,1252,train,False
ccsn,ccsn/CCSN_v2/Cs/Cs-N196.jpg,Cs,1253,train,False
ccsn,ccsn/CCSN_v2/Cs/Cs-N197.jpg,Cs,1254,train,False
ccsn,ccsn/CCSN_v2/Cs/Cs-N198.jpg,Cs,1255,train,False
ccsn,ccsn/CCSN_v2/Cs/Cs-N199.jpg,Cs,1256,val,False
ccsn,ccsn/CCSN_v2/Cs/Cs-N200.jpg,Cs,1257,val,False
ccsn,ccsn/CCSN_v2/Cs/Cs-N201.jpg,Cs,1258,train,False
ccsn,ccsn/CCSN_v2/Cs/Cs-N202.jpg,Cs,1259,train,False
ccsn,ccsn/CCSN_v2/Cs/Cs-N203.jpg,Cs,1260,train,False
ccsn,ccsn/CCSN_v2/Cs/Cs-N204.jpg,Cs,1261,train,False
ccsn,ccsn/CCSN_v2/Cs/Cs-N205.jpg,Cs,1262,test,False
ccsn,ccsn/CCSN_v2/Cs/Cs-N206.jpg,Cs,1263,val,False
ccsn,ccsn/CCSN_v2/Cs/Cs-N207.jpg,Cs,1264,train,False
ccsn,ccsn/CCSN_v2/Cs/Cs-N208.jpg,Cs,1265,train,False
ccsn,ccsn/CCSN_v2/Cs/Cs-N209.jpg,Cs,1266,val,False
ccsn,ccsn/CCSN_v2/Cs/Cs-N210.jpg,Cs,1267,train,False
ccsn,ccsn/CCSN_v2/Cs/Cs-N211.jpg,Cs,1268,test,False
ccsn,ccsn/CCSN_v2/Cs/Cs-N212.jpg,Cs,1269,val,False
ccsn,ccsn/CCSN_v2/Cs/Cs-N213.jpg,Cs,1270,train,False
ccsn,ccsn/CCSN_v2/Cs/Cs-N214.jpg,Cs,1271,train,False
ccsn,ccsn/CCSN_v2/Cs/Cs-N215.jpg,Cs,815,train,True
ccsn,ccsn/CCSN_v2/Cs/Cs-N216.jpg,Cs,1273,train,False
ccsn,ccsn/CCSN_v2/Cs/Cs-N217.jpg,Cs,1274,train,False
ccsn,ccsn/CCSN_v2/Cs/Cs-N218.jpg,Cs,1275,train,False
ccsn,ccsn/CCSN_v2/Cs/Cs-N219.jpg,Cs,1276,test,False
ccsn,ccsn/CCSN_v2/Cs/Cs-N220.jpg,Cs,1277,train,False
ccsn,ccsn/CCSN_v2/Cs/Cs-N221.jpg,Cs,1278,train,False
ccsn,ccsn/CCSN_v2/Cs/Cs-N222.jpg,Cs,1279,train,False
ccsn,ccsn/CCSN_v2/Cs/Cs-N223.jpg,Cs,1280,train,False
ccsn,ccsn/CCSN_v2/Cs/Cs-N224.jpg,Cs,1281,train,False
ccsn,ccsn/CCSN_v2/Cs/Cs-N225.jpg,Cs,1282,train,False
ccsn,ccsn/CCSN_v2/Cs/Cs-N226.jpg,Cs,1283,train,False
ccsn,ccsn/CCSN_v2/Cs/Cs-N227.jpg,Cs,1284,train,False
ccsn,ccsn/CCSN_v2/Cs/Cs-N228.jpg,Cs,824,val,True
ccsn,ccsn/CCSN_v2/Cs/Cs-N229.jpg,Cs,1286,train,False
ccsn,ccsn/CCSN_v2/Cs/Cs-N230.jpg,Cs,1287,test,False
ccsn,ccsn/CCSN_v2/Cs/Cs-N231.jpg,Cs,1288,train,False
ccsn,ccsn/CCSN_v2/Cs/Cs-N232.jpg,Cs,1289,train,False
ccsn,ccsn/CCSN_v2/Cs/Cs-N233.jpg,Cs,1290,train,False
ccsn,ccsn/CCSN_v2/Cs/Cs-N234.jpg,Cs,826,train,True
ccsn,ccsn/CCSN_v2/Cs/Cs-N235.jpg,Cs,1292,val,False
ccsn,ccsn/CCSN_v2/Cs/Cs-N236.jpg,Cs,827,train,True
ccsn,ccsn/CCSN_v2/Cs/Cs-N237.jpg,Cs,1294,val,False
ccsn,ccsn/CCSN_v2/Cs/Cs-N238.jpg,Cs,1295,train,False
ccsn,ccsn/CCSN_v2/Cs/Cs-N239.jpg,Cs,1296,test,False
ccsn,ccsn/CCSN_v2/Cs/Cs-N240.jpg,Cs,1297,train,False
ccsn,ccsn/CCSN_v2/Cs/Cs-N241.jpg,Cs,830,train,True
ccsn,ccsn/CCSN_v2/Cs/Cs-N242.jpg,Cs,839,train,True
ccsn,ccsn/CCSN_v2/Cs/Cs-N243.jpg,Cs,1300,train,False
ccsn,ccsn/CCSN_v2/Cs/Cs-N244.jpg,Cs,829,train,True
ccsn,ccsn/CCSN_v2/Cs/Cs-N245.jpg,Cs,1302,test,False
ccsn,ccsn/CCSN_v2/Cs/Cs-N246.jpg,Cs,1303,val,False
ccsn,ccsn/CCSN_v2/Cs/Cs-N247.jpg,Cs,1304,train,False
ccsn,ccsn/CCSN_v2/Cs/Cs-N248.jpg,Cs,1305,test,False
ccsn,ccsn/CCSN_v2/Cs/Cs-N249.jpg,Cs,1306,val,False
ccsn,ccsn/CCSN_v2/Cs/Cs-N250.jpg,Cs,1307,train,False
ccsn,ccsn/CCSN_v2/Cs/Cs-N251.jpg,Cs,1308,train,False
ccsn,ccsn/CCSN_v2/Cs/Cs-N252.jpg,Cs,1309,test,False
ccsn,ccsn/CCSN_v2/Cs/Cs-N253.jpg,Cs,1310,train,False
ccsn,ccsn/CCSN_v2/Cs/Cs-N254.jpg,Cs,1311,train,False
ccsn,ccsn/CCSN_v2/Cs/Cs-N255.jpg,Cs,1312,val,False
ccsn,ccsn/CCSN_v2/Cs/Cs-N256.jpg,Cs,1189,train,False
ccsn,ccsn/CCSN_v2/Cs/Cs-N257.jpg,Cs,1314,train,False
ccsn,ccsn/CCSN_v2/Cs/Cs-N258.jpg,Cs,1315,train,False
ccsn,ccsn/CCSN_v2/Cs/Cs-N259.jpg,Cs,1315,train,False
ccsn,ccsn/CCSN_v2/Cs/Cs-N260.jpg,Cs,1317,test,False
ccsn,ccsn/CCSN_v2/Cs/Cs-N261.jpg,Cs,1318,train,False
ccsn,ccsn/CCSN_v2/Cs/Cs-N262.jpg,Cs,1319,train,False
ccsn,ccsn/CCSN_v2/Cs/Cs-N263.jpg,Cs,1320,train,False
ccsn,ccsn/CCSN_v2/Cs/Cs-N264.jpg,Cs,1321,train,False
ccsn,ccsn/CCSN_v2/Cs/Cs-N265.jpg,Cs,1322,train,False
ccsn,ccsn/CCSN_v2/Cs/Cs-N266.jpg,Cs,1292,val,False
ccsn,ccsn/CCSN_v2/Cs/Cs-N267.jpg,Cs,1324,val,False
ccsn,ccsn/CCSN_v2/Cs/Cs-N268.jpg,Cs,1325,val,False
ccsn,ccsn/CCSN_v2/Cs/Cs-N269.jpg,Cs,1326,train,False
ccsn,ccsn/CCSN_v2/Cs/Cs-N270.jpg,Cs,1327,train,False
ccsn,ccsn/CCSN_v2/Cs/Cs-N271.jpg,Cs,1328,train,False
ccsn,ccsn/CCSN_v2/Cs/Cs-N272.jpg,Cs,1329,test,False
ccsn,ccsn/CCSN_v2/Cs/Cs-N273.jpg,Cs,1330,train,False
ccsn,ccsn/CCSN_v2/Cs/Cs-N274.jpg,Cs,1331,train,False
ccsn,ccsn/CCSN_v2/Cs/Cs-N275.jpg,Cs,1332,train,False
ccsn,ccsn/CCSN_v2/Cs/Cs-N276.jpg,Cs,1333,test,False
ccsn,ccsn/CCSN_v2/Cs/Cs-N277.jpg,Cs,1334,train,False
ccsn,ccsn/CCSN_v2/Cs/Cs-N278.jpg,Cs,1335,test,False
ccsn,ccsn/CCSN_v2/Cs/Cs-N279.jpg,Cs,1336,train,False
ccsn,ccsn/CCSN_v2/Cs/Cs-N280.jpg,Cs,1337,val,False
ccsn,ccsn/CCSN_v2/Cs/Cs-N281.jpg,Cs,1338,train,False
ccsn,ccsn/CCSN_v2/Cs/Cs-N282.jpg,Cs,1339,val,False
ccsn,ccsn/CCSN_v2/Cs/Cs-N283.jpg,Cs,1340,train,False
ccsn,ccsn/CCSN_v2/Cs/Cs-N284.jpg,Cs,1341,test,False
ccsn,ccsn/CCSN_v2/Cs/Cs-N285.jpg,Cs,1342,train,False
ccsn,ccsn/CCSN_v2/Cs/Cs-N286.jpg,Cs,1343,test,False
ccsn,ccsn/CCSN_v2/Cs/Cs-N287.jpg,Cs,1344,train,False
ccsn,ccsn/CCSN_v2/Ct/Ct-N001.jpg,Ct,1345,val,False
ccsn,ccsn/CCSN_v2/Ct/Ct-N002.jpg,Ct,1346,train,False
ccsn,ccsn/CCSN_v2/Ct/Ct-N003.jpg,Ct,1347,test,False
ccsn,ccsn/CCSN_v2/Ct/Ct-N004.jpg,Ct,1348,val,False
ccsn,ccsn/CCSN_v2/Ct/Ct-N005.jpg,Ct,1349,train,False
ccsn,ccsn/CCSN_v2/Ct/Ct-N006.jpg,Ct,1350,train,False
ccsn,ccsn/CCSN_v2/Ct/Ct-N007.jpg,Ct,1351,train,False
ccsn,ccsn/CCSN_v2/Ct/Ct-N008.jpg,Ct,1352,train,False
ccsn,ccsn/CCSN_v2/Ct/Ct-N009.jpg,Ct,1353,val,False
ccsn,ccsn/CCSN_v2/Ct/Ct-N010.jpg,Ct,1354,train,False
ccsn,ccsn/CCSN_v2/Ct/Ct-N011.jpg,Ct,1355,train,False
ccsn,ccsn/CCSN_v2/Ct/Ct-N012.jpg,Ct,1356,train,False
ccsn,ccsn/CCSN_v2/Ct/Ct-N013.jpg,Ct,1357,train,False
ccsn,ccsn/CCSN_v2/Ct/Ct-N014.jpg,Ct,1358,train,False
ccsn,ccsn/CCSN_v2/Ct/Ct-N015.jpg,Ct,1359,train,False
ccsn,ccsn/CCSN_v2/Ct/Ct-N016.jpg,Ct,1360,test,False
ccsn,ccsn/CCSN_v2/Ct/Ct-N017.jpg,Ct,1361,test,False
ccsn,ccsn/CCSN_v2/Ct/Ct-N018.jpg,Ct,1362,train,False
ccsn,ccsn/CCSN_v2/Ct/Ct-N019.jpg,Ct,1363,train,False
ccsn,ccsn/CCSN_v2/Ct/Ct-N020.jpg,Ct,1364,train,False
ccsn,ccsn/CCSN_v2/Ct/Ct-N021.jpg,Ct,1365,train,False
ccsn,ccsn/CCSN_v2/Ct/Ct-N022.jpg,Ct,1366,train,False
ccsn,ccsn/CCSN_v2/Ct/Ct-N023.jpg,Ct,1367,train,False
ccsn,ccsn/CCSN_v2/Ct/Ct-N024.jpg,Ct,1368,train,False
ccsn,ccsn/CCSN_v2/Ct/Ct-N025.jpg,Ct,1369,train,False
ccsn,ccsn/CCSN_v2/Ct/Ct-N026.jpg,Ct,1370,train,False
ccsn,ccsn/CCSN_v2/Ct/Ct-N027.jpg,Ct,1371,train,False
ccsn,ccsn/CCSN_v2/Ct/Ct-N028.jpg,Ct,1372,test,False
ccsn,ccsn/CCSN_v2/Ct/Ct-N029.jpg,Ct,1373,test,False
ccsn,ccsn/CCSN_v2/Ct/Ct-N030.jpg,Ct,1374,train,False
ccsn,ccsn/CCSN_v2/Ct/Ct-N031.jpg,Ct,1375,train,False
ccsn,ccsn/CCSN_v2/Ct/Ct-N032.jpg,Ct,1376,train,False
ccsn,ccsn/CCSN_v2/Ct/Ct-N033.jpg,Ct,1377,train,False
ccsn,ccsn/CCSN_v2/Ct/Ct-N034.jpg,Ct,1378,val,False
ccsn,ccsn/CCSN_v2/Ct/Ct-N035.jpg,Ct,1379,test,False
ccsn,ccsn/CCSN_v2/Ct/Ct-N036.jpg,Ct,1380,train,False
ccsn,ccsn/CCSN_v2/Ct/Ct-N037.jpg,Ct,1381,test,False
ccsn,ccsn/CCSN_v2/Ct/Ct-N038.jpg,Ct,1382,test,False
ccsn,ccsn/CCSN_v2/Ct/Ct-N039.jpg,Ct,1383,train,False
ccsn,ccsn/CCSN_v2/Ct/Ct-N040.jpg,Ct,1384,test,False
ccsn,ccsn/CCSN_v2/Ct/Ct-N041.jpg,Ct,1385,train,False
ccsn,ccsn/CCSN_v2/Ct/Ct-N042.jpg,Ct,1386,train,False
ccsn,ccsn/CCSN_v2/Ct/Ct-N043.jpg,Ct,1387,train,False
ccsn,ccsn/CCSN_v2/Ct/Ct-N044.jpg,Ct,1388,test,False
ccsn,ccsn/CCSN_v2/Ct/Ct-N045.jpg,Ct,1389,val,False
ccsn,ccsn/CCSN_v2/Ct/Ct-N046.jpg,Ct,1390,train,False
ccsn,ccsn/CCSN_v2/Ct/Ct-N047.jpg,Ct,1391,train,False
ccsn,ccsn/CCSN_v2/Ct/Ct-N048.jpg,Ct,1392,train,False
ccsn,ccsn/CCSN_v2/Ct/Ct-N049.jpg,Ct,1393,train,False
ccsn,ccsn/CCSN_v2/Ct/Ct-N050.jpg,Ct,1394,train,False
ccsn,ccsn/CCSN_v2/Ct/Ct-N051.jpg,Ct,1395,train,False
ccsn,ccsn/CCSN_v2/Ct/Ct-N052.jpg,Ct,1396,train,False
ccsn,ccsn/CCSN_v2/Ct/Ct-N053.jpg,Ct,1397,val,False
ccsn,ccsn/CCSN_v2/Ct/Ct-N054.jpg,Ct,1398,val,False
ccsn,ccsn/CCSN_v2/Ct/Ct-N055.jpg,Ct,1399,test,False
ccsn,ccsn/CCSN_v2/Ct/Ct-N056.jpg,Ct,1400,train,False
ccsn,ccsn/CCSN_v2/Ct/Ct-N057.jpg,Ct,1401,test,False
ccsn,ccsn/CCSN_v2/Ct/Ct-N058.jpg,Ct,1402,test,False
ccsn,ccsn/CCSN_v2/Ct/Ct-N059.jpg,Ct,1403,train,False
ccsn,ccsn/CCSN_v2/Ct/Ct-N060.jpg,Ct,1404,test,False
ccsn,ccsn/CCSN_v2/Ct/Ct-N061.jpg,Ct,1405,train,False
ccsn,ccsn/CCSN_v2/Ct/Ct-N062.jpg,Ct,1406,test,False
ccsn,ccsn/CCSN_v2/Ct/Ct-N063.jpg,Ct,1407,val,False
ccsn,ccsn/CCSN_v2/Ct/Ct-N064.jpg,Ct,1408,train,False
ccsn,ccsn/CCSN_v2/Ct/Ct-N065.jpg,Ct,1409,test,False
ccsn,ccsn/CCSN_v2/Ct/Ct-N066.jpg,Ct,1410,val,False
ccsn,ccsn/CCSN_v2/Ct/Ct-N067.jpg,Ct,1411,test,False
ccsn,ccsn/CCSN_v2/Ct/Ct-N068.jpg,Ct,1412,train,False
ccsn,ccsn/CCSN_v2/Ct/Ct-N069.jpg,Ct,1413,train,False
ccsn,ccsn/CCSN_v2/Ct/Ct-N070.jpg,Ct,1414,train,False
ccsn,ccsn/CCSN_v2/Ct/Ct-N071.jpg,Ct,1414,train,False
ccsn,ccsn/CCSN_v2/Ct/Ct-N072.jpg,Ct,1416,train,False
ccsn,ccsn/CCSN_v2/Ct/Ct-N073.jpg,Ct,1416,train,False
ccsn,ccsn/CCSN_v2/Ct/Ct-N074.jpg,Ct,1418,train,False
ccsn,ccsn/CCSN_v2/Ct/Ct-N075.jpg,Ct,1419,train,False
ccsn,ccsn/CCSN_v2/Ct/Ct-N076.jpg,Ct,1420,train,False
ccsn,ccsn/CCSN_v2/Ct/Ct-N077.jpg,Ct,1421,train,False
ccsn,ccsn/CCSN_v2/Ct/Ct-N078.jpg,Ct,1422,train,False
ccsn,ccsn/CCSN_v2/Ct/Ct-N079.jpg,Ct,1423,test,False
ccsn,ccsn/CCSN_v2/Ct/Ct-N080.jpg,Ct,1424,train,False
ccsn,ccsn/CCSN_v2/Ct/Ct-N081.jpg,Ct,1425,train,False
ccsn,ccsn/CCSN_v2/Ct/Ct-N082.jpg,Ct,1426,train,False
ccsn,ccsn/CCSN_v2/Ct/Ct-N083.jpg,Ct,1427,train,False
ccsn,ccsn/CCSN_v2/Ct/Ct-N084.jpg,Ct,1428,train,False
ccsn,ccsn/CCSN_v2/Ct/Ct-N085.jpg,Ct,1429,train,False
ccsn,ccsn/CCSN_v2/Ct/Ct-N086.jpg,Ct,1430,train,False
ccsn,ccsn/CCSN_v2/Ct/Ct-N087.jpg,Ct,1430,train,False
ccsn,ccsn/CCSN_v2/Ct/Ct-N088.jpg,Ct,1432,train,False
ccsn,ccsn/CCSN_v2/Ct/Ct-N089.jpg,Ct,1433,train,False
ccsn,ccsn/CCSN_v2/Ct/Ct-N090.jpg,Ct,1434,train,False
ccsn,ccsn/CCSN_v2/Ct/Ct-N091.jpg,Ct,1435,train,False
ccsn,ccsn/CCSN_v2/Ct/Ct-N092.jpg,Ct,1436,test,False
ccsn,ccsn/CCSN_v2/Ct/Ct-N093.jpg,Ct,1437,train,False
ccsn,ccsn/CCSN_v2/Ct/Ct-N094.jpg,Ct,1438,train,False
ccsn,ccsn/CCSN_v2/Ct/Ct-N095.jpg,Ct,1439,val,False
ccsn,ccsn/CCSN_v2/Ct/Ct-N096.jpg,Ct,1440,val,False
ccsn,ccsn/CCSN_v2/Ct/Ct-N097.jpg,Ct,1441,train,False
ccsn,ccsn/CCSN_v2/Ct/Ct-N098.jpg,Ct,1442,train,False
ccsn,ccsn/CCSN_v2/Ct/Ct-N099.jpg,Ct,1443,train,False
ccsn,ccsn/CCSN_v2/Ct/Ct-N100.jpg,Ct,1444,train,False
ccsn,ccsn/CCSN_v2/Ct/Ct-N101.jpg,Ct,1445,train,False
ccsn,ccsn/CCSN_v2/Ct/Ct-N102.jpg,Ct,1446,train,False
ccsn,ccsn/CCSN_v2/Ct/Ct-N103.jpg,Ct,1447,train,False
ccsn,ccsn/CCSN_v2/Ct/Ct-N104.jpg,Ct,1448,test,False
ccsn,ccsn/CCSN_v2/Ct/Ct-N105.jpg,Ct,1449,train,False
ccsn,ccsn/CCSN_v2/Ct/Ct-N106.jpg,Ct,1450,val,False
ccsn,ccsn/CCSN_v2/Ct/Ct-N107.jpg,Ct,1451,train,False
ccsn,ccsn/CCSN_v2/Ct/Ct-N108.jpg,Ct,1452,train,False
ccsn,ccsn/CCSN_v2/Ct/Ct-N109.jpg,Ct,1453,train,False
ccsn,ccsn/CCSN_v2/Ct/Ct-N110.jpg,Ct,1454,val,False
ccsn,ccsn/CCSN_v2/Ct/Ct-N111.jpg,Ct,1455,train,False
ccsn,ccsn/CCSN_v2/Ct/Ct-N112.jpg,Ct,1456,train,False
ccsn,ccsn/CCSN_v2/Ct/Ct-N113.jpg,Ct,1457,train,False
ccsn,ccsn/CCSN_v2/Ct/Ct-N114.jpg,Ct,1458,train,False
ccsn,ccsn/CCSN_v2/Ct/Ct-N115.jpg,Ct,1459,val,False
ccsn,ccsn/CCSN_v2/Ct/Ct-N116.jpg,Ct,1460,train,False
ccsn,ccsn/CCSN_v2/Ct/Ct-N117.jpg,Ct,1461,train,False
ccsn,ccsn/CCSN_v2/Ct/Ct-N118.jpg,Ct,1462,train,False
ccsn,ccsn/CCSN_v2/Ct/Ct-N119.jpg,Ct,1463,train,False
ccsn,ccsn/CCSN_v2/Ct/Ct-N120.jpg,Ct,1464,train,False
ccsn,ccsn/CCSN_v2/Ct/Ct-N121.jpg,Ct,1465,train,False
ccsn,ccsn/CCSN_v2/Ct/Ct-N122.jpg,Ct,1466,train,False
ccsn,ccsn/CCSN_v2/Ct/Ct-N123.jpg,Ct,1467,train,False
ccsn,ccsn/CCSN_v2/Ct/Ct-N124.jpg,Ct,1468,val,False
ccsn,ccsn/CCSN_v2/Ct/Ct-N125.jpg,Ct,1469,train,False
ccsn,ccsn/CCSN_v2/Ct/Ct-N126.jpg,Ct,1470,train,False
ccsn,ccsn/CCSN_v2/Ct/Ct-N127.jpg,Ct,1471,train,False
ccsn,ccsn/CCSN_v2/Ct/Ct-N128.jpg,Ct,942,train,True
ccsn,ccsn/CCSN_v2/Ct/Ct-N129.jpg,Ct,1473,train,False
ccsn,ccsn/CCSN_v2/Ct/Ct-N130.jpg,Ct,1474,train,False
ccsn,ccsn/CCSN_v2/Ct/Ct-N131.jpg,Ct,1475,train,False
ccsn,ccsn/CCSN_v2/Ct/Ct-N132.jpg,Ct,1476,train,False
ccsn,ccsn/CCSN_v2/Ct/Ct-N133.jpg,Ct,1477,train,False
ccsn,ccsn/CCSN_v2/Ct/Ct-N134.jpg,Ct,1478,train,False
ccsn,ccsn/CCSN_v2/Ct/Ct-N135.jpg,Ct,1479,train,False
ccsn,ccsn/CCSN_v2/Ct/Ct-N136.jpg,Ct,1480,train,False
ccsn,ccsn/CCSN_v2/Ct/Ct-N137.jpg,Ct,1481,train,False
ccsn,ccsn/CCSN_v2/Ct/Ct-N138.jpg,Ct,1482,train,False
ccsn,ccsn/CCSN_v2/Ct/Ct-N139.jpg,Ct,1483,train,False
ccsn,ccsn/CCSN_v2/Ct/Ct-N140.jpg,Ct,1484,test,False
ccsn,ccsn/CCSN_v2/Ct/Ct-N141.jpg,Ct,1485,train,False
ccsn,ccsn/CCSN_v2/Ct/Ct-N142.jpg,Ct,1486,train,False
ccsn,ccsn/CCSN_v2/Ct/Ct-N143.jpg,Ct,1487,train,False
ccsn,ccsn/CCSN_v2/Ct/Ct-N144.jpg,Ct,1488,train,False
ccsn,ccsn/CCSN_v2/Ct/Ct-N145.jpg,Ct,1489,val,False
ccsn,ccsn/CCSN_v2/Ct/Ct-N146.jpg,Ct,1490,train,False
ccsn,ccsn/CCSN_v2/Ct/Ct-N147.jpg,Ct,1491,train,False
ccsn,ccsn/CCSN_v2/Ct/Ct-N148.jpg,Ct,1492,train,False
ccsn,ccsn/CCSN_v2/Ct/Ct-N149.jpg,Ct,1493,val,False
ccsn,ccsn/CCSN_v2/Ct/Ct-N150.jpg,Ct,1494,test,False
ccsn,ccsn/CCSN_v2/Ct/Ct-N151.jpg,Ct,1495,train,False
ccsn,ccsn/CCSN_v2/Ct/Ct-N152.jpg,Ct,1496,val,False
ccsn,ccsn/CCSN_v2/Ct/Ct-N153.jpg,Ct,1497,test,False
ccsn,ccsn/CCSN_v2/Ct/Ct-N154.jpg,Ct,1498,train,False
ccsn,ccsn/CCSN_v2/Ct/Ct-N155.jpg,Ct,1499,train,False
ccsn,ccsn/CCSN_v2/Ct/Ct-N156.jpg,Ct,1500,train,False
ccsn,ccsn/CCSN_v2/Ct/Ct-N157.jpg,Ct,1501,train,False
ccsn,ccsn/CCSN_v2/Ct/Ct-N158.jpg,Ct,1502,train,False
ccsn,ccsn/CCSN_v2/Ct/Ct-N159.jpg,Ct,1503,train,False
ccsn,ccsn/CCSN_v2/Ct/Ct-N160.jpg,Ct,1504,train,False
ccsn,ccsn/CCSN_v2/Ct/Ct-N161.jpg,Ct,1505,test,False
ccsn,ccsn/CCSN_v2/Ct/Ct-N162.jpg,Ct,1506,test,False
ccsn,ccsn/CCSN_v2/Ct/Ct-N163.jpg,Ct,1507,train,False
ccsn,ccsn/CCSN_v2/Ct/Ct-N164.jpg,Ct,1508,train,False
ccsn,ccsn/CCSN_v2/Ct/Ct-N165.jpg,Ct,1509,test,False
ccsn,ccsn/CCSN_v2/Ct/Ct-N166.jpg,Ct,1510,train,False
ccsn,ccsn/CCSN_v2/Ct/Ct-N167.jpg,Ct,1511,train,False
ccsn,ccsn/CCSN_v2/Ct/Ct-N168.jpg,Ct,1512,train,False
ccsn,ccsn/CCSN_v2/Ct/Ct-N169.jpg,Ct,1513,train,False
ccsn,ccsn/CCSN_v2/Ct/Ct-N170.jpg,Ct,1514,train,False
ccsn,ccsn/CCSN_v2/Ct/Ct-N171.jpg,Ct,1515,train,False
ccsn,ccsn/CCSN_v2/Ct/Ct-N172.jpg,Ct,1516,val,False
ccsn,ccsn/CCSN_v2/Ct/Ct-N173.jpg,Ct,1517,test,False
ccsn,ccsn/CCSN_v2/Ct/Ct-N174.jpg,Ct,1518,train,False
ccsn,ccsn/CCSN_v2/Ct/Ct-N175.jpg,Ct,1519,val,False
ccsn,ccsn/CCSN_v2/Ct/Ct-N176.jpg,Ct,1520,val,False
ccsn,ccsn/CCSN_v2/Ct/Ct-N177.jpg,Ct,1521,train,False
ccsn,ccsn/CCSN_v2/Ct/Ct-N178.jpg,Ct,1522,train,False
ccsn,ccsn/CCSN_v2/Ct/Ct-N179.jpg,Ct,1523,train,False
ccsn,ccsn/CCSN_v2/Ct/Ct-N180.jpg,Ct,1524,train,False
ccsn,ccsn/CCSN_v2/Ct/Ct-N181.jpg,Ct,1525,train,False
ccsn,ccsn/CCSN_v2/Ct/Ct-N182.jpg,Ct,1526,val,False
ccsn,ccsn/CCSN_v2/Ct/Ct-N183.jpg,Ct,1371,train,False
ccsn,ccsn/CCSN_v2/Ct/Ct-N184.jpg,Ct,1528,train,False
ccsn,ccsn/CCSN_v2/Ct/Ct-N185.jpg,Ct,1529,train,False
ccsn,ccsn/CCSN_v2/Ct/Ct-N186.jpg,Ct,1530,val,False
ccsn,ccsn/CCSN_v2/Ct/Ct-N187.jpg,Ct,1531,test,False
ccsn,ccsn/CCSN_v2/Ct/Ct-N188.jpg,Ct,1504,train,False
ccsn,ccsn/CCSN_v2/Ct/Ct-N189.jpg,Ct,1533,train,False
ccsn,ccsn/CCSN_v2/Ct/Ct-N190.jpg,Ct,1534,val,False
ccsn,ccsn/CCSN_v2/Ct/Ct-N191.jpg,Ct,1535,train,False
ccsn,ccsn/CCSN_v2/Ct/Ct-N192.jpg,Ct,1536,val,False
ccsn,ccsn/CCSN_v2/Ct/Ct-N193.jpg,Ct,1537,val,False
ccsn,ccsn/CCSN_v2/Ct/Ct-N194.jpg,Ct,1538,train,False
ccsn,ccsn/CCSN_v2/Ct/Ct-N195.jpg,Ct,1539,val,False
ccsn,ccsn/CCSN_v2/Ct/Ct-N196.jpg,Ct,1540,test,False
ccsn,ccsn/CCSN_v2/Ct/Ct-N197.jpg,Ct,1541,val,False
ccsn,ccsn/CCSN_v2/Ct/Ct-N198.jpg,Ct,1542,train,False
ccsn,ccsn/CCSN_v2/Ct/Ct-N199.jpg,Ct,1543,val,False
ccsn,ccsn/CCSN_v2/Ct/Ct-N200.jpg,Ct,1544,val,False
ccsn,ccsn/CCSN_v2/Cu/Cu-N001.jpg,Cu,1545,train,False
ccsn,ccsn/CCSN_v2/Cu/Cu-N002.jpg,Cu,1546,train,False
ccsn,ccsn/CCSN_v2/Cu/Cu-N003.jpg,Cu,1547,train,False
ccsn,ccsn/CCSN_v2/Cu/Cu-N004.jpg,Cu,1548,test,True
ccsn,ccsn/CCSN_v2/Cu/Cu-N005.jpg,Cu,1549,train,False
ccsn,ccsn/CCSN_v2/Cu/Cu-N006.jpg,Cu,1550,train,False
ccsn,ccsn/CCSN_v2/Cu/Cu-N007.jpg,Cu,622,val,True
ccsn,ccsn/CCSN_v2/Cu/Cu-N008.jpg,Cu,372,test,True
ccsn,ccsn/CCSN_v2/Cu/Cu-N009.jpg,Cu,1553,train,False
ccsn,ccsn/CCSN_v2/Cu/Cu-N010.jpg,Cu,1554,val,False
ccsn,ccsn/CCSN_v2/Cu/Cu-N011.jpg,Cu,1555,test,False
ccsn,ccsn/CCSN_v2/Cu/Cu-N012.jpg,Cu,1556,test,False
ccsn,ccsn/CCSN_v2/Cu/Cu-N013.jpg,Cu,1557,train,False
ccsn,ccsn/CCSN_v2/Cu/Cu-N014.jpg,Cu,1558,train,False
ccsn,ccsn/CCSN_v2/Cu/Cu-N015.jpg,Cu,1559,train,False
ccsn,ccsn/CCSN_v2/Cu/Cu-N016.jpg,Cu,1560,train,False
ccsn,ccsn/CCSN_v2/Cu/Cu-N017.jpg,Cu,553,test,True
ccsn,ccsn/CCSN_v2/Cu/Cu-N018.jpg,Cu,1562,train,True
ccsn,ccsn/CCSN_v2/Cu/Cu-N019.jpg,Cu,1563,train,False
ccsn,ccsn/CCSN_v2/Cu/Cu-N020.jpg,Cu,1564,test,False
ccsn,ccsn/CCSN_v2/Cu/Cu-N021.jpg,Cu,1565,test,True
ccsn,ccsn/CCSN_v2/Cu/Cu-N022.jpg,Cu,1566,val,False
ccsn,ccsn/CCSN_v2/Cu/Cu-N023.jpg,Cu,551,train,True
ccsn,ccsn/CCSN_v2/Cu/Cu-N024.jpg,Cu,1568,train,False
ccsn,ccsn/CCSN_v2/Cu/Cu-N025.jpg,Cu,1569,train,False
ccsn,ccsn/CCSN_v2/Cu/Cu-N026.jpg,Cu,621,train,True
ccsn,ccsn/CCSN_v2/Cu/Cu-N027.jpg,Cu,1571,train,False
ccsn,ccsn/CCSN_v2/Cu/Cu-N028.jpg,Cu,1572,test,False
ccsn,ccsn/CCSN_v2/Cu/Cu-N029.jpg,Cu,1573,val,False
ccsn,ccsn/CCSN_v2/Cu/Cu-N030.jpg,Cu,1574,train,False
ccsn,ccsn/CCSN_v2/Cu/Cu-N031.jpg,Cu,1575,train,False
ccsn,ccsn/CCSN_v2/Cu/Cu-N032.jpg,Cu,1576,train,False
ccsn,ccsn/CCSN_v2/Cu/Cu-N033.jpg,Cu,1577,train,False
ccsn,ccsn/CCSN_v2/Cu/Cu-N034.jpg,Cu,1578,train,False
ccsn,ccsn/CCSN_v2/Cu/Cu-N035.jpg,Cu,1579,train,False
ccsn,ccsn/CCSN_v2/Cu/Cu-N036.jpg,Cu,627,train,True
ccsn,ccsn/CCSN_v2/Cu/Cu-N037.jpg,Cu,1563,train,False
ccsn,ccsn/CCSN_v2/Cu/Cu-N038.jpg,Cu,1582,train,False
ccsn,ccsn/CCSN_v2/Cu/Cu-N039.jpg,Cu,1573,val,False
ccsn,ccsn/CCSN_v2/Cu/Cu-N040.jpg,Cu,1584,train,False
ccsn,ccsn/CCSN_v2/Cu/Cu-N041.jpg,Cu,1585,train,False
ccsn,ccsn/CCSN_v2/Cu/Cu-N042.jpg,Cu,1586,train,False
ccsn,ccsn/CCSN_v2/Cu/Cu-N043.jpg,Cu,1587,train,False
ccsn,ccsn/CCSN_v2/Cu/Cu-N044.jpg,Cu,1588,val,False
ccsn,ccsn/CCSN_v2/Cu/Cu-N045.jpg,Cu,1589,val,False
ccsn,ccsn/CCSN_v2/Cu/Cu-N046.jpg,Cu,1590,train,False
ccsn,ccsn/CCSN_v2/Cu/Cu-N047.jpg,Cu,1591,train,False
ccsn,ccsn/CCSN_v2/Cu/Cu-N048.jpg,Cu,630,test,True
ccsn,ccsn/CCSN_v2/Cu/Cu-N049.jpg,Cu,472,train,True
ccsn,ccsn/CCSN_v2/Cu/Cu-N050.jpg,Cu,1594,train,False
ccsn,ccsn/CCSN_v2/Cu/Cu-N051.jpg,Cu,1595,train,False
ccsn,ccsn/CCSN_v2/Cu/Cu-N052.jpg,Cu,1596,train,False
ccsn,ccsn/CCSN_v2/Cu/Cu-N053.jpg,Cu,1597,train,False
ccsn,ccsn/CCSN_v2/Cu/Cu-N054.jpg,Cu,1598,train,False
ccsn,ccsn/CCSN_v2/Cu/Cu-N055.jpg,Cu,1599,train,False
ccsn,ccsn/CCSN_v2/Cu/Cu-N056.jpg,Cu,1600,train,False
ccsn,ccsn/CCSN_v2/Cu/Cu-N057.jpg,Cu,1601,train,False
ccsn,ccsn/CCSN_v2/Cu/Cu-N058.jpg,Cu,638,train,True
ccsn,ccsn/CCSN_v2/Cu/Cu-N059.jpg,Cu,1603,train,False
ccsn,ccsn/CCSN_v2/Cu/Cu-N060.jpg,Cu,923,val,True
ccsn,ccsn/CCSN_v2/Cu/Cu-N061.jpg,Cu,1605,train,False
ccsn,ccsn/CCSN_v2/Cu/Cu-N062.jpg,Cu,1606,test,False
ccsn,ccsn/CCSN_v2/Cu/Cu-N063.jpg,Cu,521,train,True
ccsn,ccsn/CCSN_v2/Cu/Cu-N064.jpg,Cu,1608,test,False
ccsn,ccsn/CCSN_v2/Cu/Cu-N065.jpg,Cu,1609,val,False
ccsn,ccsn/CCSN_v2/Cu/Cu-N066.jpg,Cu,1610,train,False
ccsn,ccsn/CCSN_v2/Cu/Cu-N067.jpg,Cu,1611,test,False
ccsn,ccsn/CCSN_v2/Cu/Cu-N068.jpg,Cu,1612,train,False
ccsn,ccsn/CCSN_v2/Cu/Cu-N069.jpg,Cu,1613,train,False
ccsn,ccsn/CCSN_v2/Cu/Cu-N070.jpg,Cu,1614,train,False
ccsn,ccsn/CCSN_v2/Cu/Cu-N071.jpg,Cu,1615,train,False
ccsn,ccsn/CCSN_v2/Cu/Cu-N072.jpg,Cu,1616,train,False
ccsn,ccsn/CCSN_v2/Cu/Cu-N073.jpg,Cu,1617,train,False
ccsn,ccsn/CCSN_v2/Cu/Cu-N074.jpg,Cu,1618,test,False
ccsn,ccsn/CCSN_v2/Cu/Cu-N075.jpg,Cu,1619,val,False
ccsn,ccsn/CCSN_v2/Cu/Cu-N076.jpg,Cu,1620,test,False
ccsn,ccsn/CCSN_v2/Cu/Cu-N077.jpg,Cu,1621,train,False
ccsn,ccsn/CCSN_v2/Cu/Cu-N078.jpg,Cu,1622,train,False
ccsn,ccsn/CCSN_v2/Cu/Cu-N079.jpg,Cu,1623,train,False
ccsn,ccsn/CCSN_v2/Cu/Cu-N080.jpg,Cu,1624,train,False
ccsn,ccsn/CCSN_v2/Cu/Cu-N081.jpg,Cu,1625,val,False
ccsn,ccsn/CCSN_v2/Cu/Cu-N082.jpg,Cu,1626,train,False
ccsn,ccsn/CCSN_v2/Cu/Cu-N083.jpg,Cu,1627,train,False
ccsn,ccsn/CCSN_v2/Cu/Cu-N084.jpg,Cu,1628,train,False
ccsn,ccsn/CCSN_v2/Cu/Cu-N085.jpg,Cu,1629,train,False
ccsn,ccsn/CCSN_v2/Cu/Cu-N086.jpg,Cu,1079,train,True
ccsn,ccsn/CCSN_v2/Cu/Cu-N087.jpg,Cu,1631,test,False
ccsn,ccsn/CCSN_v2/Cu/Cu-N088.jpg,Cu,1080,train,True
ccsn,ccsn/CCSN_v2/Cu/Cu-N089.jpg,Cu,1633,train,False
ccsn,ccsn/CCSN_v2/Cu/Cu-N090.jpg,Cu,1634,test,False
ccsn,ccsn/CCSN_v2/Cu/Cu-N091.jpg,Cu,1635,train,False
ccsn,ccsn/CCSN_v2/Cu/Cu-N092.jpg,Cu,1636,val,False
ccsn,ccsn/CCSN_v2/Cu/Cu-N093.jpg,Cu,1637,test,False
ccsn,ccsn/CCSN_v2/Cu/Cu-N094.jpg,Cu,1638,train,False
ccsn,ccsn/CCSN_v2/Cu/Cu-N095.jpg,Cu,1639,test,False
ccsn,ccsn/CCSN_v2/Cu/Cu-N096.jpg,Cu,1640,train,False
ccsn,ccsn/CCSN_v2/Cu/Cu-N097.jpg,Cu,1641,val,False
ccsn,ccsn/CCSN_v2/Cu/Cu-N098.jpg,Cu,1642,train,False
ccsn,ccsn/CCSN_v2/Cu/Cu-N099.jpg,Cu,1643,test,False
ccsn,ccsn/CCSN_v2/Cu/Cu-N100.jpg,Cu,1644,train,False
ccsn,ccsn/CCSN_v2/Cu/Cu-N101.jpg,Cu,1645,train,False
ccsn,ccsn/CCSN_v2/Cu/Cu-N102.jpg,Cu,1646,train,False
ccsn,ccsn/CCSN_v2/Cu/Cu-N103.jpg,Cu,1647,train,False
ccsn,ccsn/CCSN_v2/Cu/Cu-N104.jpg,Cu,1648,train,False
ccsn,ccsn/CCSN_v2/Cu/Cu-N105.jpg,Cu,1649,train,False
ccsn,ccsn/CCSN_v2/Cu/Cu-N106.jpg,Cu,1650,val,False
ccsn,ccsn/CCSN_v2/Cu/Cu-N107.jpg,Cu,1651,train,False
ccsn,ccsn/CCSN_v2/Cu/Cu-N108.jpg,Cu,1652,train,False
ccsn,ccsn/CCSN_v2/Cu/Cu-N109.jpg,Cu,1653,train,False
ccsn,ccsn/CCSN_v2/Cu/Cu-N110.jpg,Cu,1654,train,False
ccsn,ccsn/CCSN_v2/Cu/Cu-N111.jpg,Cu,1655,train,False
ccsn,ccsn/CCSN_v2/Cu/Cu-N112.jpg,Cu,1656,train,False
ccsn,ccsn/CCSN_v2/Cu/Cu-N113.jpg,Cu,1657,train,False
ccsn,ccsn/CCSN_v2/Cu/Cu-N114.jpg,Cu,1658,train,False
ccsn,ccsn/CCSN_v2/Cu/Cu-N115.jpg,Cu,1659,train,False
ccsn,ccsn/CCSN_v2/Cu/Cu-N116.jpg,Cu,1660,train,False
ccsn,ccsn/CCSN_v2/Cu/Cu-N117.jpg,Cu,1661,train,False
ccsn,ccsn/CCSN_v2/Cu/Cu-N118.jpg,Cu,1662,val,False
ccsn,ccsn/CCSN_v2/Cu/Cu-N119.jpg,Cu,1663,train,False
ccsn,ccsn/CCSN_v2/Cu/Cu-N120.jpg,Cu,1664,train,False
ccsn,ccsn/CCSN_v2/Cu/Cu-N121.jpg,Cu,1665,train,False
ccsn,ccsn/CCSN_v2/Cu/Cu-N122.jpg,Cu,1666,train,False
ccsn,ccsn/CCSN_v2/Cu/Cu-N123.jpg,Cu,1667,train,False
ccsn,ccsn/CCSN_v2/Cu/Cu-N124.jpg,Cu,1668,test,False
ccsn,ccsn/CCSN_v2/Cu/Cu-N125.jpg,Cu,1669,train,False
ccsn,ccsn/CCSN_v2/Cu/Cu-N126.jpg,Cu,1670,val,False
ccsn,ccsn/CCSN_v2/Cu/Cu-N127.jpg,Cu,1671,train,False
ccsn,ccsn/CCSN_v2/Cu/Cu-N128.jpg,Cu,1672,train,False
ccsn,ccsn/CCSN_v2/Cu/Cu-N129.jpg,Cu,1673,train,False
ccsn,ccsn/CCSN_v2/Cu/Cu-N130.jpg,Cu,1674,train,False
ccsn,ccsn/CCSN_v2/Cu/Cu-N131.jpg,Cu,1675,test,False
ccsn,ccsn/CCSN_v2/Cu/Cu-N132.jpg,Cu,1676,train,False
ccsn,ccsn/CCSN_v2/Cu/Cu-N133.jpg,Cu,1677,train,False
ccsn,ccsn/CCSN_v2/Cu/Cu-N134.jpg,Cu,1678,val,False
ccsn,ccsn/CCSN_v2/Cu/Cu-N135.jpg,Cu,1679,train,False
ccsn,ccsn/CCSN_v2/Cu/Cu-N136.jpg,Cu,1680,val,False
ccsn,ccsn/CCSN_v2/Cu/Cu-N137.jpg,Cu,1681,val,False
ccsn,ccsn/CCSN_v2/Cu/Cu-N138.jpg,Cu,1682,val,False
ccsn,ccsn/CCSN_v2/Cu/Cu-N139.jpg,Cu,1683,train,False
ccsn,ccsn/CCSN_v2/Cu/Cu-N140.jpg,Cu,1684,train,False
ccsn,ccsn/CCSN_v2/Cu/Cu-N141.jpg,Cu,1685,train,False
ccsn,ccsn/CCSN_v2/Cu/Cu-N142.jpg,Cu,1686,test,False
ccsn,ccsn/CCSN_v2/Cu/Cu-N143.jpg,Cu,1687,val,False
ccsn,ccsn/CCSN_v2/Cu/Cu-N144.jpg,Cu,1688,val,False
ccsn,ccsn/CCSN_v2/Cu/Cu-N145.jpg,Cu,1689,val,False
ccsn,ccsn/CCSN_v2/Cu/Cu-N146.jpg,Cu,1690,val,False
ccsn,ccsn/CCSN_v2/Cu/Cu-N147.jpg,Cu,1691,train,False
ccsn,ccsn/CCSN_v2/Cu/Cu-N148.jpg,Cu,1692,test,False
ccsn,ccsn/CCSN_v2/Cu/Cu-N149.jpg,Cu,1693,val,False
ccsn,ccsn/CCSN_v2/Cu/Cu-N150.jpg,Cu,1694,train,False
ccsn,ccsn/CCSN_v2/Cu/Cu-N151.jpg,Cu,1695,val,False
ccsn,ccsn/CCSN_v2/Cu/Cu-N152.jpg,Cu,1696,train,False
ccsn,ccsn/CCSN_v2/Cu/Cu-N153.jpg,Cu,1697,train,False
ccsn,ccsn/CCSN_v2/Cu/Cu-N154.jpg,Cu,1698,test,False
ccsn,ccsn/CCSN_v2/Cu/Cu-N155.jpg,Cu,1699,val,False
ccsn,ccsn/CCSN_v2/Cu/Cu-N156.jpg,Cu,1700,train,False
ccsn,ccsn/CCSN_v2/Cu/Cu-N157.jpg,Cu,1701,train,False
ccsn,ccsn/CCSN_v2/Cu/Cu-N158.jpg,Cu,1702,train,False
ccsn,ccsn/CCSN_v2/Cu/Cu-N159.jpg,Cu,1703,train,False
ccsn,ccsn/CCSN_v2/Cu/Cu-N160.jpg,Cu,1704,train,False
ccsn,ccsn/CCSN_v2/Cu/Cu-N161.jpg,Cu,1705,train,False
ccsn,ccsn/CCSN_v2/Cu/Cu-N162.jpg,Cu,1706,train,False
ccsn,ccsn/CCSN_v2/Cu/Cu-N163.jpg,Cu,1707,train,False
ccsn,ccsn/CCSN_v2/Cu/Cu-N164.jpg,Cu,931,val,True
ccsn,ccsn/CCSN_v2/Cu/Cu-N165.jpg,Cu,1709,train,False
ccsn,ccsn/CCSN_v2/Cu/Cu-N166.jpg,Cu,1710,train,False
ccsn,ccsn/CCSN_v2/Cu/Cu-N167.jpg,Cu,1711,train,False
ccsn,ccsn/CCSN_v2/Cu/Cu-N168.jpg,Cu,1712,train,False
ccsn,ccsn/CCSN_v2/Cu/Cu-N169.jpg,Cu,1713,train,False
ccsn,ccsn/CCSN_v2/Cu/Cu-N170.jpg,Cu,1714,train,False
ccsn,ccsn/CCSN_v2/Cu/Cu-N171.jpg,Cu,1575,train,False
ccsn,ccsn/CCSN_v2/Cu/Cu-N172.jpg,Cu,1716,test,False
ccsn,ccsn/CCSN_v2/Cu/Cu-N173.jpg,Cu,476,train,True
ccsn,ccsn/CCSN_v2/Cu/Cu-N174.jpg,Cu,1718,test,False
ccsn,ccsn/CCSN_v2/Cu/Cu-N175.jpg,Cu,1719,train,False
ccsn,ccsn/CCSN_v2/Cu/Cu-N176.jpg,Cu,1594,train,False
ccsn,ccsn/CCSN_v2/Cu/Cu-N177.jpg,Cu,1721,train,False
ccsn,ccsn/CCSN_v2/Cu/Cu-N178.jpg,Cu,1582,train,False
ccsn,ccsn/CCSN_v2/Cu/Cu-N179.jpg,Cu,1723,train,False
ccsn,ccsn/CCSN_v2/Cu/Cu-N180.jpg,Cu,4,train,True
ccsn,ccsn/CCSN_v2/Cu/Cu-N181.jpg,Cu,1725,train,False
ccsn,ccsn/CCSN_v2/Cu/Cu-N182.jpg,Cu,369,train,True
ccsn,ccsn/CCSN_v2/Ns/Ns-N001.jpg,Ns,1727,test,True
ccsn,ccsn/CCSN_v2/Ns/Ns-N002.jpg,Ns,1728,train,False
ccsn,ccsn/CCSN_v2/Ns/Ns-N003.jpg,Ns,1729,test,True
ccsn,ccsn/CCSN_v2/Ns/Ns-N004.jpg,Ns,1730,train,True
ccsn,ccsn/CCSN_v2/Ns/Ns-N005.jpg,Ns,1731,train,False
ccsn,ccsn/CCSN_v2/Ns/Ns-N006.jpg,Ns,1732,train,True
ccsn,ccsn/CCSN_v2/Ns/Ns-N007.jpg,Ns,1733,train,False
ccsn,ccsn/CCSN_v2/Ns/Ns-N008.jpg,Ns,1734,train,False
ccsn,ccsn/CCSN_v2/Ns/Ns-N009.jpg,Ns,1735,train,True
ccsn,ccsn/CCSN_v2/Ns/Ns-N010.jpg,Ns,1736,test,False
ccsn,ccsn/CCSN_v2/Ns/Ns-N011.jpg,Ns,1737,train,True
ccsn,ccsn/CCSN_v2/Ns/Ns-N012.jpg,Ns,1738,train,True
ccsn,ccsn/CCSN_v2/Ns/Ns-N013.jpg,Ns,1739,train,False
ccsn,ccsn/CCSN_v2/Ns/Ns-N014.jpg,Ns,1740,train,False
ccsn,ccsn/CCSN_v2/Ns/Ns-N015.jpg,Ns,1741,test,False
ccsn,ccsn/CCSN_v2/Ns/Ns-N016.jpg,Ns,1742,train,False
ccsn,ccsn/CCSN_v2/Ns/Ns-N017.jpg,Ns,1743,train,False
ccsn,ccsn/CCSN_v2/Ns/Ns-N018.jpg,Ns,1744,train,False
ccsn,ccsn/CCSN_v2/Ns/Ns-N019.jpg,Ns,1745,val,False
ccsn,ccsn/CCSN_v2/Ns/Ns-N020.jpg,Ns,1746,val,False
ccsn,ccsn/CCSN_v2/Ns/Ns-N021.jpg,Ns,1747,train,False
ccsn,ccsn/CCSN_v2/Ns/Ns-N022.jpg,Ns,1748,test,True
ccsn,ccsn/CCSN_v2/Ns/Ns-N023.jpg,Ns,1749,train,False
ccsn,ccsn/CCSN_v2/Ns/Ns-N024.jpg,Ns,1750,train,False
ccsn,ccsn/CCSN_v2/Ns/Ns-N025.jpg,Ns,1751,train,True
ccsn,ccsn/CCSN_v2/Ns/Ns-N026.jpg,Ns,1752,test,True
ccsn,ccsn/CCSN_v2/Ns/Ns-N027.jpg,Ns,1753,train,False
ccsn,ccsn/CCSN_v2/Ns/Ns-N028.jpg,Ns,1754,train,False
ccsn,ccsn/CCSN_v2/Ns/Ns-N029.jpg,Ns,1755,train,False
ccsn,ccsn/CCSN_v2/Ns/Ns-N030.jpg,Ns,1756,train,False
ccsn,ccsn/CCSN_v2/Ns/Ns-N031.jpg,Ns,1757,train,False
ccsn,ccsn/CCSN_v2/Ns/Ns-N032.jpg,Ns,1758,test,False
ccsn,ccsn/CCSN_v2/Ns/Ns-N033.jpg,Ns,1759,val,False
ccsn,ccsn/CCSN_v2/Ns/Ns-N034.jpg,Ns,1760,train,False
ccsn,ccsn/CCSN_v2/Ns/Ns-N035.jpg,Ns,1761,val,False
ccsn,ccsn/CCSN_v2/Ns/Ns-N036.jpg,Ns,1762,train,False
ccsn,ccsn/CCSN_v2/Ns/Ns-N037.jpg,Ns,1763,train,False
ccsn,ccsn/CCSN_v2/Ns/Ns-N038.jpg,Ns,1764,val,True
ccsn,ccsn/CCSN_v2/Ns/Ns-N039.jpg,Ns,1765,train,True
ccsn,ccsn/CCSN_v2/Ns/Ns-N040.jpg,Ns,1766,train,True
ccsn,ccsn/CCSN_v2/Ns/Ns-N041.jpg,Ns,1767,train,False
ccsn,ccsn/CCSN_v2/Ns/Ns-N042.jpg,Ns,1768,train,False
ccsn,ccsn/CCSN_v2/Ns/Ns-N043.jpg,Ns,1769,train,False
ccsn,ccsn/CCSN_v2/Ns/Ns-N044.jpg,Ns,1770,train,False
ccsn,ccsn/CCSN_v2/Ns/Ns-N045.jpg,Ns,1771,val,False
ccsn,ccsn/CCSN_v2/Ns/Ns-N046.jpg,Ns,1772,train,False
ccsn,ccsn/CCSN_v2/Ns/Ns-N047.jpg,Ns,1773,train,False
ccsn,ccsn/CCSN_v2/Ns/Ns-N048.jpg,Ns,1774,train,False
ccsn,ccsn/CCSN_v2/Ns/Ns-N049.jpg,Ns,1775,train,False
ccsn,ccsn/CCSN_v2/Ns/Ns-N050.jpg,Ns,1776,train,False
ccsn,ccsn/CCSN_v2/Ns/Ns-N051.jpg,Ns,1777,train,False
ccsn,ccsn/CCSN_v2/Ns/Ns-N052.jpg,Ns,1778,test,False
ccsn,ccsn/CCSN_v2/Ns/Ns-N053.jpg,Ns,1779,train,False
ccsn,ccsn/CCSN_v2/Ns/Ns-N054.jpg,Ns,1780,train,False
ccsn,ccsn/CCSN_v2/Ns/Ns-N055.jpg,Ns,1781,val,False
ccsn,ccsn/CCSN_v2/Ns/Ns-N056.jpg,Ns,1782,train,True
ccsn,ccsn/CCSN_v2/Ns/Ns-N057.jpg,Ns,1783,test,True
ccsn,ccsn/CCSN_v2/Ns/Ns-N058.jpg,Ns,1784,train,True
ccsn,ccsn/CCSN_v2/Ns/Ns-N059.jpg,Ns,1785,train,True
ccsn,ccsn/CCSN_v2/Ns/Ns-N060.jpg,Ns,1786,train,True
ccsn,ccsn/CCSN_v2/Ns/Ns-N061.jpg,Ns,1787,val,True
ccsn,ccsn/CCSN_v2/Ns/Ns-N062.jpg,Ns,1788,test,True
ccsn,ccsn/CCSN_v2/Ns/Ns-N063.jpg,Ns,1789,train,True
ccsn,ccsn/CCSN_v2/Ns/Ns-N064.jpg,Ns,1790,test,True
ccsn,ccsn/CCSN_v2/Ns/Ns-N065.jpg,Ns,1791,train,True
ccsn,ccsn/CCSN_v2/Ns/Ns-N066.jpg,Ns,1792,train,True
ccsn,ccsn/CCSN_v2/Ns/Ns-N067.jpg,Ns,1793,train,True
ccsn,ccsn/CCSN_v2/Ns/Ns-N068.jpg,Ns,1794,test,False
ccsn,ccsn/CCSN_v2/Ns/Ns-N069.jpg,Ns,1795,train,False
ccsn,ccsn/CCSN_v2/Ns/Ns-N070.jpg,Ns,1747,train,False
ccsn,ccsn/CCSN_v2/Ns/Ns-N071.jpg,Ns,1797,train,False
ccsn,ccsn/CCSN_v2/Ns/Ns-N072.jpg,Ns,1739,train,False
ccsn,ccsn/CCSN_v2/Ns/Ns-N073.jpg,Ns,1799,train,False
ccsn,ccsn/CCSN_v2/Ns/Ns-N074.jpg,Ns,1800,val,False
ccsn,ccsn/CCSN_v2/Ns/Ns-N075.jpg,Ns,1801,train,False
ccsn,ccsn/CCSN_v2/Ns/Ns-N076.jpg,Ns,1802,train,False
ccsn,ccsn/CCSN_v2/Ns/Ns-N077.jpg,Ns,1803,test,False
ccsn,ccsn/CCSN_v2/Ns/Ns-N078.jpg,Ns,1804,train,False
ccsn,ccsn/CCSN_v2/Ns/Ns-N079.jpg,Ns,1805,train,False
ccsn,ccsn/CCSN_v2/Ns/Ns-N080.jpg,Ns,1806,train,False
ccsn,ccsn/CCSN_v2/Ns/Ns-N081.jpg,Ns,1807,test,False
ccsn,ccsn/CCSN_v2/Ns/Ns-N082.jpg,Ns,1808,val,False
ccsn,ccsn/CCSN_v2/Ns/Ns-N083.jpg,Ns,1809,train,False
ccsn,ccsn/CCSN_v2/Ns/Ns-N084.jpg,Ns,1810,train,False
ccsn,ccsn/CCSN_v2/Ns/Ns-N085.jpg,Ns,1811,val,False
ccsn,ccsn/CCSN_v2/Ns/Ns-N086.jpg,Ns,1812,test,False
ccsn,ccsn/CCSN_v2/Ns/Ns-N087.jpg,Ns,328,val,True
ccsn,ccsn/CCSN_v2/Ns/Ns-N088.jpg,Ns,1814,test,False
ccsn,ccsn/CCSN_v2/Ns/Ns-N089.jpg,Ns,1815,train,False
ccsn,ccsn/CCSN_v2/Ns/Ns-N090.jpg,Ns,170,train,True
ccsn,ccsn/CCSN_v2/Ns/Ns-N091.jpg,Ns,1817,train,False
ccsn,ccsn/CCSN_v2/Ns/Ns-N092.jpg,Ns,1818,train,False
ccsn,ccsn/CCSN_v2/Ns/Ns-N093.jpg,Ns,1765,train,True
ccsn,ccsn/CCSN_v2/Ns/Ns-N094.jpg,Ns,182,test,True
ccsn,ccsn/CCSN_v2/Ns/Ns-N095.jpg,Ns,1821,train,False
ccsn,ccsn/CCSN_v2/Ns/Ns-N096.jpg,Ns,1822,train,False
ccsn,ccsn/CCSN_v2/Ns/Ns-N097.jpg,Ns,1755,train,False
ccsn,ccsn/CCSN_v2/Ns/Ns-N098.jpg,Ns,1824,train,False
ccsn,ccsn/CCSN_v2/Ns/Ns-N099.jpg,Ns,1825,train,False
ccsn,ccsn/CCSN_v2/Ns/Ns-N100.jpg,Ns,356,train,True
ccsn,ccsn/CCSN_v2/Ns/Ns-N101.jpg,Ns,1827,train,False
ccsn,ccsn/CCSN_v2/Ns/Ns-N102.jpg,Ns,1828,val,False
ccsn,ccsn/CCSN_v2/Ns/Ns-N103.jpg,Ns,1829,train,False
ccsn,ccsn/CCSN_v2/Ns/Ns-N104.jpg,Ns,1830,train,False
ccsn,ccsn/CCSN_v2/Ns/Ns-N105.jpg,Ns,1831,val,False
ccsn,ccsn/CCSN_v2/Ns/Ns-N106.jpg,Ns,1832,test,False
ccsn,ccsn/CCSN_v2/Ns/Ns-N107.jpg,Ns,1833,train,False
ccsn,ccsn/CCSN_v2/Ns/Ns-N108.jpg,Ns,1834,train,False
ccsn,ccsn/CCSN_v2/Ns/Ns-N109.jpg,Ns,1835,train,False
ccsn,ccsn/CCSN_v2/Ns/Ns-N110.jpg,Ns,1836,train,False
ccsn,ccsn/CCSN_v2/Ns/Ns-N111.jpg,Ns,782,val,True
ccsn,ccsn/CCSN_v2/Ns/Ns-N112.jpg,Ns,1790,test,True
ccsn,ccsn/CCSN_v2/Ns/Ns-N113.jpg,Ns,1839,train,False
ccsn,ccsn/CCSN_v2/Ns/Ns-N114.jpg,Ns,1840,train,False
ccsn,ccsn/CCSN_v2/Ns/Ns-N115.jpg,Ns,1841,test,False
ccsn,ccsn/CCSN_v2/Ns/Ns-N116.jpg,Ns,1842,train,False
ccsn,ccsn/CCSN_v2/Ns/Ns-N117.jpg,Ns,1843,train,False
ccsn,ccsn/CCSN_v2/Ns/Ns-N118.jpg,Ns,1844,test,False
ccsn,ccsn/CCSN_v2/Ns/Ns-N119.jpg,Ns,1845,val,False
ccsn,ccsn/CCSN_v2/Ns/Ns-N120.jpg,Ns,1846,train,False
ccsn,ccsn/CCSN_v2/Ns/Ns-N121.jpg,Ns,1847,train,False
ccsn,ccsn/CCSN_v2/Ns/Ns-N122.jpg,Ns,1848,train,False
ccsn,ccsn/CCSN_v2/Ns/Ns-N123.jpg,Ns,1849,train,False
ccsn,ccsn/CCSN_v2/Ns/Ns-N124.jpg,Ns,1850,train,False
ccsn,ccsn/CCSN_v2/Ns/Ns-N125.jpg,Ns,1851,test,False
ccsn,ccsn/CCSN_v2/Ns/Ns-N126.jpg,Ns,1852,train,False
ccsn,ccsn/CCSN_v2/Ns/Ns-N127.jpg,Ns,1853,test,False
ccsn,ccsn/CCSN_v2/Ns/Ns-N128.jpg,Ns,1854,train,False
ccsn,ccsn/CCSN_v2/Ns/Ns-N129.jpg,Ns,1855,val,False
ccsn,ccsn/CCSN_v2/Ns/Ns-N130.jpg,Ns,1856,val,False
ccsn,ccsn/CCSN_v2/Ns/Ns-N131.jpg,Ns,1857,train,False
ccsn,ccsn/CCSN_v2/Ns/Ns-N132.jpg,Ns,1858,train,False
ccsn,ccsn/CCSN_v2/Ns/Ns-N133.jpg,Ns,1859,val,False
ccsn,ccsn/CCSN_v2/Ns/Ns-N134.jpg,Ns,1860,val,False
ccsn,ccsn/CCSN_v2/Ns/Ns-N135.jpg,Ns,1861,train,False
ccsn,ccsn/CCSN_v2/Ns/Ns-N136.jpg,Ns,1862,train,False
ccsn,ccsn/CCSN_v2/Ns/Ns-N137.jpg,Ns,207,train,True
ccsn,ccsn/CCSN_v2/Ns/Ns-N138.jpg,Ns,1864,train,False
ccsn,ccsn/CCSN_v2/Ns/Ns-N139.jpg,Ns,1865,val,False
ccsn,ccsn/CCSN_v2/Ns/Ns-N140.jpg,Ns,1866,train,False
ccsn,ccsn/CCSN_v2/Ns/Ns-N141.jpg,Ns,1867,test,False
ccsn,ccsn/CCSN_v2/Ns/Ns-N142.jpg,Ns,1868,train,False
ccsn,ccsn/CCSN_v2/Ns/Ns-N143.jpg,Ns,1869,train,False
ccsn,ccsn/CCSN_v2/Ns/Ns-N144.jpg,Ns,1870,test,False
ccsn,ccsn/CCSN_v2/Ns/Ns-N145.jpg,Ns,1871,train,False
ccsn,ccsn/CCSN_v2/Ns/Ns-N146.jpg,Ns,1872,val,False
ccsn,ccsn/CCSN_v2/Ns/Ns-N147.jpg,Ns,1873,val,False
ccsn,ccsn/CCSN_v2/Ns/Ns-N148.jpg,Ns,1874,train,False
ccsn,ccsn/CCSN_v2/Ns/Ns-N149.jpg,Ns,1875,train,False
ccsn,ccsn/CCSN_v2/Ns/Ns-N150.jpg,Ns,1876,train,False
ccsn,ccsn/CCSN_v2/Ns/Ns-N151.jpg,Ns,1877,train,False
ccsn,ccsn/CCSN_v2/Ns/Ns-N152.jpg,Ns,1878,train,False
ccsn,ccsn/CCSN_v2/Ns/Ns-N153.jpg,Ns,1879,train,False
ccsn,ccsn/CCSN_v2/Ns/Ns-N154.jpg,Ns,1880,train,False
ccsn,ccsn/CCSN_v2/Ns/Ns-N155.jpg,Ns,1881,test,False
ccsn,ccsn/CCSN_v2/Ns/Ns-N156.jpg,Ns,1882,test,False
ccsn,ccsn/CCSN_v2/Ns/Ns-N157.jpg,Ns,1883,train,False
ccsn,ccsn/CCSN_v2/Ns/Ns-N158.jpg,Ns,1884,test,False
ccsn,ccsn/CCSN_v2/Ns/Ns-N159.jpg,Ns,1885,val,False
ccsn,ccsn/CCSN_v2/Ns/Ns-N160.jpg,Ns,1886,train,False
ccsn,ccsn/CCSN_v2/Ns/Ns-N161.jpg,Ns,1887,train,False
ccsn,ccsn/CCSN_v2/Ns/Ns-N162.jpg,Ns,1888,train,False
ccsn,ccsn/CCSN_v2/Ns/Ns-N163.jpg,Ns,1889,train,False
ccsn,ccsn/CCSN_v2/Ns/Ns-N164.jpg,Ns,1890,train,False
ccsn,ccsn/CCSN_v2/Ns/Ns-N165.jpg,Ns,1891,train,False
ccsn,ccsn/CCSN_v2/Ns/Ns-N166.jpg,Ns,1892,val,False
ccsn,ccsn/CCSN_v2/Ns/Ns-N167.jpg,Ns,1893,train,False
ccsn,ccsn/CCSN_v2/Ns/Ns-N168.jpg,Ns,1894,train,False
ccsn,ccsn/CCSN_v2/Ns/Ns-N169.jpg,Ns,1895,train,False
ccsn,ccsn/CCSN_v2/Ns/Ns-N170.jpg,Ns,1896,train,False
ccsn,ccsn/CCSN_v2/Ns/Ns-N171.jpg,Ns,1897,train,False
ccsn,ccsn/CCSN_v2/Ns/Ns-N172.jpg,Ns,1898,train,False
ccsn,ccsn/CCSN_v2/Ns/Ns-N173.jpg,Ns,1899,val,False
ccsn,ccsn/CCSN_v2/Ns/Ns-N174.jpg,Ns,1900,train,False
ccsn,ccsn/CCSN_v2/Ns/Ns-N175.jpg,Ns,1901,train,True
ccsn,ccsn/CCSN_v2/Ns/Ns-N176.jpg,Ns,1902,train,False
ccsn,ccsn/CCSN_v2/Ns/Ns-N177.jpg,Ns,1903,test,True
ccsn,ccsn/CCSN_v2/Ns/Ns-N178.jpg,Ns,1904,train,False
ccsn,ccsn/CCSN_v2/Ns/Ns-N179.jpg,Ns,1905,train,False
ccsn,ccsn/CCSN_v2/Ns/Ns-N180.jpg,Ns,1906,train,False
ccsn,ccsn/CCSN_v2/Ns/Ns-N181.jpg,Ns,1907,val,False
ccsn,ccsn/CCSN_v2/Ns/Ns-N182.jpg,Ns,1908,train,False
ccsn,ccsn/CCSN_v2/Ns/Ns-N183.jpg,Ns,1909,train,False
ccsn,ccsn/CCSN_v2/Ns/Ns-N184.jpg,Ns,1910,train,False
ccsn,ccsn/CCSN_v2/Ns/Ns-N185.jpg,Ns,1911,val,False
ccsn,ccsn/CCSN_v2/Ns/Ns-N186.jpg,Ns,1912,train,False
ccsn,ccsn/CCSN_v2/Ns/Ns-N187.jpg,Ns,1913,train,False
ccsn,ccsn/CCSN_v2/Ns/Ns-N188.jpg,Ns,1914,train,False
ccsn,ccsn/CCSN_v2/Ns/Ns-N189.jpg,Ns,1915,train,False
ccsn,ccsn/CCSN_v2/Ns/Ns-N190.jpg,Ns,1916,train,False
ccsn,ccsn/CCSN_v2/Ns/Ns-N191.jpg,Ns,1917,train,False
ccsn,ccsn/CCSN_v2/Ns/Ns-N192.jpg,Ns,1918,train,False
ccsn,ccsn/CCSN_v2/Ns/Ns-N193.jpg,Ns,1919,train,False
ccsn,ccsn/CCSN_v2/Ns/Ns-N194.jpg,Ns,1920,train,False
ccsn,ccsn/CCSN_v2/Ns/Ns-N195.jpg,Ns,1921,train,False
ccsn,ccsn/CCSN_v2/Ns/Ns-N196.jpg,Ns,1922,train,False
ccsn,ccsn/CCSN_v2/Ns/Ns-N197.jpg,Ns,1923,train,False
ccsn,ccsn/CCSN_v2/Ns/Ns-N198.jpg,Ns,1924,train,False
ccsn,ccsn/CCSN_v2/Ns/Ns-N199.jpg,Ns,1925,train,False
ccsn,ccsn/CCSN_v2/Ns/Ns-N200.jpg,Ns,1926,train,False
ccsn,ccsn/CCSN_v2/Ns/Ns-N201.jpg,Ns,1927,train,False
ccsn,ccsn/CCSN_v2/Ns/Ns-N202.jpg,Ns,1928,train,False
ccsn,ccsn/CCSN_v2/Ns/Ns-N203.jpg,Ns,1929,train,False
ccsn,ccsn/CCSN_v2/Ns/Ns-N204.jpg,Ns,1930,val,False
ccsn,ccsn/CCSN_v2/Ns/Ns-N205.jpg,Ns,1931,train,False
ccsn,ccsn/CCSN_v2/Ns/Ns-N206.jpg,Ns,1748,test,True
ccsn,ccsn/CCSN_v2/Ns/Ns-N207.jpg,Ns,1933,train,False
ccsn,ccsn/CCSN_v2/Ns/Ns-N208.jpg,Ns,1934,val,False
ccsn,ccsn/CCSN_v2/Ns/Ns-N209.jpg,Ns,1935,test,False
ccsn,ccsn/CCSN_v2/Ns/Ns-N210.jpg,Ns,1936,test,False
ccsn,ccsn/CCSN_v2/Ns/Ns-N211.jpg,Ns,1937,train,False
ccsn,ccsn/CCSN_v2/Ns/Ns-N212.jpg,Ns,1938,train,False
ccsn,ccsn/CCSN_v2/Ns/Ns-N213.jpg,Ns,1939,val,False
ccsn,ccsn/CCSN_v2/Ns/Ns-N214.jpg,Ns,1940,train,False
ccsn,ccsn/CCSN_v2/Ns/Ns-N215.jpg,Ns,1941,train,False
ccsn,ccsn/CCSN_v2/Ns/Ns-N216.jpg,Ns,1942,val,False
ccsn,ccsn/CCSN_v2/Ns/Ns-N217.jpg,Ns,1943,train,False
ccsn,ccsn/CCSN_v2/Ns/Ns-N218.jpg,Ns,1944,train,False
ccsn,ccsn/CCSN_v2/Ns/Ns-N219.jpg,Ns,1945,train,False
ccsn,ccsn/CCSN_v2/Ns/Ns-N220.jpg,Ns,1946,train,False
ccsn,ccsn/CCSN_v2/Ns/Ns-N221.jpg,Ns,1947,train,False
ccsn,ccsn/CCSN_v2/Ns/Ns-N222.jpg,Ns,1948,val,False
ccsn,ccsn/CCSN_v2/Ns/Ns-N223.jpg,Ns,1949,train,False
ccsn,ccsn/CCSN_v2/Ns/Ns-N224.jpg,Ns,1950,train,False
ccsn,ccsn/CCSN_v2/Ns/Ns-N225.jpg,Ns,1951,test,False
ccsn,ccsn/CCSN_v2/Ns/Ns-N226.jpg,Ns,1952,train,False
ccsn,ccsn/CCSN_v2/Ns/Ns-N227.jpg,Ns,1929,train,False
ccsn,ccsn/CCSN_v2/Ns/Ns-N228.jpg,Ns,1954,train,False
ccsn,ccsn/CCSN_v2/Ns/Ns-N229.jpg,Ns,1955,test,False
ccsn,ccsn/CCSN_v2/Ns/Ns-N230.jpg,Ns,1956,train,False
ccsn,ccsn/CCSN_v2/Ns/Ns-N231.jpg,Ns,1957,train,False
ccsn,ccsn/CCSN_v2/Ns/Ns-N232.jpg,Ns,1958,val,False
ccsn,ccsn/CCSN_v2/Ns/Ns-N233.jpg,Ns,1959,train,False
ccsn,ccsn/CCSN_v2/Ns/Ns-N234.jpg,Ns,1960,test,False
ccsn,ccsn/CCSN_v2/Ns/Ns-N235.jpg,Ns,1961,train,False
ccsn,ccsn/CCSN_v2/Ns/Ns-N236.jpg,Ns,1962,val,False
ccsn,ccsn/CCSN_v2/Ns/Ns-N237.jpg,Ns,1963,train,False
ccsn,ccsn/CCSN_v2/Ns/Ns-N238.jpg,Ns,1964,train,False
ccsn,ccsn/CCSN_v2/Ns/Ns-N239.jpg,Ns,1965,train,False
ccsn,ccsn/CCSN_v2/Ns/Ns-N240.jpg,Ns,1966,val,False
ccsn,ccsn/CCSN_v2/Ns/Ns-N241.jpg,Ns,1967,val,False
ccsn,ccsn/CCSN_v2/Ns/Ns-N242.jpg,Ns,1968,train,False
ccsn,ccsn/CCSN_v2/Ns/Ns-N243.jpg,Ns,1969,train,False
ccsn,ccsn/CCSN_v2/Ns/Ns-N244.jpg,Ns,1970,train,False
ccsn,ccsn/CCSN_v2/Ns/Ns-N245.jpg,Ns,1971,val,False
ccsn,ccsn/CCSN_v2/Ns/Ns-N246.jpg,Ns,1972,train,False
ccsn,ccsn/CCSN_v2/Ns/Ns-N247.jpg,Ns,1973,train,False
ccsn,ccsn/CCSN_v2/Ns/Ns-N248.jpg,Ns,1974,train,False
ccsn,ccsn/CCSN_v2/Ns/Ns-N249.jpg,Ns,1975,train,False
ccsn,ccsn/CCSN_v2/Ns/Ns-N250.jpg,Ns,1976,train,False
ccsn,ccsn/CCSN_v2/Ns/Ns-N251.jpg,Ns,1977,train,False
ccsn,ccsn/CCSN_v2/Ns/Ns-N252.jpg,Ns,1978,train,False
ccsn,ccsn/CCSN_v2/Ns/Ns-N253.jpg,Ns,1979,train,False
ccsn,ccsn/CCSN_v2/Ns/Ns-N254.jpg,Ns,1980,val,False
ccsn,ccsn/CCSN_v2/Ns/Ns-N255.jpg,Ns,1981,train,False
ccsn,ccsn/CCSN_v2/Ns/Ns-N256.jpg,Ns,1982,train,False
ccsn,ccsn/CCSN_v2/Ns/Ns-N257.jpg,Ns,1983,train,False
ccsn,ccsn/CCSN_v2/Ns/Ns-N258.jpg,Ns,1984,test,False
ccsn,ccsn/CCSN_v2/Ns/Ns-N259.jpg,Ns,1985,val,False
ccsn,ccsn/CCSN_v2/Ns/Ns-N260.jpg,Ns,1986,test,False
ccsn,ccsn/CCSN_v2/Ns/Ns-N261.jpg,Ns,1987,train,False
ccsn,ccsn/CCSN_v2/Ns/Ns-N262.jpg,Ns,1980,val,False
ccsn,ccsn/CCSN_v2/Ns/Ns-N263.jpg,Ns,1989,train,False
ccsn,ccsn/CCSN_v2/Ns/Ns-N264.jpg,Ns,1990,train,False
ccsn,ccsn/CCSN_v2/Ns/Ns-N265.jpg,Ns,1849,train,False
ccsn,ccsn/CCSN_v2/Ns/Ns-N266.jpg,Ns,1992,train,False
ccsn,ccsn/CCSN_v2/Ns/Ns-N267.jpg,Ns,1929,train,False
ccsn,ccsn/CCSN_v2/Ns/Ns-N268.jpg,Ns,1994,train,False
ccsn,ccsn/CCSN_v2/Ns/Ns-N269.jpg,Ns,1995,train,False
ccsn,ccsn/CCSN_v2/Ns/Ns-N270.jpg,Ns,1996,train,False
ccsn,ccsn/CCSN_v2/Ns/Ns-N271.jpg,Ns,1997,val,False
ccsn,ccsn/CCSN_v2/Ns/Ns-N272.jpg,Ns,1998,val,False
ccsn,ccsn/CCSN_v2/Ns/Ns-N273.jpg,Ns,1999,val,False
ccsn,ccsn/CCSN_v2/Ns/Ns-N274.jpg,Ns,2000,train,False
ccsn,ccsn/CCSN_v2/Sc/Sc-N001.jpg,Sc,2001,train,False
ccsn,ccsn/CCSN_v2/Sc/Sc-N002.jpg,Sc,2002,train,False
ccsn,ccsn/CCSN_v2/Sc/Sc-N003.jpg,Sc,2003,train,False
ccsn,ccsn/CCSN_v2/Sc/Sc-N004.jpg,Sc,2004,train,False
ccsn,ccsn/CCSN_v2/Sc/Sc-N005.jpg,Sc,2005,train,False
ccsn,ccsn/CCSN_v2/Sc/Sc-N006.jpg,Sc,2006,train,False
ccsn,ccsn/CCSN_v2/Sc/Sc-N007.jpg,Sc,2007,train,True
ccsn,ccsn/CCSN_v2/Sc/Sc-N008.jpg,Sc,2008,train,False
ccsn,ccsn/CCSN_v2/Sc/Sc-N009.jpg,Sc,2009,train,False
ccsn,ccsn/CCSN_v2/Sc/Sc-N010.jpg,Sc,2010,train,False
ccsn,ccsn/CCSN_v2/Sc/Sc-N011.jpg,Sc,2011,train,False
ccsn,ccsn/CCSN_v2/Sc/Sc-N012.jpg,Sc,2012,train,False
ccsn,ccsn/CCSN_v2/Sc/Sc-N013.jpg,Sc,2013,train,True
ccsn,ccsn/CCSN_v2/Sc/Sc-N014.jpg,Sc,2014,val,False
ccsn,ccsn/CCSN_v2/Sc/Sc-N015.jpg,Sc,2015,test,False
ccsn,ccsn/CCSN_v2/Sc/Sc-N016.jpg,Sc,2016,train,False
ccsn,ccsn/CCSN_v2/Sc/Sc-N017.jpg,Sc,2017,test,False
ccsn,ccsn/CCSN_v2/Sc/Sc-N018.jpg,Sc,2018,train,False
ccsn,ccsn/CCSN_v2/Sc/Sc-N019.jpg,Sc,2019,train,False
ccsn,ccsn/CCSN_v2/Sc/Sc-N020.jpg,Sc,2020,train,False
ccsn,ccsn/CCSN_v2/Sc/Sc-N021.jpg,Sc,2021,train,False
ccsn,ccsn/CCSN_v2/Sc/Sc-N022.jpg,Sc,2022,train,False
ccsn,ccsn/CCSN_v2/Sc/Sc-N023.jpg,Sc,1061,train,True
ccsn,ccsn/CCSN_v2/Sc/Sc-N024.jpg,Sc,2024,val,False
ccsn,ccsn/CCSN_v2/Sc/Sc-N025.jpg,Sc,2025,test,False
ccsn,ccsn/CCSN_v2/Sc/Sc-N026.jpg,Sc,2026,train,False
ccsn,ccsn/CCSN_v2/Sc/Sc-N027.jpg,Sc,2027,train,False
ccsn,ccsn/CCSN_v2/Sc/Sc-N028.jpg,Sc,2028,train,False
ccsn,ccsn/CCSN_v2/Sc/Sc-N029.jpg,Sc,2029,train,False
ccsn,ccsn/CCSN_v2/Sc/Sc-N030.jpg,Sc,610,train,True
ccsn,ccsn/CCSN_v2/Sc/Sc-N031.jpg,Sc,2031,train,False
ccsn,ccsn/CCSN_v2/Sc/Sc-N032.jpg,Sc,2032,train,False
ccsn,ccsn/CCSN_v2/Sc/Sc-N033.jpg,Sc,2033,train,False
ccsn,ccsn/CCSN_v2/Sc/Sc-N034.jpg,Sc,2034,train,False
ccsn,ccsn/CCSN_v2/Sc/Sc-N035.jpg,Sc,2035,train,False
ccsn,ccsn/CCSN_v2/Sc/Sc-N036.jpg,Sc,2036,train,False
ccsn,ccsn/CCSN_v2/Sc/Sc-N037.jpg,Sc,2037,train,False
ccsn,ccsn/CCSN_v2/Sc/Sc-N038.jpg,Sc,2038,test,False
ccsn,ccsn/CCSN_v2/Sc/Sc-N039.jpg,Sc,2039,test,False
ccsn,ccsn/CCSN_v2/Sc/Sc-N040.jpg,Sc,2040,val,False
ccsn,ccsn/CCSN_v2/Sc/Sc-N041.jpg,Sc,2041,test,False
ccsn,ccsn/CCSN_v2/Sc/Sc-N042.jpg,Sc,2042,train,False
ccsn,ccsn/CCSN_v2/Sc/Sc-N043.jpg,Sc,2043,val,False
ccsn,ccsn/CCSN_v2/Sc/Sc-N044.jpg,Sc,1730,train,True
ccsn,ccsn/CCSN_v2/Sc/Sc-N045.jpg,Sc,2045,test,False
ccsn,ccsn/CCSN_v2/Sc/Sc-N046.jpg,Sc,2046,val,False
ccsn,ccsn/CCSN_v2/Sc/Sc-N047.jpg,Sc,2047,train,False
ccsn,ccsn/CCSN_v2/Sc/Sc-N048.jpg,Sc,2048,train,False
ccsn,ccsn/CCSN_v2/Sc/Sc-N049.jpg,Sc,2049,train,False
ccsn,ccsn/CCSN_v2/Sc/Sc-N050.jpg,Sc,2050,val,False
ccsn,ccsn/CCSN_v2/Sc/Sc-N051.jpg,Sc,2051,train,False
ccsn,ccsn/CCSN_v2/Sc/Sc-N052.jpg,Sc,2052,train,False
ccsn,ccsn/CCSN_v2/Sc/Sc-N053.jpg,Sc,2053,train,False
ccsn,ccsn/CCSN_v2/Sc/Sc-N054.jpg,Sc,2054,train,False
ccsn,ccsn/CCSN_v2/Sc/Sc-N055.jpg,Sc,2055,val,False
ccsn,ccsn/CCSN_v2/Sc/Sc-N056.jpg,Sc,2056,val,False
ccsn,ccsn/CCSN_v2/Sc/Sc-N057.jpg,Sc,2057,val,False
ccsn,ccsn/CCSN_v2/Sc/Sc-N058.jpg,Sc,2058,train,False
ccsn,ccsn/CCSN_v2/Sc/Sc-N059.jpg,Sc,2059,train,False
ccsn,ccsn/CCSN_v2/Sc/Sc-N060.jpg,Sc,2060,train,False
ccsn,ccsn/CCSN_v2/Sc/Sc-N061.jpg,Sc,2061,test,False
ccsn,ccsn/CCSN_v2/Sc/Sc-N062.jpg,Sc,2062,train,False
ccsn,ccsn/CCSN_v2/Sc/Sc-N063.jpg,Sc,2063,val,False
ccsn,ccsn/CCSN_v2/Sc/Sc-N064.jpg,Sc,2064,train,False
ccsn,ccsn/CCSN_v2/Sc/Sc-N065.jpg,Sc,2065,train,False
ccsn,ccsn/CCSN_v2/Sc/Sc-N066.jpg,Sc,2066,val,False
ccsn,ccsn/CCSN_v2/Sc/Sc-N067.jpg,Sc,2067,val,False
ccsn,ccsn/CCSN_v2/Sc/Sc-N068.jpg,Sc,2068,test,False
ccsn,ccsn/CCSN_v2/Sc/Sc-N069.jpg,Sc,2069,train,False
ccsn,ccsn/CCSN_v2/Sc/Sc-N070.jpg,Sc,2070,train,False
ccsn,ccsn/CCSN_v2/Sc/Sc-N071.jpg,Sc,180,train,True
ccsn,ccsn/CCSN_v2/Sc/Sc-N072.jpg,Sc,2072,train,False
ccsn,ccsn/CCSN_v2/Sc/Sc-N073.jpg,Sc,2073,val,False
ccsn,ccsn/CCSN_v2/Sc/Sc-N074.jpg,Sc,2074,val,False
ccsn,ccsn/CCSN_v2/Sc/Sc-N075.jpg,Sc,2075,train,False
ccsn,ccsn/CCSN_v2/Sc/Sc-N076.jpg,Sc,2076,val,False
ccsn,ccsn/CCSN_v2/Sc/Sc-N077.jpg,Sc,2077,train,False
ccsn,ccsn/CCSN_v2/Sc/Sc-N078.jpg,Sc,2078,train,False
ccsn,ccsn/CCSN_v2/Sc/Sc-N079.jpg,Sc,1073,test,True
ccsn,ccsn/CCSN_v2/Sc/Sc-N080.jpg,Sc,2080,test,False
ccsn,ccsn/CCSN_v2/Sc/Sc-N081.jpg,Sc,2081,train,False
ccsn,ccsn/CCSN_v2/Sc/Sc-N082.jpg,Sc,2082,train,False
ccsn,ccsn/CCSN_v2/Sc/Sc-N083.jpg,Sc,2083,train,False
ccsn,ccsn/CCSN_v2/Sc/Sc-N084.jpg,Sc,2084,train,False
ccsn,ccsn/CCSN_v2/Sc/Sc-N085.jpg,Sc,2085,train,False
ccsn,ccsn/CCSN_v2/Sc/Sc-N086.jpg,Sc,2086,train,False
ccsn,ccsn/CCSN_v2/Sc/Sc-N087.jpg,Sc,2087,train,False
ccsn,ccsn/CCSN_v2/Sc/Sc-N088.jpg,Sc,2088,test,False
ccsn,ccsn/CCSN_v2/Sc/Sc-N089.jpg,Sc,2089,train,False
ccsn,ccsn/CCSN_v2/Sc/Sc-N090.jpg,Sc,2090,train,False
ccsn,ccsn/CCSN_v2/Sc/Sc-N091.jpg,Sc,2091,train,False
ccsn,ccsn/CCSN_v2/Sc/Sc-N092.jpg,Sc,2092,train,False
ccsn,ccsn/CCSN_v2/Sc/Sc-N093.jpg,Sc,2093,test,False
ccsn,ccsn/CCSN_v2/Sc/Sc-N094.jpg,Sc,2094,test,False
ccsn,ccsn/CCSN_v2/Sc/Sc-N095.jpg,Sc,2095,train,False
ccsn,ccsn/CCSN_v2/Sc/Sc-N096.jpg,Sc,2096,val,False
ccsn,ccsn/CCSN_v2/Sc/Sc-N097.jpg,Sc,2097,test,False
ccsn,ccsn/CCSN_v2/Sc/Sc-N098.jpg,Sc,2098,train,False
ccsn,ccsn/CCSN_v2/Sc/Sc-N099.jpg,Sc,230,train,True
ccsn,ccsn/CCSN_v2/Sc/Sc-N100.jpg,Sc,2100,val,False
ccsn,ccsn/CCSN_v2/Sc/Sc-N101.jpg,Sc,2101,train,False
ccsn,ccsn/CCSN_v2/Sc/Sc-N102.jpg,Sc,2102,val,False
ccsn,ccsn/CCSN_v2/Sc/Sc-N103.jpg,Sc,2103,train,False
ccsn,ccsn/CCSN_v2/Sc/Sc-N104.jpg,Sc,2104,train,False
ccsn,ccsn/CCSN_v2/Sc/Sc-N105.jpg,Sc,2105,test,False
ccsn,ccsn/CCSN_v2/Sc/Sc-N106.jpg,Sc,2106,train,False
ccsn,ccsn/CCSN_v2/Sc/Sc-N107.jpg,Sc,2107,train,False
ccsn,ccsn/CCSN_v2/Sc/Sc-N108.jpg,Sc,2108,train,False
ccsn,ccsn/CCSN_v2/Sc/Sc-N109.jpg,Sc,2109,train,False
ccsn,ccsn/CCSN_v2/Sc/Sc-N110.jpg,Sc,2110,train,False
ccsn,ccsn/CCSN_v2/Sc/Sc-N111.jpg,Sc,2111,train,False
ccsn,ccsn/CCSN_v2/Sc/Sc-N112.jpg,Sc,2112,test,False
ccsn,ccsn/CCSN_v2/Sc/Sc-N113.jpg,Sc,2113,val,False
ccsn,ccsn/CCSN_v2/Sc/Sc-N114.jpg,Sc,2114,val,False
ccsn,ccsn/CCSN_v2/Sc/Sc-N115.jpg,Sc,2115,val,False
ccsn,ccsn/CCSN_v2/Sc/Sc-N116.jpg,Sc,2116,train,False
ccsn,ccsn/CCSN_v2/Sc/Sc-N117.jpg,Sc,2117,test,True
ccsn,ccsn/CCSN_v2/Sc/Sc-N118.jpg,Sc,2118,train,False
ccsn,ccsn/CCSN_v2/Sc/Sc-N119.jpg,Sc,2119,train,True
ccsn,ccsn/CCSN_v2/Sc/Sc-N120.jpg,Sc,2120,train,True
ccsn,ccsn/CCSN_v2/Sc/Sc-N121.jpg,Sc,2121,train,False
ccsn,ccsn/CCSN_v2/Sc/Sc-N122.jpg,Sc,2122,train,False
ccsn,ccsn/CCSN_v2/Sc/Sc-N123.jpg,Sc,2123,train,False
ccsn,ccsn/CCSN_v2/Sc/Sc-N124.jpg,Sc,2124,val,False
ccsn,ccsn/CCSN_v2/Sc/Sc-N125.jpg,Sc,2125,test,False
ccsn,ccsn/CCSN_v2/Sc/Sc-N126.jpg,Sc,2126,train,False
ccsn,ccsn/CCSN_v2/Sc/Sc-N127.jpg,Sc,2127,val,False
ccsn,ccsn/CCSN_v2/Sc/Sc-N128.jpg,Sc,2128,train,False
ccsn,ccsn/CCSN_v2/Sc/Sc-N129.jpg,Sc,2129,train,False
ccsn,ccsn/CCSN_v2/Sc/Sc-N130.jpg,Sc,2130,train,False
ccsn,ccsn/CCSN_v2/Sc/Sc-N131.jpg,Sc,2131,train,False
ccsn,ccsn/CCSN_v2/Sc/Sc-N132.jpg,Sc,2132,val,False
ccsn,ccsn/CCSN_v2/Sc/Sc-N133.jpg,Sc,2133,train,False
ccsn,ccsn/CCSN_v2/Sc/Sc-N134.jpg,Sc,2134,val,False
ccsn,ccsn/CCSN_v2/Sc/Sc-N135.jpg,Sc,2135,train,False
ccsn,ccsn/CCSN_v2/Sc/Sc-N136.jpg,Sc,2136,train,False
ccsn,ccsn/CCSN_v2/Sc/Sc-N137.jpg,Sc,2137,train,False
ccsn,ccsn/CCSN_v2/Sc/Sc-N138.jpg,Sc,2138,train,False
ccsn,ccsn/CCSN_v2/Sc/Sc-N139.jpg,Sc,2139,train,False
ccsn,ccsn/CCSN_v2/Sc/Sc-N140.jpg,Sc,2140,train,False
ccsn,ccsn/CCSN_v2/Sc/Sc-N141.jpg,Sc,2141,train,True
ccsn,ccsn/CCSN_v2/Sc/Sc-N142.jpg,Sc,2142,test,True
ccsn,ccsn/CCSN_v2/Sc/Sc-N143.jpg,Sc,2143,train,True
ccsn,ccsn/CCSN_v2/Sc/Sc-N144.jpg,Sc,2144,train,False
ccsn,ccsn/CCSN_v2/Sc/Sc-N145.jpg,Sc,223,train,True
ccsn,ccsn/CCSN_v2/Sc/Sc-N146.jpg,Sc,2146,train,False
ccsn,ccsn/CCSN_v2/Sc/Sc-N147.jpg,Sc,2147,train,False
ccsn,ccsn/CCSN_v2/Sc/Sc-N148.jpg,Sc,2148,val,False
ccsn,ccsn/CCSN_v2/Sc/Sc-N149.jpg,Sc,2149,train,False
ccsn,ccsn/CCSN_v2/Sc/Sc-N150.jpg,Sc,2150,train,False
ccsn,ccsn/CCSN_v2/Sc/Sc-N151.jpg,Sc,2151,train,False
ccsn,ccsn/CCSN_v2/Sc/Sc-N152.jpg,Sc,2152,val,False
ccsn,ccsn/CCSN_v2/Sc/Sc-N153.jpg,Sc,2153,train,False
ccsn,ccsn/CCSN_v2/Sc/Sc-N154.jpg,Sc,2154,train,False
ccsn,ccsn/CCSN_v2/Sc/Sc-N155.jpg,Sc,2155,test,False
ccsn,ccsn/CCSN_v2/Sc/Sc-N156.jpg,Sc,2156,train,False
ccsn,ccsn/CCSN_v2/Sc/Sc-N157.jpg,Sc,2157,test,False
ccsn,ccsn/CCSN_v2/Sc/Sc-N158.jpg,Sc,2158,val,False
ccsn,ccsn/CCSN_v2/Sc/Sc-N159.jpg,Sc,2159,train,False
ccsn,ccsn/CCSN_v2/Sc/Sc-N160.jpg,Sc,2160,train,False
ccsn,ccsn/CCSN_v2/Sc/Sc-N161.jpg,Sc,2161,train,False
ccsn,ccsn/CCSN_v2/Sc/Sc-N162.jpg,Sc,2162,train,False
ccsn,ccsn/CCSN_v2/Sc/Sc-N163.jpg,Sc,2163,train,False
ccsn,ccsn/CCSN_v2/Sc/Sc-N164.jpg,Sc,2164,train,False
ccsn,ccsn/CCSN_v2/Sc/Sc-N165.jpg,Sc,2165,train,False
ccsn,ccsn/CCSN_v2/Sc/Sc-N166.jpg,Sc,2166,train,False
ccsn,ccsn/CCSN_v2/Sc/Sc-N167.jpg,Sc,2167,train,False
ccsn,ccsn/CCSN_v2/Sc/Sc-N168.jpg,Sc,2168,train,False
ccsn,ccsn/CCSN_v2/Sc/Sc-N169.jpg,Sc,2169,train,False
ccsn,ccsn/CCSN_v2/Sc/Sc-N170.jpg,Sc,2170,train,False
ccsn,ccsn/CCSN_v2/Sc/Sc-N171.jpg,Sc,2171,train,False
ccsn,ccsn/CCSN_v2/Sc/Sc-N172.jpg,Sc,2172,val,False
ccsn,ccsn/CCSN_v2/Sc/Sc-N173.jpg,Sc,2173,train,False
ccsn,ccsn/CCSN_v2/Sc/Sc-N174.jpg,Sc,2174,train,False
ccsn,ccsn/CCSN_v2/Sc/Sc-N175.jpg,Sc,2175,train,False
ccsn,ccsn/CCSN_v2/Sc/Sc-N176.jpg,Sc,2176,train,False
ccsn,ccsn/CCSN_v2/Sc/Sc-N177.jpg,Sc,2177,train,False
ccsn,ccsn/CCSN_v2/Sc/Sc-N178.jpg,Sc,2178,train,False
ccsn,ccsn/CCSN_v2/Sc/Sc-N179.jpg,Sc,2179,val,False
ccsn,ccsn/CCSN_v2/Sc/Sc-N180.jpg,Sc,2180,val,False
ccsn,ccsn/CCSN_v2/Sc/Sc-N181.jpg,Sc,2181,test,False
ccsn,ccsn/CCSN_v2/Sc/Sc-N182.jpg,Sc,2182,train,False
ccsn,ccsn/CCSN_v2/Sc/Sc-N183.jpg,Sc,2183,train,False
ccsn,ccsn/CCSN_v2/Sc/Sc-N184.jpg,Sc,2184,train,False
ccsn,ccsn/CCSN_v2/Sc/Sc-N185.jpg,Sc,2185,test,False
ccsn,ccsn/CCSN_v2/Sc/Sc-N186.jpg,Sc,2186,val,False
ccsn,ccsn/CCSN_v2/Sc/Sc-N187.jpg,Sc,2187,train,False
ccsn,ccsn/CCSN_v2/Sc/Sc-N188.jpg,Sc,2188,train,False
ccsn,ccsn/CCSN_v2/Sc/Sc-N189.jpg,Sc,1735,train,True
ccsn,ccsn/CCSN_v2/Sc/Sc-N190.jpg,Sc,2190,train,False
ccsn,ccsn/CCSN_v2/Sc/Sc-N191.jpg,Sc,2191,train,False
ccsn,ccsn/CCSN_v2/Sc/Sc-N192.jpg,Sc,2192,train,False
ccsn,ccsn/CCSN_v2/Sc/Sc-N193.jpg,Sc,2193,train,False
ccsn,ccsn/CCSN_v2/Sc/Sc-N194.jpg,Sc,2194,train,False
ccsn,ccsn/CCSN_v2/Sc/Sc-N195.jpg,Sc,2195,train,False
ccsn,ccsn/CCSN_v2/Sc/Sc-N196.jpg,Sc,2196,train,False
ccsn,ccsn/CCSN_v2/Sc/Sc-N197.jpg,Sc,2197,train,False
ccsn,ccsn/CCSN_v2/Sc/Sc-N198.jpg,Sc,2198,train,False
ccsn,ccsn/CCSN_v2/Sc/Sc-N199.jpg,Sc,2199,train,False
ccsn,ccsn/CCSN_v2/Sc/Sc-N200.jpg,Sc,2200,train,False
ccsn,ccsn/CCSN_v2/Sc/Sc-N201.jpg,Sc,2201,train,False
ccsn,ccsn/CCSN_v2/Sc/Sc-N202.jpg,Sc,2202,test,False
ccsn,ccsn/CCSN_v2/Sc/Sc-N203.jpg,Sc,2203,val,False
ccsn,ccsn/CCSN_v2/Sc/Sc-N204.jpg,Sc,2204,train,False
ccsn,ccsn/CCSN_v2/Sc/Sc-N205.jpg,Sc,2205,train,False
ccsn,ccsn/CCSN_v2/Sc/Sc-N206.jpg,Sc,2206,train,False
ccsn,ccsn/CCSN_v2/Sc/Sc-N207.jpg,Sc,2207,train,False
ccsn,ccsn/CCSN_v2/Sc/Sc-N208.jpg,Sc,2208,train,False
ccsn,ccsn/CCSN_v2/Sc/Sc-N209.jpg,Sc,2209,val,False
ccsn,ccsn/CCSN_v2/Sc/Sc-N210.jpg,Sc,2210,val,False
ccsn,ccsn/CCSN_v2/Sc/Sc-N211.jpg,Sc,2211,test,False
ccsn,ccsn/CCSN_v2/Sc/Sc-N212.jpg,Sc,2212,train,False
ccsn,ccsn/CCSN_v2/Sc/Sc-N213.jpg,Sc,1548,test,True
ccsn,ccsn/CCSN_v2/Sc/Sc-N214.jpg,Sc,2214,train,False
ccsn,ccsn/CCSN_v2/Sc/Sc-N215.jpg,Sc,2215,test,False
ccsn,ccsn/CCSN_v2/Sc/Sc-N216.jpg,Sc,2216,test,False
ccsn,ccsn/CCSN_v2/Sc/Sc-N217.jpg,Sc,2217,train,False
ccsn,ccsn/CCSN_v2/Sc/Sc-N218.jpg,Sc,2218,train,False
ccsn,ccsn/CCSN_v2/Sc/Sc-N219.jpg,Sc,2219,train,False
ccsn,ccsn/CCSN_v2/Sc/Sc-N220.jpg,Sc,2220,val,False
ccsn,ccsn/CCSN_v2/Sc/Sc-N221.jpg,Sc,2221,train,False
ccsn,ccsn/CCSN_v2/Sc/Sc-N222.jpg,Sc,2222,train,False
ccsn,ccsn/CCSN_v2/Sc/Sc-N223.jpg,Sc,2223,test,False
ccsn,ccsn/CCSN_v2/Sc/Sc-N224.jpg,Sc,2224,train,False
ccsn,ccsn/CCSN_v2/Sc/Sc-N225.jpg,Sc,2225,train,False
ccsn,ccsn/CCSN_v2/Sc/Sc-N226.jpg,Sc,2226,val,False
ccsn,ccsn/CCSN_v2/Sc/Sc-N227.jpg,Sc,2227,val,False
ccsn,ccsn/CCSN_v2/Sc/Sc-N228.jpg,Sc,2228,train,False
ccsn,ccsn/CCSN_v2/Sc/Sc-N229.jpg,Sc,2229,train,False
ccsn,ccsn/CCSN_v2/Sc/Sc-N230.jpg,Sc,1737,train,True
ccsn,ccsn/CCSN_v2/Sc/Sc-N231.jpg,Sc,1738,train,True
ccsn,ccsn/CCSN_v2/Sc/Sc-N232.jpg,Sc,2232,val,False
ccsn,ccsn/CCSN_v2/Sc/Sc-N233.jpg,Sc,2233,train,False
ccsn,ccsn/CCSN_v2/Sc/Sc-N234.jpg,Sc,2234,train,False
ccsn,ccsn/CCSN_v2/Sc/Sc-N235.jpg,Sc,2235,train,False
ccsn,ccsn/CCSN_v2/Sc/Sc-N236.jpg,Sc,2236,train,False
ccsn,ccsn/CCSN_v2/Sc/Sc-N237.jpg,Sc,2237,train,False
ccsn,ccsn/CCSN_v2/Sc/Sc-N238.jpg,Sc,2238,test,False
ccsn,ccsn/CCSN_v2/Sc/Sc-N239.jpg,Sc,2239,train,False
ccsn,ccsn/CCSN_v2/Sc/Sc-N240.jpg,Sc,2240,train,False
ccsn,ccsn/CCSN_v2/Sc/Sc-N241.jpg,Sc,2241,train,False
ccsn,ccsn/CCSN_v2/Sc/Sc-N242.jpg,Sc,2242,val,False
ccsn,ccsn/CCSN_v2/Sc/Sc-N243.jpg,Sc,2243,train,False
ccsn,ccsn/CCSN_v2/Sc/Sc-N244.jpg,Sc,2244,val,False
ccsn,ccsn/CCSN_v2/Sc/Sc-N245.jpg,Sc,2245,train,False
ccsn,ccsn/CCSN_v2/Sc/Sc-N246.jpg,Sc,2246,train,False
ccsn,ccsn/CCSN_v2/Sc/Sc-N247.jpg,Sc,2246,train,False
ccsn,ccsn/CCSN_v2/Sc/Sc-N248.jpg,Sc,2248,val,False
ccsn,ccsn/CCSN_v2/Sc/Sc-N249.jpg,Sc,2249,train,False
ccsn,ccsn/CCSN_v2/Sc/Sc-N250.jpg,Sc,2250,train,False
ccsn,ccsn/CCSN_v2/Sc/Sc-N251.jpg,Sc,2251,train,False
ccsn,ccsn/CCSN_v2/Sc/Sc-N252.jpg,Sc,2252,train,False
ccsn,ccsn/CCSN_v2/Sc/Sc-N253.jpg,Sc,2253,train,False
ccsn,ccsn/CCSN_v2/Sc/Sc-N254.jpg,Sc,2254,train,False
ccsn,ccsn/CCSN_v2/Sc/Sc-N255.jpg,Sc,2255,test,False
ccsn,ccsn/CCSN_v2/Sc/Sc-N256.jpg,Sc,1095,test,True
ccsn,ccsn/CCSN_v2/Sc/Sc-N257.jpg,Sc,1096,train,True
ccsn,ccsn/CCSN_v2/Sc/Sc-N258.jpg,Sc,2258,val,False
ccsn,ccsn/CCSN_v2/Sc/Sc-N259.jpg,Sc,2259,train,True
ccsn,ccsn/CCSN_v2/Sc/Sc-N260.jpg,Sc,2260,train,False
ccsn,ccsn/CCSN_v2/Sc/Sc-N261.jpg,Sc,2261,train,False
ccsn,ccsn/CCSN_v2/Sc/Sc-N262.jpg,Sc,2262,train,False
ccsn,ccsn/CCSN_v2/Sc/Sc-N263.jpg,Sc,2263,train,False
ccsn,ccsn/CCSN_v2/Sc/Sc-N264.jpg,Sc,2264,train,False
ccsn,ccsn/CCSN_v2/Sc/Sc-N265.jpg,Sc,2265,test,False
ccsn,ccsn/CCSN_v2/Sc/Sc-N266.jpg,Sc,2266,train,False
ccsn,ccsn/CCSN_v2/Sc/Sc-N267.jpg,Sc,2267,train,False
ccsn,ccsn/CCSN_v2/Sc/Sc-N268.jpg,Sc,2268,test,False
ccsn,ccsn/CCSN_v2/Sc/Sc-N269.jpg,Sc,2269,test,False
ccsn,ccsn/CCSN_v2/Sc/Sc-N270.jpg,Sc,2270,test,False
ccsn,ccsn/CCSN_v2/Sc/Sc-N271.jpg,Sc,2271,test,False
ccsn,ccsn/CCSN_v2/Sc/Sc-N272.jpg,Sc,2272,train,True
ccsn,ccsn/CCSN_v2/Sc/Sc-N273.jpg,Sc,2273,train,False
ccsn,ccsn/CCSN_v2/Sc/Sc-N274.jpg,Sc,2274,train,False
ccsn,ccsn/CCSN_v2/Sc/Sc-N275.jpg,Sc,2275,train,False
ccsn,ccsn/CCSN_v2/Sc/Sc-N276.jpg,Sc,2276,test,False
ccsn,ccsn/CCSN_v2/Sc/Sc-N277.jpg,Sc,1565,test,True
ccsn,ccsn/CCSN_v2/Sc/Sc-N278.jpg,Sc,2278,train,False
ccsn,ccsn/CCSN_v2/Sc/Sc-N279.jpg,Sc,2279,train,False
ccsn,ccsn/CCSN_v2/Sc/Sc-N280.jpg,Sc,2280,test,False
ccsn,ccsn/CCSN_v2/Sc/Sc-N281.jpg,Sc,2281,train,False
ccsn,ccsn/CCSN_v2/Sc/Sc-N282.jpg,Sc,2282,train,False
ccsn,ccsn/CCSN_v2/Sc/Sc-N283.jpg,Sc,2283,val,False
ccsn,ccsn/CCSN_v2/Sc/Sc-N284.jpg,Sc,1748,test,True
ccsn,ccsn/CCSN_v2/Sc/Sc-N285.jpg,Sc,2285,val,False
ccsn,ccsn/CCSN_v2/Sc/Sc-N286.jpg,Sc,2286,train,False
ccsn,ccsn/CCSN_v2/Sc/Sc-N287.jpg,Sc,2287,val,False
ccsn,ccsn/CCSN_v2/Sc/Sc-N288.jpg,Sc,2288,test,False
ccsn,ccsn/CCSN_v2/Sc/Sc-N289.jpg,Sc,2289,train,False
ccsn,ccsn/CCSN_v2/Sc/Sc-N290.jpg,Sc,2290,val,False
ccsn,ccsn/CCSN_v2/Sc/Sc-N291.jpg,Sc,2291,train,False
ccsn,ccsn/CCSN_v2/Sc/Sc-N292.jpg,Sc,2292,val,False
ccsn,ccsn/CCSN_v2/Sc/Sc-N293.jpg,Sc,1099,train,True
ccsn,ccsn/CCSN_v2/Sc/Sc-N294.jpg,Sc,2294,test,False
ccsn,ccsn/CCSN_v2/Sc/Sc-N295.jpg,Sc,2295,train,False
ccsn,ccsn/CCSN_v2/Sc/Sc-N296.jpg,Sc,2296,train,False
ccsn,ccsn/CCSN_v2/Sc/Sc-N297.jpg,Sc,2297,train,False
ccsn,ccsn/CCSN_v2/Sc/Sc-N298.jpg,Sc,2298,val,False
ccsn,ccsn/CCSN_v2/Sc/Sc-N299.jpg,Sc,2299,train,False
ccsn,ccsn/CCSN_v2/Sc/Sc-N300.jpg,Sc,2300,train,False
ccsn,ccsn/CCSN_v2/Sc/Sc-N301.jpg,Sc,2301,test,False
ccsn,ccsn/CCSN_v2/Sc/Sc-N302.jpg,Sc,2302,test,False
ccsn,ccsn/CCSN_v2/Sc/Sc-N303.jpg,Sc,2303,train,False
ccsn,ccsn/CCSN_v2/Sc/Sc-N304.jpg,Sc,2304,train,False
ccsn,ccsn/CCSN_v2/Sc/Sc-N305.jpg,Sc,2305,train,False
ccsn,ccsn/CCSN_v2/Sc/Sc-N306.jpg,Sc,2306,train,False
ccsn,ccsn/CCSN_v2/Sc/Sc-N307.jpg,Sc,2307,train,False
ccsn,ccsn/CCSN_v2/Sc/Sc-N308.jpg,Sc,2308,train,False
ccsn,ccsn/CCSN_v2/Sc/Sc-N309.jpg,Sc,2309,test,False
ccsn,ccsn/CCSN_v2/Sc/Sc-N310.jpg,Sc,1751,train,True
ccsn,ccsn/CCSN_v2/Sc/Sc-N311.jpg,Sc,1752,test,True
ccsn,ccsn/CCSN_v2/Sc/Sc-N312.jpg,Sc,2312,train,False
ccsn,ccsn/CCSN_v2/Sc/Sc-N313.jpg,Sc,2313,train,False
ccsn,ccsn/CCSN_v2/Sc/Sc-N314.jpg,Sc,2314,train,False
ccsn,ccsn/CCSN_v2/Sc/Sc-N315.jpg,Sc,1100,train,True
ccsn,ccsn/CCSN_v2/Sc/Sc-N316.jpg,Sc,2316,train,False
ccsn,ccsn/CCSN_v2/Sc/Sc-N317.jpg,Sc,2317,train,False
ccsn,ccsn/CCSN_v2/Sc/Sc-N318.jpg,Sc,2318,train,False
ccsn,ccsn/CCSN_v2/Sc/Sc-N319.jpg,Sc,2319,train,False
ccsn,ccsn/CCSN_v2/Sc/Sc-N320.jpg,Sc,2320,train,False
ccsn,ccsn/CCSN_v2/Sc/Sc-N321.jpg,Sc,2321,train,False
ccsn,ccsn/CCSN_v2/Sc/Sc-N322.jpg,Sc,2322,train,False
ccsn,ccsn/CCSN_v2/Sc/Sc-N323.jpg,Sc,2323,test,False
ccsn,ccsn/CCSN_v2/Sc/Sc-N324.jpg,Sc,2324,train,False
ccsn,ccsn/CCSN_v2/Sc/Sc-N325.jpg,Sc,2325,train,False
ccsn,ccsn/CCSN_v2/Sc/Sc-N326.jpg,Sc,2326,train,False
ccsn,ccsn/CCSN_v2/Sc/Sc-N327.jpg,Sc,2327,test,False
ccsn,ccsn/CCSN_v2/Sc/Sc-N328.jpg,Sc,2328,train,False
ccsn,ccsn/CCSN_v2/Sc/Sc-N329.jpg,Sc,2329,train,False
ccsn,ccsn/CCSN_v2/Sc/Sc-N330.jpg,Sc,2330,test,False
ccsn,ccsn/CCSN_v2/Sc/Sc-N331.jpg,Sc,2331,train,False
ccsn,ccsn/CCSN_v2/Sc/Sc-N332.jpg,Sc,2332,test,False
ccsn,ccsn/CCSN_v2/Sc/Sc-N333.jpg,Sc,2333,train,False
ccsn,ccsn/CCSN_v2/Sc/Sc-N334.jpg,Sc,2334,val,False
ccsn,ccsn/CCSN_v2/Sc/Sc-N335.jpg,Sc,2335,train,False
ccsn,ccsn/CCSN_v2/Sc/Sc-N336.jpg,Sc,2336,train,False
ccsn,ccsn/CCSN_v2/Sc/Sc-N337.jpg,Sc,2337,train,False
ccsn,ccsn/CCSN_v2/Sc/Sc-N338.jpg,Sc,2338,train,False
ccsn,ccsn/CCSN_v2/Sc/Sc-N339.jpg,Sc,2339,train,False
ccsn,ccsn/CCSN_v2/Sc/Sc-N340.jpg,Sc,2340,test,False
ccsn,ccsn/CCSN_v2/St/St-N001.jpg,St,2341,test,False
ccsn,ccsn/CCSN_v2/St/St-N002.jpg,St,2342,train,False
ccsn,ccsn/CCSN_v2/St/St-N003.jpg,St,2343,test,False
ccsn,ccsn/CCSN_v2/St/St-N004.jpg,St,2007,train,True
ccsn,ccsn/CCSN_v2/St/St-N005.jpg,St,2345,train,False
ccsn,ccsn/CCSN_v2/St/St-N006.jpg,St,2346,test,False
ccsn,ccsn/CCSN_v2/St/St-N007.jpg,St,2347,val,False
ccsn,ccsn/CCSN_v2/St/St-N008.jpg,St,1727,test,True
ccsn,ccsn/CCSN_v2/St/St-N009.jpg,St,2349,train,False
ccsn,ccsn/CCSN_v2/St/St-N010.jpg,St,2350,train,False
ccsn,ccsn/CCSN_v2/St/St-N011.jpg,St,1729,test,True
ccsn,ccsn/CCSN_v2/St/St-N012.jpg,St,2013,train,True
ccsn,ccsn/CCSN_v2/St/St-N013.jpg,St,2353,train,False
ccsn,ccsn/CCSN_v2/St/St-N014.jpg,St,2354,train,False
ccsn,ccsn/CCSN_v2/St/St-N015.jpg,St,2355,val,False
ccsn,ccsn/CCSN_v2/St/St-N016.jpg,St,2356,train,False
ccsn,ccsn/CCSN_v2/St/St-N017.jpg,St,2357,test,False
ccsn,ccsn/CCSN_v2/St/St-N018.jpg,St,2358,train,False
ccsn,ccsn/CCSN_v2/St/St-N019.jpg,St,2359,train,False
ccsn,ccsn/CCSN_v2/St/St-N020.jpg,St,2360,train,False
ccsn,ccsn/CCSN_v2/St/St-N021.jpg,St,1730,train,True
ccsn,ccsn/CCSN_v2/St/St-N022.jpg,St,2362,val,False
ccsn,ccsn/CCSN_v2/St/St-N023.jpg,St,1067,train,True
ccsn,ccsn/CCSN_v2/St/St-N024.jpg,St,2364,val,False
ccsn,ccsn/CCSN_v2/St/St-N025.jpg,St,2365,train,False
ccsn,ccsn/CCSN_v2/St/St-N026.jpg,St,2366,test,False
ccsn,ccsn/CCSN_v2/St/St-N027.jpg,St,2367,train,False
ccsn,ccsn/CCSN_v2/St/St-N028.jpg,St,2368,val,False
ccsn,ccsn/CCSN_v2/St/St-N029.jpg,St,2369,test,False
ccsn,ccsn/CCSN_v2/St/St-N030.jpg,St,2370,test,False
ccsn,ccsn/CCSN_v2/St/St-N031.jpg,St,2371,test,False
ccsn,ccsn/CCSN_v2/St/St-N032.jpg,St,2372,val,False
ccsn,ccsn/CCSN_v2/St/St-N033.jpg,St,2373,train,False
ccsn,ccsn/CCSN_v2/St/St-N034.jpg,St,2374,train,False
ccsn,ccsn/CCSN_v2/St/St-N035.jpg,St,2375,train,False
ccsn,ccsn/CCSN_v2/St/St-N036.jpg,St,2376,train,False
ccsn,ccsn/CCSN_v2/St/St-N037.jpg,St,2377,test,False
ccsn,ccsn/CCSN_v2/St/St-N038.jpg,St,2117,test,True
ccsn,ccsn/CCSN_v2/St/St-N039.jpg,St,2119,train,True
ccsn,ccsn/CCSN_v2/St/St-N040.jpg,St,2380,train,False
ccsn,ccsn/CCSN_v2/St/St-N041.jpg,St,2120,train,True
ccsn,ccsn/CCSN_v2/St/St-N042.jpg,St,2382,train,False
ccsn,ccsn/CCSN_v2/St/St-N043.jpg,St,2383,train,False
ccsn,ccsn/CCSN_v2/St/St-N044.jpg,St,2141,train,True
ccsn,ccsn/CCSN_v2/St/St-N045.jpg,St,2142,test,True
ccsn,ccsn/CCSN_v2/St/St-N046.jpg,St,2143,train,True
ccsn,ccsn/CCSN_v2/St/St-N047.jpg,St,1732,train,True
ccsn,ccsn/CCSN_v2/St/St-N048.jpg,St,2388,train,False
ccsn,ccsn/CCSN_v2/St/St-N049.jpg,St,2389,train,False
ccsn,ccsn/CCSN_v2/St/St-N050.jpg,St,2390,train,False
ccsn,ccsn/CCSN_v2/St/St-N051.jpg,St,2391,train,False
ccsn,ccsn/CCSN_v2/St/St-N052.jpg,St,2392,train,False
ccsn,ccsn/CCSN_v2/St/St-N053.jpg,St,2259,train,True
ccsn,ccsn/CCSN_v2/St/St-N054.jpg,St,2272,train,True
ccsn,ccsn/CCSN_v2/St/St-N055.jpg,St,2395,train,False
ccsn,ccsn/CCSN_v2/St/St-N056.jpg,St,2396,train,False
ccsn,ccsn/CCSN_v2/St/St-N057.jpg,St,2397,train,False
ccsn,ccsn/CCSN_v2/St/St-N058.jpg,St,2398,train,False
ccsn,ccsn/CCSN_v2/St/St-N059.jpg,St,2399,val,False
ccsn,ccsn/CCSN_v2/St/St-N060.jpg,St,2400,test,False
ccsn,ccsn/CCSN_v2/St/St-N061.jpg,St,2401,train,False
ccsn,ccsn/CCSN_v2/St/St-N062.jpg,St,2402,train,False
ccsn,ccsn/CCSN_v2/St/St-N063.jpg,St,2403,train,False
ccsn,ccsn/CCSN_v2/St/St-N064.jpg,St,2404,train,False
ccsn,ccsn/CCSN_v2/St/St-N065.jpg,St,2405,val,False
ccsn,ccsn/CCSN_v2/St/St-N066.jpg,St,2406,train,False
ccsn,ccsn/CCSN_v2/St/St-N067.jpg,St,2407,val,False
ccsn,ccsn/CCSN_v2/St/St-N068.jpg,St,2408,test,False
ccsn,ccsn/CCSN_v2/St/St-N069.jpg,St,2409,train,False
ccsn,ccsn/CCSN_v2/St/St-N070.jpg,St,2410,train,False
ccsn,ccsn/CCSN_v2/St/St-N071.jpg,St,2411,val,False
ccsn,ccsn/CCSN_v2/St/St-N072.jpg,St,2412,test,False
ccsn,ccsn/CCSN_v2/St/St-N073.jpg,St,2413,train,False
ccsn,ccsn/CCSN_v2/St/St-N074.jpg,St,2414,train,False
ccsn,ccsn/CCSN_v2/St/St-N075.jpg,St,2415,train,False
ccsn,ccsn/CCSN_v2/St/St-N076.jpg,St,2416,train,False
ccsn,ccsn/CCSN_v2/St/St-N077.jpg,St,2417,test,False
ccsn,ccsn/CCSN_v2/St/St-N078.jpg,St,2418,train,False
ccsn,ccsn/CCSN_v2/St/St-N079.jpg,St,2419,val,False
ccsn,ccsn/CCSN_v2/St/St-N080.jpg,St,2420,train,False
ccsn,ccsn/CCSN_v2/St/St-N081.jpg,St,2421,train,False
ccsn,ccsn/CCSN_v2/St/St-N082.jpg,St,1764,val,True
ccsn,ccsn/CCSN_v2/St/St-N083.jpg,St,1765,train,True
ccsn,ccsn/CCSN_v2/St/St-N084.jpg,St,1766,train,True
ccsn,ccsn/CCSN_v2/St/St-N085.jpg,St,2425,train,False
ccsn,ccsn/CCSN_v2/St/St-N086.jpg,St,2426,train,False
ccsn,ccsn/CCSN_v2/St/St-N087.jpg,St,2427,train,False
ccsn,ccsn/CCSN_v2/St/St-N088.jpg,St,1562,train,True
ccsn,ccsn/CCSN_v2/St/St-N089.jpg,St,2429,test,False
ccsn,ccsn/CCSN_v2/St/St-N090.jpg,St,2430,train,False
ccsn,ccsn/CCSN_v2/St/St-N091.jpg,St,2431,test,False
ccsn,ccsn/CCSN_v2/St/St-N092.jpg,St,2432,train,False
ccsn,ccsn/CCSN_v2/St/St-N093.jpg,St,2433,train,False
ccsn,ccsn/CCSN_v2/St/St-N094.jpg,St,2434,train,False
ccsn,ccsn/CCSN_v2/St/St-N095.jpg,St,2435,train,False
ccsn,ccsn/CCSN_v2/St/St-N096.jpg,St,2436,val,False
ccsn,ccsn/CCSN_v2/St/St-N097.jpg,St,2437,val,False
ccsn,ccsn/CCSN_v2/St/St-N098.jpg,St,2438,train,False
ccsn,ccsn/CCSN_v2/St/St-N099.jpg,St,2439,val,False
ccsn,ccsn/CCSN_v2/St/St-N100.jpg,St,2440,train,False
ccsn,ccsn/CCSN_v2/St/St-N101.jpg,St,2441,train,False
ccsn,ccsn/CCSN_v2/St/St-N102.jpg,St,2442,train,False
ccsn,ccsn/CCSN_v2/St/St-N103.jpg,St,2443,train,False
ccsn,ccsn/CCSN_v2/St/St-N104.jpg,St,2444,train,False
ccsn,ccsn/CCSN_v2/St/St-N105.jpg,St,2445,train,False
ccsn,ccsn/CCSN_v2/St/St-N106.jpg,St,2446,train,False
ccsn,ccsn/CCSN_v2/St/St-N107.jpg,St,2447,test,False
ccsn,ccsn/CCSN_v2/St/St-N108.jpg,St,2448,train,False
ccsn,ccsn/CCSN_v2/St/St-N109.jpg,St,2449,train,False
ccsn,ccsn/CCSN_v2/St/St-N110.jpg,St,2450,test,False
ccsn,ccsn/CCSN_v2/St/St-N111.jpg,St,2451,train,False
ccsn,ccsn/CCSN_v2/St/St-N112.jpg,St,2452,train,False
ccsn,ccsn/CCSN_v2/St/St-N113.jpg,St,295,train,True
ccsn,ccsn/CCSN_v2/St/St-N114.jpg,St,1782,train,True
ccsn,ccsn/CCSN_v2/St/St-N115.jpg,St,1783,test,True
ccsn,ccsn/CCSN_v2/St/St-N116.jpg,St,1784,train,True
ccsn,ccsn/CCSN_v2/St/St-N117.jpg,St,2457,train,False
ccsn,ccsn/CCSN_v2/St/St-N118.jpg,St,1785,train,True
ccsn,ccsn/CCSN_v2/St/St-N119.jpg,St,1786,train,True
ccsn,ccsn/CCSN_v2/St/St-N120.jpg,St,1787,val,True
ccsn,ccsn/CCSN_v2/St/St-N121.jpg,St,1788,test,True
ccsn,ccsn/CCSN_v2/St/St-N122.jpg,St,1789,train,True
ccsn,ccsn/CCSN_v2/St/St-N123.jpg,St,1790,test,True
ccsn,ccsn/CCSN_v2/St/St-N124.jpg,St,676,train,True
ccsn,ccsn/CCSN_v2/St/St-N125.jpg,St,677,train,True
ccsn,ccsn/CCSN_v2/St/St-N126.jpg,St,1791,train,True
ccsn,ccsn/CCSN_v2/St/St-N127.jpg,St,2467,train,False
ccsn,ccsn/CCSN_v2/St/St-N128.jpg,St,1792,train,True
ccsn,ccsn/CCSN_v2/St/St-N129.jpg,St,1793,train,True
ccsn,ccsn/CCSN_v2/St/St-N130.jpg,St,2470,train,False
ccsn,ccsn/CCSN_v2/St/St-N131.jpg,St,2471,train,False
ccsn,ccsn/CCSN_v2/St/St-N132.jpg,St,2472,train,False
ccsn,ccsn/CCSN_v2/St/St-N133.jpg,St,2473,val,False
ccsn,ccsn/CCSN_v2/St/St-N134.jpg,St,2474,train,False
ccsn,ccsn/CCSN_v2/St/St-N135.jpg,St,2475,test,False
ccsn,ccsn/CCSN_v2/St/St-N136.jpg,St,2476,train,False
ccsn,ccsn/CCSN_v2/St/St-N137.jpg,St,2477,train,False
ccsn,ccsn/CCSN_v2/St/St-N138.jpg,St,2478,test,False
ccsn,ccsn/CCSN_v2/St/St-N139.jpg,St,2479,train,False
ccsn,ccsn/CCSN_v2/St/St-N140.jpg,St,2480,train,False
ccsn,ccsn/CCSN_v2/St/St-N141.jpg,St,2481,test,False
ccsn,ccsn/CCSN_v2/St/St-N142.jpg,St,2482,train,False
ccsn,ccsn/CCSN_v2/St/St-N143.jpg,St,2483,val,False
ccsn,ccsn/CCSN_v2/St/St-N144.jpg,St,2484,train,False
ccsn,ccsn/CCSN_v2/St/St-N145.jpg,St,2485,train,False
ccsn,ccsn/CCSN_v2/St/St-N146.jpg,St,2486,val,False
ccsn,ccsn/CCSN_v2/St/St-N147.jpg,St,2487,train,False
ccsn,ccsn/CCSN_v2/St/St-N148.jpg,St,2488,train,False
ccsn,ccsn/CCSN_v2/St/St-N149.jpg,St,2489,test,False
ccsn,ccsn/CCSN_v2/St/St-N150.jpg,St,2490,train,False
ccsn,ccsn/CCSN_v2/St/St-N151.jpg,St,2491,train,False
ccsn,ccsn/CCSN_v2/St/St-N152.jpg,St,2492,train,False
ccsn,ccsn/CCSN_v2/St/St-N153.jpg,St,2493,train,False
ccsn,ccsn/CCSN_v2/St/St-N154.jpg,St,2494,train,False
ccsn,ccsn/CCSN_v2/St/St-N155.jpg,St,2495,train,False
ccsn,ccsn/CCSN_v2/St/St-N156.jpg,St,2496,train,False
ccsn,ccsn/CCSN_v2/St/St-N157.jpg,St,951,test,True
ccsn,ccsn/CCSN_v2/St/St-N158.jpg,St,2498,test,False
ccsn,ccsn/CCSN_v2/St/St-N159.jpg,St,953,train,True
ccsn,ccsn/CCSN_v2/St/St-N160.jpg,St,2500,train,False
ccsn,ccsn/CCSN_v2/St/St-N161.jpg,St,2501,train,False
ccsn,ccsn/CCSN_v2/St/St-N162.jpg,St,2502,train,False
ccsn,ccsn/CCSN_v2/St/St-N163.jpg,St,2503,val,False
ccsn,ccsn/CCSN_v2/St/St-N164.jpg,St,2504,train,False
ccsn,ccsn/CCSN_v2/St/St-N165.jpg,St,1221,train,True
ccsn,ccsn/CCSN_v2/St/St-N166.jpg,St,2506,train,False
ccsn,ccsn/CCSN_v2/St/St-N167.jpg,St,2507,train,False
ccsn,ccsn/CCSN_v2/St/St-N168.jpg,St,2508,val,False
ccsn,ccsn/CCSN_v2/St/St-N169.jpg,St,2509,train,False
ccsn,ccsn/CCSN_v2/St/St-N170.jpg,St,2510,train,False
ccsn,ccsn/CCSN_v2/St/St-N171.jpg,St,185,train,True
ccsn,ccsn/CCSN_v2/St/St-N172.jpg,St,365,train,True
ccsn,ccsn/CCSN_v2/St/St-N173.jpg,St,2513,train,False
ccsn,ccsn/CCSN_v2/St/St-N174.jpg,St,2514,train,False
ccsn,ccsn/CCSN_v2/St/St-N175.jpg,St,2515,train,False
ccsn,ccsn/CCSN_v2/St/St-N176.jpg,St,2516,val,False
ccsn,ccsn/CCSN_v2/St/St-N177.jpg,St,2517,train,False
ccsn,ccsn/CCSN_v2/St/St-N178.jpg,St,2518,train,False
ccsn,ccsn/CCSN_v2/St/St-N179.jpg,St,2519,train,False
ccsn,ccsn/CCSN_v2/St/St-N180.jpg,St,2520,train,False
ccsn,ccsn/CCSN_v2/St/St-N181.jpg,St,2521,val,False
ccsn,ccsn/CCSN_v2/St/St-N182.jpg,St,798,train,True
ccsn,ccsn/CCSN_v2/St/St-N183.jpg,St,2523,train,False
ccsn,ccsn/CCSN_v2/St/St-N184.jpg,St,2524,train,False
ccsn,ccsn/CCSN_v2/St/St-N185.jpg,St,1901,train,True
ccsn,ccsn/CCSN_v2/St/St-N186.jpg,St,1903,test,True
ccsn,ccsn/CCSN_v2/St/St-N187.jpg,St,2527,train,False
ccsn,ccsn/CCSN_v2/St/St-N188.jpg,St,2528,train,False
ccsn,ccsn/CCSN_v2/St/St-N189.jpg,St,2529,train,False
ccsn,ccsn/CCSN_v2/St/St-N190.jpg,St,2530,train,False
ccsn,ccsn/CCSN_v2/St/St-N191.jpg,St,2531,val,False
ccsn,ccsn/CCSN_v2/St/St-N192.jpg,St,215,train,True
ccsn,ccsn/CCSN_v2/St/St-N193.jpg,St,2533,train,False
ccsn,ccsn/CCSN_v2/St/St-N194.jpg,St,2534,val,False
ccsn,ccsn/CCSN_v2/St/St-N195.jpg,St,2535,train,False
ccsn,ccsn/CCSN_v2/St/St-N196.jpg,St,2536,test,False
ccsn,ccsn/CCSN_v2/St/St-N197.jpg,St,2537,train,False
ccsn,ccsn/CCSN_v2/St/St-N198.jpg,St,2538,train,False
ccsn,ccsn/CCSN_v2/St/St-N199.jpg,St,2539,train,False
ccsn,ccsn/CCSN_v2/St/St-N200.jpg,St,2540,train,False
ccsn,ccsn/CCSN_v2/St/St-N201.jpg,St,2541,val,False
ccsn,ccsn/CCSN_v2/St/St-N202.jpg,St,2542,train,False
