kind,id,sha256
img,0001,5da570c5b6d2f8915ffd57b7eff9937ebbb0a167ed9359cb503bf4a72776f987
img,0002,8b2f974f75496e0eab76e1d9545c3e5b03c7bf449457037b8f98b4d6e1ef2262
img,0003,17e412c431ab6fd66a02909b0287ee6a25bc984e4e5351368291087ca46fcda5
img,0004,985cf62fc0ffe1e11ba5e04d524e8d16b77dba3101266af5b71a662569ea7bf3
img,0005,f7b3968dd1b9d0273ef3f96813a2c985a4aa44740ce7b82444d2d44289c6c6dc
img,0006,9c7b155648fb0764dd6cd2764a313775d6e9c9bd2a803e4dfca7a99addb305b1
img,0007,b12f40e63e64c7c4594dc9cd8c908839597056b8e7e71c1ccd12e3b33aae693f
img,0008,728c59c529036063d3ba40d86d359c34028e28e401d2bc0333541d3d627eabfe
img,0009,073735fb97a93f0d064e6c8564d52a328e764c1dfc55d569fa33bb5a043a75e3
img,0010,e7f8432416c14afe1d2ec2594d879ed7d3aa45c386f4959b95618a54f919277c
img,0011,acae81f93864512fed350cd318f11ee794e5c4f8586cf0eed2ff1c6251e8817f
img,0012,48f2aa3cea411ab246f0f50fd2ef27cd43d52ca6c97b89a7f4500a0eebead47d
img,0013,2fcd2a4672dc1b3c2cf504ed181f04b528d157450f89aaae1a67190251a7e6df
img,0014,9cbf8ba9458d2d61e25788426d624706f39f8e33a90d9eb79b83478cb04aed28
img,0015,bf4876d0096cc3b829d152eeb79e10a3eef9bb243d543d79d8034745ee8e887b
img,0016,45769eba62336b76f09f2b44ace84f71e07b4bb4080b2fe3e04e5d6597df3f92
img,0017,e493d6819a5ed9895c9eb19c490426a1c773f2df5c47c492adcd8ffdaa82830f
img,0018,5b64ecaea0aba28e77282626e3150d61a20c863271187c03b22530b528f51b7e
img,0019,e18979e802ea6a81c3d0496a666d217d0c713cec2c83ef943341eb95767c80f1
img,0020,ce74a1aef1d571ca46d7b7728c77ee273158ff0e2ba404e4b26ffe26e6343443
img,0021,dd487f48e9375f8e369a503e422a86d999da52d17867f3d14119462b7f96f9fe
img,0022,4fbcbe3288385b4afb0df7ab39a46bd8c57a16b49131456915e31ccc60f91c1d
img,0023,6acf11cd943a589e4a6f030c815a4584f1a0c5861674eaadae2a5b2f5c72fb91
img,0024,9be968023a0ae1d14b67e5ede80d5b3a2d92f3b4bd8898a5cb06330ce6ff7b5d
img,0025,9c14cc0d134ea7aa3eecafd3a28910017219faece61189f2be279b51ce008d45
img,0026,e7030d2b8eb8ec483889bd42b2cca59e65725b31afc983ad002d5e6a6554acf3
img,0027,3a74ab3e7b947340f62d121a29191a74465ec1aba6768d1451b1b9ee87ed71cb
img,0028,df7df96e0f3e59797b58c7b130cca15a832f355aa81aadd9026bc43e1d69dab7
img,0029,d1c05ec795bdde47304ce05bcd9532e8dc9b2913ad16352a6e5d4ccf04bc5130
img,0030,eedd8325bcc88cfce9237ae7859efe37539b6674808156d0fdd34198367c1a4f
img,0031,a82b2cf01f7468a8a7ec00f8d699c264d59caad6891c6c444d73fd4fdaf94865
img,0032,d8115307274a7cba6ff0a1ad25fc9bf6216afacf47acf552aa3ce9dd0d042fe7
img,0033,42d31b2a2810bfa578e2b8867d99dafb243a83ec54e6f795a5d4e5079189d0c7
img,0034,e22182aa16240b94363b4b5ce50c329fc3ec6f23445bcfa07b7bbf008b08221b
img,0035,eac8adddc65917b3963bed1515afffb37e8e027fb3593880f82bb370f21d5ae5
img,0036,d4f4518b3b219d7a4002d8f9b5bffb497e60d996c59a2bd148419fbbb8ec04c3
img,0037,ba0fafb2a0e611010ad0660dd79fd504f5b4059abfea8f4363f32b74f164b032
img,0038,eac8adddc65917b3963bed1515afffb37e8e027fb3593880f82bb370f21d5ae5
img,0039,ccbf0e72f249906e388ef75692221f73f0f12938a80c15f1e364870430f1eecc
img,0040,00b237b1a23fb0b36cc15fc09adad3ed1c14d950d661d386d075c73eddc68d14
img,0041,5d2360e47d87cddfa0a2c299b717161ae591625a9b80521e69c3e41af293b77d
img,0042,8eaf9bfe433e4e3367e234a4678f783e4b96b84fef9806dbe642a7dc76f6c190
img,0043,f9ed52fe8e959af1c951cf2314e2227a4397bd97921b47086e844c815d89d054
img,0044,8eaf9bfe433e4e3367e234a4678f783e4b96b84fef9806dbe642a7dc76f6c190
img,0045,4ea1f94e448bcf1b9aaf8e2e32a7d91df27dad67329e3e5802aa5b1b664d7b5c
img,0046,dcc2d8559e0d2d3f5fbcef6b8a72b0526ead633ef23cb83b93a7e1cae0d16be8
img,0047,8ed5ecfce737097979eb9e6a59c1244ba4812f1d1b3bd28cdc5352447c7f970e
img,0048,fff7855559bde66096ac5ac66fd2c9afd61f098202fa16a9142846f76b0efd63
img,0049,d55beb93cfd18658c2f18e92f202d2bbc8ff7a970ab5b09ec1d35f8d2a790eba
img,0050,f9d0657eb20afbf0e732745d99459f453a046689ca63baf961ee5715672e031c
img,0051,1560b88496d3f93910a475272c6d9af614ff6133289fe618e5a01dad5aa9db48
img,0052,7738c18aff6277081a679429946ba25f916cc3179dd2b036df64734101c29dd6
img,0053,b055cbfc0efbf2b6d1ba1b25c8d722afd407485d91e25c80ba39763571291540
img,0054,1fb02d42a6b9027ceba02bb581a69c73c29318c611676c302c0eb6e57ccf0f44
img,0055,542822af0832cb76b0ce670964c5520df60520ef8d7f4cb450571cbe3efb653c
img,0056,5a9959806690d33f97545d322002916e5d85d64f111a53dcdde5da0f2cfe947b
img,0057,25c6823289bcc7b9845c022fe00d10c00fe08d4b6eb2bc03d0dac8be8d642112
img,0058,9d84c12a16ab1d3ec085c850f689653b3510da007efc8936178e308bf52331a7
img,0059,83ace76b000572df73b43c6dafe594e528bf46e0132a023e46478db42721509a
img,0060,275b6fa86edcc212bb516043b8995a2f41f7d2d7d3acd8278e3705cd01f57e98
img,0061,56d5c768e6d76a7fd625859b2acb1a5ffe4a96a6e95eb0aa75d2e0c6e78d4887
img,0062,245e9e770e4e8455705da3eff426b812f9a05018c35016e32352c23a7d8015cb
img,0063,9c128655c590ac3ab146fa5bb3ded27558fdbf0fb080ecde4f06b02733452477
img,0064,528948c30ce6567381aab4acf59b42dfccc40e5c942e4f92796c86288f9e2673
img,0065,341d1f981584264bb3c05b03b364e3e221476b0065546b76acb056290638d37c
img,0066,080498b91dd20c4b3639d4094ed28d4a63c3d59ca587f49665ab7e4b37fd9d1c
img,0067,5dd9068c60e32df50067d9090f6ff8b6b11f050d84e4e722b1bf22f93837f8d8
img,0068,30760a55c91625ae59cddccc77df2e18bd0cd38b0c691bc34ea0dfbe53cc499e
img,0069,4f14ea75fb9f49079149e3dfe76791eaf5d53bc0e6e632b75af30e85d012dc34
img,0070,fae8c00b5ddf08e59019f2f50123bef467a16364012431ca3afcf81a823d6bab
img,0071,8ddca69be71b663a2af3d8634728b604016f7898d00db1f461fc76f4df65be66
img,0072,501790032bb1c65d8dcd34d77583bd9480af1865f9ae0f9da112f76c5399b190
img,0073,fb161f7ccadb446049ed4ca41397c8a10f51ec921a9ef6c3532823ceff790890
img,0074,00a6dfd41ca1f914ab0caf76292899ffa79f736c082d741397fdfb396342b3ea
img,0075,61996e5800bbbbbd72c17158e899d4b38c2762b44309c5cf74f4850e9b42327a
img,0076,3a614e8903ca1c1abf0608ffd1af1a66f4d762d980e8b98c032e24e7fa2a4f85
img,0077,1dffcf79d704c0fd139ea44d3a6af6f716a0129e86c242b14ba2d54895b0d050
img,0078,b5a47eb3e2a5e66ee9e570f63c926be6dc20d68b35e29e7d71cc216ef45f81af
img,0079,0480ac3bdd84433b8e376154c5caaf239ab3c34483e10dd51ddfb29425b07f7c
img,0080,2e8abdaf4a730573828a143b13d087f23ccdcf0b159b298c340ab8c2e6290c01
img,0081,fbd20f9d990378d3744bfa63b87f7b72121ef62f120a8c89029adb14c78f9a7f
img,0082,21083ef896804b8ecdf817a5cfdd2cff545a5fe2db2110105e0f9d861a155631
img,0083,962d9eb178ae6f373f2fa22aea9fea9da8f115ed8ee12c8f022aa97f8ad049e3
img,0084,2a7493f0c285af73e4c76bd954117cbe91c39823da7e4a3b66922742f2872f4b
img,0085,40941ca281454875b828602ec8f532b6c22a4840adf442f840c7f1d9a9c5c910
img,0086,7b1cb83ba17600bdd9874b7db053b6849d3b93353ec40c5e1de47c400bc39211
img,0087,d93200f3efa97eca12da42c0686f9e178445a18fad193e8945a591f831f34e92
img,0088,21d2525e26c09898fd6ee9c87c27132f18824ba1911c89bb5d904ee2c37f7929
img,0089,7e55cba9ec136f70aab23e6100059c74c1d660d86046be7c6bab6c2176192d10
img,0090,9baa7e2b49c05f1377002b502e5c5084c477daa1a8c908cc6b9d12fec1c13c8f
img,0091,32384fa7b2aee633fee950e35d2c9c5cd124ab13747ca9fda11a7a230f782355
img,0092,684931c333619c5590d5efb7bc58ee4aa3e3b1e9745f2da8c6a79b2fce0bf947
img,0093,d6dcbe73c35bd0d16c2e45b0fe23bf42423834969949edaae3d0175d72e85d20
img,0094,dc5c816bf003b5b118e8b134149166473c070125ce1a8bb57d7fd22603c47b45
img,0095,b9ba82d2a05287cb174c44fb2526d834f42e03412e852a43f02d8d975aaf54e8
img,0096,87b768e7b9dda0d48e812b21c521ea25aaf8bc2954ebfcfc079f86d2299bd649
img,0097,fee77d56aff17301ecc215126976440977f057c472d1745f2f9e059e7f1a4991
img,0098,449d7b23af709040249f9e107efdf35a6a2945fb0d97c27e12a4813bd8a17b0e
img,0099,fd99a9e2f4c63b455266dc10e4eb5a060ded615d241ea606701f9b8cc8f88f0b
img,0100,8e2a199d49d2f64494f7d8d6f5d18678aa74a45c07810f02b28b7c91320ce290
img,0101,9b56d01019aa3e2ae39415157d62cbd208efe202062dde626913415dc4ff648b
img,0102,da79a8017679f57f440751e46c9bb1fb9f632f99f703f3eaa681ecbacb8c0078
img,0103,f85940c09829c3e6690807cd33cbe7f7c85621b131a7733a471a7703be8b6ae7
img,0104,a730401375231c14a7b88bf5758fc0308261d37ba4996849656964e39ad93631
img,0105,a3149f3a4427e1f64e1c1ae98307aeaa12aefc4df6a2becc90b7256a8a4a661e
img,0106,46a196c3e725115a13147c0fd42b5fc983e31525e0f575efcf0065624b7ebec9
img,0107,ff688361e6ae75c0d1411b855af6af018ad0379f33f897ce45c38f7b9c1b3f1a
img,0108,96b77b30bb01497a0453f65ea9e20e21c7e7770d3de0bea2eb0406ad932a6f25
img,0109,0fa6958b58a364a7ff845ba78d1d0c93c596d14ae2829e532aac09567e4f998d
img,0110,ce9af3221249bd92b4b157e141593900c9d7d78e243cbe85a5921f3971dcb1b9
img,0111,becef4fe7bef62bd94bb9e62e8bdb8efd74150d0acc648f6bf8752d2525b40e4
img,0112,67e9364543e8c1a203ee8abb3d9de1edb4f9bf7b1683820ff68fca7018903083
img,0113,43bad323c79174461c6f00537698407be99daf760ad1d1df08ba2ccd81802905
img,0114,7ecdf6c7cba1994e6e3102ad1656de4726af9507ecfd13bebd03bcfa3e96aaa2
img,0115,ef6d497599b55a3bb87f941fe170ea8fedf18c76c1d72e8c84793adb7a2a2d41
img,0116,caccc20668a3b78cc3f8ceacce8b23f4f2127a8909a236ab90567d0117145d83
img,0117,8b95694afc20a814f90874c68722eecff51f44e678c682db103434b11f0c6d21
img,0118,3324a453c1c4c29b91f48324a26f768c50b378fd821aed8704f2df910e319603
img,0119,36a18907f6ccc11ef3095d4111972021d4d92808496f42ee1fa3197ef060475a
img,0120,d380094fa6caaafa6bb9918d097f4a1c09271b23fbbd0d0cf05e8d4e99cfae5c
img,0121,423c91c449e6738eab175cd316f4990dff6590803150c5981ccdcb1edee5f921
img,0122,678f6c04afa766d7507ca2a08719a223ff418bb1160ccba5c86087202491e529
img,0123,cc7c3eae3c83f40e62725f61cad602b2dd0c63b1cf82c0b5172c31e474c141ad
img,0124,32e059098912834fc545c5d652670b215584193985ef4ef2ad35b33344b7de34
img,0125,ee407f3a446ec78ab75e0f0482017b4f61fd3cfdc08dfcb3b0d7712c328470f1
img,0126,4d0ca031af65c87b5e11e7ea844ff5458b11dd01322f27354dd6926a19da54cc
img,0127,15b381d0cf5c1d37fc4bbc051b08fffc00b7575c032d7df4006342838cba79c6
img,0128,76758881cdca902c170755a0ce618dafd0bbeea709375049a33b97c5e0f7b46e
img,0129,aa0b1ad38e37251e7b7e727a87d9b7343f2a665fee141f21cea3bde69d1a8428
img,0130,72ded24994b208d9ebaa455aa2350e3e9fe799d02eaf9599f1d133198edfee89
img,0131,8e93ef96b8fecb27bd3c424f75b198926bf39641bef83eff289c4ff6786ea9de
img,0132,e46aa4fe3a69989fddd4ff801cecd6ec9fd65ba359bcbe64fd172c9d7ca411e0
img,0133,5610cb2561e1910c5e55f83625a45606f3daece400b44b2d0a9d776cf24b0721
img,0134,5c8cbeeae784e47409cb304b2e2e0d7323a04324d5667758f801516ba54e3bda
img,0135,36eec5a7d2fa166a8a27a6fbc5e918e3aea00ed074c40e0a2ee1960c0eae85fe
img,0136,93e6c6a479818cdf4c8ec4989fefa71710736913e9805c3cb78dfd0e59f88857
img,0137,c76303217ed53ac44e85632ded486d32a11687831b92cb47011aaab862a06c00
img,0138,4e7d85d74162fd41900109ea1aa974eefbd49146c1f8a0f2ac13ef57401250f4
img,0139,e329f93ea010c5bb2975ca9f1dbb2d679ecb69a217fa3074f0875785ac4eba36
img,0140,5192cb76263409e77a8f5656256b7b62474bd2933cc5c342e579a76f81431f6d
img,0141,25c04b3b15965431e6571d2c752378de511e1605a932e0a080ba52597f094e80
img,0142,90a96701c73b3b4df3822c47cd869e444d04aa04fbffcced66e9e3b23385b827
img,0143,104d7703075da9dc540bb2ffcb1f0215439efad8f947d398255ad1e96b29685f
img,0144,6c7a44105970ed731b9b2ae1d1173a87714e013a90ae754292dcab81009dec94
img,0145,697ebf1bdb0aa7d7c512f4afb3cc2b5cbb333c015fe59e80edaf2e1f3ba642c1
img,0146,b562b66eb475c906ef04470cee93350f81a365189b6987195adf98459e422801
img,0147,1bccc4e618960eacb4e9d9ba075ef6529964305311763644b32ff4b40d9a9fc8
img,0148,1b92c0b22bfe27654a89262d398ce485c231b8bd486b487ddb7a432ecf7cd0ac
img,0149,5815c42f25c2d0a9b59a5458f5ebc120aac659cd822fb95e9c9d17a804d5f1af
img,0150,2dcde011fbcfca1c4e184b5abf9567d8c98607fbb8fc8648145fef49fe9a680f
img,0151,4c18ab85b57614233b81f58f25e1b1d461e215ddc60983b08a22fec09bdbe75a
img,0152,32e523fe88e2e45b1751d3efbe93aa003456d5910d255c6a8552d62d90463a86
img,0153,16c112d9d78d4176de32ad33c5fab3315084fa8cd2a1501516a701db05b1713f
img,0154,3d802503d3d056c2845d66130f18e579fe99d216af7989df9bb06b2d52d2ed66
img,0155,4a625b34671b5166273ea662316b3fa81871b59c9ef237150406c5ebc2ac4a61
img,0156,3e368568e7f425eb7fa72c086243363d9f097386b50f8ac7f472aa68bab33d28
img,0157,7cd43e12c72026ce4fa456408e0c06a9232fb58897d8f68f78a98179bd703107
img,0158,8409b44444c7739462012f33ede051fcc02af008b7a440cda2e5fdec082bb91b
img,0159,aee95b3839527b28cad21ceb1122cf4dd6b7f1435531e00f7aceaf691c9479c4
img,0160,7fce49f7c96bcf07b34e1de4188cab02e00873c753a2c32fd68834373bac4958
img,0161,48145d6f54d16f4d51801c59afbc409cd29b43405441a4a694d19e6f92fcbe0a
img,0162,b546474555ff7375656b4cf950a5855f2ea94a382d39207e16dea60b3cbb6ba7
img,0163,f882a1b0a82dc44834569b7b0d6b690386ab50452eaae1f2d9b835288af20a0d
img,0164,aa2b1bb78efcd2532b06d2704cc9dae0df6672f58dea4bf30724fff78d963488
img,0165,94f3b40922359be19b5b850416fa84caa50d4d1c61517def93a150c49f6b2893
img,0166,e95a0273c3de99155921a17a8dad19fdd50ba9bb816f5c4e3106e056eda6d102
img,0167,22ef29f8830faa77b29436a7e01a8b995374bf9da43259370eaa4c0cd85fff5f
img,0168,c77b8cb6adbb141040362b2fe04db72c373654cb207ebefd8e661156c3031a86
img,0169,baaa4d118a9f2c7793197752643ae70ecef94e2d0b89ed95446085313e05a35a
img,0170,78c4524522097bddfa774ad7fd8c65f9cd14b1f5d64d06435de58eda6953407b
img,0171,ab66565fe6fdfa00fc47feec42e998aa08eedbe3dcc1f517ce38d44e7eeaf300
img,0172,11edaca5203e0a2aeb87c275c182a007e7200d785b49353da7d937236bf3fd17
img,0173,6bcce424e752bc0a721444f96e7c4e04fc1dc7ce1590e220084ccf5f06c398da
img,0174,e1d2806df6b35067256857061a8dafafc67f4e002efb12e3b9b89f27a4286559
img,0175,866108936ff831da6850e61d479e7f9feb2381c3d9a0be170b479903291009f4
img,0176,44e62c5fdaf085d3eeb7a8753f620990068628fc7049d6ad8a6b503ea4a376e6
img,0177,e6f03d66f9fc2c748015f087c045b9c703843c530e8b0535066cc4dbebc1db33
img,0178,ddd9fe81e3324823bdd077eeb8e5a97fff7e8c76fac66d400458105a74b3614b
img,0179,459465f244ed8693da848aa5c887d60ee85aad469635a34f8fbae38c616c9fa1
img,0180,e7025f830451978b280b9b9d46f5f5a4f3c13bedd315fbb7a0853af612e159bf
img,0181,bfef06491eb12c3ac0e57f38a8f1946e2d916580291c3419cf316d260e7b339a
img,0182,0f7d4cb6f3662389ac7640b825b87f233db4c86dd84edcad50bd103ad54e6364
img,0183,0a8a69d61580b023c07673bbf03fe4847ce1d67147272851728e882d2c609fb3
img,0184,1811d8b2316092d4c495afdd6f65c9d161b6ecf645c91e3c8e03dc1940f885f2
img,0185,0233c8eefa6d98f751213849475f153e00e269821636d918c137f142232cc0d2
img,0186,11e32c0f681c5b82b1677e16de599a89cb0ff9e429f6bcbea4ac6166994cd30f
img,0187,ff7a7f071ad5064c4e19c45b323a314036688218817a11e1e22764f4a44be5de
img,0188,75666efec80936bcf2d32d1846418507914834cfa5cd1079a7ae00a5cfc659a0
img,0189,8302e95c2fbe03d6d4822178452cb3f593969fc827e8e4b0709139104f339ccf
img,0190,2c9a2e4a83da9e5b30ed43bac22752bd8e8b9ef3b016ebd233e2c90a4940f206
img,0191,b28407ba2da0713c6d0ba38f774ccd981cdd66298eb153c70f2434625c65f9cb
img,0192,db768649c8dd3b066a6215cae187ce1b45ab15245a24693198fdee6744e5480a
img,0193,7568cc36314136c25861ee770d62e71e07e330e3307640223fc7dc258fdaff90
img,0194,30b2e0ee3f9f6fdc4a38012af5467405cfd3e3b9f33f42dc98ea711dc8b7f96b
img,0195,3c6bfb468f79298328c6afd4539c216c96cea07c1bc51f67fea0fdbd6fc495ab
img,0196,6040d09ae81727990c733a0b48b228d98833ba2861adede405721ef75ea387d3
img,0197,ec38f41d9f338d00fabb98d73b96aa39b34e4b37b23e2707f94daaf431054530
img,0198,08522fe0718d5ce0477679c2e592b12cd423ef78a837e05e71ba96b7bf7a981d
img,0199,1ae8126daf02838fb17e5ee610c2f5ceab9bc0990c658e2afa8b9bc546f07b74
img,0200,89d65f79a66aa73d8317e0b3ba98ee75066a302fde24d2c357b4d5ad67f0b3a5
img,0201,435e3fa879d720fbd132f98339798c5e1518e30f6e9d3743cfb29a9618cb9d1e
img,0202,f6ed69ecb632843ec7aab85ae8be835e61505b96bf58b5bc893c9012dbd04832
img,0203,a1a65554ba3a9a93915d0cb1d538c3cdd9cb714728b0b9ff6fbb6f5d67d2c22a
img,0204,b3478cae8873aa1dabd305c9792768a78674c9bfce9a0b746caab7b05950cc40
img,0205,40c64492ab4dcb7f4157cd488e4a84659ad77f270b599c81106ff466b6a555ef
img,0206,1efa14675d3a47b3ccce92f3b33479f0243e97a1cc3675a9c2b727544924d5b2
img,0207,cd705d836e2b8adfc32520f7ece40c7fd96cf03b3e5d57ceed8057538e9ab2c6
img,0208,e6984f82138fc867b9155196e83f21f298a45580c359a9da8058ba68a11c804f
img,0209,e9533f170d6638733b245334bb917bccdf933a6e7baf75022373317cc8a5b2ad
img,0210,6a8e6bc71bf382001f32bea312c31c290cd5b7bc47cdaa493d6d2235d5a4a847
img,0211,5062506bf651bab778980ab9b875d91f8ce51c9a51f660d8fec910654e784eb4
img,0212,961e080847e78261eac3b9c61f9b05e72818125b1090e6ca2f5d2c5da817fb22
img,0213,a97f349906e778fe8c9960e95bceee4a46ef74f179a6d144f46e7f8c86bebbee
img,0214,20f88d792bc210f4fe8ffabfd748054b8f5f7411e5d01c6347a637253ead48db
img,0215,abce43a05d9f46aa42942b7558591da26016a3b58d7c9cb2bbd310b473505f6d
img,0216,de158f87e5e1bdc70eabb33ab8dc6c49cb4bd2a319cc3153842cfc1c89d6390f
img,0217,d73291d621b0a65b62ab49752d65be7c080e53d0115d18ffec08a01eaf67c3be
img,0218,edb512c9a321de75c14ea6d3b6743b769872081c366c7976e8867698bd1ad8bf
img,0219,9a437d8e7b2228e86609d569cfb90ac54616b9c4d135a5701cd3db10e9dc25cc
img,0220,08b1a7513bd666df962f5820cf9c99266e3be80c97fb5626910a802c27f8af75
img,0221,bfa71cfd06e46e9a648d1678186bd40522baa0a0a6786ec0d07fe8962a550b15
img,0222,d05e2f84ce1e60850eaad8dbb999c1172cae2f9a9d54f27e958202eabef062c9
img,0223,ef58dc7a4da45f4040ec43144925e019c34118ccc77169a23ff7ec30583dabf1
img,0224,0a6d217f4cbdbce4881924ce9964d0efa8da10f052e5c8cdea8ae18ea64a29ae
img,0225,2debee8703514242da649521064e0a99c6be881d65d47b962256995135100598
img,0226,3bedf15a48e62bb649ab80dc0bab5fa6fc0a831634672ea649c327e2adf9bf8b
img,0227,ad791f8990f720fd0f8bc043428ea4fc5b33af9257934df1b78b692865a572c3
img,0228,01212b71ccab4475fe4bf3455b969f34498c3f4ed521e16c2ed6fc0c68f31cb8
img,0229,9376fb8d0116680ec92c1f679fb2b9d8b293e2eb0b41b164e844bbd87a134a50
img,0230,018d74e31c36174260a66617b4e1ebcf6bb22d5e2f16dd999f3da794d4ba5060
img,0231,8421a35c64d8b7e1e7dbfdbac673fd0bd03ea3d13f76154b020cf9cb2277dc4b
img,0232,1f97a4f37b6d3a51267795575d5915013ad89ccf2a3b1432d86b0941ccd5d579
img,0233,20160187a2bed121da1263804cdf08789d1af7eb9952833c3526c412f3759926
img,0234,935b41d0dc23d7a2e5172dc9971d915cf16d004c3ee262431a0837b9b15a5d84
img,0235,9e59069d5fb4e9e29ea684b35e1e31615e05546d9f93bf9bb395f0b58095a6c5
img,0236,ad312137b564bc15f159ca2ae0a1780d64ef8223f9efe00264e741d49cff8ea8
img,0237,7026475bbb4b490948669347e60262b879653fd68e238df5050f7f8fa4cc7b38
img,0238,5de8b0c797f69d65aeec03c1d2995e0d7d6993f1d65f3c3211c2a84fbebb5cdf
img,0239,8c413194aafba1915d72fe7de9050adc5489bb3a27a5aeb64f433253762420cc
img,0240,229eff510c823c535c08ac8c0f992f896b5efe7ce8f65c5b053abd29ef9ad78b
img,0241,86d92ba82ff38fddc88bf1dfc56c588ff530d51ab0645e2ea9d5159da08954bb
img,0242,e55cd1dbb92cc43a31c31f3eb5956f0c59051bdabcca57e93cb12af621bd7770
img,0243,b18e9726a123b84329445fd02114376d0141a8bb20d41390d1969a1a47a1a77a
img,0244,2a6e263d8e6fe6068a2aa2ca106e6b9e5bb3cb9e580b90357d22d7f63bf9c81b
img,0245,98c66dd708cc8a9f2c8e98fc0770d78f61c37cf427032d95ec188b5af8f89c4e
img,0246,4e885f4d9be5810274029146975b207edb4c22c6493f9d563a38cfc8503672dc
img,0247,423d9419b56aa9132651ffc9244e81cf2c8d4bc7705aed2f700d2e3132e83c61
img,0248,1e24768e2080ad7ae7ab717d780c7efa5b41a21fea70ae746f7696adc4732c15
img,0249,088900d13f1f205661026380f30879fb060f9c69c79ede1abe423fea4c0bb33f
img,0250,0ba935ae699f96e0d17882d88a19627c8d673efa23597ff51e66778f6da07544
img,0251,584f360e503cbc5637a1d1b751c326381c11fcfca969b8f50451584362620a64
img,0252,8f6e13eafe55dc18e1fbbb303e71ebfa86f4d1a3d21d4f296afdacaebd32d948
img,0253,98a710fb30c7423b362234483d0b67de32b60d98df44a587df8df432109f4699
img,0254,54e9a01dfc00998ebaf1dc41620dd4c4a9c800db26e8d25c7945576dc5ed6201
img,0255,b0a3f7e44a99c583b17b68b2841ef2b37698da5a26dadc23e8e773ad3fff85b5
img,0256,0ec0751a95dc07bf5465fd144561fb2020e196638dc59293b20d408d6f03de69
img,0257,4ee0089a7f051812d172eab229618be59f8667d28c59cd5f550f09de96189bde
img,0258,173c876b787c7fe2d445c9bd71fb81f45c45390db274de9fa1267e2746eff0eb
img,0259,5225089f0ea9cccd0c108f283a8af13d442980a49a224e21865b8833183abd3d
img,0260,620de4fe1cd3fc8a90b0a1db1ca95b03a5a76fb6c0fcc90fc572f08f2ff72662
img,0261,3b8f75d99bd87e3d891614d5f36f6615b12218b2a10db837540090241fba21b3
img,0262,8be29488b06f11676db81120121cdf743edb68ef0596263d4c642a022c538582
img,0263,8f82038f8ecdec05772a112a50ab145167af79b779cf82e78283b90134714738
img,0264,6f3731ad763a24c5ce37116fc27ca60c4c84da60713ab7ca9469b82ae50f9744
img,0265,f52f20b72e0f3d5aa2075f20cbc82e049748159b15d7c2a648be596900d2311b
img,0266,65cd46a81343dfe0594cc8c8fe34a84e516255581623e24c020e60bd2a8d8011
img,0267,634d2f60b67d851d44170cabb7756f98e660c72970e9d0412e32347181c27762
img,0268,fda5b60b144a93372833c8785f607bddcf271a441189dbe48d2376ecf28587c2
img,0269,716ba38b08ddf2f146c913c305c53b3b510d4195a233292c1c7689483c3ced12
img,0270,b316b27ac74c1be9ebd26d7b11dbe68446497a84f792cc9a1dbc71c4e6a3b8b7
img,0271,c0f9e458dced7d35caa41782c52b186a6c6e7ee9340c7a8756c3802bd6db8ca7
img,0272,5bc2fe764afcfa776f9ce7dfc4e69891891ff7ba9a36d466a52132890223666a
img,0273,285b2ad0a3ef1f733993c690f5ea0dcb9ff9d86390b2f82cea77ee6e5e28a651
img,0274,f1ddc6eaea3d99044252d0cb5a5ee6a0b29387a64d815b79e1e21783d8d97ae4
img,0275,d6078d34bdeaed01f3cc9ffed87af03543a5d0c023b50c60de61ef5d4ea69fe4
img,0276,d9db0bdc943c0e540f54ccf7df133d4e95c835b745507f8aeee1920d46be1bdc
img,0277,56e84d9ed07aeec7488b53158e6b89296a36f7a4021f8873ccd534b14db7f950
img,0278,86ebaa9b5e2fe69eed945c8d2565f33eb649420fd1d631f668932b452622e0dc
img,0279,fb102cf912b1bba4e7b084af851caeb499403ac152937dd30f2c395dbfaf605b
img,0280,61290419aa90b97f17499d86d221bfd032f9cc3d3edf755d817b0a5461e069a0
img,0281,082e167af1445308adb8ca674cab4f8a16713c558edd8a4f6f80d1ec0508315e
img,0282,151d932eeaee0c83fc1acbb3edb65b48f6942d1c38ca32f9d7f985600179f870
img,0283,081637d89bea533e423c499724d313f1b5bd06c3c65bc8e05f8e7c3baff01795
img,0284,71501916983e240beb3b6b55a9807c97892de663b11e6c29cfa6d2d33b7fbe92
img,0285,a86571ea9b24f2550fd21ed9cc4e3a8dbe5adb5d8e64242d10cdbf9b448d7fee
img,0286,df8bb1f5a193d1d552b3599a924867105273ba29c55b067b8fcca06c977fb70a
img,0287,7704b9e25ba77135f0d1f093620828679b1ec3acc29b098e6f0f89de853354cd
img,0288,c99383e7f2a5ccb9b90f0e049d8a8add69f25989b9bbcccc06ac5a0e13429430
img,0289,78ef784c30b460a0178088e986bea4dc7f3ce1fbdcc1483814b2b47ecdfd7735
img,0290,4d88e2840e32e8b676ae16b9dfd5128c3903125d43df93fa398f111a5621d58f
img,0291,7db4c5853b043be3594de1a095c2d21369d0d6d5779f62e3ba9313434fc8e697
img,0292,0d9ff34d6519367ba80e18585b3791ec807cf9d4e0e2ad29fc9f2b5ad0a2e89c
img,0293,4a51852e860a31a5e543a5f226bdee24286c52db5369d8fdf6ba4ea120c0de8e
img,0294,52b8aec7bb0aa46e93f220a37439db2153f45198f8178e6e61e2fdf9093db836
img,0295,ffa47361ab32efdb11c0bb93de695f1edcdea1bd9a31f13b49c943fe185609bd
img,0296,a55dfb77461fbf104d7d6239ed9b4c6d58ef637c002c2fd3435cf0fef6b33104
img,0297,cb7e18bcd076442ad4839211bd4fa6b340536eb883afa49413f5d4c8dd9c1d7f
img,0298,aa65180b9224a2d29bc5b94fc1b125f39a81b29c4c063739bfa3a1012e0d67e8
img,0299,976ab6f7482801d30798153413c8a26743afd6518914cec155782f163fe065bd
img,0300,ccd2c2378340818241d3eb4d3e5143d4567e38a29be8482a235b304bc67e8cde
img,0301,5a3607ed61c41f57db32769e8c21514a53e29277da099ef67e044ff00b7b9cca
img,0302,c5bcacd90c4c05b867112ff5ff32fbfc7962b3c116b992bcc1026b81b54c8738
img,0303,600c9433bbec1e4e8baf09812c3ae946b5fd08e73ecf2b4925ca3e1d4f0fab1d
img,0304,148174d640c76c1ad54a41de447c02386b3347b3a26ba10bdee5c7cc5e390936
img,0305,4aceeab8f59b04bc80b5455b57eb2fec151ccecda1af91424394317c66e44311
img,0306,b6fdd2373304f35da3aa9faf4978a8885bd93303daa1fbc5f7d993a7fd4b45c6
img,0307,67bc0b31fd9218ac8ff9ef03b97f31583403124cf896f12b2749ac84e5bd35ab
img,0308,65ba6e2861e17d63b2443efef7941e18cd005349cc012d4fb4a72d86b7b7ddd8
img,0309,ecc1aa521cbad669b186e623ea0a5cbf6a682ff26a5e0da3364b10e33c2acd5b
img,0310,580a88d1769b2af0b2affaa5797ae92a1732ad58a585634646e58bd513a71718
img,0311,4f90d110fa4b1b9606f8ed6cec2d3b26b5f456488fc39cdb4b8e1ca126692641
img,0312,f7415227acc5de6f740b0a40eb0e1ae52d952bb5a1ab3fd71fbb65324a278866
img,0313,4d133fd00f18d4d471bc8b064ae6346a1e2aff3526bb4b83ef95127c9ec9acd8
img,0314,89f728bd672d717aad48093f6374512c9a0839aa1f18e84c2343ffbe1b44e6ba
img,0315,a8ca244370df2aad11ca76c9df8e2b8bc0cd75f7cc81679c562a5cec0439d9bd
img,0316,4fe939b3d88b34298be16bcd448b9776d3c1a81afb5faa12fb74d533817dc92d
img,0317,41a35fbdf3f997fddfa95c2e5a822185d8bab63af3dd313a39a2cc58e8d7daf1
img,0318,32ecfdf80ae1887340a0a9b453ef8ea3269898e667b8b044cd06012077f937eb
img,0319,bc90dcb95b193bb7e7ac7ed9742e8e0c2a76db04b1f67ddac652c59558f52c7c
img,0320,cfd6c256724e9a5ad9044e3c6bcfeec6ed072f19031c1bec075a28068785346d
img,0321,61b58cb6e4ecfe71d0b1722cb2faef6aab6632bb9f8bd026fa93245c31f4656c
img,0322,bcdc711535c5f7b957c0daa380de5ab711c46650359d2d7e16fa64d29a757af6
img,0323,c57046e72f725b184819b59826ce5907128bec9dbfb8e2c827011787e26a82d6
img,0324,06d72c502ad0b91fa4225e24c4e660b06dabf955b4492f9eea420b17067bbf85
img,0325,ab279fbb2c80805e9d42be2423c9f4c132a0a8203af395b3fe2e20cf6e0785ca
img,0326,638223def2c68627214b94addcdf6a84006144cb3765665c3be5ce852918178a
img,0327,665156238fe3d7fa4f85f6a5a49689be938b49a572890bc9827a861194241af8
img,0328,60be2503b921f1c5c543cc5864fba4dc71ca4a5362a81017e2bbb32f67793482
img,0329,063a7df9d3b8dc811d036c8079d1208a00fcd810718190bb294f95767028c3c5
img,0330,0e96b19791152217e45c175c6621a776cdda66319d78d9cd060ee4a57f048d95
img,0331,5b668dbe9446afa8a0be9b7d09bdffe0640abd2050f1eda9e36ca42aa19bd0ec
img,0332,97d98671f54a57e4de79156f87a24ff54a4f001121e24df6b410ee7224fd61ff
img,0333,29f27adb9644a69d6907150eba71845c9571578a9aeaeafe513337407f255821
img,0334,c21b93c5a69f8245a1e5881613d20f246eac922bb8b2295432c0d69ba8856f71
img,0335,450a3a70bc0456af8943fc53f625798a6926a12fbda4229d8314294c5a73025a
img,0336,f3ae679a9c8c378694cba89df99807419c7d3d2d5094c583a9656893de45a4d8
img,0337,0570b106ac423ba17e069fe54b24ab66a1fb9d30ea83c7970f51be1433b86a78
img,0338,a27b03ba4453e097fd9cfb08965c5f5ebd0cf403fb0ae2a134f5885f42556d4f
img,0339,d1bb67d884bf32f46a9eb1322b342d96224a42ed8688f91b7290c201a36fd7a1
img,0340,0558dbbfe63d4b4758c2e4b303cafd159b13f68c79b2a73982143e92fdea8432
img,0341,db3c86ee86f12e0757d8f0940c6eeb2c9a2a56219feb43b2054c5619c10324e9
img,0342,ca97851e6fd816080f32e86d1792d0875f00d5b3b5d4524799e49c60000ae404
img,0343,cd8b4a213d6fef9809bbc6cc43b2fafabc42b5a3cb59450af4f187b51b716e45
img,0344,e0c2b5b0e9416a4a8577aad125043e047d0922f8ec0834258eadfb1fbb94a8c6
img,0345,2991408102c25bc083ec88f077cc79e4eb835057bef7ef64c936b1af37646dac
img,0346,3120ebe51578c4a087b4dca1d6914d9688bc8a604c48a3bb1ba64b3c6d3f31d4
img,0347,67d0ba8262c851e43f30777bb3599e1850595705665de29e5f828f0a727a4d74
img,0348,364b092880aeb544585898185e6a4cdb5ede926c82a6d57614bd74d0a2e4e01b
img,0349,e9bbc94ea7ea5a4d8c6548c699798161ee34b85827325deead137840e50c1d16
img,0350,bbb2670c88a928b283cea7097f18abc2aa1b194bc751ee16faa0464bda8c7353
img,0351,dad7a92d7e7cdf3d1c9e6feb3a4a0ba5b7272c2a8e50834dede856b63607638f
img,0352,2881f95aaba9f18a0b4b5164f6d65989029f81ac49ecc2b2e263b29a3692fb7f
img,0353,e0b70b2a08466f4ee2b800967296682c2b4b52487b48274d58f9b1c140171ee1
img,0354,5b38d8e437df8f5bb06c60b5c7d5b70448a03d1bf99085cf4a51d1d77d3caec1
img,0355,cb0bf35cc791d3923912b4323582a18133a7a0113ea9421d993ca91bffc7a993
img,0356,55ee1b8ce219a6182f30f31a31d66cf19a9d578ac7a26aa3e8c92ec85788b4f6
img,0357,c7b26f32928264d0769ea803e3d3310c860222cd438757cb36a75a92f691055d
img,0358,277f1bb4aa2a67d1e6ea0ddfe012d3772cdd632f7f291b65a87af5655df1afdb
img,0359,8b7869d2b5954e184414f20e8c0b554a281e0863d50f0ba5859172416d8f048c
img,0360,5e31797b7408879a4965084e16cb3229610bb89985dae81ce47636c697a54481
img,0361,e8151c7467111e691d808f69f5d9166ec717176aa991034ac38fad0ca737625a
img,0362,da79c6b73f124eb257752ec255885c1b3b37a6a863d08a71e9a2525d25524c1c
img,0363,a63fc04eb44ff9361bc9ea72252d2a03635f257cf08d39336185498d124b71cb
img,0364,9f73b287750c934b348740f40d478d7a4f124596b55de91ef1546f2ceac274b8
img,0365,b5c84c3315ed61db5c02f668cf9cbeb20f4ccf2e29f1b312d032714863d017e4
img,0366,fa9f079a33b059c7f6b8772d967399f74e538117c8ed14e66ccdfacfbbe68665
img,0367,0a91e89d6a8500a126315fa508969d2b3a5e66fa35db22e16f954c0d181dff3f
img,0368,540c47969a27bb67a1f54945ae5f5db9292a1c9a70c4d3ffd398c601b217b088
img,0369,e72a526f54e7b970319ffad8e5d38dc433fc39e6f4e69f62c5cde1917e879c53
img,0370,bc1001b9963ddce70981f86fe1a70813b0eec454be8ef0c90593a76921533ded
img,0371,18ab3711a244e4c38f2d8616968564f74797100c59342555f1557bdc65b8e3cd
img,0372,dc2bae167f624ac1b4bce6df29a691fdb13907d292667de47d68465dd68b5cd0
img,0373,b70eb2d38b9c5dcdfa9d5e66e40eea0db72b835d43bc6c19fd5bdbb6dc378fa2
img,0374,b805e70e5b9dc409be7896f169aeab463f4a2b1ad3ac54bc88f102b935a4d8be
img,0375,452a3a639eb1318fdc1989ba658e199e8cd33be7575d4275e0c679cf25ae95dd
img,0376,cce87907e5f36b0dccc1bd0b0f23ca92913f2f93aec1b9221ef0645f249efd34
img,0377,37e155b3527b256f88676c3b736726108fbcf12dac1e9f296989233d7378dcca
img,0378,e90fe5af1df56895f655bc2a88fd4cb14bb2a5d1242756879f887aa5bf5e2ee5
img,0379,e16bb39c59e7b3dc6c87d04739f6bbc5372298b77421c0c1d4659a2910076442
img,0380,b4200820ee2083cc2b6598a5faee09a7d414541263bf12a337390f20e6f1cff0
img,0381,255a39ae347b0a341ad0b882031dc93fa928b582975fd01fad5d9b2f90150e5b
img,0382,73103750d097b9d82cd5726f76b52961cdcb8b9c9c099d30692bfb7aa5c1b687
img,0383,61aed8779f593e712e58455e2d87810e3de801fb9d820249167110388e9d6f40
img,0384,d09a5215266e8f44ea42dd5702f07423b67c13ef2932b84b818fcbe4ea490894
img,0385,b095afdd95bf4129cf315e2a48268f1042afa5e72746ac74069f46d9bf79b719
img,0386,78655291e0056f2237e85febc3a97780bfc03edf4136a72dd452a95c38d20f0e
img,0387,f50b0f1df4d367ce63505f7e8b602b9562f185b4d81437c68b8bdd11389a2671
img,0388,1386970ae49d68913b3f01e2af472f18efae3fab995cfe7e9c0973bf51f19fb2
img,0389,3d58c8a9286428b209df0d68bfca7f3ce7b5cca27e054af0c29c32e5a6827afe
img,0390,7617325dc124ab31ec28a5e452adc50bbc812838334653465b4f8a83b7296b5c
img,0391,bef4449d9ac4adec12765eef9c809ab9165ba8da2741b565b33627017ba767ff
img,0392,596de22284c044ceac88438857b74b082929b691852a3a9b0d33ec3105f43a00
img,0393,5a714054fe30315e707ec2c43174dfcfdc0e8662ef9364d5eba527a97d90411d
img,0394,0b89f6848b0315c02f79bc368cb3cfae8c6f313fa65a8e011344994ba7ce958e
img,0395,50ca3a4a8ca55ff59b0f365864fe7961781c27d8e64fc1d313263b5b664efb7a
img,0396,ea57e6298837cf5af86e468aff3a69abe0ac61efc326cc5e49eab17b48a491f9
img,0397,1e0af25140c7aac061536ad36da18f1135a4d94b37e1bafacddc8781bf7b883d
img,0398,82bc05d8dd9bc1d137f210e9a245da46dba22abf76249a5aa10b9665848ac86b
img,0399,ef08aad80a38e28e1554c84fa8e5f561a1df6a567b5f1942eb9b7a9cba0da0a1
img,0400,59230e6ed0813a096cb8dc316b43946cdcaa587f1c175bea805fc1aacebd7e59
img,0401,9e526bd9fa4018268c8c623d8c7977d0dcf5ac62fafe5297ad21f14176ee7873
img,0402,e90bf40ddaf4138a78d389be4fd8054f75fe8ffc685b0772247ff658f525f9c5
img,0403,76f45577366c727b3e87a560996235ff8bfa75d4b21e3d5a2b20a6b52d901094
img,0404,d466fac37db96e49464b07b65526e2ae3aff6f308e3eeaedc39cc27a02f41621
img,0405,8a233bfab9c7dcfa27c4f842dbe89fdaa15e96babfec2601c8042c0f3b63aad1
img,0406,e7dd2dbac3c51c5d5ce4e9ab1e9dae8419a8b3f33eb158f60a6f832d84e8ce09
img,0407,ea7cf29ece5638024bd6f24b16958b225e9533271cfc6cb1fb4267d5ab3c16de
img,0408,5d30080a99ca5254d91150b97db8a2fcbce3876c62872bcdba506bf14fc9368d
img,0409,e2b388774ca8c04ab211169b7b6f19ab5b1ac2c4c1600e084f7c0825eb3e1b5a
img,0410,4e59a15b568029a2cc602cda79c8fce8faa885e9c5543bee694a78dcde27041d
img,0411,06b11c76d1ea929d392d13b86fae3fd958e15422fd87f4dbbb83bacaea1e4b3d
img,0412,c679c7e6d43b7cc8d85d9e7c2cd8b25bda0879c6e77ca1ce2d91af70ad57e93b
img,0413,3efc2994ed332c753bbea1a7b8320cd71b80b9a0c9fa81248191dd2bc8b26f7e
img,0414,682c00d292edac4e04a55eff6acb2fe5f2b63011dcbc1673e52573b1aa5ed690
img,0415,7fee6121f6fd48b5f7bbd1c1a3eb1c262b54c0f3076567e7912fcc18f70cc8a6
img,0416,9472d29581ab4ad4a09b092564553e927eb958730be3f42cecb0eb7880a3fbb3
img,0417,abb0aaa7bb7729da8b4f321df0d6b11056b31a122c4ec1450d90d33ceee2a6df
img,0418,50765c9279f69a20e99b7c795a36422fdeaecbefd6a8c6b064888195a323a970
img,0419,9ef60d58d04a991539681bae51a852a14b7f97fff269244f98b0be43eae01ff6
img,0420,743117a00842fc08a98502d52a2bdbb5a027a3c45486d80bb6a1be1eaabdefbc
img,0421,814b73aaf846632fbd912ab07d6716cb9346a27b9dcdcbb2cb6bdf5f04c78e2d
img,0422,55c9ecfae37bd87b8617e2f14b41281c1336be9f38e2b48f399b3c76726ff5eb
img,0423,ff2b4f08215ffdb171a4b06c2c0ffef3fa33a51c06d31af8303d52a5a8d02e48
img,0424,17975fe6c46940c1482ce34d7cb74c0383c2c3e2a666b6858bc81fd5056b9f1e
img,0425,d5f0b82eae9241d3e9bf4886e9c07d767d4b523300d191b9fb6fff0a1b0f0ea7
img,0426,4f6d4374852fff6876f61a16ec6a986fae038b6c0909c1089ac93f8733dbe90b
img,0427,7ab801885e6e347728c8c468015646fe03380ccb74744570a6bad39526285a81
img,0428,de426523289132b6c53e0cd4778b4b8f2739156c1908ccb0628d6a5caf17860c
img,0429,d2ee99c7e247cc252fe5fd0b84298c5dde1e0e54da33a8a0051558ff8f00bf4e
img,0430,e8f8b748c92e6b56c353830f09759afd97511e514b1117557f0d0807b2bb50b5
img,0431,dec6f338d26fc62260aeefd27f09e62141ba32baba28e20c371c75a5a8172be2
img,0432,d4fdae7bb17e0df5336ca483d92eaa1f8ddf64fbaaa6fa7e840f7293e914e037
img,0433,e214a9b2d27ee06c37ded2afc92648cf108aa17b0a6c786e216df7575aff1eb3
img,0434,14c5e46ffdcb610c788c69df8c6e6e0837dce3abcf617e2b3962048ca44edfd9
img,0435,3ee799bac585332b76ae092fda9c22c6e688b4f90e0b0315963e68217ffba330
img,0436,15238f7e7370821d493b046d5ee123dc09af8eb75f9c352e3b4465fc11406e5e
img,0437,8aa30b997b1a6cb3f7fd0530aaf9613b78120c82ee4330baf0fee94ef64af2f8
img,0438,332f0edbd78046bee7f067fe0eb42e92854feab698ce9b68abcec2558d814fc8
img,0439,ad59f6c0ff9b0a4f51e00116ddf5e2aaf321222a215679ff570184d6765a836e
img,0440,1f67db2480578c1d1281d4b4a36867b54e6c0a1bc32d06575919ab449679de0b
img,0441,f71b48ef3fa40f19a061316b630496545cf62e4ad2dd780b677e1c8d6b1ebdff
img,0442,72709c336c86981a4bea2e41efa78fad9ccfd9cb5c34c1e68fd5386696adc9f0
img,0443,7ccf8f66676a760219397068dc1aba6d9f0751fc64e9f153eb2efb60d0ed142f
img,0444,f4afd43ed7100904e56a7aad84161237d87af6b2db555dc1211573672efa27ba
img,0445,bf42018913d6d81683457b11c7b6f12b3c8b74245f9fc78e7ad5ac25f44fcf76
img,0446,bb55920aee54c2c1fc2444421c15083a8b148f35dbf98a3fac26a08bd8dc9276
img,0447,ff7e18cad4f1b1aafd28f214378ba91b47a88c17aa18f5181875a7c06a7c582b
img,0448,ec71291e423503b8a1677f5636c788ef2a661b372356757f58e89ed16c9d6b9c
img,0449,f91ad62c330ad6d01776dd7702b260fca62cf9cadc6aaf8f4c68c21b1ec40a58
img,0450,30cbf411e09ae1f4e83374832da3d7c1ae1693f64e734c99bd223428b3b57913
img,0451,5371705984c4cd416bb40210ae1e0e7a83f1efb491186cf3ddd393d023e78270
img,0452,2046ea633ee803636094c08e8ca9f03f6d494e69b2f223f775d2087f02a6936e
img,0453,5b42184540a3bb40aff6b35705ce0fc3fd48c9f6396998c8e06d20e695fbf83c
img,0454,06616234aefd201567faa0aaebf87e1b6af958538df1a4a900411b8a6e7c63af
img,0455,e20573f88f31ce21b073e35d6413ddc2ee56c0520487169f439dc65696c56cf1
img,0456,3cefa1c7659cd5fae296d01ad3485ade66d3b8c677b39d7a7faba4ccbacbf7dc
img,0457,90478112c8f976a5e76667050fcee018690a7e75ceef2ccc190172e7ade11bc9
img,0458,e64598b5dad8a0b90fef718ea26aa4a976cb04a85ab09a396fa392c701b19df5
img,0459,84abf71b7cd55c0fa0c5a43d5d4059617e31c01cd00ae872889c5e7394b0d086
img,0460,9957ed771487be3a6c5a36bb4496826032e17c2d1423fde2735d64817e7d1ce8
img,0461,f0b2a7d56a26f2c884e79baa6c6a4fe44f992f9108ecc4563d9b450c83d12a53
img,0462,029f8ca5803ac0e158b6c4d5934f74c96d398ea26924a7c167faaa8687e9787e
img,0463,e8ec39941fed62eae6212951d592ba849f8c9a57cf2f5fab8367185f160a54b9
img,0464,3e97eaddcf687cd4fcad43b53662b5496743b032dc18c98e9d035aa17edb8992
img,0465,4fde2a52495ea2185fa24e80df9f4f921ad73746630f09f0286e1b42d0a77c8b
img,0466,aef1cb28e59ed273ce1b2b23598c60b170833c9bf8333fda810af85c386af64b
img,0467,5480eac82fbbbc088d97316d35b60978458f0c76dd6d42047752fac9f37e9e58
img,0468,37eb58fc794b087c2a04bceebb0d3602af9135305c9385ab67682b1d6f386649
img,0469,ff93866e2b7ad73cfdabcba6b266b2e4e913e7a995de1c460aa92a39bddba5cf
img,0470,e6ca79337ba61abf57de8868d893a4a0a435e5107a1cc1a6147e19e94c14b5ef
img,0471,7c13f5e578c4b1cab9f113b38af31583c038a2cdb8e03502284efa5126dc67a8
img,0472,4ac0c813c137d16f2847e4c5fccaea7ef4c2b8d69af60451b7887d60a5e58132
img,0473,2aeee453bdd067b9f6aed9717a5e27fd0203a8e8e782af60a65ed717bb8f3acd
img,0474,26b6d5b9f767d9ef113666ab92641bc2daa33dcf13f6e068a2e2aa85578e82e3
img,0475,89f3f9419ba826b5284350c64df9eb1ae664853e126336ec87c026bf8695dd45
img,0476,c6b3be31ccf2fe73c5ce7c3769a982bdb33428bd2b4df251223f9d6aae198a12
img,0477,1443ef87aef99e9ca36984298557ce15c8df573e1bfb3488317a52d917ca0df8
img,0478,6f2ce5c002f1c0fce54a9c327bd5f3e935ccf77d5e70b12af07eb0f20eef2d8e
img,0479,5c7cc0ad2280ec877f72b1575a2100c83b00da5e5d4decb180bda5f585003bee
img,0480,465b6d994e8f55e949d6cb337d27d4deb446f0527ccf64fbc9fdcc13dbcc89b9
img,0481,9735e97c1fbd50af6ef50ee03a29bc676d1e59581ca24ab70caef8b9055ad3a4
img,0482,3b7a17d798efd387deae49ba4b4801674a24fbe4152e397199c56476f9e27229
img,0483,6243fa938f0767d6ecf1fd87d86bf708898367506bf778765dc753522867c7d3
img,0484,a3bd0b16ccdbe442710976d39aabbbb493190eb35e05044a3c872f135f4ef3bb
img,0485,52116a7b289d238cd9411dc83c7584a0831c62f1897e02794124b9e63ea4ad03
img,0486,af3711e7c0742b8473d056349c2a5e799008b19bca81f64a394039aad086f1af
img,0487,413eec7fb2f22c9134036f9255849d85f25ac589a242bff7755ef0a7d434b7c9
img,0488,e25c08a398027d2315e67d9c212f5721782413656b69337a11b891998bbc66f9
img,0489,6b65a885818af75e8bb2693a77ef72a321297c6a6d8b1430408a1d80b5360e37
img,0490,f82d76e050ace6ba88814760b227c1469475ad0bf075efcbda442a54ffc94c76
img,0491,9a700244cd8aab897c8037379cb1669d8a6fe6f0f1787c318e93cd2d40490ef8
img,0492,65086778a014bcd4e91a41e0255f36dc7817296010abebfc0724755870933681
img,0493,52d863868f0a2f49d62ebea5d064bf42b23cd7fb525b69b53aca2e2a2f7d01ee
img,0494,1b38bf9cd05ed0e57ea00f3ad77c2219bd28a71516e9ed78d009dd863d71878b
img,0495,3d55af52e7a8734d49d1c93f1c7c6bdd7903a0e848cd028d01142b59361be7ae
img,0496,cb75cd0f4a8c91f1d7fee6f28629dbd4112dd5379c0e71e5972a2b8f40124313
img,0497,9f2b003942271123414c660d1dacbb7d5b38c9c53c1b445da204ad27688f36f8
img,0498,1ff28cafd9b8a428e41f9ddb31747c245b2ec2bda3306e33b8dad8edf95cdf8a
img,0499,9a22cde1eada7f9b5a992e09dfb5f7e6dd6213086ad59c1e15bf605d45196c14
img,0500,fa253d5a426a4a9422d05dfedb0d731069ed9c6ae9295da62539481bf94303ff
img,0501,1fa4c3e05123e4ff9529850b9e4ab00d3f8b95d15c4b8ce70e92c02891ca3b4d
img,0502,92e32db343c64c059ba205a7d1800562989730a952be34c915c73031ba312ac6
img,0503,4ab09afb146c47d16565b6302a2d14486597f62df31dececde13d87497b25233
img,0504,0d56cc73f2e9db4d3236b6cbdf87f7fe832b5b4d74561ad0a14ba8f9fd244a3d
img,0505,3732b64c1a229554d5c812f73e55dc7b94e4c1ea90b9a2a1a927a5b4ce7389d9
img,0506,c731d7e37cd3c4423d92fc54a614e5e479182952bccdbb0d3c0fc4bcb6181089
img,0507,d8a2272c8c62cafa7eb9f39aeb342cbdb3d671a3f89fe21e835edc32d9b0d2de
img,0508,8b9fb557e994777774f24d8099df6501cf96184b1c06c51e69db0f043624428c
img,0509,a0f1f4cc9807f423f77137a3ea535413cb470979ae79ceee091a5789ad6369b4
img,0510,4373fb645574c1546042b198355563ebd4da202ed8f374840acd8e9abc3cafc2
img,0511,06db6d60d63959ee6a3743056b491083852852646616dff680de7ed08cefa6e1
img,0512,423d0613defa77b8000857554e41fbe9470f2245bf2ad00e9fe681429b92b1b1
img,0513,c8310701909861695f7e068db82596a3f12203580b3827499d58f6fe97fe8e88
img,0514,9d868da95ae8939c1e6951d54ca1fdb08478893ba3480fc704bf541094b8ab60
img,0515,57f52190d759d283f01e2afbf6c692a2767801bc57d248cf7cefd1c39c910718
img,0516,bcd045adeaffe8a4eb99ca8c143211f9e23110979dc2d6fa9f57cbc18b305f75
img,0517,16924c8d6302224472ef884867589aadc24d0c32916213d975dc58aa3859a02a
img,0518,94ab47c29b4080e4901f8f715f37b68aef6005108409d8acc5efedbc61932b60
img,0519,76bbb6d2f22c0012bfa1a710a8dd5c3347aba49ef4cce8803819d12dd0501419
img,0520,c3b9e19ebd3b72f7112749911b1852296ecede5a7adfa6e9fda93095672f0f6a
img,0521,305a00d3e43e99085c320479a77bd7bde497bd4b8cb53ef527c47b20b7721861
img,0522,778950983181ceece8c4c706b7ec651408134757c63367aed386d3a4704e73ca
img,0523,94b6c665d74738f87461049c3ea4974b6639b8a4e50f5bb331568c2ff189bffe
img,0524,64f3e36a68ab28dcf252f8675a34ca2ac20b55f5e34483ab719b4f0759729cb1
img,0525,ce056bcc352f63a7137bf97822f47cb05355bf2c4e5b6f8c0aac12a803871a47
img,0526,8b4094ebb05335c192d299b904ffd8209d83289be10e3f09038f16b3e8ba1f8c
img,0527,edc77260342f5624d528dcbb264f0f6c763776c552ae85bc851e7b31c60790c6
img,0528,f4a451cccc531ec174847696534026bb08cb54609fdec50358a7d2d8d8abf070
img,0529,e788631cd0c20dd154ffa7fb7e7f44bf89750048943e652b9557dcc51d49f128
img,0530,198082be2d619e9d4c9f82c844db88589eb6c8a5ba4477e931c8e52dfc0c16f2
img,0531,ee438502e2db49f3dba54228601cce859a7717fe57a4863f731f31de16c9bf6b
img,0532,f04f3dbdcb7744530b9b4e6bd878c246901c2a81bca4b2d18732d10457819b6b
img,0533,6e1dc6226a84d9923b480791b0facf6c5c6bab731445375d4d404e1af8896915
img,0534,43d79fd4e8f2f60d5220b89e3065577427be24d0466ea19576eb976bb8daad6c
img,0535,96d5d7d4ee1d51b38c39c942aacc19ab04c77c883dfbf4b2bf75a9fb4b698927
img,0536,7cf7c378ab33a8fac51a0d5a5d18a0fe6f76a919f75e4a67b4143e0f2ba90390
img,0537,7f25e329a37d698c71a242a3fe0c2fc3f93db2ea7c86ba115e0898bf6a37f9de
img,0538,159565acb32098f01ff3375effc10d9e672543efd35a87457810cb02a5ccd9f5
img,0539,212e50d83c5ea560bf1a1fe638bb805014f50caea603d0cdf48ba13b9290a28a
img,0540,0adfbc38bfcdefc1c53de0423972c8dc58f238923a02c01df917f436adbc9a9c
img,0541,553745a88e4e5d0a5d85cb475bff8c0ddcc4c2b07d82e01e6327e596f29cd213
img,0542,4175a7d079fe61fabc6458f6948af425e465e217f9bba88be1a1f0151ed3da70
img,0543,900ecba16eaef20bf541c0a08c8905b1820c7474591f1ce11ef710af11ac08a5
img,0544,389afe52fb147c72040763ea89a2194a01e7cb78fffe7dfa55dba3ac138faf6c
img,0545,e178c71455e40977cec8488dd58b5c0ec04dfb3323134cbb7667aa2f99739b81
img,0546,58825ba52a55c188ee47ebd5e36d2986d9facdddfff2e937851deb0f5869d1c3
img,0547,41de5e173f26fecb34b3ac231b1a282d3c1e160844583f7b29e25e1faa0fc63b
img,0548,7325a372160548cf300562945b58cf7876f4fc7155f898f2ca2f066010a88743
img,0549,c1398c36014a82b6e0b833ba117a93b50862e0922fbffef1f1aa71d8e0e6da7a
img,0550,25e0c09ebb60c50ded83121ed8e071c91347eeaa784f140cced126721789932a
img,0551,a179375a5efa6bf96219ca2bdf60eab915423022d23f074e6d90551869d16a2d
img,0552,1768b7191df9230f94a6dd63ff42f0c3e74fb840e8ed156125c762c01c8e90f2
img,0553,f1cda1d641f57301100c2cd35aa6ef8c0f5b037b6614935dd5cf856bb56cbcf5
img,0554,b6827febeae916f767cdbdc2499b5a83d4e8aff8ac07a5c488e60097e04af054
img,0555,3324ab831de78e8483dff837cfbbfaecbb2b681ecffea4f46b7e618b7419415a
img,0556,4da53b49b3c153288e31970816d49a0dbe11053a7ea4d8f6a20d4791900fa488
img,0557,5a47e04e207b87024f9b13081f71ade02a26bda1418611c6ea2f8d504ec2e3d6
img,0558,a92a3fe97feae345e99395b2a6a58b02f6761ca3d5187c3f4429256c521c6b62
img,0559,6c69105e48e796fd8c583bd48ed60610f4761aa91b3bb74ec5927c8979ba3c20
img,0560,f671e93fc4d5b9df016b9ded88e4df1b4463ffd9f01e2f96e82dd38e4f903fc1
img,0561,3e4e543913f0f9166b8b3a465295d6361cf6f7f56e637ef11e4e1a1272be5294
img,0562,3ef970fae6de5dcdddd3c64fda758b58f44d26ffe64f7dbeab4d142f17cae5c5
img,0563,1a2a7d8b1f9f73e383f8f95b1b8aeb41dc971b0fc9731ba5be2207e63d3ffe83
img,0564,e4a16c585eeebe9105dfb4643ed818d6426d3be439255d68ddfb27a923b507c8
img,0565,b32eb0d4f89c2602da039977ffbbbf9eff7b265cf188a665817504e9ffd0643c
img,0566,2b80850fe98230df56329d53eb445f9741e9c30f28a168745bf75b0aa73cd926
img,0567,53daa28dc95a253afe52bf3c830b06654068be366efde52e09629519c5eac770
img,0568,fe3d670b9eaad6c3d23d89a0c7a9c3471c8ba073bd471c0d59ce53c59f0fc531
img,0569,8729099c1dd3d9e2f10f7ced83023832b2bc5da42b65daf17f2d086fc07cc67d
img,0570,f4856eb9cb33544345e984911974fd1cbf4238c003e84fad52e3a681566d0118
img,0571,c6f8b2bd0c8d4318555c112a76c7f8d09cd142f44c8f4bebdda78722a693b5ea
img,0572,cab8ca92b753b542db50e3a5c4cbbe00ee6a24fa6b0234af52d38a64fc413255
img,0573,8de89453e4c2d689b6b23ded75093c166287e7e924bf02f58ac73c30cd9c7c2e
img,0574,79d8454d45055448317b6c68a87c1be8f356356e521e6d79d9ec7a98e3c92a6b
img,0575,15ca5dc1bac66f3a73d0ec649aa49bca3d17c99574fd659b9008b8f9890141e0
img,0576,63b37e3cd1851346253fc64753871055453e98d687a99e499fccd886b8de4dba
img,0577,d3c3f0c6f34a5a572bdcc29d32ca5ba5c391d4bf6e9348d2ae233ff8484e0121
img,0578,0a33e8289a9e5f3bf6f61ea5b0d4bbd9d307d6f94f2fe85fe65c099ac625aac0
img,0579,10512e1e5803b8a86c958b70b8e714bdff54173b3cfe9f9e9a7db25940125b9c
img,0580,4f8a405224470e673f91f1ee6655b973f92829a6786ab30d8927ef794bf9dd90
img,0581,eeb397e94b317830fa52fab809c9703c240293090ae772712101482a090576bd
img,0582,d95c4903782fe6766391fc59a2aa7e2b5097a862a3dc7a9cd093d978a3c7f3c1
img,0583,e9f73fc1f2a5a6ac551678d472e5d91d213eef3ca7a83eeaef286cc395e58ba1
img,0584,ae36bbdb411c907d3f2fff9fa7aa24cf2369dc18cf27ad142b9d8f30ccce3396
img,0585,61cd6253d5ace1a9c9d9871e519b7f7bfc1b5172266743a1dadb63ac0bcabf66
img,0586,fc2e120649d518859fc808caf6cf52b3c28c091d91d810c4147c417bd0248236
img,0587,7e5101d1a29487e58de8f2f8d8c07d6a4e145e51b7535edeb94529ca35e0443f
img,0588,e3016beb05d70ca97bbf0fca621835a8a3e7f7a6091d23dd8ce69d6886047a8d
img,0589,7a85accc994b8ae2c912eef81f75ed78273d98643e4fa235fa251c14c37a7140
img,0590,2a90f33f9fa0641fb9066e2dd305e6f7f96a398e3f7a229ba0db2120ae1ded2f
img,0591,325bb47123cbb45312a7ddabc208050d73e1739a9be45f1c1dcc3423b24d6209
img,0592,72fe206e5158b3d5d9938f7f15f4ca9217f45d757c1b1668516d44c13487982d
img,0593,bc1d3d0b98ecff92232cd2acaee080dfbd22f91064a9777b9b2950ff7b845407
img,0594,d205bc939c2c5b5ba0a59d230bb053a659186d2eea20da3032e62417f23caaab
img,0595,3f251cb2df3cf856c531ed6b1819745bc8c991414219ebff25f25ad0dea6be4c
img,0596,6082eead42538b7842bbc452af589e18792233290ce369b29ab12725e04aee4f
img,0597,78cece49ea2ee048f01fd49478effd9a6a84f19fa0925a354863f138cdb86601
img,0598,81e0f526c7a64d4e1f142ef0da9d560f274216ebdd7684a210f835252511a543
img,0599,40e7642beb7d0eb02ad871cfdb757af33f20a9e2111693ae39169508fc61d245
img,0600,b010786466335a9d86a972234910dc24d9ea391bc4d87a83520de7a6364cba51
img,0601,6274387a9f54a3029aeee983535fafa239c8af49a827033992f855a56f29c848
img,0602,85e6d67bdf6daeb6707318e3ba6f9d5e56bea83e668d444c56ba9da8fd118fec
img,0603,6ff04018fd20740c95da751fbbe3b8ca0a9915b9d8f26335a11ff7a9822059e4
img,0604,2880f7e4d1e58e4e255c581c73314525e81de130efe0712663b6ae4941a5e022
img,0605,f4d22835a8c90b2e732fea4e21de3f7861a74ad4823836ddfb3f30ddea2b7066
img,0606,69995bdea23cf8c843e832e14dbe5031fd722ff26a9caac02aa79ab7f69fe12b
img,0607,f3275dce6ec8c299532eb12c8bbac07e3bb0459a599790a7097007a9ee1b30f8
img,0608,692c3ff97f8bd240e26b3ea639cab8b99db5e7c5ad528a242afb64aab8eaa0c6
img,0609,388eba61f4c7c6cc23c0bcd8240aff2615f0d89671cb16a643fa80902bc93111
img,0610,5eb22b9531ce22a92d0cdb36951ad78e58626e8c48520cd59feeaca33891162d
img,0611,838887ae237d8b22d04017c0e83a5007d9066251847179eafd44d2dfa9b8b4ad
img,0612,2b616deb4dd9c15002500aad06d9e8e35b947b4b79cae1e92d2f0828ab1d4539
img,0613,a82646de4feda7e92ee0633fd905fb665f2d47fa402a8e43259f825a5ab5bdb4
img,0614,8ba20dc2a7f2a5e0d4594e3517c5e232a3b94c4cd535fa146a5958ba0d51cfa5
img,0615,d6152eb06738284072e8a5aa6a051690a094761b5215a7b4de7b69727f5a8f2e
img,0616,e9fa6a6978a9917a564489e50956a014312479db331611ae1758a15d33392b6d
img,0617,3182d980e49eae793ee5d23c02ecec4b98615b32b21c6cd8da09966a56c8794e
img,0618,48c9e03e1466fdeddb7f956225ff9c4ca6fd7e5f6da553fd80ac86fb6a379cbf
img,0619,f2bc7450cb81616d19206a701454ac6762923c347e7b31cfc328168472356b66
img,0620,a404b50c12b9e170460983a4178ce4897e011ca152d4c4bd3de7d84bff4c7446
img,0621,daf350d36019bf9ac5274a397caadb66428aa1c6a103a3ecb3d7f442abd8e705
img,0622,782ec252ebc75f91368ec0de390ce969d2eb6d67081f0598bf54ebc8366ad0bc
img,0623,9ed78a1ba89afc6fbc8ba8cd4c2b5aec86f33c718de2d6cb3be6a940103b4e14
img,0624,54ab910d79b78237b3c595719a9ca572665a8357bb935bcb835970791e6e52f3
img,0625,bd37637e2f62b759f66c0aa7d004af32d880bd2538ea9faa385cc6474d162245
img,0626,e4036c3ac375eb1e92cc0ac69bf12a7ef7b1164c748723b68956cfe92c45c3bf
img,0627,5c0ee4aeb3b716eae04bf7497fdba84e993038d281784b7097699208cf5288ca
img,0628,7926df083c6238926d86150e35330af0626739e17cc831a930a1c67136563a5c
img,0629,9a8c47caa1b44e037e373101620a974632f281d4a486b3d50be6c62d6763e9ba
img,0630,e4f9d16db6ab10b16c6c84822609ed7f993ba34891a4f5e31709e54ca5ce811f
img,0631,7565bef37da40ecaca367eba119435bfd954c3376f824843cd9db0aebf120193
img,0632,1738f5ca9d562fba23eaa68b242ac0c26b7a07631693d2ac2c6b576bd847b29e
img,0633,aa11a88ebc4a1379bcb892c123bd77572de1ba2173fcece93faf4351ff8a56b1
img,0634,a92ac72f7d1a445ff4ecf4f9ebb83620f55ed2ad754504213e29d396d665f852
img,0635,3e98ef1a7001375b7f704614922b3b1230da28dfa01cda8f1a018a7bad97f087
img,0636,058c5d37569a26575a1f530ab1568a300a4fcd9d44e865cb1a83a08f193f5c41
img,0637,4416e5b3299ccb8afc806b202cf30243fb7172a5b9606aba395cec6fe31124a5
img,0638,2002fe5d280495cd71968e59d3942c68aa75a80e9e9bb74ba87fd8fee2c9a707
img,0639,964431b819e487c466c164ed509255e4b7ee9d8b10452b66c37622058d2859f1
img,0640,cbb64d0e7a7f247560ddada0b85bea7a0e5f4b4044364c485de91071d5941f41
img,0641,a675a428190724796a0187871aea0443bbaf07be7c9831e0a3a2b393ec4d7ee3
img,0642,916aeed25aa76929fc56018b32b709e7e4245501ff88dae9c61cc7a356915737
img,0643,3dca6c94229f94cd5acd81102773fb1cf2b216bea5b55414d48d0e349e465af4
img,0644,1dd39fa43ddd1ab15108b046c9936b928d83b9aa2806c6037969d90b84471625
img,0645,3fa698edd88d0958a606b10216808a1a43a6eb88c51b1f20debc30841f6b2288
img,0646,de951d6dd3892c555b87d5ca2c42b1d06c9f739e7ed5b3312ff4ae3f54d3d14d
img,0647,ac12f1b6a7088f4d575c30834136488fd45cf18d62d08df88925b26bacd0fc30
img,0648,98a07a98ba13123bd9c2cfee0488175bfab78171612e6813ea669a6ae1035ef9
img,0649,4700c61c52c6f42822daf195fb688c9771168a0f67161113521f3f41a4d1ead7
img,0650,aaacb39e1b26a7a6120809f6e7ace1cc0788b50d7b589e6868538e0a4d299ece
img,0651,4a3acb39199d64220e4af82ff84e391149d86e4619524ebcab9a178abcc88667
img,0652,b079267900e61f47aabdf285305a47dce72b23e2e7f1e3af8f1083fba2d0ada7
img,0653,b3c1c7ffb418ce397099be1644a18b3a7602db70b50fbde232119109e73b975a
img,0654,3a1a3005bd157629ee1ba64bf528d91014a7b88356f27b407368b23179f39945
img,0655,843eaee9c2a7eb7c0a0ba3823cab720bf3953328a39a3b0f3a7b6c9f5697da1c
img,0656,f05248332ddf4de1f4ae9bd816fef439df49e737bc7d6ca5e2fd81f5769ac6a2
img,0657,fec2c1f13b6211b00204512e9ffe897f961b693d4b370d4edb36dfed299464c9
img,0658,dc6ab11e3e2132e236c677411ac2951d758dd5c3b2cfe3e4e99674b6347c44bd
img,0659,b00d16b0306085434fc2e81a1ebea5719e96b67ea9b1b40dcdfd860ceb61fb77
img,0660,7a8abe933a5133509e154dab26b875995be029a851bd512b566838383cf6e4db
img,0661,058a00fc6d3a0a997d8a283b7fb0f1dbfeb2a25c4a8acc33c15588795bb099fe
img,0662,220d985839cb5c3d89199d8f210117d51dfc7f87bd21b49b9df90d020ed1cf14
img,0663,5faa234fcf3ddbee7bf605323f2352f26376eb60c86b6ee4304df14d5d600ffd
img,0664,86e129fb5e23853529fafa8075a02be43b65d1a21af8056c4336574ebd4fee1b
img,0665,18d45d1762dd7bc7774b2b958d37505112bfc0a334f2c3337a58f00389166828
img,0666,6706e33a33ad7e69ff2f4a754d20f314235a212ae3fde54ed286e89ca2915585
img,0667,0f5426133c3f1575c6f69a749b8adaf40fcb42e44bc7584e96edadce3a331573
img,0668,5f24557f657fb09e636028c621d0acd7d0ec401624802a9464cafefddf8489b3
img,0669,243062b3d4db44adce82ccb7ca8e726ab624bd93413410cee4b47b2c2db31e4c
img,0670,d24e798646439e1ba8de95101a5da1a2ad073c4fe5c734a2557a648fe0bb454f
img,0671,d30f37541762dbe81534bf0a67b3ccb9f6493f73d631d5b094fb2fff0311cf81
img,0672,e6e9f37d8e3ae660c00e9fc6d962d123f5ac8146f821750e25a29b68cff067e0
img,0673,8f2176f122d045fb375c695cf18facdbf852b8815a53a621c9f5c611cadc95c3
img,0674,1e9906ceddc05ef2954328de2d90f14b2387850673b66ea9923f6cf093b22881
img,0675,887789b67ba3b6d93133c3660f203e084ebd52fb378df864c2042c7636b0aa53
img,0676,5921aff69f95d1121173231350924b801b9de935cacdb51edf99d6bf092fd098
img,0677,99bd4c5b5d7c44ec9a687eaf3c29776eb3ed1e4641922126ca96d0e69a592d43
img,0678,7c6458ecb28c09e3b9d87d116664e3b33a07e281564e416a87d1e6275156d138
img,0679,8b9086180527bf34c70e4541c605dfe8d1a9ec9a770299d243a1bbf2dd21ae85
img,0680,2214730d466570c13a5070612210c541f522217ef40eb027923cf9f0bc750a61
img,0681,1fe41dec88ccaf75d509ab7faca546d5ba4dd12da78b59fb494b65d080208fb6
img,0682,28585c0c8245bb4b083d7dcfb1be030abe3525b2e71fe085da342598b290c2f9
img,0683,ac2ab0f8e7229fcc334d67791443d4a6d4eb44f713c3e8a22dea38c1f347d5f1
img,0684,af533747b59bd2947c627782449700fd0f52abca639a8e6b09b3354cda0f5164
img,0685,4c5662fe1a8869ab65cba69cf575a190d120dd0172fe0378b2e4e8cfc6e0da71
img,0686,4ad5e6fa6968f5966e9455f668f7dd9f36469f45892230b24fb473f4596b7a59
img,0687,de6ba9d4a1157f372c4cb5db7d80256d01bb01157179b737c0750210fb48f63a
img,0688,0b0c7246c1923d4816203f29f794ac30178e985f0ac174830e2bc57d28d3897f
img,0689,51507f731d3341ab01a063a23eb659e2024518e217bdd9d485c8b6bce57d1840
img,0690,37706e7c24de9bf60a94844796ab8d0a4af783a1ef75f8f5356eec7db3fcd4c3
img,0691,f69095810c5fbddca75419080f6c5d8f0a0260bb6e60cbf329d4220dbdbf4d3f
img,0692,43d7463b8a4849196381f360193b971a22d5d1a00cffaadea27ce57383e75595
img,0693,7b912ff54a3851fd12bdcc94b682d1f38eef408c07061c207f83cfa3f13a3106
img,0694,c608e3abaf74114089610a60ae40dfa421543eaf7a7bc3e7db7f45c3688404e0
img,0695,71a631ffb5564b8d1bb4b5a724e38912dbd6eb37d1d973373bc551ad87ab8824
img,0696,8660985562cd611daa635c98ab09f78f52173c826c8826d0ae7b04f7d2550751
img,0697,5de0c4e5ceeea13b24bc8b2eecc7d63bd530dfed1568ee9acd81a107102e7175
img,0698,bb924dc5f5ce1473f50ed1dbc56a6458335ef737a65a31253b5e1226d000336d
img,0699,5c33a16c84d96ce9bcca92b2afb5500606005b7269da2a14bb1694bbd6eb48fe
img,0700,c0404e9486344249a87a10b62971680e3cd51d7113151eb171903754d59e55b2
img,0701,e9abeab4fabd8f6d8105400e38f4de571d5eaed35df3adb81885ce3cf528f689
img,0702,e2b5a4edd8d0b7172e82cc74c2bdfc8cf3f5f378e4ee2a8d085242d4f57e7e77
img,0703,70320893b613923f9091a1163c18143fe79753ad8dfe224098ed2c75e930fed5
img,0704,efdee262f372512aa342ab4f4ec494cb00aebeac42492717fec2c95b96815944
img,0705,0eb0035fd13d5929cbd2529ba2b1e1155f94f0287a8db85ad26996e5969b381f
img,0706,d2b1e89fd3b9ae8d00779f44f797fd7838ba021e171cfc14b33aa6fec4dca5c6
img,0707,13b163e24eb174e3034b281b021823d5eb45dbd41b86aab613ae14798c9fc5d0
img,0708,f53c1eca056656370f1a71ce87839ec61e421a01ee20d19fcf915160a53a706b
img,0709,378876a00bac809f70f9930588bd9b9de67de97a5e02db74adeeb5a36d2da955
img,0710,b28db1057d5687e41506d9208a7cfed0126327703cd57a9eef8242ab94cadee6
img,0711,f3fd845deec80982263cbf8600fc2d418593897939a0ce6f9cc2621fa9860ca9
img,0712,2a29a8854a61dc093070a7718aa1230242da432ed0991bcce28f19978ade82cc
img,0713,9a0d5113e15934cc8028a170882366e20d22a11d6a702270ea5ad9ab94de6c48
img,0714,47715cb8cc5eb04cb006a559221b8560eac2772be99a625ed8e835660ce7e2ba
img,0715,04fdcd2414b8ff1c9c639dd40420a44a9a3d8af3e363cf35cbff8e768aa433c5
img,0716,1599dc7f6aa5e81155322d79718d51e46a99509a474582c697d9841ebaa990e5
img,0717,b99ec4de14c9eaad823c03c7ae959bfa4e23bf72d0cffc5058f79d7f131a7dfa
img,0718,0d4b57387a6ff3a79c9a2da64b64e9a2a2d5e8da141f0b6fb778644567b6d868
img,0719,d7ed1ea5f3bdac1a0406078b704212e2bb2476007ec8cb34329fca2ea1e45e88
img,0720,23a95766fceacd1f46b7429948c4efd5f23fc42e688986f29a6ec732874a978c
img,0721,ca875a6b2e045edd61ee3129b11b1ccad863a7c3dbccd0bb7654fbc467274986
img,0722,c0d17db255967f6d5caa28074bfd03ee901b630567c407374895c3b66f7442a1
img,0723,2ae60ed19317e26eb66dc916e56aee24aa50bef559f84b6539608ca343ca1592
img,0724,2f2bbf3b6d4b87efb6d5176ca42cd3d63dbae2e68b6b7f7f4ccc8d9a2fb38af7
img,0725,16e80165446dc2885ff89155de011e84edc7cdae40be16f14e5cc6a88cb095cc
img,0726,890f8d9ea93cc8bb5a686951aaa192f91c1a110a66e49082ea07e211438ff8d8
img,0727,dbf23a4bc8859ca1c12f2b6c8e9bee01ccd245fc6534ec460b26a9bcc7b8bf41
img,0728,24f3d85f322084428c7cd8dd34a5fa4461877839cd1d9ed2aecc8c180c84a09e
img,0729,f5ca1e7329d3cff3649eb256552b11e35ac89652874c79942c9bc59c7d0c2508
img,0730,be598a3ecf0a78e2906096c5ac9d2eeb7b872cbb6459bbec4aeee33b54a1f00f
img,0731,b15c55429d1f3bac408b52b20f53e76470033a760fc839826750460f2d5f4c6e
img,0732,dd3df912078b636386a7e2550a66e9c8506e319e97055e359dbada20972ac139
img,0733,e72028efc1894e64ee18a76d494afc3e4366c831a63bad64c3b4ac597356616c
img,0734,29cbd9f5c2e5935b0f2edfb2983689aa590f66707e7aaae100715d5e5b3d6f32
img,0735,54dd77dbca94aa70a6e3526c0168cc65c685287d4b05c2a00b2cde80ad2cac0f
img,0736,9b8ffaf2f2bb8557bc57134050e366eb264d77c82d61298c117bee38a140e014
img,0737,9344f9c6c9f7ccac7bd964a1b891757552a19dfd51b7e4bcc833f86ce131061f
img,0738,f12a6bfc16215916d3a988592c8bb5f0a7b726fb87ec843735ab0cc2f4b75da4
img,0739,130f6dd11f8c9af452a91a6bd1845b2b942fdd49df9f6e9868f7e153c73f4ec0
img,0740,b12612088182f1ced297957aa5d342d3870f55873978a04769a045aade70240d
img,0741,b7e4033989e33076f7e130ce72318ed9f38ecae7596600980bf6daac224743ba
img,0742,d2c8990e2acaba8e7c656a9b4ae38622656b27003df0f320ce60e6b8dd1e94dc
img,0743,c509baa867999b8f1c7212a2821a1f4df27af5984e440c5426a8e98efa484c79
img,0744,61e652095f5541cf5f83c66de1f6c1ba2f479c8428f486126fc2242fec56039e
img,0745,d913a5cee736b0087a99ef564f74b079d176514fc75d461dd6157b564210da51
img,0746,b790dd654ec6eb0bd7008a2550a2721c3966e82d09f08137c9a8b56f878ec8c3
img,0747,b66ec7355f3e6aef6fa981ad676221df598fc29bcc8869a3303ec51d13af287a
img,0748,8e67c580866b47ddcfedb287eb57fea6b738d321527ce4fa81e509c2cf9112e0
img,0749,cf03c06390bc9de35809449bb3315d219343c567168fcff742f4403395d9ce3a
img,0750,b5e4f0c3527efe2c98993450cf8022b936fc8f192af95155ac38c1db0e706b96
img,0751,0af46f0d8b48076c796fa011be4bf6d08f0d3f25744baa4ac89af2b627174165
img,0752,04a4e639e05c165373bee0d8ca961c1b362a2286823667fa1fd972fc856a8947
img,0753,b2f34f8fc6dd34372570808bf20892176c2641db92db9b9d53b91719d240a2b3
img,0754,ee86e1184681627d83ae4b64e1b0b4199db76d186fbd4080100e1ee0464057c3
img,0755,e241958ea3f475ce179b9896b488e955feddc7e019c4ab3226c602da1c12d5e9
img,0756,d22a8bbe57ac4001e12e0e241f09b22a67c636f7c6c850d4e33a8d697062743a
img,0757,e65474b29c3f883a09a0e0aba336dd0100e2a11c1bf3872332a08eeea9690b10
img,0758,ae6908fc6bd5ed8a2b09057165f4f838dc29f6615ac5c1c6b0ed5917b78dfebc
img,0759,300f073db2b2d70914db368a545cc64ee51ac5fda21bfc1db346f9a5079afc49
img,0760,c7ae2955bd17d36e727c7b2dd7ea6aa88b17f5a6f6d752894a76b256e154cdc0
img,0761,48958d21ff9874ae373c90589b6e9c9b290d8a2a5a3d34597f3968292ba6af90
img,0762,03d0add71b0299b7e2b785505be613bab1852c06df0e2e800d366b95ded45943
img,0763,8c2c4d430eca8014cffd46d1547322b955954fccb5e85c5a84574d6bebe22816
img,0764,ba11c814bf22ac0a4e4f521e80e06c1154b7b5ce7b40d76e34a2251364c97d08
img,0765,3f00bd23fd0c84e627a36b670906c87b3319c7410ab4879bf79c65fc10fa499d
img,0766,c88dd7886689f64dec2d3c4c8614dcf5422432ace1e07f19b28b324f7fd5eb8b
img,0767,cdef9c2696f8483b44a67359b9c8d06af2869c152f41d1f00dfaa17f84fd8165
img,0768,42c2fab06fb043f6d60f6d07f2ffafd1816f438382bf2e9fbcb1153dcab6200e
img,0769,964d5de949e52700778e4f9fc0717b32779f9d366af7c28b41869960f31fa4cd
img,0770,41d1037afb661ee6db9ecce432c2cccf9ecf0ec552fe88899dcd4f5dfc654a63
img,0771,81fb77d4abcdc9748f4786993da1f2c3e0d4f49f1622fb9b2a8c5ef1782d4783
img,0772,84d57d1c879b31f5316026b1995eff4b157676773dde0be58a8997af8e2b754c
img,0773,85a7fbcd337fa7cd423a8f9a9d7fd0970abcdfc9e70d3d7a6cb4e440cbf1767b
img,0774,9ddb9d8dad17704415054803b62945056193fe9c45fa4923ead7e5fae91e4a89
img,0775,8e5844498da24de990ee27b0950997ceb5307f3d5d764188a32ccb2ce884d524
img,0776,d9db27eda09ff78ab2831c3ded81f30fc32221794a331a71dae3b094f1c2c388
img,0777,e3f5742b32de8e0b387210608df687aa43e5e684837634c7aeb7f0642e9dadfe
img,0778,f38fd6bc60eb4fa0bbe94fa5638b282280cf3110207d4147cfc7ca06a01fce47
img,0779,d9446d8c1e626dd75eba75bc83169dbb78d0ef360a6246d4b32b4d5863fb6f68
img,0780,a5ddb0926559d392331dd05da0c0a07fe7db741efc04cb41034c73573c292d62
img,0781,16f5da85fa016060174d05126d458d532a1eeeb5d748ed14f29ce308eb978a1b
img,0782,f71889bc041c370134b023518aab95f2af15ac86ed6c229439c06a12704a9513
img,0783,f5be65f53ae607157e65e90ca2436a582e1781397da8c7377f2e4bb902ae438b
img,0784,3531300a8a876e30df939360f5ce540e564af641463b1098fe20f26a6e6852fd
img,0785,fe41a04f51823c09dca5cc033ced687b730785d20d7439a58d5f85031667780a
img,0786,6f2f8c279ec2783deb5f32d625c0d8ace71e3c609cdc0e4286ca776c333e6a29
img,0787,748c665fa45d564a99cd4fee5498bfdd03915252f66531c2025dd86677a931b3
img,0788,4f09de864038ac78cf50a45c16919dedb7a6c308b21bcea3e23718c1c7f9059d
img,0789,0edd56fbfbf8a90320f6f6cf11839cf072b0a8ab83b27b997039eca7646b452e
img,0790,375c9ec21034018550989be7052140f026a3118a7547c6f7a123c7d676dd4b86
img,0791,08e1b1be4e044b33899e628625dbed5233635b1406d1de866d26625831d22318
img,0792,6fdcca779f6ae483adc2877ca775b5e976013dda62c27360d3dd5b795daedcc1
img,0793,99c194f34b721cc7736c987d4d4f98a86ee55949d8aebb0446d4db333b555e95
img,0794,6345d33307f6c351e7e629b4c774cc5c8bc072c0fc37a68b527ab295b3b2a894
img,0795,54702b354f5cbf0402ad18331156af0d9ed3dd39a0d350eb508fe5178cbbba31
img,0796,a65a003cdcd92c33184e7f3479f855d398a978f733ed0fc951f3cd6d8ee2d436
img,0797,6dcfcf6a2cff9c990c60f3c1bdacee3b4786140c69651d5e4c76b974bdf556c4
img,0798,3c2bd628df30b6eeeae2e1852560cf1ca6a982b298c09818bae6fda99426506e
img,0799,6fa41735c54c16a31d2c5d62b4a4a4e1b84219b22a760156a4515f204b8a97a4
img,0800,160da99af1ef28fcd3f1adbf50f97d108845e38f1eaf3c2892b4285497b44684
img,0801,b0096af85b8be11ece6baf1c1232f9109aaa99120881ea8849c3a81b41a6aa51
img,0802,2882577bf0ed3d70efd6c333a008455dd41db6da23d9756995100d32f17d5261
img,0803,b2f510cd74dabe5f9d2b9481c085df794a56dbe400bfcf075d5219a3464663d4
img,0804,f42cfba42643fde07a3425fdb152aee02b234a8b31554f4efd3914279e95dc92
img,0805,29f66bc157b01af2505ace7c7de313f9d2e9c734d4e4a9959cf25d20962924ca
img,0806,8259e1468aec89bfd334ec27d2c771f7bf3b5a325e04eb66a5c28355d7b45782
img,0807,a12192004256cc2a4410a7dd5ce0b413bfe82348440085900bb96035aeb902ab
img,0808,834c5c97e9d85645039fe6c4a3ec44504accd09f53e6318fe98f076d9b838790
img,0809,9bf015b7fc3d4aff2e040d9323ef030fc1e1c4389e6bcaac1d5772e2ff9b70e4
img,0810,aa10c48d769bab5938d7bafc7b73fbf1529cbe36968cdb41f3bbe119ea1d2366
img,0811,834c5c97e9d85645039fe6c4a3ec44504accd09f53e6318fe98f076d9b838790
img,0812,219f60bdbbf280669c2bd339b21d846eba029a2f665b72528ba61fd54f77c1c3
img,0813,b530698f6cbdc06fbcdc7236394df9fe655de9802daf6986fcf3eb84b4bf86b4
img,0814,a92d24fa16eab65e2ba4e0773091cdf8897647cd86a352c07318a010976d8feb
img,0815,d83519aa5b7027a9bf17304461b8a2f8c0e5d31447b5562e511031c18081aa62
img,0816,a1a4e71018260c2cc3eb1734f89a0a307fd41ca10597c7d46fc3b3323c41eaea
img,0817,254e88b16d695ca87db4edd46df6f9f03bc3e277a9eff2bfaadb841d70a449fd
img,0818,beeb5c5072c4a5f3a0ad36ccd8992015da2885f7b11fe3af75c4e897737eb6ae
img,0819,e1edeca4c4449d71f41c35a0e2b6359a280b7e2ad1e7eb82790b59a6f483dc47
img,0820,7f3303f8dbaf4689e58bba7410a5b7954d5c406fb064ea3006161f818096e10d
img,0821,9ff62614b9d9c6b0c66b524de4c02ef8ca14fc29b5ef29c2c1dd7ce2cd43474c
img,0822,86b64c9e62d23df80da204197131bea64dd0f5ee425c0066030d1e155af5d6ca
img,0823,57fb9b2159cb57c0fc29693e873ae5c2b658f447544538cf493549ade458bb18
img,0824,8ee2654000874e6d9d86cdb4912cb41cd715b11588d9bf310ac29c5fa81ff134
img,0825,dece155ed6df5e029e34f2e876221662f45ca23fafe58cf15584fe38c9d7f720
img,0826,340e7070865573b8e6d03ed49b979d59b16f66b911fc746219d35d3f516e472e
img,0827,85772b63f70638cebedd22727209590d84c9935aa563ee27572a092e34e41231
img,0828,5515d61f9eccc4d506bcd8e676b5f47476b352415453e4174ad3dfc0d6f3c4ec
img,0829,b3d5680a59a21e05408fd237ff01433b06364298c0cae18de4a0036c67f7810c
img,0830,08d646a08972335ff7a4f1f3e577db4322366dfaa51696dd1b003e123708f2e3
img,0831,9dde70b784ef83289107d598766df04b85548840224d7ec7f774eafda7e36f5b
img,0832,2a52eb1fcde9ff2c6bd4796bfe16adf14f5f1df6496bd6af6368d55cd8e705b7
img,0833,42b4bda744e4d8ed040860fb21c5fce573b3b61dd0bdafb7dd7b2ffacba5615b
img,0834,68cccf610fb48083bb882940e9024fa959a9fbbf7e352530aa21512d3cdcdf3e
img,0835,870a0baf3790fe5e81ef56a3cd38a83f278ea7f007e890e29b448d9037a72f9d
img,0836,476c2a48dcfb0bf00190ebe87d5ca7655bbb4c6e3b65ec2e838eaaf87e76bbbb
img,0837,fcb28cda7547bdbb8456163d938f808ae0e04b350d8e0f16277d7665abeca3af
img,0838,74a7d9b62614e7465b3aac9d39a31676bdb4b8825ae2c850c3b7e0e9cc012b2b
img,0839,7d6ab845d3774b1006917da91e4d87f55e326624f6f6a6b825c8137269cdb649
img,0840,f188a3641c37cf32879905ebcab80aed5de74335c93428aa06390a8844a9ea7a
img,0841,2b81562ccb1587a7b2170f738c3109aab81a1f3d116d52db8bb4088eba5e00b1
img,0842,68d07837252f1ba648f10af9b70ffe7dc56f68ace63ce5a033001e211672d13b
img,0843,81b7e607748db2c00da3f120a21184d736652f07b3ae8ded47cadda3b7217870
img,0844,08d252505662725dfceff9ee1a269266da3d9c44e5b53eda48d18a04b46435ac
img,0845,0f765e2c9ed717e624dbfe5fb0f0603108b325ccf7e8ec34af8ed5b5a95b3f65
img,0846,0b1e50700ee1264b036740a0ff999a2b96bba82b3675071aea453129e3475452
img,0847,b011d72b204d0faeb3784eeb7a98f6d58a9aaf0cf4525ee4936df477c5b69a5a
img,0848,626ad0fa719020ae6a5fd31978f7bba0b614cb5b995b1fb3d9a74532f7dd949c
img,0849,ec7e97a9c296d511ed3683e4f2910148238e2d473f5268d82adc3d360b514f19
img,0850,9b1109a8c20d19768b6426098ce31aa3b8e71a5bfb8c1da349c6633f5a1f051d
img,0851,201702f3582cdcb1a1156a753ee86cbda57cb367004f97a2b0ededa1121434bf
img,0852,2b3b5b91b4fdd738a56fac18f707e42eecb937cb18e53f7248464cd1de652407
img,0853,14f1612f5833d2c2e9741dbc9221df83c55aa6cd453cbd97ff6f3d8732121d08
img,0854,8bd2a910c1d86d75d8d81835733dd75347ce808b34339357c96c22aa3311535a
img,0855,e827d8603880408cf791e19940d7775ad4c97ac23cc42fad45ea916f6f3aab9c
img,0856,72f8a1e44ccbd0f4cdfc7103436ad83a6b803267915ea211e2d16e2b69b2e656
img,0857,c9074ccabe4b944a9e1f90023035591a29a4054d6ab96a4fa9bb1c96f2875c2f
img,0858,7dd8712d20bd0f986cb0dcaaa5b031f28fff71cfec1bac8898434f9a2abce147
img,0859,61bda8d4da393d13031ac36be131ccf96a1b4ead58b908b27bf1f5152455a7fa
img,0860,c77eda34b1263c3b1f7417d75bbfec77b7510dce9a7b9bbdf4e6a7a8311dad9a
img,0861,190f4f03ec8e23086e99e7d5d7b37d30639c858108cffe253b48842e212a1caf
img,0862,af641fc0fc96b748689935b3a4d7897ebabf4f3aaac841aa99e438542fc55c87
img,0863,d0e669bf69c7b83b9495a6655bb5b3643eef8e2a145e68b33b8ea0d2877f1d0a
img,0864,750304823f6b17ec53ddae60a4be8bac8e5379bc4f8fcd33566f0c73ecf58564
img,0865,ffd657e4adf84771b4a6414b2e986facdbee5fe590ab39fb650b7d4a89a9f50f
img,0866,775dc66cecc12c8e2201fdbdeb95df3af7cba317c0f7d194de3e3ddc33bc3e22
img,0867,9eb6c300f611f66b0b5aa6d75c7a2ccadcf180e507e87fc1ea9db3bd16c23d95
img,0868,f5e5ad21c7a944ac6b34fa1b4fa203b15220886e2ad761856b10bd9ec1788f2a
img,0869,9f23b713332a8f0d51db2d4cc478b7f4649c9d3557e64c152bb435a5963f30d3
img,0870,9a77c74cda1b3161108c4c678a6bf1a8211f03c7973d1c16f8161605d9be9c5f
img,0871,d0174002d6631de2b4f1bc851c96608f7304823f9ab80f31c69e453ae33fedbf
img,0872,c0273f86225026b558ed389d0758fcebfce2f2e88e2694bee6281d08bc25fede
img,0873,90639fc068dd7e16f98bf201cb5c4f6d377659ee714c44d8d3d076baf1890ae7
img,0874,b0040e1ce724d5db08702b1b618884a3a84752787436d94cd527ac28e694530d
img,0875,678f70f5c7848a36ab822307551d63fa55ad7810afa387a728f8416eb5d0c9f0
img,0876,b3f3182122e9f5d723e0f5da4a182e53c71a35c1abc2cfb67898a8f1371668b2
img,0877,ecc32d82251ae53590bc3c578f76360b9c41fa3ff98018bbfabf7238290929d7
img,0878,831cac9bf54e91bb12af0a0086d93230f7bd767e1b6a50d5dc7e2486e193ec11
img,0879,f9dc95d0aa8a96dc0e86a5da850c7b6670fcb8bf9ecfb76df4a770d6b6a0a357
img,0880,585d8618f965d49d0fbef357fef7d1bd3c20558873b53df6d83653d66b7573de
img,0881,190cc7f7cedff200672822e5317aba75007cdc70d30c4b1ec16cdfac1b29de4f
img,0882,87596e6820d624e92b52346d31b9e2bb178567d7274ee6edd6fcf933a6362cbc
img,0883,e95e2237561da469e591bb729eb0a24da74f4f0eeb5e1e99b99f42e384d6dbff
img,0884,b0752321a8dedcd372ef627e1d559162c57497741cf1d6ec3241668fb2441272
img,0885,5f03fbcef52038b5da7d25b290c225328c9003be1d965ce8f9f558a91fe218f9
img,0886,79ead53d20f691a3d3bac8f74ebfcb692d77b282b1554e346fd2eec0235cd295
img,0887,0a0e8f611384f0b54b16de2e06649e7c6b7b8e6dc5c9a3c778b420cd44922e13
img,0888,be98b48915047cc002a024264e12bc5adfed45d5d1ea2815d1c58659e6219643
img,0889,2b177a59604544e19b5647e1cb0be05869e2b4d68a0a7b4bcef650dc05c141de
img,0890,5635ec5abc44be4eb042e42ae8c8b69fbc591501470785c1c4dd049c9aa736a9
img,0891,9ed4d263bad4d9da3c4f4a5b4fc1c96e6127eeca44d960954eb07d62d00c562c
img,0892,f04faf7e3b4121613eb200db09aa6c50b0c65f2743ef7d090a57d4d3b05098ed
img,0893,e232ad3dd304d37fd1d7bd134cfc420a663ca4050ced80ad35cb268d3d06680c
img,0894,58e326c3a70e9e53489e2e918e06ea070a994c1accb164c73629091c3e43e358
img,0895,f232625245f62f76403d84d16fca211c232679315a67678e772aa3eccd2e02a0
img,0896,8c9e95495123739c0a57e65b41f7beedc7602ca3282fb1137b552942071fa3b7
img,0897,bd312bd359bc4221e1200f843d7bed2fbc344c78a7096af48c2e604aee7b32f0
img,0898,fced40ae4dacb00a654f1b29af41bf48e6e5f5ab3154b0f30dcce84f12121e5e
img,0899,f8ad7d77d4a30b4eb3616d0181466474381552d81659a843f14e47293623e1b1
img,0900,82ccd0f60974e56f95fcd9d2f7f17bd7b76139e1b10339d97168923bb2c3be06
img,0901,02b91db95cf6d77de2898620d05c5c955628c5711d9b30b7e5d7904f64e0d419
img,0902,958db2430276e2ed8e079772be5ecc38ed7f8065ce91c9e0e2a519637e600eb8
img,0903,a41d271d52d4fb851cfde55f0eb8f03389cba24779778ba7147bb3bb3444fe66
img,0904,52171090db5fd890b8087abb995ccf11aa774a3e0761bc3225e7875690566914
img,0905,5e282495e3d590de8e8ee0ed2bd95cb3d0f08f9b37fdeb4e72984a5412347650
img,0906,9c3c3a26d7a479b76e26a93fd3961194b3e40d584304c75477c5f5c4e8aa8678
img,0907,e47120185965a9f93d8c6fb84fb954a506609f97b4096cf63f9689a9e84d24f3
img,0908,a114f3fc486b747988843d4b88df283a2d8e7994112e6648740b7ad87b51c98b
img,0909,273b73e78337b04ec76af4a2d0766400a491fbae496b767411d3c84db1d59121
img,0910,21894cd41fc10d37cf64ed46a2fd673021a53a2ff9b423cf70c1906ea16217eb
img,0911,46eddba5245975cd3b8da64dd6b4271e9887ad07b5e1a6226127ed9137cbcc11
img,0912,f5ade1fc3c132e1c6471d8b1cf1a1ee1c3d545a0f0ae7fb069bb8b7c5df8f2c2
img,0913,6721b1c6bd90233b317aeae227f590873491342b17ca9b40a05bd948da1bb248
img,0914,41b5449cc783f7d88607aae1d883307d58af1ff73b3265808976ea20e18fb6c8
img,0915,12e5c67b95676122ef0f121caca6953e1f37799e95f1dbd174ee187eec20166b
img,0916,13933c2d1acea8d052fb3cedc30cb7d83b0f3f24a32838a8807362b59a58b8aa
img,0917,6f149ad95263f9b2e6ac0cf14096c57db9b947d314c561d84692e78f29ed375a
img,0918,cdf4435b6c3c33f3b41cc59a2e418733ffabab406cfb8aa683f48b883ce368d3
img,0919,728d8f0e31d37f04ea1081d4afc41d1628a28fc8c2698092b8b1238e24361683
img,0920,872d3c8570ab227f06aa87349962222d2e51ad42ab73e47b9a3c90bc9bd96d54
img,0921,78731e6dcb36dc8c06981691839c7555712178697b339d0ede087ee96a894764
img,0922,c8956a2cf6a9c26034d62d69b069f4edbf224532481b9f24077951b4895cd33c
img,0923,74ae45f4316012d4bccbc5a08ca4b95dc335a1a70dc79c05724b42758d4aba23
img,0924,5bd75b48012970e65336b3b665e273c134d3f71ee2e120df9ada9125e1524eb9
img,0925,747e271bb7e10173483179bac660ae908c20ff3949b7cac31b8cd530b6843132
img,0926,b28560ec7bc56d46c8b8a9436870c8983c16c3c051f49b8c5935c3b93d3d9600
img,0927,b9b63b5d295fef4147e50d1887bf4f073848b5ba5f512908a154d4d92c574a7b
img,0928,d08fb6c34ba5cc2f9b99bf907e25368629584d6ab9023d94d7b2cad7c0ece1be
img,0929,8e2db82c90d04f92ffd4ffbbd1f1ba943e74e3ea94adf2a6de9e80c36fd645cf
img,0930,e0a92a5a56f1e224b5aab8b1b325e08c7abbc15c77918f6a44227fdfb5bfd67d
img,0931,5d99ef30debe4064483295beec904bb204e00729bcd4289f2707551060d007ca
img,0932,030104a3b79e66cdda4851c80dfed4c3f01a334cfc8577e27cf2b006cd6129a2
img,0933,ff0b46250874fe0eec14166891401fa577d94e28614660b058a48decdbbe990d
img,0934,25643dc4c6a054153ab2386860ad79ba2d365a35d5c282c3db4dc9d9443f80a9
img,0935,80241f567aea7f0c3b6aa6af61ee59d105523043ab5c2fb391be9f1989d68e75
img,0936,8c6706e07944852694d03b2d86545a478ad39335aa3a818044ea48c05ca0e692
img,0937,aed26eab3143308fa66602aee6ea5e14715a69e1bf46c26d366c2efe25b4a7dd
img,0938,23786dedf639d0c68098b3695d308276e0bdd4bbffcf519650a979c7f8e1019a
img,0939,0cad3e83b468517364bfcd10da2a1cc27df5fb1dff0b9cec963052de802754fc
img,0940,e90cea5f8414e135e8af25de3288adfc51613556a7ec0d6215e82a6e30d05cbe
img,0941,6df67b6349e754a63d26a28add884b90a0cf797cddda121dff1ccf94e2d8cc30
img,0942,e69dfe353c22fbc8105c566010ca2b6770cc8ce6ae007fb3d2b172b78d44aa16
img,0943,616ff9c3bb80269b9afd451b796e3c0063602aa4ca80707729b361e0e2f7f11d
img,0944,87d2dde19d5dc8f29839ab1f1b0c4972e3d32fd2f4a772dc09132b602e3eba0b
img,0945,9708407a31ddb692f7559d1fd57976526b835250d1c30ac56b83bf3dfa649ca6
img,0946,f3e9a6903e611cabbfdcd7af403c61ab4b5b585cdfd4c96f08a92fca94313f3b
img,0947,b3785e15d2755366f53549681bc0e3b36d961bdda2601cb562495e7ff2bb11ab
img,0948,483b11f8d89f8856f54390eacf327a2d8726e3257ca5db46bd1967d65129a38c
img,0949,2e4465aff1ba401b19239aa4619b11e0719550884f233e1251224c322bae0d09
img,0950,81e06e72c05f4cd73a35b5c9a84fd48478f9cc488ac40f9ffecd81941682c06b
img,0951,e0d73807952b9e72b3e0d28359375f31b5b24eefa9f33a6fed6037eaf2330f3e
img,0952,f3591e23ab072949b341896b4b247829ce25a201606317e040957a2680e14499
img,0953,9ffe6bdb98ed804c1af9a3c68019e619ac5893e3c0beb0cd7b81d82e9681f340
img,0954,20ce5b1b50929a409145eae9e9237fa99af21053ee610fa351ca45293cacfe0c
img,0955,d3be329733f06ec846dadebecad33802b317a93d53cf47ecd6205de22dfc0be6
img,0956,ae666991f4912c014a08d6c7f8b1360178d027710c108a3bfed2e55a1182f99e
img,0957,f79badc67a17d2552efd02f3685081988fde9579cca868a64a2f5b4b81ae5031
img,0958,2b933386c393ff85beb7dd10665ad18ea675dfaaaef163510c42016f4be94955
img,0959,c03f36672d85e2113f15cc95632f7dd83dbc106edc5ec3ba8ff2fba8c5f8e694
img,0960,4f3f5989366f8e6be055966b3a420fcda78a5d5b225404beb9246fa2f3ab2c34
img,0961,c49aa3ddb62a4eba93dce4da63a1d19df41489364ada1e151c96ac83cf186d66
img,0962,cdb9a550b7a18919de6889fb73dad9bce729a68b589be42f6535beb47240998f
img,0963,923d4b5980fbc97ee00cdd1e15a35e16e1ea75252238acb8c772c09dad58534d
img,0964,1ce479c7fb3fed80242d61d1c20e647be262e0affdd993a77736e771329dd41c
img,0965,ed7077c8e3cd927e60bbb78f97e5daa53b92b5ec10c80efad282cd6e93fca34c
img,0966,785c9ddc0afaec5d75d40a20181bdc8249894eddbf54d99536b40fd2006bd5ce
img,0967,4358155874729be898f4a6587f7a69426055d668ee610a5d5bc17ff12c5da9b8
img,0968,523a7b0f1eef647f6fbdff31e24578ef97cbfb7024ca169e3f4b1f4bc7f6e915
img,0969,b6a5eb969cb64dfc9d007566686bced8f4f4f8b3fbc697fa170f2c88ee062409
img,0970,f03bae4f63a938ea299527226abaaeb268d2ff0e0f0d1a29bb7c96f8ec21a173
img,0971,5599d8c63f4133eb9a580558e15603927e4462c0cf21e6ce83b2524190e65624
img,0972,d92eec725aa7cd6479a45e6e96447584b8c60c3449fad0d5b9d03a75734296f1
img,0973,1e2b5520db273bfd1fe36b35856291b4b0492ba3bbdd62e8311f1700626ef348
img,0974,60d137d1995e97417f5f1d63a45732287ca3537a4fd129d26487464bbd0cbb40
img,0975,eaef8ead41c4d97d6f2949801294a49621c0dd8a8bef7e8950183c2aca61e029
img,0976,5984562cf1576fe720e58c70ab62241f26dece197093c664f989a5acfada220b
img,0977,f0817403f24b680917e740eded5f313c3c49d16aed2b3d3b52dd810c1ff25908
img,0978,77fc805746812995edcb31f70da76794716eef80f02ab4e786e50fc4dd3dbab9
img,0979,3983fcb44efd879e6e18fd958599481a86c76d5ae45d922e59c2be2e03d511cf
img,0980,58ac75f21c35b59cfbc09999819d60d7f25bdf42a70cb5c0d149e0c24e6aa35e
img,0981,fed51ef2ce0e3791c0805e6d9867cd3da9ae1b11280422513d631c40415d345d
img,0982,fdd599097cc07730e353444fe79a97da4c6c439180897c29fd84fa4c7b7b5937
img,0983,e33ef6ff6c8953a16e4916321b9546d11775fc297e66ada8710c2ba3a6aeedde
img,0984,c6e4d007dfb172e881e73e3ffa4366d83f13fdb89793f1de4d072638dbd25364
img,0985,acb4dc81f798d78bccf95d9071ca07ca4b5648d782b3a5bd79f3f84b9ecea18f
img,0986,fb3e6ba0265e5e2b4d2a673e58646316fdcd8074c4b1b0e573943a470fc59260
img,0987,e4700abee1e83a26380cc14e3eb337e474068f4698252d3a54647c3419cf361d
img,0988,6e12770ed977ebba6818881d6d4009c5458a485bc9dbbe7cf38ceacbd4ff4833
img,0989,255e7002c0484578f8768a42b78bae2628cc3927d47332a51b14d0bb52809320
img,0990,b1a1c6ab694a1561c6873ed0c3aa3daf25b6b0e1683ee9042406e61c09151ee8
img,0991,2f0bd880c5e99db1abbb93dcc8fdf77cc63ad280648f38b6da48e6fa86f1807d
img,0992,74341328a1f9fd8fe8f96a168a84b4b7d65139c9d8e0c97c83e3ee87ebccc13e
img,0993,f03ecc303eed64f82fbf33d2a271d6f822daf37aafba2835fba88a65146a1d95
img,0994,ac2e777597910e75774af5e03bc9c27fde8f85e4780cad697b6c82197cb448d5
img,0995,1cb4666cbcb13ee716fa7b1760eb923e9886200ae5ec00c59193c8695fe747e7
img,0996,d6f8dd09b24f02be6ca40cae370e2d0f9f7c67147ed9a536beabb26f2e5d5f28
img,0997,d0127d14209ab102d48734e8c322b6c594035b942f50803fb45e4f4bd3dcaece
img,0998,95702e9618d24a746ece9d6f08d4ad4d44b2e2eff1cb5c5be4df831bcd5518a1
img,0999,01e10854cab4bb8df976344a1ae679657909ab9ffbecc2168ad67d51a6e4d0ae
img,1000,b1570a560eb156083292ae72569ad881b0b38d6839e5277579ee49160704e2bd
img,1001,3a89b011ddc964f6e466b271df4e29a97071d9d38da04eb98de60dd5785ca93c
img,1002,0946f3ad1d012f094395ad478e456a76fc19ed772f98299e82260c9e377784ec
img,1003,0983c56f4a799187fe22b8a4159bb97ddc00d2a4db9b30497efa7d560e874ab9
img,1004,cda0faaace154124db458434af05b3309df2527c00964f1c787e88b5f7afaa43
img,1005,5168f272844c2b09e141c4416d9779998094d62e2fe37bb2d3f2615d8b960be6
img,1006,41e08985c80cf8ecd6b0c92a1ea684f776bec635b37a8fbba2855f5ba808a2b4
img,1007,9208a286d765d64e458f9ea0dcf89391a1b5ddeb69aa7b0874989d23f917d33b
img,1008,03a043c09eae8815c13f0b468ef34c43a76607f4bcb6090c097f8b8e51a14350
img,1009,2c5ee47bb11672688bd8d0687e31d15b066608e9bbaad2c2d8438b798996f711
img,1010,4595f3f650805fe4fc370f686071af9f1346e59a2089f823539b0de471541dab
img,1011,d5b618ff6d42b4ac8f72e644d389a8fffae9118e3b3e4d686f0d250a75069ce3
img,1012,d79c74232db22f71f9738273048fafd70b877763509bfb3ff66e16ea788e5523
img,1013,81784ec7724199e9085b24e1d471c5851970d7f54309abffb3c3ecd24d313453
mask,0001,b8fb79413242bf0dda38bad4872424e40213451164dbe337a5eebfcf067a265b
mask,0002,700c2790c32ffd70a88d4cc28a050ab19f8d1aeff2a5d3f263a53dee8b3de77f
mask,0003,e38c64680098c7d0e05a6d27cca75dc74861ae34dc45cb819ea4b63c95bfa67a
mask,0004,6e0226d4dd8d94192c8e4b6b5d73d7f36c71483213de77713335cc9ed3591b7b
mask,0005,fafdf9bb4e5869177245c8d40ea21386a5bddc0d02141573c5827c8516c5890d
mask,0006,30a1c4afe76359b306a174e1b09fc20bc087acc14a6463f1b66dc8a72ed7e1cb
mask,0007,52eb337a9810819c0d7ad29cf360f0c3612d2a10fffbd5ffee4c5b6e911635f8
mask,0008,0b1588510dab3a8e2740e46229726153583c209814ffc1d656b3a08bbb31cefc
mask,0009,358f9fa84efeac0b6a726fa8ec76fb6d53f526b956564e91a3910b4ce7c30d4b
mask,0010,5c34eed057620a9ec1d5b06708ac05db174f98b42ce6270f13001ec62f2852b3
mask,0011,e39ec141d5981a00d5292660bf32b6ca78846a7c96025bd70bc1dccf46d51eaa
mask,0012,38a3d25cc5b3c786493e8e34bc0e4b78822a6c078aad052dba030894b59825a6
mask,0013,21f11d01d315d5ded6f7ba2cd6ba0d9cce6f82990c1eaecb3f816823cc1da9c4
mask,0014,a6519a3bbe178c0e12222cf3f5b0a322b3a053bd0d5454c28d9354c248bdca4f
mask,0015,5941d319197bb6bd236f497b57cb29ec397905392f80448981929059cc631c70
mask,0016,60b334db658f42bf9ec762031dd5e27f7cb43cb7f14c54bfe7adc5f17a021a1c
mask,0017,8eb95109616af494f2438b8480c5d8d287d8905a2af4b38c25ba08c77c361ca0
mask,0018,cc839e96387ed5747752482f23caed660f03522c97824b7300d4c6f4293fed62
mask,0019,510b380a79e4d7368ee9f64a19a5294a5809f0fc01b0d65749f9a3b7b2f5d465
mask,0020,67950c54c944806aebc5c660909dd591bc769f2af55bbe461f8d4b4000fd06c0
mask,0021,c6e9198627736ae5d1ded6c3d6d3b3e095b9e33fce597b01ef45b7074ab6c2d7
mask,0022,960c5bfaf8223d614053ca09b7814ae63908c0cee180549691a3e8a8a5019ff1
mask,0023,a8592502528197cb8f2b332b79bd42eaf25301763875a94987508961d7a31ffd
mask,0024,f99aeb8e4ed4e36831690ea27df7485d3ab3de038f8c5d65ad0f5d3beb869985
mask,0025,a498184f063813b3da74c92cdd19e21018ef02fe965a2625b1cda817a803baa2
mask,0026,37f3c5c2fc8847f7250ab2887feece6dec2634ca8f756c0b25d7d6cfa8171b44
mask,0027,c44df2411af8b6c93995b3f9b7abaac5bec6218f056028aa4194e413fd57431f
mask,0028,3dd97545dfc07fe150bbc108c9e5e60ddc2c779e8b6f3fd9e617b72b3b500201
mask,0029,1dc5ef30df51e8e15940b2de9dc7c353ec79c07c16f914c403c66418b4d30237
mask,0030,667d2d7bda144cd60f9d8e555c22bbcf5881d19739499c55474117f7af31ed47
mask,0031,cbcd71fd41ed0dc341695a7ff963fc003fdb46ac8e3c7c3186fe6efb3213d278
mask,0032,8fcb76b463f10ab74b04aea08726223091198efff1318f0366e169cf7438fcf7
mask,0033,aa7321c540b463024e802cd2cd90dc947a8d102ab99d803cf2b00e5880b94789
mask,0034,8cc9261169b9fd15a929dc6aa9b17efa808771398527c30d3fba306aa7088712
mask,0035,2c3db09749ad251e251e2495519f97846f6a199b1b2c8e1ad1235800f00509f7
mask,0036,00c033a18254c2a51616ec4b2a7e5c47dc7738b363ec6dddbc02716050ff8829
mask,0037,2bf3c1be1320ea879a50d4346673f9f2656b3e914c425e7c2b0aa69870289698
mask,0038,04ef93e6b71e76bf481be718dd1e6758e2e2664683c8f49d5f6612604783fbc2
mask,0039,6e62bb230067d80b82372b2110ae62fabf86459e1ba03ef847b371a6f4e1b4a3
mask,0040,b63c8a017bd84807dd0cdc017c82aa21f4227bd286e6a287afbc3345454c4c9a
mask,0041,313b559eac4d89a2bebddfb787f51b6758d6e5c3141b0b5fa5fa82d742ef907b
mask,0042,a8b5cefa215d15e2c037aa3ebf22e010893f7ac76a1c3c947018283cb88af27b
mask,0043,5f1a48e13a791d5fd2161b44c109c0857a62940c0940f1de9e0ba07d88b028ed
mask,0044,d1e59c0cb361b48ed533464c8c6855d88d5f28e89af38e8817680901fe66a2de
mask,0045,5cacc7582744f0dafe5da617cb85a2772461349df32388c042b90e27cba852a7
mask,0046,17a133aaeccdfd0dbf6e813f7c00b69a9246ad1f06a16c5cb226b2feb0ef8495
mask,0047,3524a8970965f2db0fb4a8ba310d202a53651d2668d219e2596cc5911a608108
mask,0048,c99c569ecc689840fd7f0e55aecd35007d79a65ed31fa865373ef36817f322d2
mask,0049,81134e89de1d7df4661d137a8e848e2785e08d30528ff1542a73082d064a45d6
mask,0050,afb320218de5cb11b6fd4029c77cb30320d0b1e672b9bb17818ea91ccbaed121
mask,0051,245d59f3a715e8b24363b980d4d653a9694a852005f247b8e89cc39a0fa1c063
mask,0052,4708d2f4d0f674f1e1aa3769d6e6c2eeb77e45316840129f695be022bd498d1e
mask,0053,c79724d67fe254985e1de507e67c27359a31746ff6b8bce2925ec7cd895ce84b
mask,0054,40b59400b0dfb98589312858cd9eaa37a0a6891ca9fac98ca326d9a1edc1cf8b
mask,0055,04b80f931710c4a4c933861b1282903c77f1540959b5ee21f3ef01907c793e00
mask,0056,8150395dfeb92ccb45aa544dc661d4eb6d9b6b287659eb24a30634fcb916f001
mask,0057,5ffcdf2f3031a299c251785a9011977c59542e19bbe5bc5372be87496e6aaae2
mask,0058,e79b73535ac81583a08800259f9a1f7097058212a396362e16059697e612ef36
mask,0059,54f2bdb14427ecaea6e2c40cc14e62ee61590babd2e43ff651d057647421ad2f
mask,0060,6f329cf1ddd2e0c803e66a07634dadf98a7f685b7a59393044cd2b98b2e0573a
mask,0061,98b5c59630f32dee709bf6747ae94ed0aa84f9b191b3a2fe2c3503a7d2c6a17a
mask,0062,cdea493ace5e11e7ba8bc0597786388aef1dc4db051bdab59bebf5a6783b29af
mask,0063,52310efd9228e8a581cb05a803320954d9ffcde039a3d458bab1d4c0f1de379a
mask,0064,d6e30d115b4fce0ae24d291d6c1072cd0ea0e1edce706fb0adba4ead698ce77b
mask,0065,22bf1d0bda83840a49ad021e2762879150f22e0ef1ae45dd81f80278b316a13e
mask,0066,a96761da8234094d818137b72cd85a01b0f4bd4dc06f60058fb790f9e3dab026
mask,0067,a5c797230788f8daedcf13d522e570f157eaf7370cdec30aad3d6b6e12b7cfe6
mask,0068,bc82ffe01469d9fd9dd64836ee4a4220de5cd09cc12903ef0f4bbe37d87666e9
mask,0069,e4c361032c0f67a81d579e1afaefffebdf8beb23642d58513116ed74bdb43c85
mask,0070,048412212d0dee6c2dadadebb3f6ed2d2042b20fd7c397896f504f4124c3eca7
mask,0071,5e3fa36a2c057f8bf825b129ad805259e663fe9e31e4c2fab70257676c90172c
mask,0072,8aef32917a116e12b701f47193207bc5c8e753a4531fd09aafc085963e2d5167
mask,0073,3d3950705c5000746e386aa355ae00f2453ae52a93daf4f65076de29fce1eb0c
mask,0074,23f39156fb3aceb334d6ca8fddcab46632e8fea0ebe1c9c84917298a23b1c25c
mask,0075,87e7069f7e3bd12872defab1ac66135b756d41f1ceaee9db63387732098526a0
mask,0076,c1fd0c3922d428c20d0cc035e5b101bf0b9b36384008b5e9438bcad1f559921e
mask,0077,c3c0725ac1a666be829dcc5247ab9755866ec0167f8ff8e58dc99343f131c343
mask,0078,84dc7d5c8c53439b6cd9bbca654408d0e60798811b37dc7397a62e3199dcab81
mask,0079,51f696779dfc03c9cbdfc58b42a291f44e4eed13201d7a21db042b42c35f518c
mask,0080,238551de9d142435f845a905bc6cab3d9ec12ac7cd5dc5130c13ba931d4875d6
mask,0081,7f250b703b0d0a8638764d42f9c3e8f77d2fb972dacbf2cf6f81271bcf867ddc
mask,0082,ed660914f0c6146af95144c9aa33fc804754613f61f3f94e14132d5f6e28c87b
mask,0083,a802ac47859fbb9355571b4e1ef32de4fe6c2c25634f78589879b898f7b011f0
mask,0084,52817d327d197cc34c07b2862a10d25c665d6246b5426c0bfbce62ada5374b8f
mask,0085,7be6c6b4bc2dc134e8532e000b41ec5cdabbec0c79cb1ee0bad71e4e8db03458
mask,0086,bd9e37f28b736cf7fb2e1348adf98075d2ecf13355ca3ca5161b01efd61321f9
mask,0087,a78433a16aafd609d20b0f3ce493d4726dc16e471ae0d607e4da1bc1d61d354a
mask,0088,2aa4cb7feb27044154611cdda58f8b6fa6f01a58d01aa8d2f7a53808550611f4
mask,0089,d5b5b48b003c3f55f02815ed13ed107bd79b5bfef43d013b6351edc3264cc973
mask,0090,e52c71eb4a2a6486268aaf535c4fc50d85ad07ecc2ad09bb171b9fe89eda4f02
mask,0091,6535f1df21c97f6bde9123aabac4f3bf05948c63f1882e7c450dd6799db5c9e4
mask,0092,fa5d08b9daef6e1b12e12556024e1bc0815685e6460592ddd09c3b03cc3feb1c
mask,0093,e06d24e36a11d90b4e8befc12c4aef29aa101f1f69a9bb70749f4147265fb50c
mask,0094,4922bbb8c73af80e59e79eb123c8d5f29eb48712a084a7b56fc0a06cf3b69916
mask,0095,e20d2919832f13e19cd8a431d5f2d579c15b05e30ee757e295e731dd8ef5008a
mask,0096,cba3a812ed272c9f585c0cebf67dadc6b9ccfa9272092c2db2606f584737def1
mask,0097,4deb3c56591c656d6395c3e86e43b5e306848ab3bcfd4077d3a8983143f80ec5
mask,0098,ebd7912997ac48fbcf61bd2809baaf4d80ec6c22259ba30064320034055dda28
mask,0099,d20211f4b75af5f18cc18f1fddd4d6f7f5b6ff79f23c63f2f2f3c20777cce58f
mask,0100,436191dd3fd2857d52c798d600d8f5dc14baaf03002565f64dff04139d6721a3
mask,0101,48833124e0ff6e24e122ba5565ff4adb7740ad17239640cadb24c0c76236790b
mask,0102,ea26a3cabd8dc69a49ee3426bb2e61726c1c26ce8d16c9a4e849733e259e2785
mask,0103,3af3367be0f4343d449d0f735f0a4446e361f773e5b50c3e4ec4e97f744dc60e
mask,0104,b4185bda5a09c0119309c26b8b0dcdc1f98e538bf5e6820a9a55245e84d1a88d
mask,0105,de7066c9df61ccecf37bc47b07d80763a814d20e229d5753cb6bdbd729409999
mask,0106,beaf4319ee009ca3289b56ecf2441843d07e12a9800f99103fe1ced7a53e93f0
mask,0107,6fa1c15bb75c3f877f448f47849c60aacd6cd85b5d5e1617f5d5e1514b100429
mask,0108,e8bf72c4cc823aa696fef053996dffe5cb78a08296a860985b85749714775dc9
mask,0109,62a9e612d5306acb54f9f6134c6ef3224b426dc3ebdd02757293ca04ced88ff4
mask,0110,829502b576afd5f71ec9435b2229e7fe57e0cbc90efa3d7d4e10a6144ab7dde4
mask,0111,542545ff028731d437b9597a434b29aa65de805be9013f1441fb9ea34446f31a
mask,0112,eef936b0340ef96e85cc8f49852a72b1e077b67e4de9d36d4d212669d1405123
mask,0113,13362d79e0cc540ec48cfe673f4c29d712746a3b663eaed07941a4a0dbd89bd3
mask,0114,3d2618c3b440b47a2a42deeaa35f1b05e9c1243aefd1e74c75c136b618c9624e
mask,0115,ff3435778e27963016a515686043818e4ba13c7705d231f806b49b532f8065cc
mask,0116,892b417cbd56f28896bf10ee8fa02bfefcc7020f16730dbc1a4f2632532ff89d
mask,0117,98b8fb4be8a4113a2402830d0ea9eb6dc69a9ab4d0b66b4c350a69b8491a9801
mask,0118,48a268043f3e9c22fd6aef42861333a74dae5890b327ab00a26ad0bc14a69909
mask,0119,b3ef4ac148b681124f3a61b005e27c07131260ce455ae7626392370a939fd307
mask,0120,4edfc6b8d352aff8977cbd3373a62fbbbd21e52b2d7511ca998408960263cbdf
mask,0121,9bcbeedcc46a28e2a7a02d47efe06a44f883baac3f74c75d96672fdb583ccce1
mask,0122,962228df5ae64fcce48f194ba685fe5a6d2dd55afae5fb9758d1a93374588fba
mask,0123,4cecf2a1017860ca17b09acb98973a6405ea530d73fd0e89eb569882e8e5e400
mask,0124,200f18bde375e0fa2414cc48b0e03994cee41f7a98ccccce92697e7a8c4a5fad
mask,0125,4469015889f441a997b3246680d6fbe0a44403a81d97287a64a7a0fb706a8a4a
mask,0126,990ffa574561fe1f511e75a14b32e206893d5a861dfb97e30463157ff5f453ae
mask,0127,529ca14bb9cfbf15eaf0f31b5f9f0effba028424ca52b6214764181c446a9369
mask,0128,9665363af393d6973100a7da54ff587731cc97548ba566dabc21f98100f70638
mask,0129,6e6edb79347e7a36fd2609c1c9e5e97aa5df009b01f23791a21c2bd77d2517f5
mask,0130,374fb5956ef94238b016bffee656ab3f36ba6a97b60fb44543c218c8529518b7
mask,0131,07892bff05b7d4d3dcdb42f36f8187088859975354f92a65a7b556b5916ea841
mask,0132,23f4ff297c938ee776299c79011bbb74a3c180abdcc2b40c2e97feeb1e63d516
mask,0133,768d778925a3d9c80a05ac0b56f274a084850972aa6c8e12bcaefec3e6cff854
mask,0134,7535ae0fc2edc35e4dc23df054d7b56ceeacd54386dd057c57971c4206877b9d
mask,0135,8d5fd55306c385020f7cff3a4c6ea347bb758af771fc542a215a262a53e6048a
mask,0136,088bbc8f077b4579864efd0d07efc33f0ccc7dcaf4988b680e6ba11204b31d58
mask,0137,6b0578d8e76b9ddf9289198d13a5282cb2e2275073de2bf8ea8f03cb1f8f5a5e
mask,0138,3981e24ffaec2a8c81cc06c6f2ab3a8599954584a20ee5b937393d6105c44826
mask,0139,f7cd30052f26dcb3c69de2c101fd85daa12ca3ba8bf08d754eb1c3555c6aa952
mask,0140,1ad190c75945ad8943e714f6fcc1211b72770c2f7992334329a27c1c2eb4c908
mask,0141,4299020eb7d462d3b9f1d1881517a970817003ab5278ff66a62ccbf440b7c3f6
mask,0142,b4a4c2a19d593f7915d5f99c6fae425e50759526c34c35eb1589789d508224b9
mask,0143,703a45bb57a32c82db6119715cbd4aeb66bb8a598a9bda0a0b2ca13037a755ac
mask,0144,d905c2497dfee8ada36bb4dad7652979a25aa999eed086c23322408d1835ccaa
mask,0145,b1f74a8524338d34d4ef738b1aef3cffb6773be4852b339dccc218cefcb2dc8b
mask,0146,9e800f3f6b4f435ea4ca7dce69cb046478e915ca0852afe44665c36f572bca1f
mask,0147,43452b2540163ffebc6f41d1ef73219f28afbc72160e9e35badc72aaec71078b
mask,0148,f10904dfc576baaf15188d3def4217546dfead88f8e6bc4c9a1f5087b9bd1e7c
mask,0149,d402bed15c4931a3c4be4e3c2818702b364a4eecc206f9067d9de44ed6848f2f
mask,0150,8d361f9a98f5c54c8e324cee94cb56894fde15c55cf5b957f766187979e0bdf5
mask,0151,34699d4c998aa06a5e1dc63c8cbbcb90fd6a21a47b98042c1a49dd63ebd7d8a0
mask,0152,2d70e92c20b0911db1d68b25986ee39556c2b28dcbcad21383da4468975790d8
mask,0153,49a5940bb329777841fefe6102c57c6201c5b014a4c7adb9c81b25019e340a2c
mask,0154,21d23165a865a4ca653c0488d29167c3d5c780ac8fd3013a1845c023bfa59fda
mask,0155,c1954c094f7ba23776da7174fd8e98265aa8afcab2bd3ef6af5f3bc05d01aeac
mask,0156,2a1e0e914c04ed46972d9d4a286fef5194fa395ccaae552f6d9364669ba360d0
mask,0157,c1f5d02a42621f4a3c2cfb8cf326d17a89a1e6d2f588b106ff514481a04a1467
mask,0158,4bd9e9bdf2d1aac0f0e69b2fbbdc6d7c71ba136aa4f624b36f99dcbc6e3634f2
mask,0159,ce8e2d224d83841235feb165a86fea4a4a86cb6c112fd83d3ab9279aace7de25
mask,0160,7add65b8aa02c72fdb7ab1a507b625e1f1847a043c8aeaa2a54daeb097361d9b
mask,0161,05e5ae5884819f2ec23c141e4c674ce0e04d362bcabae9c46759d6673bb2a5ee
mask,0162,2af7d5bbe45829f5a46ef7960292f7974854535513b7981190bad6d59067dd39
mask,0163,ee87504036fe1a5e6e6e0aca9c67a1287ab1fad5cfe6933f4ac8c44d6cc56070
mask,0164,071203b23232d127bf5cf29f947063875ab93fb2cb9c8c9875c9fd61940fca10
mask,0165,e92317d82e40041b9e0bfa5b709d57b458d55b2a0259f0dbf5dd5a309f1df3ec
mask,0166,284dd85c543a85f7f2c433f4dca1788a20def99bee455232aa69864bd4381133
mask,0167,2724db0e0183c2d8f26c39487445361c4bbb28a509d413c92679e7673a372360
mask,0168,8b4519bc3f0d4f2ae3300d6e1aacf64833fafc0163f84d5ddafaf8deee76c550
mask,0169,9bb310f23f3c59135684dc660cfcfafe6851ee6b1490521393b82d12c054be29
mask,0170,9d6ba9c9aa6b6bf13da4f34c495a7f701d431c5f0fabe9ff355891928d0416a9
mask,0171,5e25a59fa0cfc1008f8ee174981f4a4ae4cfeb21505c8cd9c38a32a0dc20ade5
mask,0172,b6d3931f98576bd8f6d4613c77a7f340e569dd6dfe1a2e089dc2099ec74027e0
mask,0173,0cd7223b8e36ae0396e4a522c751361a067991e4108be3438ef7c8c8f9262df6
mask,0174,de9140c14700cd0e98a99bb0a65ba3c35ea15024fec1e109464f8ab4f09f89e8
mask,0175,d837e925bb4c90e1c05f9ecd368d8e30d8e680e3648628229bf881eb9afbecaf
mask,0176,9ec2ef4eed9a84ca8a679b5182c9a218a3dd1a9b6d41d8f3a235ff40a17f3596
mask,0177,cc645e17abf0602cdf446f5cb6d56a217edc471a22b0e93c241886c46ef21622
mask,0178,01628101aa42fba6f4b3c734a90a5266f2ad1787c877bb4693329845d5bf8b09
mask,0179,c287e111310879e5f1f82b78d3910161fb9c2548959d06e01ecb350411f69305
mask,0180,1c59a06edd308560fdc40d4da1fb3772b090051b45d12f3a654859840fc37947
mask,0181,a6dd0f774b57ec8b53db3e5d84d269240bb66610ac908774919e5edaf234c5c1
mask,0182,1ff24512c417acc436138dc2c68c38b4e98a30f7fb0ae12d8916cebf12dea5a6
mask,0183,d47ac35921e501cfa6cf2d19f02bf8b763af33e369ebe1d86ce9aa7616fb302e
mask,0184,a89ea2465b6d8980e5577c8e084f7b3795edf456d8863de3135ddaee79b5ba1b
mask,0185,806fa4b075d62e7b9ef98704b953f696db3d569cdb71e6965f29216b610230d5
mask,0186,0d405bd2a70b3ac2df83a58aa641c7f7d57c89d30d0be073c4c67cd480383b09
mask,0187,1a6e83cebb76ac3c1c3262b887518ee2f8177bd9ff389156d527ee860b413ec9
mask,0188,c2315ff695f7883a82f12cf77c7e1d1c27d443c1774fd26d3508b81a30839c6f
mask,0189,f4e86d2f43cae0a6e0466d7ef3e9d9a4742981245c80d0f7d8f47c40c53ab341
mask,0190,9370561b810bd89f1ccc82e4a1ccbbcbea7392db895d64cde815d270b1e549cd
mask,0191,c81648cfbf5639152e24492dd31988039e123cca8100c2963b94e707dfb58fe3
mask,0192,6068aeaa9d340d4ed6f6713d8724633e5eec33da3c3aae4a205f58010d2a0caa
mask,0193,22b803bcc6d2640afa5b2845b8b55098bd4e7de897f7236ab5767471e2d64e0f
mask,0194,ea3bdfb52a290c24c363bbe9a269f59cec281ae46cb23afa91c59d61a42a3b9f
mask,0195,ca11bb597a5980890182034c2128566a0c5049a1fa110dc65495d0edfaecde2c
mask,0196,b78f7b37a4f643b3b006959c0e7a4db2526f27ee09d0b23c300ae0bbd1be5ce8
mask,0197,671f8104006720c94b4fa37e7fa918d43e47229711debdd297b35115e96a336c
mask,0198,4c2659a19456b02e2480d0c7d9e49fad1cd0a3827dd2fac2777074aa9a7e982f
mask,0199,7d06f4c9c8cb92b7aad08740f11342572a637e69797accb00f40c07ab5d50567
mask,0200,ce3a178a48173755814ff073898651a1fb89adc85532a9701d71ac72eac2e475
mask,0201,863908b27101c9a70e875e9f92b108bfe8d3b724fa373dc51dae4c990eb30105
mask,0202,98499043a6f0bf5069d4433cd041f1237445031fafbd94d9b27bdaa44d850ffe
mask,0203,ea9740b9704092082667bbb675b8555b519f8542cbd97bfed2056c793221b5ea
mask,0204,57f3e752d1eca17d8614f5e826c0888d0179f8b38cce43bfcb8a791faecc603e
mask,0205,8adc15fd29e27245f1d76783826ef51d3ef3e2c86447290d77d8819ce9bd84ac
mask,0206,ca27063f80ed52875ffb803976363ae86af24511335ef32c7dd6786620b4e68b
mask,0207,36bda747ae43c1b1212fcf032a832c78acbb62780d8dab5664f8c7eac5fb7558
mask,0208,f9d8c1b568260b7609d1930c2ed702b563d8be7f61479acdaa011f4c359f2f11
mask,0209,3c63c5c0dcb3b8c5ef532bd79f69b33a70e8f2bb5e1ac6303b571f6d9e512f8b
mask,0210,1088c946d2507b3323a3aa1171b30db548e0488ad4ed9563746a04ee0b85415f
mask,0211,98a5df078c502650e7ab70e11c7bb54772fd47bef4d60b3cc8b903b5c907949b
mask,0212,79cd9e96054e62fac32a473ecef945690c24568701655b136f0cda6177e2a4ee
mask,0213,5ae804a4de470f570edc79722249931da99397764c4861cf5726e26673adb8d8
mask,0214,c16f744652f993b9c3f3201da0651540b06b4d252bb3e7a63677e37cdc7374c8
mask,0215,60d8a8ae967587337de06d471d7eec3793da2f2508cee1e729f209114d0fbbc8
mask,0216,af62ae9d36248ba87a9c89fe53d597166111c9b93b56a62ba5af513eff0747bf
mask,0217,4f20cf679b8eda61690f31c87a11893acace10a54e6ec12a072feb68197f0780
mask,0218,f0870cb84a7cb2a20d984e29460dce47b10413f8148bcc58c9291f0625a307a2
mask,0219,52735727096fa7284d44e8a14fce859aa68225b7e0a69be398448a48a5c82d93
mask,0220,0bfaa00c819ac88034a6ba92a18d1f9223245815457cf4b0d0f7d81ee8045ed5
mask,0221,753767b3ed0463ebea74f83bd8bdb4a17dd40a3b4ae7800e98e1f9070559f37b
mask,0222,b551cdf619c029eb3a10ac681e542bc6bf84d28edebeac1109108b8c866abc3e
mask,0223,2772bbe42682205f8440d512ca774825c01fb3abc31dc7ed77a078a283acfd8c
mask,0224,517a2c20d88d7d501751d92e5271f737e6273b44abd90cd0a02dbb2ac5003db1
mask,0225,fc43f35a8e8573c5d83c74d1f26464ea3fc5cb281e345305cc8ed7d32fc59eda
mask,0226,84c4a67c8e19eca5c6579c97d31e883a68ffbc3a8f51c4dbb8b65676ddb271d9
mask,0227,1bacecf869d5522193394af1ac19e8e600468fab3eff65c0e2f7d94d48372e08
mask,0228,a047788830f61d9f676dcad166960598ab883f74470b5dbf04010bfccf74b907
mask,0229,1efe82a13bc393a27a5b9fc486b3b924a9c01f2755e32bc417f7f1561f83d8ad
mask,0230,7e7ce960b198f83a1f4cc7e65480a29bc1af381603decb63e324c40ce2c73c8b
mask,0231,91f454e7e0e30ee4e0fbb268dfc624de63424b62fd0a9274236673164221137e
mask,0232,ee9d53229cdf836af72c1fd47579a93e86ffaa9126058812cf7eac24c45a7d15
mask,0233,12c1218f217b3e86403834ed91bf4e6843ca57dec925987f93af4fdac95581b5
mask,0234,f222fe40fb17ca3cee95c389fd37e4778ba7dde5e8695ed1e0a8fa585949fb9c
mask,0235,e786a9f4ce87e8c1904b5fb76ef27fb8deff1db9844a27dcf0d818456fefb7c2
mask,0236,6a0e1a1e2c9d0fd12fb14280e89089b8ec6adee060c506e6e66d0d7a9af85d23
mask,0237,1f1a07224ff688b507ce3fbb5780850e1a31476e9652e56a2641155d82189dc2
mask,0238,558aef3986dfd9417ba10e06499d6709a3511921de723e446740de61005111b2
mask,0239,d9551bdd602613e5653e02690e0b4161ac320068aa20193ff55fb92b32c3fe64
mask,0240,d3c103cdf2920cb48c5f0a980df47ab949f615f9e3c67f527693271bf7459d20
mask,0241,2a14a6fb3d9915ace614377ecb80885fd7ff9db67140748089d7f3e337e795ac
mask,0242,6b6c6773193de31f463ebfaad7293c0555bc2cbb010484b451a89cf9bf54ca35
mask,0243,32fc987670459ac041be8bea89b51fca736390353bb2cff4d40aaf06dcf9a4b1
mask,0244,9d428042f63e99b23f67edeb26bade725f0af8f7ec5642a0d0c1816decbc2f91
mask,0245,b0fb30c768e84b32cb85d543b5a1a43271bc4243c5737a973df73a1ecadc6b07
mask,0246,90a2e5699cd42964a13fb438381fc16c45070461f1ce2ef225277ce44caeee7e
mask,0247,63ec6c38d1a3d80bab89003cb975579987f543aa3b5512b3faeea5e004e7e865
mask,0248,c000d39bd5d86db5985849792e608f6834f5307c3c2e4537b515fa32775a8e35
mask,0249,41e5e231dcc0358de1507695ee6c48fb9f40805b59ab76878c3b7ccb77f9e2d2
mask,0250,c6e8daf0622ad0ebd99463fbfca06492212b716f679e6af75c7b977f5ca8b063
mask,0251,068594a71f4ab4cd8ec3f6759e1a736d7977fcdd89a53a0cfd5e4c1f88e93343
mask,0252,7332a6fec39ae26afe639253ac322d8718b7ad1987954b541bd177bf8c307ed2
mask,0253,c3eab68f6beb9e471d4381836d228454757659383506bf81a1d7c97d0fa475ab
mask,0254,417c01ad42d6301685300eade7d802bd15a590dd57f594911ed71d8b7bc9d826
mask,0255,c602246bd2e88a36873f539947c08f0c2ff056bbb3cf40c33922d87a7e7c46d7
mask,0256,cae132102db0429b9dcfccb0567d848672b7c043135aba5ec81438f5843b55ce
mask,0257,74b3a787fe2ebbc9ad1b927f509e22bdeedb2286dca34f44a1097a2697744369
mask,0258,17fabe70bb4ccaf6ac266350bf80151a024020a0095fbfe7eebd139df3004c70
mask,0259,e6dbf609c0a09ca45507d4884efd803d486fc8d3562b84ad71d7526982aa7811
mask,0260,71fce21fef8aec9db4350b40d6f2affaa3d91fe36da63f2204fc6db225c066ff
mask,0261,2934289bc1d840100510ddfbb8c6061f521bad78bfecc912733132ffc6b787b2
mask,0262,e4a3bbd759fa03a816b966b27d518b373823ed74c25c7a63f79527f1bce6cc4e
mask,0263,e4c567214d1afef47e7e5188fcde7fed22c3a5fd841b441a3dd79e10eb921a15
mask,0264,214c81ab5f3b9c7de9fd82a8069d22b09b1eb03246b045dc3a5dc26c816be7bf
mask,0265,e0a9fc41123d739c4bffb822506d85532966e6ba8e3acb9edf5ab9648b2443ca
mask,0266,e98e31e6e8f357aaf5335a802f7d14df115ad20fdfb008e260ae3d1c06a08d8d
mask,0267,f5707ef158b5ecc91b15578fe435e0d9ed605f3de5b9bae0f56abd10bf211095
mask,0268,19d385a56174a8c9f8938af8b57ec65a130465b72f5d439a18c1bb5c069cc7d9
mask,0269,5f34a7ad5de8d57e8859ae304b7c21fdb18be40a85c4ca0fba02d24f782052cb
mask,0270,445d9c79b9da1538dfb8c1faaf7291c23f18b41c24f5e1934416bcb3fe1eb931
mask,0271,108d1ad5e00fc8b48de17713be064139c73c750990e5fcfecd3f07c765a90406
mask,0272,079c69dcf53b6801f32a026581755e4034cb6495afd84aeda7247bd0b07c2da4
mask,0273,4bbf2f419340513aea460a222ada14e88c8f38ea3c630d90974b7211d5ca291c
mask,0274,9e478de1e05828897f3bec765939bcdf83f60ca0ea4b27930510894a14bdbe09
mask,0275,6555024c605438461f033ee8e7256dd47d5021b18bee836833752ad6b4bf0d6b
mask,0276,b6000ca53bbbb28d2743ce322b98d5e2d2bf923854e8126afb4205084225217b
mask,0277,0832a72bc82339ae0de033debb685610c705509dc06de544dbc74e027a4f3b2d
mask,0278,4a293aa2a5a5d9ae3eac7d6a30f40affdaf063ab216d5a4ee674c85bbba60838
mask,0279,faa2b85aca61c38ba9c0574980e128321a667b0fdb70d06e98b54f17720e628e
mask,0280,8eb962e0cf0ee23d7fe82bcf773afadcb9e116e11cfecc36d922e766ad58a1f9
mask,0281,f67087990b3fd5ed293f5cedab6bb390fde4e45361f88907e16ee2897faf7fba
mask,0282,5ac643f6544ac478df8a77792d283872b0b7015201f3931abbe39e1c0aab6ecd
mask,0283,77171f2bd85e97456ba5392d0b566d03658c22c364f4bcf590dd363c715329ef
mask,0284,1fcbde0e5c4a26d86fc68f5d780167d78cfa319c0a55090a4931f6298a47d297
mask,0285,e44b9952b9adef2597a4a8a422cf6d486c8bcf0babe4c060b2364d56cb5102f0
mask,0286,99971d9e7e7e8e7198331266b6505b58c5283a04ed9f55e15250c242438010ff
mask,0287,bafafbafeb7be943225bf11f3369c707bd70d2c3a6c8005191ae724e3cd28a40
mask,0288,5714d52e2ea8fad68b11d8ce0130be02bc1551ee9131bde6cce74db9a3ee67ef
mask,0289,0e2f7c69086ec18ad9d76b1037a54dc9129918979e6bf784b448960082228a8e
mask,0290,84ad72d93583c07f1e1383bad42b85b1c0bddd4a4a7662b8a483a97c3e136fc1
mask,0291,44113a20fa7aa77ef5df15e203e4caf05abeafca30f3cfba0bf7dcc536fbac7b
mask,0292,7a370209a9c50be2b1e0ad8683e0018e0cc6594eb30f39af2ae011dee485be8f
mask,0293,200da1ec1b9cbf16159ea0299b4bdc944b44b132c72bd92b3baef75e29c2dfe8
mask,0294,04f8b43222d294e8525a78c327917e74d9152cce4e21bbd5b6a522c0daca09cd
mask,0295,f3416305d61501f1fd434d19d553754da00599594c4d7f45c79739902644a121
mask,0296,b391312c0a55970a88a03047753ae7471bd50c6f59a42cf05ebddb3dc63f9ebc
mask,0297,e20149376c34fe32285e41e68f2993411157f7a27f7afa8df62a7e7bc130b122
mask,0298,484da2c56d2b1df8cbb20b8bd3b605beeef50c0cbeed00743d212b1470a27785
mask,0299,0f7aa1a407f4c92a034550f749a8b77657d578bfa2f077c3697d2bfd40951bd9
mask,0300,a4974d2bd491ae0b4b5207603438d3cacbd364e916607c4f16c9cae851e9e9d7
mask,0301,cdca852e89b5a693b32b5ce58d61e9246442ce15f18a2824ef756f6b818952d6
mask,0302,6dba31de5f45a2c3f846772a12f57dce8c07b6d4ee910db3089c97389f4ad284
mask,0303,41cb304cf7afc4fa47a44d6732db60dcf8670035a6185243403d197c3662986e
mask,0304,1d8f6470fe8742a461f89e94a4fc0cb9bfa6083c6914eb84692b83fd038053a5
mask,0305,d31a9423c14db399bf09474f0f1c41ba1bb30544f572da619427b0d1b3b79498
mask,0306,9c268c3db2b6f4c6ae5013d48718a98cf243db03c1dc3de655c707af742ad3de
mask,0307,39dbee7c7893dedc60a091c783022f1fc34f34320344b23bb619095dd2005b2e
mask,0308,131181aa80073bbad7722f85492c7b737b9f5e2e01c1fc072fd8a52c23cc1489
mask,0309,19d911f453b6a3ab14928baf20f06abe10c13fc826332823f35fa6be4baf15a2
mask,0310,fd5490596ec7bd686ecacd6356d34e226ea14f904dd021777caa188464c6c3f2
mask,0311,88d350b120e494d395737bc5859f3f673c14c5115f5dc0e3cdfd036e4c7f59b6
mask,0312,8894491a53ec49639a09de5236d54eeba622d6b60aadc343c4e4567eb5ac5de4
mask,0313,df7789de2d31c67a8bbcd7a38ec007c84dc510a4430f1cfa9252ee5a55787848
mask,0314,d3fcb8f06b439e8676c81ac24d5bfef506865d03372fd58126a4dc21dea4355b
mask,0315,2ec8a5c529c67ef8052a793ed43790fab36acc1d00974c8b3446aa5bcf3af959
mask,0316,4c74f16f8f7301dadc1a3be3f95596ac0ca36824fa17cca2e55fae88be7181d7
mask,0317,0749a6accfb6604f3dd63188d853fe443751af690fa876ba0c95e91068c55eba
mask,0318,8c32c046f93a83f39d54dc6f894e616aa038ed00f01ad692f1b96ab911768801
mask,0319,bfd054f8c53eb21bb194b6c0766ce5e0e5e76617d14506af9a994a6ddb328c6a
mask,0320,192dc9bd53f2630a31f5211cce434785455e99eabf4773db613ea061227cf91a
mask,0321,7cf3dd18774ad39152c327f9d3fac55bcb0ff0b6676d06af705904bcf4a86c04
mask,0322,a0ce0c108aed0ef97a0a3881a9be94691d9a3cf703071f5fc2b8b299434855d4
mask,0323,29fd6e78c90e9ad346c59fe56124b0095373de497d49f9d82b51223fedb32730
mask,0324,15c58e5d6dab9259fdc57436482148ec09db93f7d0d85ceb7a14e022fb9f1c0d
mask,0325,d7a600e49d0c45b07850dae6d2e4f9aa2c06243e35657efbe0f43791b18afc8e
mask,0326,b460340e2837f42d869bc83367e641f833fba3de31c985ff14ba51a69b1a6231
mask,0327,8a72fb9e884b8bc779cffed620f3d4589c2f4e3a5b655cc9bc31c02c1afc7671
mask,0328,95101d869235489d1d67f61eb8f81bcc9c321fd68c82e84c8deca2761d20b71f
mask,0329,27aba6d4b0cea50fca019ddd4e30849523b71ce12198979a3f7000d136ec3f4f
mask,0330,20d8eb1d82352203a85f64bb229ab028651cb1bbece7796dc10a889d20a8d898
mask,0331,2e625acb55d4ec39e16608c00a3ca72c5d8cfebf7c46b7fa16c136a9ec78b80a
mask,0332,7476bc7a7210b31d2390aacab2c2789895c41f730f0b68992124d84fabb1b941
mask,0333,e8969e51aad6c79a07d2394bbe15682ba9f5a01b4e173ca18e4eb07ec79b12c1
mask,0334,af33ff3fba31b4840c30d26279c0005e5574866448486fd33c7df7756b95c4ea
mask,0335,549621f1a8719e312b890c0dbbaeedce9afc2c0663601bf3af398638549d0b8a
mask,0336,1eb21b794a5f946c2fa0d16b1ab0856442245a47a1256641c8b68030054ccdc8
mask,0337,33b8048ff57580122a9b32381eee019b3b6f09911273fa09b8e7cdfa089002a1
mask,0338,f5a5a4f8b00a64e938859afba27ac98374267ad7d69d795550beae7d10c321a2
mask,0339,8babd730c2ddd888de75939f0b1ddf2975dbf79ecb7fe420b6724d73ad1caf7b
mask,0340,0db44d52812f5c9dcd6ceb387d10370a0c75587e45621b6b4846f429323b7ba3
mask,0341,ee6409cc7e46d06a707bb5ffd1d4bd5b93f04e97187d0274cc965f021a46eade
mask,0342,897131a90506b44bec58361792844fafcc171b1e1799c17ba5a9ab9ccc1f3154
mask,0343,f730d447ab9462e0ac19d23697ffe92665e8f37bec35ba27fb3226c3c595d830
mask,0344,e00d2ff91a830ab329eb02a5e0b2bc2d1b18f2998d2a3f499f40ac9d9119bc27
mask,0345,d2e0d3b427f0e4f480b18243863a54b4fd9a86244b726092a9a17c56202cbd81
mask,0346,d6127493a27c3ecbb6e7e12430af6f0388585a9d24f74daa2709481c71b89daa
mask,0347,10351c38bbf4648012f973e52b33f78a5cfe68bb149dee086fa61ecb50e9b17d
mask,0348,b0e065cc3642a066aebdd15678b177237fa345a6b5b41fcc6875ddf29a06fc00
mask,0349,05e9c9858e5bdef948747870961c947381e3aadf85d7e6db80c2dbf33d07c816
mask,0350,3fe01f0a08a9685c029943b616e8b3aa0ad32db5ff4f406af413e97e8b80fd69
mask,0351,6eb5b8382e54cb0c1001684170ac33c7aa0da56b6eb554b3a07877aba1474038
mask,0352,7277d7c44e7619c69ec418653f6f136c4c56a822fb0b7830eb467c422e384e88
mask,0353,9bd700081b6f22c16947f8841227b667c7e37a85047702459cc8dfa984883d6b
mask,0354,4cd9489e64d27e81dc0e21ee39e47926861ae1628f91f9761382b80ea44fc341
mask,0355,799ea0ab4cbce8987e34b3745350a2c8d0d4f71463df61b7a962fbabcf49b475
mask,0356,d48ec60b5d36300da2e0d4b08d3e8a73e1d7ce23c47db0cc876504e483860051
mask,0357,58a3c2b1d535058ed225cd39f5e70ac2bd55e16b7fb07b83caa2e5ce6e77b5e9
mask,0358,df6858cd20461e237804863b3900603739a730675f00c3f3ca7ed43a912c0799
mask,0359,fe3271bbf8ec6659495fd1cda1e60c2393e1abe240ad93410b4b5a37d93d6823
mask,0360,d7909c498352663b805241eb45544ab593ba6dddbde9983a8a5f2b3eaebffde1
mask,0361,88e87d8e92fec6a4cf7988a88fe4f2026b8d6bf1bb3ab2bddf964d3ef9ea9e14
mask,0362,a1c2dbfa9dc160d093c2e59ed39f6ad33346a4a995762ef1da023c00d640d702
mask,0363,a842a42eca1add7a795ef25e0d5fc58c0c8f252889f3666e63394675e306fec7
mask,0364,9fae1845657cff64bf307af049768d970d37508424d1596bb6b5fd155a9bb2c4
mask,0365,3294de1145c501b11a034650603ade23f01531ad8bceae5c1bc32c4d405b1bff
mask,0366,d602eddc8632f2bc1924dfa25d192ff7556e785cf571cbfff9d48caefd5f6d06
mask,0367,3de876b9be6accc6d85e7df116345de2b8cf130dfe1e37f99b479e88cb9b986b
mask,0368,8fdcb770a7ef70d5f26ef13e60286489d974b6fad1cc05f864a576979143014c
mask,0369,1513b4acb94d6d8d41ec26fc0da1d4a0032e28f3e58e7c904c15265ff11d45a6
mask,0370,9408d591e5d6521c1e4eb4526ffd2f87c3a09f89b9eb1d62508c339670a24d86
mask,0371,46cf3b5515eaf03fec9f680c448b7ee5343b4d4e48fcec80b045255d8d67699d
mask,0372,4fcfa257f64494d5a0bface76c7ba0608fa66f6fce9339e44821c21a30ab9715
mask,0373,c3664321335c4d6a36bf21ac53b09638e00e246206dad006f6e16ba301a06148
mask,0374,6d965d817d44e75b00bebab4542a01157d1fe4905c1e227240a9fb77a01f590f
mask,0375,8ec07db8bf7fb297bda29d049427c864aab4ddf0995ad492972a7f4befb0921b
mask,0376,693e38a2f50e9b8361aeff2e1cfe04b0a3be2e1dd4fabf0eacf15fb4951e3e46
mask,0377,0a0c64ac0d66e11ed24515e36ee831bfa40ae653f79403171fafbcca2db3c224
mask,0378,95753034d90fa66dbff926b5b995fe08bcfa27814edc463338e3e68f774d7bb8
mask,0379,e0b5665e752d89974759f2672904377078050b563817618b7e8e02051d0e8462
mask,0380,d21a96eca57750efa3d1ed08f8e58f530394c3137416a4a13763f208d979d332
mask,0381,3270bc51c1aabcf83b5df732b0f040a8b1661eaccad50690c0d07e79fa164684
mask,0382,04bd788a5ecbf40c372c4b164bc7a8d0ab16fa818f2a61065bd7f9917fab2d84
mask,0383,1b6f6d4e2da1337f60b0fe2daa81706774da4783bdf9e616fdddcc391ddde7bf
mask,0384,b808852e1f902da2cefafe9cf396623c4b1fc4a6fb8a8aa0396a589e5b970609
mask,0385,5b614ffeed3c87f0f2bc77dbe3943b7d79184200df3cd083f861fc0d9f8eb11d
mask,0386,e48dc648bd76946e220b887cf9fdc2c0b6783e57c63379ff64c0e2c2be8dbcad
mask,0387,a61118bccc18da97a6f704b33f5794a7b1b4d516cf503012940cfa853dc24e14
mask,0388,186a113b2ca0dea8e7a54605329a7349e0e4de1799f631f479e602914ab87708
mask,0389,f0a7eace9e44e9062db1834faa50c66763e146412ff5b5a38a4aec6f585e56dc
mask,0390,5780ca29247d9b0ad89ca76cad42f2a1d1bd1aee30f88807fbf6d9e49edfd486
mask,0391,46a1a71b4edc7606b1e9934c581d215160142bf3ee7492b9721fe1833fcb48c3
mask,0392,2a53dd9ff1fa5b6ddd56ff153a2bf6d3fc316b52468e62a369c54f81d077b852
mask,0393,84e22ff08fba33fd3c1e2dc042243594ac868298a7b53de566509028cd3526e9
mask,0394,540a6eead77d39422cf78ec5da6e1262f13961334b49c8dad7a633bcbbd0e882
mask,0395,dc4b37ef92299b53ce8e47c584a3fea3d31ae0dbe3b4e3faef82fda8c576a469
mask,0396,127034b658152a3d092f0614003d855f30139c48ea03677a2af18429377838b3
mask,0397,7d4ff455525c38e3137ea91d02d95332963d04da8e06db5a2cd2519553a58b67
mask,0398,5605a824065adcb7a288122285293b464d56dc94723665f21991957a8752819a
mask,0399,8e2da0796fe48eb31717c2bae7567ef8c6ed8b43e8199cae3ab789a2c82dd02b
mask,0400,71ff24b0c76a109931d2ecd8ac651f94e3e144ed97c2bb6822a08c2c071d819f
mask,0401,8267ff1c168ea2675c5213721189c3c100e37d92f456ffca29d9c58e8133249d
mask,0402,c915046ec703502d82797dcd7c0f695fb0bb586c22f580ec23f44dd313a401a1
mask,0403,cacb83c489c96a13911396cc6798c89baa3a010e2ea46843bbb54aaf821591bf
mask,0404,81124236a9ddb258a84414e503348a746303053ffee39148a3056a514809f16e
mask,0405,7f433544548a39a3898b327592941f0695163c09ec1464f26a5ec87d5c4d92eb
mask,0406,b2ffb51879d453eac04a7388f658ab2d8402a2acdfbe797be55633bbf4226f4b
mask,0407,bebb6f266b3802ffc40729061385ed881a736824757788dca11daa03e2471c68
mask,0408,cbb53570ae083f79bb5c17c52c9c55fc543d564af9846295459d5eaa01884862
mask,0409,6d4814ed1385e63c04d58d71141dc14c678f31f7f73dd7ce2af5133caeede4f2
mask,0410,3a76d79ff69e757b97b997696c97159b8b615132b8621282527002ce10f831df
mask,0411,b52f3f1225012ca30701ae0d3df0f2da16d419ab62bd3f9eaa5e6d9f33422668
mask,0412,e9dd968799ed61068534a8873e88ba45a8ed186cc975eb7dc080152533b8d471
mask,0413,7cb718eb0badabeaaab790e0ce60ca734cf0cf75eb1407a5b9d69a4a61ed2520
mask,0414,64075587e86b4beb38180905040b221dec8fe82786df886bec29e0107ded9360
mask,0415,20de1340223c01f0d12ecdca44eb3cf61c8771836369c3fc85ad2a1c1a9a1074
mask,0416,a3a7db7d132ee3c46d551e2c2404584d765db6b9169e302fe5af1f2d604e7bee
mask,0417,f63e0ccbbc164b5c062fdeedf273ae0ea04a84b68c08a1a9354a207cdcd0918a
mask,0418,c716bfbe40ae98cbd664141f2f783e18bf7ec0b9659c05b72ed67fe42af117da
mask,0419,3ef7a7c92ba579ceafbead78b3e206ee0c3e2b16f73ea4b705e5f99f92d62a43
mask,0420,0e3f8e4413a572ab5e589f734d8a53a3ebdff8e9c49ac39841f68e48e9b78e37
mask,0421,b72ff40277fd8cfe7200d249a59c3c3387ed14f23ec16a8c750f7f7c8a57e4b2
mask,0422,5bafe178ee54d869c6e43e87c058721f4821a315833ed8c8d61d7f3330d388bd
mask,0423,e9e7ddca5c1f44d7cd5afb3c669b8f25825e329cd8c4f14860e2adebe1cc0343
mask,0424,3242582fef3783e381a64b2bf75b443525983e1e1deb0a677da4e584d299ee23
mask,0425,a14b48c0c49efd4f4654ee35f43fc690eb8f8be7602e80ba38efeb9135ac6797
mask,0426,d52b2ec0f3e1b8eea5f61f661d7c763c742a7ca725ea144348a3d56d2b715484
mask,0427,fc699943f2777f842d2b2f45797f197e2e7dda0efe8c18fd83f60fa291a2db79
mask,0428,7e3201a559a70a1bdefdf55c9afd447a209cc4e6e30fbec80753208f3e1a7d32
mask,0429,aa8902685b67e69b3b6458f8f2d006b8751118b9aef7f2f7719da163bd9e0441
mask,0430,16c0adb2b2fc7ac99452ea8d9c937f861fbad531a5242f385a2a1659f4a5f9e8
mask,0431,cbed031299478589f6b50b49c5e352563a5627bada4c0e9730c81420cfca274a
mask,0432,1ae3800e5fd1c4026fa5fa37d83a70f4ce5019948cfe3b54bef543b761c86bef
mask,0433,013f60a3467539a6f827397025dd9a7b937defe34b62b8745cd8436780e0debf
mask,0434,8076f9110b0d79271ea19797b39e7b58203cef49c26187b7d0d6edb558681f89
mask,0435,bdaa478aba084cf7ef48817500dadfefb58a7ef7f1f1d26062c5f012fd78200f
mask,0436,5bf56f027bf0777ea3711218c0de06b7c15be1465be468a48a99409a63df0c53
mask,0437,749a0782518f7b94b344c1350f82da3247c8c609790be7552dd79367db9f0215
mask,0438,4873aec02722309e1e82b572e0d17cd2b43a4e325c7aa0f451d9d3eaeb8abd50
mask,0439,821df0089f7d490ea6bdef875aed251720b4d13ae6659f339a2837d553b7e1c5
mask,0440,1b4345b8e67026e5b001fe084d1c30c3dd0c679969bebe6230e502bba7991f4d
mask,0441,6c4caa254605e07fdba911bb650e8b7eb2ecc424b6d6df4fabdd7b6ee8613a64
mask,0442,d18890f21f135e7a96cf98f596ddbc51d045a538745046066721816ca02c0a88
mask,0443,d87af5b98440995694b7500a37040746aab86ceef718205b97a398f448574404
mask,0444,65824419215fea812f4109dd5e05bfae647603306811e0a98d6260015536ffac
mask,0445,4b4ff2b400bdc540cace41b21108d1544faceca0b47fe0de8b0f23786c15c2a6
mask,0446,52eb1d5b37127cb0df5fb122813bd9e42772b31d4b337023417b5be6ca6a2f45
mask,0447,146204f22d76256fc57425c92985d4f4201aa0b736e574ee0131b4dfbaa4d50e
mask,0448,590240658670a98557627db1de6d82cce6ce7e10c61ee054e3e4745286a9c38b
mask,0449,febfbabdd0cee885d07f5990d7c76299a1e61813812982b0a467afc777de6786
mask,0450,d5f87e9c4db294e47dc0b61bd23af0aa43bdedd4e4e9ca30a43d51584878cbbd
mask,0451,a39d0f3b604f63940f7178cfc112cba1a83e8930ce88b8bf155b2899d92c988b
mask,0452,70570d75686c279091356acc20e2e3371d664b35fa3b4c82cd848c045a656b9d
mask,0453,54c2b221934956248243b668058cf8d1a140ae641b4c5ed9188f16b5fcf5fd78
mask,0454,e19375b5837dea2453a0731a3a1233fffbaa0175ed892ddfa270d2dde2f2f650
mask,0455,74d7a87f2ce55938d96803db2f959776b9994227e50ed40aed1fec6d2aa800b1
mask,0456,6abc913ee953222513c44e1d3ff5203e41bf3f3f6383926a398637bcd26ac7c6
mask,0457,9b73874ddc98002871a00094821e5d6a23614c05650521dc707a403648407111
mask,0458,16baf8a33a1aff51953420d73ddda663931eb9ad8952874481153481bdc4af3f
mask,0459,13ac2083a488f16ea0767fabf7bca3c9d3341d8cf0becaf8ee59b49758033efc
mask,0460,8309bbe3af4483a64e58c4474a9df16193a3632e6ec289dc93b910f7c5cab621
mask,0461,b3ba8fe15a75291df40c73a095f1259899b1aa939bdfc1f0fe674b31a9443b62
mask,0462,534fca427401cdeed935d339a796074bc29ba2659b2a3cfb697bfefba9f76472
mask,0463,3235b6b908f7ffdcc6056f42bc56309b69498172f47e0d6045c4b4ea39b20e8e
mask,0464,7503943f54eb952ca41487d265b04a9790cf65e1b1d3fbd422e66df014b3e5b4
mask,0465,cc83b17a776d2fcd063acf30b941b9aa80b204791b12a3e984c761056df8f777
mask,0466,90cb4d1d586f0de3f04f6c335850680e124fd1116e14b1d440a6f612f786f11f
mask,0467,d3cd124e5b98d5ddfde608c908bef26cf01020be43d9544dc7b47c317769b738
mask,0468,549cbe209dec715a026de3f2beac4afb6a63cd6a764c105e3e4db1621a3a9fd6
mask,0469,17907ac2377479710d286a4b7765a49f6d5fdfdcb4e20c4e8916e30de35133c8
mask,0470,7812d01d5d694ceb8f45d2ab7d2cb07df549b3357fd8ba8ecce84c87d9190566
mask,0471,a22777de18b3b51a1006b26ea48ba6b835d5f917874610c542cd6bd973bc77b5
mask,0472,17e580dbc638f0b7222b7383e7bd33f82f731893dafe049af8b1c7e3fa7789bb
mask,0473,65488802e75c07cd2ee763daf3903e386c35c738d7b26c55281fc5dded0494b1
mask,0474,2648e06248275e130a0685ce7ca6e3f973f9f57fb88935d027f64ef295c347c1
mask,0475,cd34eab61a467e62fbd5532a9bc7168bbcbec011335243df3a49ac34c945d345
mask,0476,1478093ba33285bee01be56e68ab76cce3b6bfcfbf24817e2bdb0c84dc9d01b6
mask,0477,cfafdb0b939247890c58d171caf36ff32411a077c1baadf07a8414dc1a018275
mask,0478,a439f41245c3e738b1d34573f8ec8528abcbb6244af8a742e280e05e995dc33f
mask,0479,7ea008ffb69dead74a30766d9f11e56d2527ab82c39513576cccb649fc7ceeba
mask,0480,64099c358f36120c0554a66318db537418426376cb545b0c94ac1fbcbf5c942b
mask,0481,f2e811a1ac578d64c3908d15372cce12bcb994a47afc553d876df92bdebba11a
mask,0482,37ec94c8fe94a9c4946d311cee5fb78efab938f639f678dd466e4b823cebce2d
mask,0483,3c6f337d817043ecaaca611e50ca7c810ee95d8d3843b5dcec565926dbc057fd
mask,0484,32841a064cfe191678c020a354e358f65d5bb8a7a05a8e30992a3c6974093ef2
mask,0485,ec6d94f96f953066a5841b01c73946dd0f553e002d8a973e572c7b85d8e3061d
mask,0486,a8c0f2c1f34d2a4f09b04a5a90720df3ec458a4c98861e34cbfa6928983a45a1
mask,0487,8d4781f4c6c62a62f88fd7939e4a7c054803aa5cec8d97a0880c930e8ef1ad27
mask,0488,1918ff89b9bfe022d09f366acb1891fdef2c674072f0873c1c252e92fd3802aa
mask,0489,31cd9ad5d7a9a5043d511e80a9989c26e2a80a3a082bfb85866f9159ca4f09e6
mask,0490,82cdd8f917164679bbc71903277a108871a4efbfacfc673d7fffb336720535ba
mask,0491,fe505bf066b2e3c53545981d4091e5355844b807ba4a6da907399c7a6700a315
mask,0492,dff1ae3f1dafa4f39cec36c1c8f88466dba8f4cd69e190001798408a615548a7
mask,0493,695487b2cedcf4149255833bf6a776b810541f86897698c96727dee0eeff7e00
mask,0494,e81c060d83d856afbc2befed5aad45a340cd326e71b6e2f59571d12dbc48e7a4
mask,0495,c054320d845532cf631965fc0ad8ae607dcb6f4bdbc4b8bc27364ca833c713fb
mask,0496,7c1bffc1f4d809ecb97ac9f0685862f22a4b5797b1b7a0b9759b5a6a918170aa
mask,0497,2b4c8f1e73516ede34fd03b89df3ef8539296948ab0cb28c1b92f179c5808576
mask,0498,ebcb06459cc962fd38cf0313f61a121d795ea402c010bfc5764a09c4071066d8
mask,0499,a8d0afa1513e70b5d4962cb525983d681a5a0625e5c819103b970a6fe4fa8a87
mask,0500,efbc34aff2d849abaf677c8dff41a7946f8831aeeb4eb9e8b9458693a758b72f
mask,0501,c8c61fe9a5104388dfabe9621a5d10b4b104590887c01279ff52d383721e3e3a
mask,0502,8593fd7260dc5313f44a05837fdbc8662ac3e2ef94c5f1c92afdb1f721b1dac7
mask,0503,fed037302d2d031fc1920eab2454211567977096213ed64d81ef7d69e54ce6fb
mask,0504,15bc7347c6845c138d22e0dd39e357a6b70211415c1f08af5332e1c72854e666
mask,0505,050c9f6570debcd7472adb58953a2e86c8d3e02982f12bb3455fef3b30dfba74
mask,0506,cd7c2c3aa198e946c134296ba546950c0819425e073e41064deef6f6981d5e2d
mask,0507,7709b36bcd6ae8b0f21eea262efe5dd51841b8eacac57f0f3c7b5ab374f80405
mask,0508,f3c54f88b4416af61d8b7465576e4ca576ba74de402fbf19ed906ebc28f902ac
mask,0509,0cb6e5e78d54349f1113b39f33e7d099910e34ac4c8cbba7d1d326baf3e8fe7c
mask,0510,2a5fe64d16ad9dcb26b72873791225f8c9c0452a7e50ae7b727df03b25a225d4
mask,0511,192ac3c5d15a2621fa9f8c72adc79884ca3183542dd21863ba8250fa63fb29f0
mask,0512,b336119e0b2ac2ee15f4430e30496d4217394c1b4eaec3812505766a8f137e8a
mask,0513,32fd198cee78ff04e1394eb6b317932fe8a51681cfe9823a8463f7affda1aa16
mask,0514,299a8fa38315ddbd056787f48964de19b2e1834f377d34804c1285767e6225e3
mask,0515,25fce30741274e9472452956bb413e6c8f0447058cd2582f201285edbafb362e
mask,0516,6721caf8d01f4ee872796d9982b099a614d97c74303743ed26cf72c4436de8c3
mask,0517,78f67b15b821d0ca47aa4689eac5235aaa4e1171d21ef45c3d8a8fbe9f5ea04c
mask,0518,d77accc31511a8c43167fc2dedb038fda279075e9eda1faadafacaa4365fb57b
mask,0519,68c3394fded8897c2aa2a2a32dbec3538e5e5583f90f3f9ca56eff01076198aa
mask,0520,40e435879ed2ef391f8c215293be4915aed31418ae131b7e7aebb3c3c8cca96c
mask,0521,daca425f5fb69fabff519e7df2d829ae4ad4b523138856f0d2de565a5d4222f3
mask,0522,81dd87c4a37aae4b97b34927034eb237b07b3fa7202ae26c5686f937ddbf09d8
mask,0523,5b9cf34b2299939e28b51991cc1d85c0d9732d95980ec309f79e6befb55a8a43
mask,0524,ab3fc9a4ed43b3aaa0b0c073d3781d838f4847af887d8ecf451e2b90bbe1507d
mask,0525,8c2d300b4557da1ed1015cf07b6cf7d96885fb89eba671d5be072a6adfd98efd
mask,0526,dc9ac94d03c2fab12326ae2f3a76c89a4f8c1cbcdde3c40158692ac82b700709
mask,0527,d3a4b96cb6fe50dfbd4817d57575aeee28a051f1bbf2d5044dec8db432882c5b
mask,0528,1e1e230a259776cf3af690566b940a1009b6867bd9ba2c84f5482b67839183e2
mask,0529,abd6026a63ff85ad70491aca87f841a653148d8eca76f02c3c22cb8345c4cf8e
mask,0530,1ef38d7ab10cf1d139edf69e7a9ec921c6aa1f9a3483a7a1760f36ed75579ddc
mask,0531,1d6b0d23d0fba1926b0c22f2b14d4c342d0cef86d5c66d0115ccbad11d67d45c
mask,0532,04ac3062f25664fff2c2777d516d553ba538ae0baffc2bbfaf4039cfbab726d6
mask,0533,00db66a0d56b90968347e92f79f0cff70fa1b7b4b426a907399b289ec9dfb4d0
mask,0534,9bfa9cf8fe84c2a53dd572c9128751893deb2c661e2be495f0360afaa362135c
mask,0535,4521fa02b15e7b7312e15afea4444c85679d23a04736962ace3e62caf5fe20c5
mask,0536,4da982c82ee81749f912ca1526013416eb5a53d2db47b4c3e9fa0afeb6fa077b
mask,0537,52f352011b2cce08bb0162a59fad380a572abc770cbc61ebc4f08ff5c42f4800
mask,0538,8dffd22303b1c27701e8c95711c414f7489772b0ddc6dfb12d49229d0c9a8e28
mask,0539,ff60dcd2e0e2ef1da7c4accec09d405d2c0ba7acf2727b6a8fdd8ffbec7956e6
mask,0540,67848fc9788f9094bf7fc02b73c1be709ab486b8ddc46437ce206f853c742abe
mask,0541,4b975baf09bab79d5f8977050ad89f0e33860abbf2b7e0a58d93a6fb7c1ffa1d
mask,0542,e318f584e12090b70a2c71c0d9c4ade5b8753e96bc7e5dbb0b1ea9241ebd6bd1
mask,0543,7e5cd5b3a28305809530833a955885934e26bf4b0695731f899564a36600291a
mask,0544,3640314c4587a0e1559c81cb9aae3f2286c70971b0dcf00a05148a43fccf9b5d
mask,0545,6c87496a37eab41b293a25997e4a8fbe2214f98f9c376d440062531ca6096c07
mask,0546,16bba2af8a22efb76db7b67ecf1052077511d33882dab5527826bbf9932c2d4f
mask,0547,0c1b600bdcc7f87e0f6252af34318ec4975efd8a46a348520887eb570001b14e
mask,0548,3aa2c799f6ede6b0d475f8aedffed55c20797defd413186960596eca197ead52
mask,0549,fe52a369c73e4b4c5974dda11fad21b74dde1f2cedf7fb3aa468fcb5c815661a
mask,0550,aefcabd75eeee22270b62a8c7d2df946bc6cdaa92c2c30df12a7455f186a446c
mask,0551,3f9eeb1af590cb0476a5a2be519ec2ee4a7ceef47ba7407e6726704bdfeef0e2
mask,0552,da6ccae834ad2e80cb15b033fb905ebe15b4575057e6c030aaf9f88b42c43961
mask,0553,90b82cd6de8f101d3e8d8fbaec3ef7e7c81882a996833c37c0af3f13c516ff07
mask,0554,bf7f7b3d88ab1a0a955c718832d7783b4101b2a51995c8d5a8b4a5e10beff73e
mask,0555,31997dc3b5047e9ab8b4b83d02eb6e204c2cc7a8edcad38476bf24d83db957b6
mask,0556,9439a8b9b206b031488ddbbbee1191a03aa2bfb665beab429673943b607f16e7
mask,0557,85f8454db8463b1bb28e91c28dba75723caece0af94d0ff66c2c60a06ea859a7
mask,0558,6a6ca0f7c5f4783638a58190e45d345750e3c1c2f4b068d656bf6a8ff9bcb473
mask,0559,ee728587ed5e5109983db5bd8597aac2dcf57fdf53878d76842cf4ba19705309
mask,0560,e660ddff29a63ea3762997e2530eb8644db76c62d4593908f900dad00dc83104
mask,0561,7a6c8642d5d4491d24579cb1e2641070f811ba55f060c0105ee4bc5f0827760d
mask,0562,9af065be94c61519a46773bbee584926a3209837a261b199dd86dd35bf4aa7e7
mask,0563,bf1183bd7b839fb62c866679870daafa480b0930ca85f14d1bfb59db452e827b
mask,0564,66fd9a43ac50d84a6ed84ef141ac052a298a416e02f8fb076d8901cb99f6d78d
mask,0565,c5e0e96e761fdc608e30a8875d83fb61a7aa757cd94cada70c93c22f2523e744
mask,0566,11ca8052a6e24fca4237d81652b646a763efb47ef25bcb0f890b3aad80104fd1
mask,0567,f244cc57cea3dc592d3fba53b26983c2c65e11cf633ae025b111dc72663a749a
mask,0568,7ae24f6fe79a1ca5e4812a74a696e9df33a68feaaecd62b6971a6c31034ff560
mask,0569,ac141695ed26489ccd0b4582bd1114cdd7fe5da0d26d9f738458806919f54238
mask,0570,483e5d4487c9a3e60f0303bc156bfd4fcc7b271b385f6d8e41ca17e8da3aec3d
mask,0571,d1ab4a75bd1963496e0f8129461e1670abe1eabf61844a127950023b334748ac
mask,0572,df810fbf1a69eca63690c8d06875be50011bfa3221faefbf07f1bda2a0cb6e74
mask,0573,c6631a41d0953053ab2586fbe2d4b89dab84c31b3a802113c47c4ffffee37de7
mask,0574,a0b1592926337cae44a811ee7304a41eb68f1161ca7c62b01437c8a273f59c5d
mask,0575,88a8b32762c85646ec1bf6bd9ae73ebd8bbae03a7137b0a4f768eb707590682b
mask,0576,bd8a82cf6a0467ad1ea2d564505b68daaa775d0a90597f1524a522f6c3b065f6
mask,0577,c9e86f21644999431453504656c218e620300d0cbcb431ee6734594ca193c174
mask,0578,9c9364e188bd6ee0c8cf2dfe2a22fa478c2782f00c028c60f9aaec8a7029ec00
mask,0579,815a658018d150310295186c216a71470a7aafc3e444f00b800788e8e9a51221
mask,0580,8d35e8e75155aedad471358dc895cd1c3aa46dada8d11145212b7ab0989b2527
mask,0581,87153a97d0f8b79fa186743c34ab974a8d3333db2d212fba92aba3c229a33767
mask,0582,d4d5d83be2dd3d07644f1fda7e2716a7f73756aadf93ebf4c991a9df3c2d5bf0
mask,0583,afbd23089044f4d05855143da45d7b36861daef6532f787bdd6566432f79a2c8
mask,0584,ca4db518eb8dfd3e424b4a25f6cf4fc34fa3db25b82e61a4c5dcd73f33f191e5
mask,0585,f3168612f52cc8d7f274c203e44a9a9d5cf57fe06eb3807743eb1cee4d4662fa
mask,0586,3d2a40240d410032d3726fb1d8460373da76e9165b88a0aafb99145223606108
mask,0587,5eb0894d5a2d9a155f099d7096f8701cf7f2bde94a4ebc7eff33ab271243ffde
mask,0588,e3163dee30a7ff92a66e0a907c79193a4c11933931ebbfa8fdede8a287736ddb
mask,0589,9ae7704ce8d896765563fc8be9cb5892acf01432ae8a3242d55771e26f281adb
mask,0590,53e12e0fb6877a83769834fb69d64ab606ec927a345a4126b1967a0feca71a54
mask,0591,350c4b09417f993c6a08d9a6966c6369196e639d6b847f383294ad380ec48ac8
mask,0592,226b1e39c5a2956da99fd64fa39471e9bec11dd3653fc8d4d46f5d5e801e3d85
mask,0593,4053140c2bd551a8eef4cb454aab83e39213248aa65a990d021fa10191a46f53
mask,0594,51a5579f958e79459741109e563f1263bceb5df46cc04ec87f3c4b772058caf2
mask,0595,a68419fed70c59f5fd2ce387c7255441afc65ade99bbf9e6c2b5808d8054f396
mask,0596,2d3037166ca10b5b78f9c162f7a796398967b8b4b5013c7c4603c60161bd168b
mask,0597,88d2de033f1504ac1151f81843d78cfd048c3532ee2591d5ffe7f6765be6e9a6
mask,0598,eff670a77c6c591d85d9f3e47f570636102eab89aa577f51298d2ae4512c9750
mask,0599,d895e4216def3b2bad2a0bf9a70db7f181cfc82c2f66bee7719368624faae050
mask,0600,b64c323980fc041e42593a8000cad3e727be2f386472bbfd3e5de38305b6fb29
mask,0601,becef0be89c9bca5ec08735c4a54cc2f1937bd8e72e5c82e173ee63cdf8c663e
mask,0602,8894365b89bfa09f1678b693ff1ef259de7d166ee67288332a07f64cce5e29dc
mask,0603,bbb1e1b32f7e8451f6b8f7adfce88f8249abe603dd64233fe5cb79db2dc4cf7c
mask,0604,4e44525d6909ee367789801e81a6c13ce69467edda3e830f63378d0f286106b5
mask,0605,2d7c962b82bc95a223ae6b8da025ea405db648bc0093fa065786e4d091cfb55a
mask,0606,26962befc4bdd9af5a9636384d3b15a23d3c9ef20e465741969b56ea45dfceaa
mask,0607,1d3f1c60dd2e2bddd367b361bf3633aaa63bd47a949e5cfe84e66af9407b2af0
mask,0608,d28c603bee589f65780fc375aecdbb80cfad2a8ac9d755c58f1b0fd68d391b11
mask,0609,e3a17afe579062a4dcc75161c89ca8141a5e649cb3a8c20b439ee8addcf79137
mask,0610,f5a3456c8dac0a9307a7769b4ed0e6c1010919d951cbb6868f4d87d776dc11b6
mask,0611,1f06275432869eb8c019b935509c3b5e0f3ddbede0e08fb5257fca0ab552098f
mask,0612,bbb2e989cb49f5a2b1d2cee197206f12f0978f7d9929e09e1e5ef537c7ff627b
mask,0613,385e03e31ee612dcbfaf4b287e7bf774bcb2e237e8dcfbd33077b80a2963412b
mask,0614,99402d2273b3d392ec516963ae3e7fd8b824b8b5ec46dc7e6f5a9ab7e2135151
mask,0615,d401af855e86b35f0960716348ddfaaaf614fcde93971324a1990af021842851
mask,0616,c1d4f833992a71686f03e54ba6027707dfd193725cc565a950efbd07b66e28ab
mask,0617,1785f5cebd445e565ba5ed615dff5c8ccd86d8f978e6859296fa7a5ac35cf89a
mask,0618,fa0ecf0dd6281efcd189f7b458cd6baa803f8b3a8e0b27f0fcd8d69462fd7744
mask,0619,36a22d76f333b86270c2701108ec164d4976f7781a6c6fa0bab3afad608d57ea
mask,0620,45a1dce0574a9ba234488fc696dca04a7a453408d5e5f2c4366ae634814ce7b4
mask,0621,d4cde7ed6d3d48d883242fc843bcbb07361129ddede90f4814fcecaaae3b2011
mask,0622,41537859ef501002ce672203b549c4234205dee2343efdf1c86c17ac239d8cf6
mask,0623,9a1df062f8497e057ef841cb5c53055b2444fdcd72f0f2f8de865a78046b0a38
mask,0624,70e7f1c97f66da9f1a2f7dad55ef380e1c1aed75cc29c28cdc0c72b076496bad
mask,0625,38f94616578749b163b36e401d01b8934befe8081dda9e66d0ff4d8a39d58532
mask,0626,30af2d47122ee17c3552c795311865fc7eb651a664ec72bdab3979d755e293fd
mask,0627,e99a0594cdb1528486e6da439bf09698d483272417026382d6d056ba37e043b6
mask,0628,162d297c969399a2d782854bde3e8c1ab7c9cafcb529554b3c31b7e3abb42c3d
mask,0629,cca060d6760b70f0cae565fbdeda5b48cddd7b57ab71ed0ee12e24bd2b411d14
mask,0630,c46ca3d2fb4d206172322dc1349a5f5c9c519b3e5addfad6d830bf40f86ca60b
mask,0631,edbd6cb3a41e422dd71a62e7f1b2906588fb608f5517a42ad5f700369d5e6fe3
mask,0632,5e795415a8e215870d8009e9eec0dbd7aeea47c7accf5d21d8f26c181231c298
mask,0633,2b020434cdc54f20c234acab97cc9ca7ce51ccb53a260481c78349d31157ce26
mask,0634,832774fa234328616002cdc13f7161610ebd27e33e0938e39fcea47e52b2fb0a
mask,0635,3cb727362a937547d546354e0795e9563de7a07d0f4e357d760e2e63540b8c63
mask,0636,9cefea87a59b932e141882e173903bda4985d3f358cfeaa65b3e8fb80983d501
mask,0637,7e2a6debbbe5d07695146fa1ca75326f8f6c80f5173bdb98039311858f9f1870
mask,0638,92029aa807d4036e22abc1250144d0f431c41389f3097367cd2ed2e1a5c39801
mask,0639,486044284ec920f09fc6651ac9115b75797d571ed6cd75aab2ec9e376541dd5d
mask,0640,c3216d31dd6f90a36e0c30a9d68801b7d1dcc003ca7fbae6e0455b395b55ba17
mask,0641,0ef13a556b574cbe946700cb05893171ee5cbcf9f79fac53f851efa514a03584
mask,0642,55804907a7f7c7833b6c211fe00a98f60b92ab31b0ba40884b378a5fbc058307
mask,0643,b183a3bfa84bb7426a8fd38c9ff5fd690e30e90d7e06561a80fc5156ffa94b1b
mask,0644,249d353f558410cde2042a8c09a10a0e1362eb212a60c58ad5b9eea8c6d4a080
mask,0645,4bde4968228089eed473361c9eed3860db1e300b61c1a691cc9596517c2674ff
mask,0646,01f62cdd667238252fb9f6aa675c87debbdf65aa48269c10db688d10fc8f5114
mask,0647,6e0585f2154a670d62d9c5e51baacafad45609a04aa2a8f1f015b448916294c5
mask,0648,d3d6733af81f2358fced3dae372b85abd5c1d187d042d6d5d6b019018328f15d
mask,0649,6fde33e8228c35b4dba146607792d34fa1abda2b5d43126fdc4e88fc9e3839f5
mask,0650,a14d860db9e30dca5007a71ddf03dd4851b53700367a49a86b857b90cf6df302
mask,0651,8ea769d5bf57933ba69383f76ed88df3e0365a1f0d5b72c2968f05bd6a4d539b
mask,0652,d879d9214762cb52fa4a5aa97c5c5be7b5a623e051a718e63a78006955727cfb
mask,0653,6a24251b5141787dc118c688038c6f944e8c58cf91fd3ccd9b140f43c0146d5e
mask,0654,8f704c2288eca181a5b9529e32d64ca0a30dce92f0ec5cc510e208d1ff251016
mask,0655,1ebdeae34488c2d690106cf3d2b3ac3f77efe385f0f5b7ab0bfda5f367a25d70
mask,0656,976544ec8ebad72f38e5362b60ba569b5ded3b264a8db99420294d38694bb549
mask,0657,dab3e8fea0b72973bc96aebdf2664f5f839894904a929b940bba9acb80679e2c
mask,0658,ae67ec7ba4e35f261125315c38a977a82d5c6266de99a8045d820462cf1275ad
mask,0659,ec18ca10a44a421329defccb79002ef01dc6b63f5674ef373a8ee7f20ca4d82c
mask,0660,a7cdbd5d3a44ed3a4b2c84d6f1251545c916f8102395b8586a9319971fd6e2f8
mask,0661,ddc5952ccf272e9e64462dcc430d71554a2e9f75306324e907dd0fb14ce5ae10
mask,0662,13c7e5e78a0e12ca21d673983605fb7058c9bc05ba21faac3b6772e42bdc3960
mask,0663,5f53d1fd498a561101ba317e6da01dfb70eb79bc72b5606732848949e0480363
mask,0664,8239085b18623137f71dcf98b956513e6e2be63426f950b7bb6a6e7de45a628e
mask,0665,d637a7924d1be715d58a15e305b6fc9b96bb950cebc3c950ab16fa593904b81f
mask,0666,a7422a8a0b962e374be65612c79ad011e533755a9246591b7f888e47f078a7b0
mask,0667,f88d811396af01b8a371453114db43a09ecf0ad56d5101931c4994f12e232fab
mask,0668,049c0df40eb048d1d60f52eb4ec844f75db823ddd34be5324619e71e3712db12
mask,0669,42f4beeeeb511dfc294de86854c368060fc23bea2a064df040a3a6ba57e7baff
mask,0670,e1d999b20bb0c850272f3b6571a2155f9fcdc393b9c228a377da4e0ee0dc5274
mask,0671,7cb420aa2f7bac039f3c36ec17bc123a876bc0f96e4a75a4119c9883bce50c52
mask,0672,8ac84ab53fa38bdeb7e4ad7bdc1151be708cba53d0c56ec83709a8371025aef5
mask,0673,9a14b031439b7e3100a7ee2435a166121c6da5d923dd348e5dcf99cdecea576b
mask,0674,81bb35423a2f60cd4df7739d0daea3c79851e710fca79bf71f3acb50225d1adc
mask,0675,ee6f16293d64125782b574cb9648f6c61e12cb239f6f5f5e83510f668f771dcc
mask,0676,95b7b3adcadaad453679ddafaf7fd687d9b24b37aa1ff6612e854b12e5452fbb
mask,0677,b174e77a7f1950237c4f58239c51b7d459a0fb18aa1da7f6b7a9812ffe947489
mask,0678,21fdbcc4d4cbd9fb50edd61fc5103975be083ccc6fdd468bd881247b14b49fb2
mask,0679,d342377f83fc3feda34716166dc9590144ed404b71079c00b42143293b536709
mask,0680,74979ef3d6a942f444878333468cede0bc12a8fca0631d1517368ffbd527e5ec
mask,0681,65eb99aaf0ff857152d1614fef93cd8d7c8a5c8ff225ad7932cf36f4d1ed2704
mask,0682,3f51b4f6c71b0d1ab63d0acbfcd1e968f509bf8e839e8c46e27e643dd81b72dc
mask,0683,6f18580d9d1d43aeca596b82b9944d2f2a0e8b1c722bb5f85dbdfe3fcd0d895f
mask,0684,4fde31a93293a73df533aa3856b90baf2ce1a6651147ab02c0501a0fe968de6f
mask,0685,5d91e662bb6ebf4e693547361e528edb6266da72450dac143aab52c87d4082dc
mask,0686,9203ed45093cb4fe3cc9e38add62e72c2f4554041fd637498083472e75cbba53
mask,0687,31b5f03017f32075954cb2fb91e782add65352d89a843f1570e7a3ac5208b360
mask,0688,e09bf222f6f045dd1e132a6d04befa084ead604760e3752921bbdf940afc93b9
mask,0689,5ee31cc372c30e4ae1d28c8af7b60898e3c7eb3065fd699b07b2eb6e0779b615
mask,0690,dc5d7d8285bc9aeb0abd85878de28db5a56ecfee35927d3b887eadcbe0d25386
mask,0691,f18f4a4c3fd6b3f6efa8861ab5b82e06ed27c82b99c36bc3584b922ce31d941b
mask,0692,2c5e8ecdc2bd08e780756912af46b48a73f9d2ac78ea669d479802602a1b7519
mask,0693,b0852dd5617f1ce6a41e40deee926990dd9dddb57254a88bffec393ac86b3dd4
mask,0694,ecdad4ee265a575aa647c8134b3eeae3825a1ad3ff1441ae454bb1c45ef97bea
mask,0695,eec53483f2c1cd31a2564fdf04d6178bf006d23da00c1e2ba92ef7703f785597
mask,0696,33170924221dfae956d64f05bd90ca5abd823f0d791b6f3004f6deac3d528fba
mask,0697,9923be43f2503f85fa7cc098f17dfbe21a0aec1e3cd8ab7a1cfb764015f10f64
mask,0698,41b6d641e9c0c3b156841e9fd14c4f139f3bdaac8c1be8ff78e6fd5060691fe9
mask,0699,3ed27dc722261a17a65bad9e95cbb2410128afaf83e7681570a3cd04eda3d144
mask,0700,4c1d50990a8fff9b938ec216469c1f61d2133c9898651e8b7b89d355b1b0639d
mask,0701,5a5fa1ce10ae13417d2ac76913a844c97567d576a9f3a38806d769783a54d4db
mask,0702,46802d55c1e9c7ed806acd70a62772c4db70e35e151b2109ce61d943be93eff3
mask,0703,c96e27581b2cf08a804915e7cf5927fd8688bb2d532994bf9892d7ee1592fd88
mask,0704,8721160a69bb1c3815e3bcda187a0d3d721447a863802fe528da1b66c529ea53
mask,0705,9e355c6d4f59da4e5ccbd8c6deac1f512bd578491eca8718541e829e0256d9e6
mask,0706,808c6a4e57bc26f9bb9c114fcff901807ba79f5d577c3d40e827b9a98ca920d2
mask,0707,7de0c46538d93b8e96c8e001aea63624cc44443671df1fa8277c5b5ade3ff8d8
mask,0708,d163429843667cc471b64cba3147dd631f0d090135741768fb903c532839f614
mask,0709,90ba86e60c4b88fe2ac45a6739e9acd0a9aeffd1aeb0d27ab458f6acb40826c1
mask,0710,cce80ec02f78ad3301942cc008472c3bf46e23d51b930b80a56554cf7ad145d7
mask,0711,57f3d57141cd230d6f52e906216298342a0accdfdad67e2254360c4f6c4107cd
mask,0712,e10c896941f050520c1467ed2df87c07ec8919b5cff51fa5863bd476057bf255
mask,0713,3791a847af8ba091e55e0f2487edba30028e1579434043c91d1a20ea1e443fd0
mask,0714,f15e6d253fffe954f2e6145fb5134ba3c8bac116b49dba69045cbff97e6e350b
mask,0715,01b469ba4f1b4059a5336c78c17144f037f787b3b23a048c105e245b0b1d0eae
mask,0716,47a5bd7c195d2e648407d4f808c5416646e624e2f844f696c79f75b67c72172e
mask,0717,a13925c724b253ee846f54ee7f96400cf9ebdacfe29bf16f6d8a06eb195c9848
mask,0718,4ccec2268bc8a31fe7b99d41e61f16b605bdc7af40e10349c602f713723e1953
mask,0719,03d8f2b7c5c87a876a37b9f09420d9f10033974f21b8dc6d1e5481c86273a6a6
mask,0720,cc9cf3340a06a57d240dabcbf1a6383a9f56322fc9fffdaabbc7e9328e754f8f
mask,0721,46b723b05b36d5ff7d944210a5de40af86236ef742d53bfeea3fda7f8e063673
mask,0722,a2123ea897d9b8914ce4fee481ff2e0e07ca81805e1d103a354cbbe8303aa947
mask,0723,078339b2a90d6648f12715dc7528274f22fca4a468ddff2da940be6dd2856ac8
mask,0724,294218bf832a2343856c34ac9c957b9bcb8168c1e39445ec462afba3e05754d2
mask,0725,f603975df1930464cdb37d014cc80c0fba61831191f3c0c02e2e3c885829fc7e
mask,0726,93b1bc82f618ee682d3afd36b5ff908af9383c97fdc0b0b0c8c9cd481ea2a68a
mask,0727,b57d6d61442a523f2a8e0e523c22719082a5e34d80875955cd371f72d08f77be
mask,0728,76ffc754b8ae82a295dca08f4a523b35b00699f5b523d7a84f3757d0a3921fde
mask,0729,5d5e77f4382a8b49fd6c8ed014daa370cdfb690fb4a13dc77472627e13e79336
mask,0730,2aa27002e1a92494ffc86c8e163e702eb479d31aa25b17f3696e13aee9b14796
mask,0731,fd97a4c14b2292f16d7601895be6b9d7dbdf35747a3b3e6bf4edde4c99a021f2
mask,0732,82e0a108dde87f34fbe27af1f832f9edf837513e1d42f6186a00c5af8f109883
mask,0733,2e2b9820e14ff0fef6d2260b08edd88967ae1d2faf39f139a48ae7f2437f9286
mask,0734,30a11686611a6bb3bbb0a1aa2c94e70cc0659a6b727021919153062d4699c4f8
mask,0735,b755bf851903e04db7957ccabe144a219bb97286607de14d01054e744039f4c2
mask,0736,35ac7e9599330ef3c1b075a5dde86467afb251b5daf12afd23b5811893e3b704
mask,0737,dfb07258d8b4134e7cba792d4dffc8ad02f29938a0dedd27c232bf82269d9522
mask,0738,3bf78cf682319304e43f384de6fae294c0de0dcffad9b7c3cfc8fb997c63f7df
mask,0739,1955f400a2ed2881a59eb6a199d2ce258f58d21d6acd1b9685ef070bab0a8875
mask,0740,4e4e5c9868d91a09707cdd24f758375a4b2f0f84803d53aa7003c65df7f31104
mask,0741,b7881e106d0f730d2a08242789e927cfcd80084687ccda5b5d1c382450fca56b
mask,0742,47451082be215ae4f50aa8f26d1d305c33ddfb94a9dd2bc40e44c30c3f238088
mask,0743,48670ecaf2336c64401fa7756a1f2a7c5276ef3dda203ed41f1d34644c624dfb
mask,0744,55808765db3a9072e705c0e4d7244664feeece0c999404bcf2fb4a25fd37f1ca
mask,0745,bb5a17468b3dadfc22f273070b7aec3ef705edbe490f8fa9aa5c58ff785a9ea5
mask,0746,6942c4e85a3b6d08cb7a29c8fa54da81c353621b427beeda18cb3769876534e7
mask,0747,888ec824f5e10f9712286caa5be3209eb5853430f0e7f9def6c614c059f13fb6
mask,0748,7f5dc6d8bd7bf27a7a46e433ad3c20c716067af201789596fc3b487546ce9764
mask,0749,f9f916779e5252124fbb66a86813b89455927e5f103d88dd30690dda6ac22fca
mask,0750,1f9dbce7e0098cca316cac2756a6476a24db72cca537bdab5c7ac6cec7d5d35e
mask,0751,6b48a0bd4f521721b087497c34df30c453f00d8c443d164debc3f3c4a1412ed4
mask,0752,43ff259a622b92a726c326f1da2b46f727b2d248b554aa5c9e00e72ecbdd6495
mask,0753,c1408d4532d30147d80c6c56e5ba8e7fe85167b26be577789c2e64f038e4bbae
mask,0754,cfeef1fd1fb07181673a966ed3c5e5b09992f578c60957640a6bcd1f06d70e4d
mask,0755,6161b9b932297bba23d50477e3ea01845d19af9669b12575e2b712d8e3c0503a
mask,0756,83f9d111cb06220374c8c56980bf97b9f35a832b887c933dcc7ff7a29ab9a315
mask,0757,68d625631f7e1246184afaf5d0b875c51ad155bceca2ccbafa8f33ce444ba84a
mask,0758,8f7e0b7d705863c9e030cc2677f83847b9b8eb72d4614973e300998acdfbde7e
mask,0759,ee4a601a17c515af206e42b2c9a565caab6834d69a89e7ac2f24ce1c9da04e73
mask,0760,03c5b66f6719e7dbbd7dad9375b4c0b818e2acdb70994910f29952d61a70e277
mask,0761,ada0077e69200373e5a98d2f6091853e66fe1067f91605559544ab4a0baa3aed
mask,0762,7d7e4bd26ecd8f6f11fce57986dff45e5d2116e30af272e0ad65bf607ef6fff1
mask,0763,d566c438b23f5e42ae5979017a5e84e438fc3d95b661bbee30be93f68892a77b
mask,0764,44bced3ca0e05857d56c007eab7c70a7d2f7a93b82bb7dffb92e93de070a2109
mask,0765,e4db5690854a103f7a1496ac2d67772a36a2f0b86c7e03f7d2275cd5ae348f07
mask,0766,43060d4a86973328bca5286b6a65b94639d5a1fda1e3e28a5d17098047d97033
mask,0767,226ee19dea59e83c3fc1d4b2a87ed510636aec442c306b11579fe5a490a09c97
mask,0768,3f8aa9d991b1a62044337c2653be2dd7aaceeb79c064bdcfec176e096a738490
mask,0769,e60a65c9640bec880b8122eea44ac21d5d2ed806d31eaf7e2d739aee85eec7c6
mask,0770,cb5449dcd24ef983e3f151e6693907aff2944ad9c940967f7b36b2ed3f7e24bc
mask,0771,abb5289e4ebc8532caa3a6266c38df82d0f0066cb6bc84b18b077380adeff8c4
mask,0772,38a6d9ccd4ac20ff2c719843bf7ebd3bc7a3d375f0778068d525b19866f1eb54
mask,0773,2b71bd48f36ac7306a111633bbdd3ae48ecc551de59a90c059655781b9d7984e
mask,0774,e106d08b773992852a2d2ebf0b9077303b48824765e8bec5e1e51cb4aadbc34a
mask,0775,a7ca4ba9986d1a0a3036e0749eaa61906780f3d026598ff8ccc656312842710f
mask,0776,58caef29c849ced86b000c6e154fa65a1b2ffad7f13d758717303d95584f49b5
mask,0777,cf2613f9a6ea91583b01d9fe024069e390c771989f76a12eeb7f4cef90fa0645
mask,0778,178be2f955f594a7031bae89feacfa0f45b99b867845a6a72358d24864056d46
mask,0779,418477732ac4359dadf2c7ad29abf805d57bcc0b753766a42e86fd4d4e6872bb
mask,0780,35a5423fd6b46e57fde51aad4a2928795dde010325b28d8fc98677fbacf28750
mask,0781,68e528e13c4afc0f02df4aed47e65dc8e54edbc4df3c89e8315a5bda9769ebf2
mask,0782,2d521ea96f54e920d493745acb42d357d7313f758d0e1795ee3c4c512e9f1fa5
mask,0783,4ae3988cbdf5f4bf0ee287b5847f9b1625100ef692736b86ef1cb208292d6665
mask,0784,451985e79f97c9e19b83b1e3e00693666059f1d119de044dacef33b51e77b422
mask,0785,763b6c83a28c7f09c537e5daf9f677707adecad797212ea0da2d3d467daff2b0
mask,0786,6c111b22c88f085d3acde6a409147255214d3c6bc9a7dde2153b91b3787afc4f
mask,0787,9bda1789b219da7d6e046cde647eb499fda4647c1b708fc25be5a9ed53648e37
mask,0788,a64d05c14eec336ddca82ec11945f866ee5551322964d695415d5ac85e9ddcd9
mask,0789,2a9f9f0a4bb9febe23d84c63cf0bc803b74545f8b7fa5163dea7acc3a8a9e80e
mask,0790,095af4a868ef2644be79ba6b58ad44bd215a0ae297591a60d4c3e6a6d28dc23e
mask,0791,e00234a709756ede364a132c8d325865c2c104e37a19f5fef8012d4e07113437
mask,0792,35dc3d81c95e4f0d068dee8bdfc5cb05557a28da6ae0a84ed8e2bd0c3d878bb0
mask,0793,73884f12920e36a75e8387947cb6fd36e86215f42a7a5698a64c5bb89945b089
mask,0794,b4526e0d055306d25b8aabe9c5b5a9c9af5e9ae94ff948aaef560e60b78c485e
mask,0795,000b37ff4de39637ed5d8e03bc42bf5866e8dd5a4bafddba6ab01d05d2495c2d
mask,0796,4456f3bf62226eb7af66203e94f6638655290678a2bd49c7e1780c77514f6c2f
mask,0797,5bae7cde10ab054cb33f52dd64fb71ee09ba7e7b33a80ec80c4c898e1ebbc78b
mask,0798,c5856e1f2d34002acf98e1a30b843c1f6721eceb38ea161396b38e2502b537f4
mask,0799,2b95fdfa91088dbf6161626b77137993b161e6bb3149ff171db593da50234582
mask,0800,3da1d750e6db0775441415ded55c6fe6801165d2b4c3f202239afb99b8684277
mask,0801,639100fa7f2b42f632a957b8fae1b3fd4bc4e5edd0cd97ec4e48ce5a89f9171b
mask,0802,6bf6ddf7fd41d00369702c3421290937d01bc799e8ab42e2b8af06a9e1823ae9
mask,0803,db447242d97fb8305020881ae4d4276cbc746bb1d6bb2fa1310ee43f00d95f20
mask,0804,09e988c7b2f80645bb331437e543aa526a8127112df43365bb7c2825d843051d
mask,0805,a0907f290ea23529db6fc7c4340315ad2790dfe7f7afe8a3c2ef3db24e7bd1e1
mask,0806,86ea6dbe7f2dfd61ad0e90a5d3c6b37b5ecf1b4860037fe3623c9369ce658807
mask,0807,451ba1bf46b78212826e071d7a3058d033a21b1431ae5054089b31b0745372ee
mask,0808,b6933b7bdb2e86d1fba7a06787d6f8f8abeae981b05f30b1d82638cc52c77d99
mask,0809,b9cbac62102d37e7f9ba79a6b8a5b15ae1e255ef415bada07819fc6abd3a6ea2
mask,0810,ef4457b4f5b2361fb202d4eb5b73b6b47d1e51c920e8bbf7f6d7263b26e317a8
mask,0811,8df9ee47ab68e643be29343500827fb46677e67bc8efe5cf0d8826723b6d6408
mask,0812,c909dc59a033240e4f0bee10a4422eaf9fc59840790f8228123379b5073fe6dd
mask,0813,faa9df1b5bf0b95f4c7195bc8a0c77ae36e19baf02e2dae9c9ec651f01e9a86c
mask,0814,44510a1ef19cf158f45d84199f150fd7e2c0be28435c543f78324d271fd17d87
mask,0815,0306c2356544d79bdb48d84f62d6266871e856df15039e564e01084af1bdde45
mask,0816,a59f969e0bd20b7fbe6d9ead6ffe6e2d562c1b12815c40e86da4ddd234ee0787
mask,0817,518f1847886e4b29262d784aa15774ba887fc2e9a21df465599608f2be4691df
mask,0818,5d29fcd31a6b897adb63a9747fcf86d3f39072a84ee31b455172ac72afa9be5d
mask,0819,41c591e008ce7f643f0aa59ed849e0f17795972bf11aed391ba31956b28f263f
mask,0820,cb6a0649575dc7be1899fce84b790dccc21a6faddc15e13a0733529a4823ef50
mask,0821,72cce44ffc7da4b86b9e1c751f96e4c61c6d6cebc0792ca1f203a13f271cf931
mask,0822,cf4f4c0299dabaf71a10d2ab00a474626e95beb23adcdb5abcf6c29415e6e731
mask,0823,ad866e54e1616b835b5583dc4d8422af1a0dbb9d37ece0377fba88a4e8a6a804
mask,0824,5dcc486e7fe75a0cf145230ee7ae8dd3f98487dab0dff7cada5266395c795f76
mask,0825,781400b76bf822fae0c64e9c304fbfdf38d8f53f369257a5e43f67a64905e4f8
mask,0826,a7cc6c659ec3642ce9a3d6d5eda7336ccae832780c0725970b8b5dcb951ab706
mask,0827,64d294493c6c500c6d2f88ee1ad93638e6f138aa6d63c1bda7edbe66023aff67
mask,0828,e03343b20a6e040b0b3412eca3b415d9f38ade94d98db482ea2c1b22def9f65e
mask,0829,16da1e6f665c3d827885a9151ff5094a075a6b4e855a161d2fb26f945744f3e4
mask,0830,b28fcb1e6bd86e6883dc6f8cad8d965d718d1ee8a773d5e619fd1c8a9014522c
mask,0831,49b900e4052fe07986548ed94cb0f51856fba2f278512d7b03bdc99fe0d19f71
mask,0832,a4834e0b71eda50b92860d9f4637cffc0b115abfacc82ec9a9188f862072ce56
mask,0833,27f8c480f0f30eefbee6d44f3cc5d15b4b270f81945813a3c5a93b23cccc3676
mask,0834,c7c5a0d39f853bc8f31551e60a1b3522e1c9d453c126b8bb1518c543732fd9d3
mask,0835,1905356ada1bd608429df94562f852f8a794fb2db2c1e38ef9163d71be8f7843
mask,0836,421a0d759321cc2a5fbf340008839a147aaba57860a612e5e93dc40e00273794
mask,0837,e9bfbe02e4dcf478512f57342b098ff45bfa3a4063bb44fcecf9ead0b1011d3c
mask,0838,7db7d35bfe313cac1f1af7da82225f02087d60341aed7b7e8e6d4de2f763a41a
mask,0839,5d78ec32b9ce9451338f614b04a6ab37989cedd9186d3c59ef77c662923f426d
mask,0840,21b8160ce31cad90efc3a56b9e2deb135732ad9b1924e0ed81c771f109f07793
mask,0841,c38b556b72124d6e03d7270d8da33736ccefd69513e41037b738ff4e13028616
mask,0842,39e8ddfc9329a3f589e96790431f99ac5beb3480c64626b9e90c1fff4297378f
mask,0843,4e0314f6503bd7781af372dfa0ddf877f71cbcd53ca4be6262881f6aef04110d
mask,0844,f20aa817547a94a6c5d32bc5541485d34aa5483e1e02dd08097ae90aaab1d516
mask,0845,403ede03e4350f7d31da0c2a1c18cd528635f06c499154d939d3972bc277b759
mask,0846,89633502d4a78eda2795632c80ef5f5bc4293c24bb66f726e09633f93b7c3f62
mask,0847,70a15723d321f8544d9e933d56fe8934bfe0078d878911741023304d2275d8b4
mask,0848,853eafb6b1bfe21f4c141003514f4dfd4a1c0257dfe2007cbdbc662faee8d1c5
mask,0849,3a25bf0001fa8da46cad80017e3a6ddcaa7f9c43546a8f3487ff71f7b9b58e55
mask,0850,892d99f01f6301d36d70693635ba26abde0a9a613418365eb6f09f04ce183992
mask,0851,632e0c1dd547599fb391ca2161b088990c7e32c74bab663f2ed5aa3bf90590a9
mask,0852,d87840035ce6eeefa51f15d269c76481b26fbe6dfa8341bf39ec9e897ec6dea1
mask,0853,45424f02632bd6cff99070ad29320ac40654913a7bc8df25af52eae2428a90cb
mask,0854,64a9842bda444addeae22444352525b70238c87b57a797db9c7fd9da0b2b0c09
mask,0855,b7ec1c00beebd009d4fa5e9b2e674eeb55bc5c8f267079f7f96d08de856975f9
mask,0856,4597424d8d78ac393d844989667d2c3b21ec0970408dc651266d4453ad56e102
mask,0857,88b76032915c3d52b8c90d2621b5eada0e4d2c9962fbf3fe54b60287ceee2de2
mask,0858,a81244fd141e2590b80b80d5a62359f7a4b3c2c5e015ae3f22c1af1a5430ba0a
mask,0859,66e4062c77af75e775ec0785f9179068207385e4d705bf22f01ed04f90c27c98
mask,0860,1f87c8cfe7c52bb899e7906caf0a0cb0495ca14252ed40c3c0ca25b5072ef45e
mask,0861,af9e50d3fde909724a989cef2c6ff8bd35e269306feba843a0942c337d45574f
mask,0862,c941e796494833b754f78dad04f73359249b5f990d249e81b406704df97e49e0
mask,0863,6eba66dd27ae122640ac13929d5c64aed94e471168a04bf91194c2db41e21e1a
mask,0864,f6f23724d59e114c54b0245ccee76776551a1c1572e1451ebbf294154e64b563
mask,0865,c8bc93ed0ec2027b8c75a47a5762b440298bb2574dd0d893598acdc701553d2d
mask,0866,43dd22d880d7389868b1247208f16f6a56d6c093a18616d573e25d610efabba2
mask,0867,525b055494d4233f33eddaabf93012e551b3a77e1d7e99e414564a8a8c243ac4
mask,0868,f6ca5825fc39fbe1eb3868bf70417d0a844bdd85bf25cfd1c0645efcb7d0fffd
mask,0869,1379fb38814ec414c1cecae0fa115e186e640d72ea69ee0ab119d57f417b4fe7
mask,0870,1d72c245a6ee1663e719f93b9d3cbde648023c0a33ea763684636ea2d63edc16
mask,0871,8dad3c2d0659095f5afc9ca21224062991a4ab18007167fc24a39b6f7d20a6be
mask,0872,0d0e56e5d5714a32618b1e9b175230b4d71e7fdcfa3dca81b77f4d81acaf1b43
mask,0873,5169d843c5eadf8839a1e1a4cc84259c7c4338578c4efd998a48c74c052632c4
mask,0874,a6c0772cb691adc9cb1315e7578fcfe623614238a32e546db027717028d4b988
mask,0875,e8d7a37a03b7db929710b81f85e87a6853b92cae1479a152974519c7eb83272d
mask,0876,a1ab90cfb32bdd22c157428e0086e12a9838973d5d13a3d9162b7ed30d70fc22
mask,0877,a030ad85271d98e15786913a24a83869d00f0d8df4404a8ab5751771873d8b01
mask,0878,6c190169fe23cb8f6e120aca174c82e5f522eedc9274434f614b1769d194fb62
mask,0879,f2439c0f34fe350957f70ed59e6c9734bcab7eb3c31315343d0677d366dba81a
mask,0880,68751ce7fc7baedf86a2b4ee336c07485c1e266c34c44ac474434ce09198540c
mask,0881,f4c76cb1769e5767c11ab955c4e90ff77cb7c260afeaadd798dbd15a46414d84
mask,0882,d4db160add92cd67219c5a1fcb69df65b919fae1ebb756ab4c038d4beb67add4
mask,0883,80416cc8b8d3b2ad1694f0b7afc9ecaf9f55e1235984870593443dbc6505c5a9
mask,0884,2e01e66dabbb5adda81938d688fce61dd5c7f6ebde4a731a87cd87dbbf7e571b
mask,0885,f705a7fbba5c741a2093c944b9f0f6ba7e3770bc252c1231e9f51110cb4e3448
mask,0886,260c44906c66f26cc5f767947f673afa6fcb0f8768e67cd24fcee4369e90b009
mask,0887,9ba4656368e8c3cf7b1c01c8f7d99fddfdc7217d1d768bf57e7f0ce93e5650f1
mask,0888,4f7983eed836e162a62e461ac6bde273a566f826ad1f456f991755c5b797e47a
mask,0889,1db56530f06b9861185ef18e7865464fe50bc50ef47d7d4e9ca69cef8214998d
mask,0890,28edc7d9afb72ea7ccda1e6d795def1a279b68458421037dd597303407cd1b91
mask,0891,bf1f1108c5f61e4d04b1674dbd075635bee500ad7f71d90b351791421cb8bfe7
mask,0892,25816a7def5ac0b4646f1bdf85c6b18b457e2f5a642a3f87b6d9e73f244c985a
mask,0893,20c3390bc476f9fe9102b4966bf13dd6c798b213f87a10e33d15d28aea5a23f7
mask,0894,970887533d32d123ee39194db8f316ad51782efdc6975847957aa2cbd4948d5c
mask,0895,68ca8e4217ee2be6f58c030d01325b53fbd036739f3d41516f2ff0654c0a767d
mask,0896,f24acbf7e7ba2bd37487a84680d72909b3986b069a64dac6b95b7f4d9cd43c20
mask,0897,239c5950afb51b69ace99a6acf2af721f0f493704a569978b3164f8730f98789
mask,0898,fd9a0062ee837a6ebdb999f824f4340c15b0fb5db9dc068b9fa36617fc72d618
mask,0899,0d2110381b1954963c94dd3b3c8dabe9f03fffa38c7c9bc17d3b0af0b9591f6e
mask,0900,940d4cd6761dd4e01a36c74913be6e82a317cf487d1ee841ef44ecbb8616ca81
mask,0901,ea1d60096ba14ac0911723fef6a074623bca889c1949006b41e9f84772274e07
mask,0902,52c5099f6895fc0edfd1811605d60730575fb778089a73abac035f1d364e5817
mask,0903,0f1b70ca04fb59bf88b2febf29ea5027000abb775bacf29ec0fca6969fe21c97
mask,0904,11798a25aa1aa8401a15e83223e8743315910930283635c8a3e6a67c379e563e
mask,0905,aaf24300f11009d3ee80dc76789b15aa8a6131abf54e63cdbd81c10549d245aa
mask,0906,eef3c1e315c420635dff84f4230c05fc9cacf464f7115cd0e8b8c3eb06f9559d
mask,0907,ba50e2b4bf210dbf616e705e1b79ea541c4b0c646dee835636d64f363736e8e5
mask,0908,09f43003416dd52c27ceca62045b79fbb632d8b02214d8975c170abff101a0fd
mask,0909,89bc81ef67955329f50398b275dc77eabc5bed5b4e888526afef0dd9bfa9dc02
mask,0910,9bca0a16076d49ea037f361c354e4cd17ab41d9d465e550bb2cfd24cfae1bd74
mask,0911,7b866d594113465414cae29d9470fc9235421961ddfa6eaaa3b967eb20cb9527
mask,0912,cdd41b60ae505ee965cae5a91d344e276e30c8a38414c9dd6ecf96f33a8ba6d4
mask,0913,5abc85977088b2fb5d69b96b687a0915b98786ad9554e749ef677943871a63b7
mask,0914,88e1315049de2bc50e4a1b632a16d8fb057d87bde878b47114eba2b5d2d25575
mask,0915,4c9f7b5fb1f5ec6fc02233c858ff079c30d028915a995c1a9979b62696db1cfe
mask,0916,42e8afce91fa1f5e5cd78d51e127a8b24c57479d9a11de2177e30e78d4f223f0
mask,0917,04502e99c07e2f93de6ecfefa0c4241122642d5001409a455bfc2f5b9a335fc0
mask,0918,c595549fb3335c2d4cba483b9db1341c0e988677f0a6c50af7710f0c6a729913
mask,0919,ca6874a976623442a1845b16b061844d4bd976aaa67f358bb1b965b158f12566
mask,0920,7c6dccab4258bbae89ed603a6f4351085c146d7ee72e27eab6ea4adcef76b1ff
mask,0921,e16ccb51af098ac67c21d890d8a81511facbe5b3223edeb4f9deb25b21a97682
mask,0922,3c43419e6ef1354f47fb9a146c306004f92b9d84c0ef9bfd255e1935710e9c31
mask,0923,a8659e1bde80fcd9848c95d45d9219ba35990b216e311d51cda73ab4340be529
mask,0924,fef7da337d0e23a6616f16d2cf2790bde17bd2646e87112922092a0e8ca50c1e
mask,0925,d3fabfaae468b3ec63b5ea3353d889a37d3543d82173cae2c623f2444beb04b8
mask,0926,0da5a8b83a8151d3eebcc3dddd400a12da7c7ac24370002ca62fe43b5f562c6b
mask,0927,b67d3696908eb0689a7afae87e7de1ad291d153464f2b61289aa4fc703f4f432
mask,0928,08347bd3c63f43f8d47f6213b31460e08c2bb0943b63ccbb8332bbeb1b3dd548
mask,0929,7644cf5b64ceb23d12226ed33ab37ee764689d06277b7aa1dbf72f664e03e277
mask,0930,2357c69a5f6d5e8ea93713fd38dee0715a1773d7975a2b0667309098978ff193
mask,0931,0bf18fe413b54007b7f4754c9630b99e623423806e43b78ca20d0be6c754bd6e
mask,0932,b4ec15680539e6adac459250f16a27f2f09f8a9059fa555b1a4ef314e7165e13
mask,0933,fcfe81ea1a2a8662da22d33dbc05ab2f554ff7867fcf7ed020c616293760a60e
mask,0934,6dca150600c5f7152ce08e5526ac9473c21200423087a3dbf0f8f0326a260147
mask,0935,b4b3d8eebc66aa4c749d81763d17f3bc43b625a3ad3196085dca8598a12afe8c
mask,0936,727769ad90cb626def82937eeb851ce8400b970c2bf5ceb473ce1a818f0b9ccf
mask,0937,65b388485227f015bc1ffaa8447258e85588311b111cea6ecd6f8dcff54c3005
mask,0938,af0f60d0008d103dd5f1eedd2c72d04b9a46de6989a072391ff9cc181e36372d
mask,0939,dc1314d7c3ee2884e53b8ba337bfc3ae074182a73ab6869d2c6390fc4016bc17
mask,0940,1519c58dff45f8a78a6f7cd99333511f2111c3d017cae38e084be3390f840945
mask,0941,c925e681b08057c8f72e9b47715527afbcc2e3620f192cb6e9d435eca7d6834b
mask,0942,45958d143d7bb8f4846d820a856df53b5887748d2a60bc0b60586cbb90ad298c
mask,0943,47c034439f919715efa326ffe38df4826ef2d8c2055ce213413fb1f8e0b37759
mask,0944,6699d8ac2d0fb0afff473ebd68e04e17641897acf1dae6db02f87e353c414359
mask,0945,44bd3b4890809adab3732bc6e429eded8ebb82096e3e8e7873068292ac78d5d0
mask,0946,4d6c011dac7787ac8433eb52411a01227c81f2a67b91bb851afd7877ef20771e
mask,0947,a0d9fad69b4dbbb6f63302509b6f87466bca5e55378b85da171883cf27bc027c
mask,0948,e0039f9f11516336c1d4707acd5d02fa7b2399ca12e85cb4a92f73b7dc5b2db4
mask,0949,ad4616c9f59713a89e1ce8cea06be6bb95ea48f8cceeb2f20aed3c98d1b10a50
mask,0950,a1211d43fe7eac944f43b96ff5a2e2cc3f0fe446e3e0c5253d6eadccdc61f08f
mask,0951,9174eee81bb1e8cf8fdcfead95129f8b4acd134a48bce1782617e4e81a4dead0
mask,0952,09242539f3d2c8b044d0d5dd3f797fd086105e49d09ad6d5a19684d08d50225b
mask,0953,05dd4fe7e175de696092b9ab97410b453a85f80af70f8ad8f531c7aeac2abc8e
mask,0954,2c91e087ab22092814b1c2764f5ef5a4ccbfef18c92542a0036ee7ea9f44526c
mask,0955,315234714eb2c53630c9593bd0185ca9abd1c5576e1130020ca8208eaff92c64
mask,0956,205eada9453272978c60e0084f4ba74ab80182409648bffbc908c3a375905b87
mask,0957,86bfbb9c70de90acadb647cbbcedefae1133020a8de9ca1b9e1681e402b76257
mask,0958,6a312f1a010a8ada06f48c0c7dd443f4f0f84d81f312249ec17b0899170048c6
mask,0959,4cdce7ee9c1827e38e69f0b5a74108e79da084a66973ec6bc42a1430df00c70b
mask,0960,a17dd01864604fb10e6bb64090ea554420cd6582bb69a24533027f2a1edb7a88
mask,0961,3a8014373b3cf1c25c1b2ca8aa65caa900f6afa2b4249e413f8af350ad852eab
mask,0962,5e52bd49a2677d8b265a6743a0a7b7b41effe9d5a20bc672a48d21ff0d38ad2f
mask,0963,ec3540595e1b5b54c5246a9ecd1175bdfdb7503455a274cd89311034f37ffdb2
mask,0964,6142320d85a8ab60e6a81c240f162a4c8db86c3bf9477824fdaa9299294a3148
mask,0965,3e90290d0050bb376125d3dc604ce4e0ccfba0ff0f463f362893e6de55e24775
mask,0966,ee7395741a2fcd6fc0176d84ceafcef86c4fa28954df2cd4de1009b86581b943
mask,0967,fe13e75d29fbd072e525fc9fd8f0f33f29a5634cd792ed7a66acda326115f639
mask,0968,13a0428146eff0ef35ead67e3e2e2caa5e7884311b33e081b3e6d8bfb9090a0d
mask,0969,c81ef75f1cc9047cbe1995fb2920d27fcf4e5b9cdb15e1d45ab7d0dd55e4019c
mask,0970,7e12d372a5fbaccf4bed6f760a081093a1ba4f6f32c335052dcc834b203c4e6e
mask,0971,fe90b14b9975d962e592ced98e33cd46f0a12ad6cce23ec5b6f5b2a276e6a95c
mask,0972,3f55e07f3366720be19fccb1b33937106d1348091fe9b9d103f2f00f9b798856
mask,0973,9e209b64fd97f44e641172fa07038b7589b8638807fd323358c2ff50ac48e0a4
mask,0974,1e72211fad46e009f73a487e7c22f0f8466976b8d45d5e501405994f3e035e46
mask,0975,8c1763123992a70afd40f3d35449df56bde15ab67537aa081695ee8cbe094bb7
mask,0976,38bfb278c43a61b0fb92b3ef6358377ea5ab8796f136df5f58afe2ce05df6a88
mask,0977,e3219ef04916883548465b250b6934061ad251b7e86d03620f6bd83e2842d6e3
mask,0978,0df1391e1e237dd112f62ec75056c24e4bdb9f1f403cdd85ec8e0f8b54e4eca1
mask,0979,fbcf436aa2b01c9f3123e31b76558c7c922536525a152a604635508e5243e071
mask,0980,1610b42b9d9470082b32c86b485c013376a987793bd506c86366bfccc20d2896
mask,0981,134681a92f660a28a42f4902f9d468a2e63cabefdc3d6aceefea08bb9b164c24
mask,0982,5dc4e4fffbd9245fafe680dd1c7b4141ac3edd5d5af55da650ca2951e0f5975d
mask,0983,7bd5027201276ad146fcb77424eddd8748797aa94abde5c1c4d41c68522b1dca
mask,0984,743c45eae7ed99ddaf8fb0b4b6e7abbce65079b65f8c198bcd5b6fa70533028f
mask,0985,57f0cb71ca624773f5c429d02051c1644e2a10c729a548b1d6e64e7062951712
mask,0986,f4a5f58885735e75228ff195d2db4146a3beff2f212fa074f2d990a4a917a216
mask,0987,bfb027045332fe387a1f7cf16858ffa99d696731a9f738261792a46d13d1e844
mask,0988,ef1171b350498e17a2f214dedd646f8be7aa430edfe2755e0d92fd719c6f47d2
mask,0989,d0c16c25b19b9cc90d7919516986fb18374e31ad40e0da33153669d463ea431a
mask,0990,0f9eb7771e515643f01897980233296ab5a4822c009078769bb0d8c10d9722f4
mask,0991,75c71940f2dbfdb59edf56d3ad9c87330e72941b231eeff9e7481523ec1a8d98
mask,0992,3f2f2a9f1d08c814f5d504be031794fe97bd2d6d5d72db6740c5f0f025546263
mask,0993,a1fd9909a9b3808ce7b7cf3a1046d7e19d62b9159e6b467cd7cf215db582be36
mask,0994,a80c4d8034809e048d7f29bff7787aebd5d16d4c84378a16ef714022b841d9dd
mask,0995,194bdad55fc92f393be3fec467f1ebae0d8b9239a1cbad16cdaea529f71b82fa
mask,0996,dab575cce2fbe8b085f5287d70138215e5c58c89901c4ce8f63466240aae0b26
mask,0997,079eea4b6c284c6b50d873c4fd3036105312217da7de165b565863b69c7d2fde
mask,0998,1b07c4d4c910c12cabaad000781cced0aa95624cfbcbb495e4f87a387b577563
mask,0999,f0a700b107ace4b5ae5f8dc66122ef53967fa3c6da19eda4502892d81b1053a7
mask,1000,3fc15c1e7cd114f2eb0d4c18b285bcc6c48a74eee23f55d73c532b67146d7002
mask,1001,74abfdd6f3afef6754de082022ca0aa95376c51e64bea666235aebd4747f547d
mask,1002,bc6ac8910a0497d45abeb1178ff4408df4e378c765b04dc95cd65031f658e68a
mask,1003,78729b1d716bc15b05da236cb35300a5dad82181f0e7c3ccd6142c78fe51dd93
mask,1004,1a7fdf4c6b35f44aa1c2dfecfbef6d46ce4245bd6801da9fa4bc1a9aac8490e7
mask,1005,64c2d17c586646682fb756f587b873edd4643b9bbf783fb8c2bd7d8436fabfb0
mask,1006,97da41d293f3a688eebf19add1b94e769aceacc95bb2621a6ea7e00a3470b65d
mask,1007,996fb2f5b9982e3637e05745c9bc4efa2c3f4a571cb201208134bf829a5bcd9e
mask,1008,ad363adf691b416f970642c0c2d458a5b54576d412eb1ef8086cf720c4132271
mask,1009,4423e07b090d6bac7f7a31b722b516a771e4010f955bc56541b2bc39d0e19d5a
mask,1010,fa6557445dff99e397c9277d457fcad5e525d36eb6cf1dedf22eee846d66923b
mask,1011,4da78e142be203b087b0ad89d3dac6a868033c1ad31ec8fcf18a182c5e311280
mask,1012,e6326a56878e911d549b3d7256da224afcd8809355e267b9c155a6934c667836
mask,1013,4d9d0b3071a23d1a4de301ef063ca8f694002d62cbd297fd78fb960c68ad4090
other,license.html,5264b9acd324899c76d5d3454fb9423db4c875609916e29e6d3e45e4c5c38780
other,metadata.csv,9fd5980d2bf5417b81f9a8aa7a4312ef700004f14c84ab6fa822f0a8c513f526
other,readme.pdf,c5a07a8d70ea5908be17f5b049174a8b4f8d37f74495be2abe4bf2a61bbcfc8f
