id,dataset,path,mask_path,source_folder,date,time,capture,cloud_fraction,dup_group,group,split,split_seed
0001,swimseg,raw/swimseg/train/0001.png,raw/swimseg/train_labels/0001.png,train,20131023,111406,20131023_111406,0.3405944444444444,0,0,test,43
0002,swimseg,raw/swimseg/train/0002.png,raw/swimseg/train_labels/0002.png,train,20131023,111406,20131023_111406,0.6347972222222222,1,0,test,43
0003,swimseg,raw/swimseg/train/0003.png,raw/swimseg/train_labels/0003.png,train,20131023,111406,20131023_111406,0.679475,2,0,test,43
0004,swimseg,raw/swimseg/train/0004.png,raw/swimseg/train_labels/0004.png,train,20131023,111406,20131023_111406,0.693075,3,0,test,43
0005,swimseg,raw/swimseg/train/0005.png,raw/swimseg/train_labels/0005.png,train,20131023,111406,20131023_111406,0.6227527777777778,4,0,test,43
0006,swimseg,raw/swimseg/train/0006.png,raw/swimseg/train_labels/0006.png,train,20131023,111406,20131023_111406,0.39398333333333335,5,0,test,43
0007,swimseg,raw/swimseg/train/0007.png,raw/swimseg/train_labels/0007.png,train,20131023,111406,20131023_111406,0.6968111111111112,6,0,test,43
0008,swimseg,raw/swimseg/train/0008.png,raw/swimseg/train_labels/0008.png,train,20131023,111406,20131023_111406,0.3427972222222222,7,0,test,43
0009,swimseg,raw/swimseg/train/0009.png,raw/swimseg/train_labels/0009.png,train,20131023,111406,20131023_111406,0.6812583333333333,1,0,test,43
0010,swimseg,raw/swimseg/train/0010.png,raw/swimseg/train_labels/0010.png,train,20131023,111406,20131023_111406,0.7265,9,0,test,43
0011,swimseg,raw/swimseg/train/0011.png,raw/swimseg/train_labels/0011.png,train,20131023,111406,20131023_111406,0.5998777777777777,10,0,test,43
0012,swimseg,raw/swimseg/train/0012.png,raw/swimseg/train_labels/0012.png,train,20131023,112406,20131023_112406,0.2885083333333333,11,0,test,43
0013,swimseg,raw/swimseg/train/0013.png,raw/swimseg/train_labels/0013.png,train,20131023,112406,20131023_112406,0.4595611111111111,12,0,test,43
0014,swimseg,raw/swimseg/train/0014.png,raw/swimseg/train_labels/0014.png,train,20131023,112406,20131023_112406,0.8220805555555556,13,0,test,43
0015,swimseg,raw/swimseg/train/0015.png,raw/swimseg/train_labels/0015.png,train,20131023,112406,20131023_112406,0.5941777777777778,14,0,test,43
0016,swimseg,raw/swimseg/train/0016.png,raw/swimseg/train_labels/0016.png,train,20131023,112406,20131023_112406,0.3091083333333333,11,0,test,43
0017,swimseg,raw/swimseg/train/0017.png,raw/swimseg/train_labels/0017.png,train,20131023,112406,20131023_112406,0.5725388888888889,16,0,test,43
0018,swimseg,raw/swimseg/train/0018.png,raw/swimseg/train_labels/0018.png,train,20131023,112406,20131023_112406,0.6758361111111111,17,0,test,43
0019,swimseg,raw/swimseg/train/0019.png,raw/swimseg/train_labels/0019.png,train,20131023,112406,20131023_112406,0.7066055555555556,18,0,test,43
0020,swimseg,raw/swimseg/train/0020.png,raw/swimseg/train_labels/0020.png,train,20131119,103411,20131119_103411,0.4741694444444444,19,19,train,43
0021,swimseg,raw/swimseg/train/0021.png,raw/swimseg/train_labels/0021.png,train,20131119,103411,20131119_103411,0.7236166666666667,20,19,train,43
0022,swimseg,raw/swimseg/train/0022.png,raw/swimseg/train_labels/0022.png,train,20131119,103411,20131119_103411,0.5701472222222222,21,19,train,43
0023,swimseg,raw/swimseg/train/0023.png,raw/swimseg/train_labels/0023.png,train,20131119,103411,20131119_103411,0.48126944444444447,19,19,train,43
0024,swimseg,raw/swimseg/train/0024.png,raw/swimseg/train_labels/0024.png,train,20131119,103411,20131119_103411,0.6878666666666666,23,19,train,43
0025,swimseg,raw/swimseg/train/0025.png,raw/swimseg/train_labels/0025.png,train,20131119,103411,20131119_103411,0.6858916666666667,24,19,train,43
0026,swimseg,raw/swimseg/train/0026.png,raw/swimseg/train_labels/0026.png,train,20131119,103411,20131119_103411,0.5714083333333333,25,19,train,43
0027,swimseg,raw/swimseg/train/0027.png,raw/swimseg/train_labels/0027.png,train,20131119,103411,20131119_103411,0.6637416666666667,26,19,train,43
0028,swimseg,raw/swimseg/train/0028.png,raw/swimseg/train_labels/0028.png,train,20131119,103411,20131119_103411,0.5486583333333334,27,19,train,43
0029,swimseg,raw/swimseg/train/0029.png,raw/swimseg/train_labels/0029.png,train,20131119,103411,20131119_103411,0.5667638888888888,28,19,train,43
0030,swimseg,raw/swimseg/train/0030.png,raw/swimseg/train_labels/0030.png,train,20131119,103411,20131119_103411,0.70415,29,19,train,43
0031,swimseg,raw/swimseg/train/0031.png,raw/swimseg/train_labels/0031.png,train,20131119,103411,20131119_103411,0.717325,30,19,train,43
0032,swimseg,raw/swimseg/train/0032.png,raw/swimseg/train_labels/0032.png,train,20131119,103411,20131119_103411,0.8075222222222223,31,19,train,43
0033,swimseg,raw/swimseg/train/0033.png,raw/swimseg/train_labels/0033.png,train,20131119,103411,20131119_103411,0.7082444444444445,32,19,train,43
0034,swimseg,raw/swimseg/train/0034.png,raw/swimseg/train_labels/0034.png,train,20131119,103411,20131119_103411,0.8609277777777777,33,19,train,43
0035,swimseg,raw/swimseg/train/0035.png,raw/swimseg/train_labels/0035.png,train,20131119,111411,20131119_111411,0.47828055555555554,34,19,train,43
0036,swimseg,raw/swimseg/train/0036.png,raw/swimseg/train_labels/0036.png,train,20131119,111411,20131119_111411,0.46099444444444443,35,19,train,43
0037,swimseg,raw/swimseg/train/0037.png,raw/swimseg/train_labels/0037.png,train,20131119,111411,20131119_111411,0.4288416666666667,36,19,train,43
0038,swimseg,raw/swimseg/train/0038.png,raw/swimseg/train_labels/0038.png,train,20131119,111411,20131119_111411,0.5924,34,19,train,43
0039,swimseg,raw/swimseg/train/0039.png,raw/swimseg/train_labels/0039.png,train,20131119,111411,20131119_111411,0.45447777777777776,38,19,train,43
0040,swimseg,raw/swimseg/train/0040.png,raw/swimseg/train_labels/0040.png,train,20131119,111411,20131119_111411,0.5768777777777778,39,19,train,43
0041,swimseg,raw/swimseg/train/0041.png,raw/swimseg/train_labels/0041.png,train,20131119,111411,20131119_111411,0.7240055555555556,40,19,train,43
0042,swimseg,raw/swimseg/train/0042.png,raw/swimseg/train_labels/0042.png,train,20131119,111411,20131119_111411,0.4432833333333333,41,19,train,43
0043,swimseg,raw/swimseg/train/0043.png,raw/swimseg/train_labels/0043.png,train,20131119,111411,20131119_111411,0.31358888888888886,42,19,train,43
0044,swimseg,raw/swimseg/train/0044.png,raw/swimseg/train_labels/0044.png,train,20131119,111411,20131119_111411,0.49888055555555555,41,19,train,43
0045,swimseg,raw/swimseg/train/0045.png,raw/swimseg/train_labels/0045.png,train,20131119,111411,20131119_111411,0.23602222222222222,44,19,train,43
0046,swimseg,raw/swimseg/train/0046.png,raw/swimseg/train_labels/0046.png,train,20131119,111911,20131119_111911,0.5129833333333333,45,19,train,43
0047,swimseg,raw/swimseg/train/0047.png,raw/swimseg/train_labels/0047.png,train,20131119,111911,20131119_111911,0.4401833333333333,46,19,train,43
0048,swimseg,raw/swimseg/train/0048.png,raw/swimseg/train_labels/0048.png,train,20131119,111911,20131119_111911,0.5743777777777778,47,19,train,43
0049,swimseg,raw/swimseg/train/0049.png,raw/swimseg/train_labels/0049.png,train,20131119,111911,20131119_111911,0.3971,45,19,train,43
0050,swimseg,raw/swimseg/train/0050.png,raw/swimseg/train_labels/0050.png,train,20131119,111911,20131119_111911,0.5763277777777778,49,19,train,43
0051,swimseg,raw/swimseg/train/0051.png,raw/swimseg/train_labels/0051.png,train,20131119,111911,20131119_111911,0.4155638888888889,50,19,train,43
0052,swimseg,raw/swimseg/train/0052.png,raw/swimseg/train_labels/0052.png,train,20131119,111911,20131119_111911,0.42999166666666666,51,19,train,43
0053,swimseg,raw/swimseg/train/0053.png,raw/swimseg/train_labels/0053.png,train,20131119,111911,20131119_111911,0.5130583333333333,52,19,train,43
0054,swimseg,raw/swimseg/train/0054.png,raw/swimseg/train_labels/0054.png,train,20131119,111911,20131119_111911,0.5645305555555555,53,19,train,43
0055,swimseg,raw/swimseg/train/0055.png,raw/swimseg/train_labels/0055.png,train,20131119,111911,20131119_111911,0.2602138888888889,54,19,train,43
0056,swimseg,raw/swimseg/train/0056.png,raw/swimseg/train_labels/0056.png,train,20131119,111911,20131119_111911,0.33605833333333335,55,19,train,43
0057,swimseg,raw/swimseg/train/0057.png,raw/swimseg/train_labels/0057.png,train,20131119,111911,20131119_111911,0.38234444444444443,56,19,train,43
0058,swimseg,raw/swimseg/train/0058.png,raw/swimseg/train_labels/0058.png,train,20131119,111911,20131119_111911,0.26976666666666665,54,19,train,43
0059,swimseg,raw/swimseg/train/0059.png,raw/swimseg/train_labels/0059.png,train,20131119,111911,20131119_111911,0.472375,58,19,train,43
0060,swimseg,raw/swimseg/train/0060.png,raw/swimseg/train_labels/0060.png,train,20131119,111911,20131119_111911,0.4684111111111111,59,19,train,43
0061,swimseg,raw/swimseg/train/0061.png,raw/swimseg/train_labels/0061.png,train,20131119,111911,20131119_111911,0.5546055555555556,60,19,train,43
0062,swimseg,raw/swimseg/train/0062.png,raw/swimseg/train_labels/0062.png,train,20131119,111911,20131119_111911,0.541875,61,19,train,43
0063,swimseg,raw/swimseg/train/0063.png,raw/swimseg/train_labels/0063.png,train,20131119,111911,20131119_111911,0.53725,62,19,train,43
0064,swimseg,raw/swimseg/train/0064.png,raw/swimseg/train_labels/0064.png,train,20140327,93443,20140327_93443,0.6172111111111112,63,63,train,43
0065,swimseg,raw/swimseg/train/0065.png,raw/swimseg/train_labels/0065.png,train,20140327,93443,20140327_93443,0.4312861111111111,64,63,train,43
0066,swimseg,raw/swimseg/train/0066.png,raw/swimseg/train_labels/0066.png,train,20140327,93443,20140327_93443,0.43646666666666667,65,63,train,43
0067,swimseg,raw/swimseg/train/0067.png,raw/swimseg/train_labels/0067.png,train,20140327,93443,20140327_93443,0.24439444444444444,66,63,train,43
0068,swimseg,raw/swimseg/train/0068.png,raw/swimseg/train_labels/0068.png,train,20140327,93443,20140327_93443,0.3709277777777778,67,63,train,43
0069,swimseg,raw/swimseg/train/0069.png,raw/swimseg/train_labels/0069.png,train,20140327,93443,20140327_93443,0.364825,68,63,train,43
0070,swimseg,raw/swimseg/train/0070.png,raw/swimseg/train_labels/0070.png,train,20140327,93443,20140327_93443,0.3522638888888889,69,63,train,43
0071,swimseg,raw/swimseg/train/0071.png,raw/swimseg/train_labels/0071.png,train,20140327,93443,20140327_93443,0.4431277777777778,70,63,train,43
0072,swimseg,raw/swimseg/train/0072.png,raw/swimseg/train_labels/0072.png,train,20140327,93443,20140327_93443,0.3614861111111111,71,63,train,43
0073,swimseg,raw/swimseg/train/0073.png,raw/swimseg/train_labels/0073.png,train,20140327,93443,20140327_93443,0.37630555555555556,72,63,train,43
0074,swimseg,raw/swimseg/train/0074.png,raw/swimseg/train_labels/0074.png,train,20140327,93443,20140327_93443,0.232825,73,63,train,43
0075,swimseg,raw/swimseg/train/0075.png,raw/swimseg/train_labels/0075.png,train,20140327,93443,20140327_93443,0.12967222222222222,74,63,train,43
0076,swimseg,raw/swimseg/train/0076.png,raw/swimseg/train_labels/0076.png,train,20140327,93443,20140327_93443,0.10280277777777778,75,63,train,43
0077,swimseg,raw/swimseg/train/0077.png,raw/swimseg/train_labels/0077.png,train,20140327,93443,20140327_93443,0.195825,76,63,train,43
0078,swimseg,raw/swimseg/train/0078.png,raw/swimseg/train_labels/0078.png,train,20140327,93443,20140327_93443,0.237125,77,63,train,43
0079,swimseg,raw/swimseg/train/0079.png,raw/swimseg/train_labels/0079.png,train,20140327,93443,20140327_93443,0.3269944444444444,78,63,train,43
0080,swimseg,raw/swimseg/train/0080.png,raw/swimseg/train_labels/0080.png,train,20140327,93443,20140327_93443,0.14083055555555554,79,63,train,43
0081,swimseg,raw/swimseg/train/0081.png,raw/swimseg/train_labels/0081.png,train,20140327,124632,20140327_124632,0.7332666666666666,80,63,train,43
0082,swimseg,raw/swimseg/train/0082.png,raw/swimseg/train_labels/0082.png,train,20140327,124632,20140327_124632,0.34363055555555555,81,63,train,43
0083,swimseg,raw/swimseg/train/0083.png,raw/swimseg/train_labels/0083.png,train,20140327,124632,20140327_124632,0.27393055555555557,82,63,train,43
0084,swimseg,raw/swimseg/train/0084.png,raw/swimseg/train_labels/0084.png,train,20140327,124632,20140327_124632,0.24983055555555556,83,63,train,43
0085,swimseg,raw/swimseg/train/0085.png,raw/swimseg/train_labels/0085.png,train,20140327,124632,20140327_124632,0.277975,84,63,train,43
0086,swimseg,raw/swimseg/train/0086.png,raw/swimseg/train_labels/0086.png,train,20140327,124632,20140327_124632,0.5760388888888889,85,63,train,43
0087,swimseg,raw/swimseg/train/0087.png,raw/swimseg/train_labels/0087.png,train,20140327,124632,20140327_124632,0.6300194444444445,86,63,train,43
0088,swimseg,raw/swimseg/train/0088.png,raw/swimseg/train_labels/0088.png,train,20140327,124632,20140327_124632,0.7605638888888889,87,63,train,43
0089,swimseg,raw/swimseg/train/0089.png,raw/swimseg/train_labels/0089.png,train,20140327,124632,20140327_124632,0.6485638888888889,88,63,train,43
0090,swimseg,raw/swimseg/train/0090.png,raw/swimseg/train_labels/0090.png,train,20140327,124632,20140327_124632,0.6327166666666667,89,63,train,43
0091,swimseg,raw/swimseg/train/0091.png,raw/swimseg/train_labels/0091.png,train,20140327,124632,20140327_124632,0.45611111111111113,90,63,train,43
0092,swimseg,raw/swimseg/train/0092.png,raw/swimseg/train_labels/0092.png,train,20140327,124632,20140327_124632,0.24236666666666667,91,63,train,43
0093,swimseg,raw/swimseg/train/0093.png,raw/swimseg/train_labels/0093.png,train,20140327,124632,20140327_124632,0.49390555555555554,92,63,train,43
0094,swimseg,raw/swimseg/train/0094.png,raw/swimseg/train_labels/0094.png,train,20140327,124632,20140327_124632,0.37827222222222223,93,63,train,43
0095,swimseg,raw/swimseg/train/0095.png,raw/swimseg/train_labels/0095.png,train,20140327,124632,20140327_124632,0.23173611111111111,94,63,train,43
0096,swimseg,raw/swimseg/train/0096.png,raw/swimseg/train_labels/0096.png,train,20140327,124632,20140327_124632,0.11400277777777777,95,63,train,43
0097,swimseg,raw/swimseg/train/0097.png,raw/swimseg/train_labels/0097.png,train,20140327,124632,20140327_124632,0.10308055555555555,96,63,train,43
0098,swimseg,raw/swimseg/train/0098.png,raw/swimseg/train_labels/0098.png,train,20140327,124632,20140327_124632,0.16111111111111112,97,63,train,43
0099,swimseg,raw/swimseg/train/0099.png,raw/swimseg/train_labels/0099.png,train,20140327,124632,20140327_124632,0.24836388888888888,98,63,train,43
0100,swimseg,raw/swimseg/train/0100.png,raw/swimseg/train_labels/0100.png,train,20140327,124632,20140327_124632,0.4197472222222222,99,63,train,43
0101,swimseg,raw/swimseg/train/0101.png,raw/swimseg/train_labels/0101.png,train,20140327,124632,20140327_124632,0.3427861111111111,100,63,train,43
0102,swimseg,raw/swimseg/train/0102.png,raw/swimseg/train_labels/0102.png,train,20140327,124632,20140327_124632,0.32133333333333336,101,63,train,43
0103,swimseg,raw/swimseg/train/0103.png,raw/swimseg/train_labels/0103.png,train,20140327,124632,20140327_124632,0.45575,102,63,train,43
0104,swimseg,raw/swimseg/train/0104.png,raw/swimseg/train_labels/0104.png,train,20140327,124632,20140327_124632,0.5029611111111111,103,63,train,43
0105,swimseg,raw/swimseg/train/0105.png,raw/swimseg/train_labels/0105.png,train,20140327,124632,20140327_124632,0.4219027777777778,104,63,train,43
0106,swimseg,raw/swimseg/train/0106.png,raw/swimseg/train_labels/0106.png,train,20140327,124632,20140327_124632,0.24923055555555557,105,63,train,43
0107,swimseg,raw/swimseg/train/0107.png,raw/swimseg/train_labels/0107.png,train,20140327,124632,20140327_124632,0.10776944444444445,106,63,train,43
0108,swimseg,raw/swimseg/train/0108.png,raw/swimseg/train_labels/0108.png,train,20140327,124632,20140327_124632,0.3075805555555556,107,63,train,43
0109,swimseg,raw/swimseg/train/0109.png,raw/swimseg/train_labels/0109.png,train,20140327,124632,20140327_124632,0.165775,108,63,train,43
0110,swimseg,raw/swimseg/train/0110.png,raw/swimseg/train_labels/0110.png,train,20140327,124632,20140327_124632,0.1578638888888889,109,63,train,43
0111,swimseg,raw/swimseg/train/0111.png,raw/swimseg/train_labels/0111.png,train,20140327,124632,20140327_124632,0.15387222222222222,110,63,train,43
0112,swimseg,raw/swimseg/train/0112.png,raw/swimseg/train_labels/0112.png,train,20140327,124632,20140327_124632,0.19868611111111112,111,63,train,43
0113,swimseg,raw/swimseg/train/0113.png,raw/swimseg/train_labels/0113.png,train,20140327,124632,20140327_124632,0.15812222222222222,112,63,train,43
0114,swimseg,raw/swimseg/train/0114.png,raw/swimseg/train_labels/0114.png,train,20140428,173856,20140428_173856,0.346,113,113,test,43
0115,swimseg,raw/swimseg/train/0115.png,raw/swimseg/train_labels/0115.png,train,20140428,173856,20140428_173856,0.36465277777777777,114,113,test,43
0116,swimseg,raw/swimseg/train/0116.png,raw/swimseg/train_labels/0116.png,train,20140428,173856,20140428_173856,0.4455222222222222,115,113,test,43
0117,swimseg,raw/swimseg/train/0117.png,raw/swimseg/train_labels/0117.png,train,20140428,173856,20140428_173856,0.39010833333333333,116,113,test,43
0118,swimseg,raw/swimseg/train/0118.png,raw/swimseg/train_labels/0118.png,train,20140428,173856,20140428_173856,0.5135805555555556,117,113,test,43
0119,swimseg,raw/swimseg/train/0119.png,raw/swimseg/train_labels/0119.png,train,20140428,173856,20140428_173856,0.6418666666666667,118,113,test,43
0120,swimseg,raw/swimseg/train/0120.png,raw/swimseg/train_labels/0120.png,train,20140428,173856,20140428_173856,0.49583055555555555,119,113,test,43
0121,swimseg,raw/swimseg/train/0121.png,raw/swimseg/train_labels/0121.png,train,20140428,173856,20140428_173856,0.5116083333333333,119,113,test,43
0122,swimseg,raw/swimseg/train/0122.png,raw/swimseg/train_labels/0122.png,train,20140428,173856,20140428_173856,0.8390611111111111,121,113,test,43
0123,swimseg,raw/swimseg/train/0123.png,raw/swimseg/train_labels/0123.png,train,20140428,173856,20140428_173856,0.524025,122,113,test,43
0124,swimseg,raw/swimseg/train/0124.png,raw/swimseg/train_labels/0124.png,train,20140428,173856,20140428_173856,0.44959444444444446,123,113,test,43
0125,swimseg,raw/swimseg/train/0125.png,raw/swimseg/train_labels/0125.png,train,20140428,173856,20140428_173856,0.6834111111111111,124,113,test,43
0126,swimseg,raw/swimseg/train/0126.png,raw/swimseg/train_labels/0126.png,train,20140428,173856,20140428_173856,0.6924722222222223,125,113,test,43
0127,swimseg,raw/swimseg/train/0127.png,raw/swimseg/train_labels/0127.png,train,20140428,173856,20140428_173856,0.6171472222222222,126,113,test,43
0128,swimseg,raw/swimseg/train/0128.png,raw/swimseg/train_labels/0128.png,train,20140428,173856,20140428_173856,0.6704333333333333,127,113,test,43
0129,swimseg,raw/swimseg/train/0129.png,raw/swimseg/train_labels/0129.png,train,20140428,173856,20140428_173856,0.5859388888888889,128,113,test,43
0130,swimseg,raw/swimseg/train/0130.png,raw/swimseg/train_labels/0130.png,train,20140428,173856,20140428_173856,0.47094722222222224,129,113,test,43
0131,swimseg,raw/swimseg/train/0131.png,raw/swimseg/train_labels/0131.png,train,20140428,173856,20140428_173856,0.42341388888888887,130,113,test,43
0132,swimseg,raw/swimseg/train/0132.png,raw/swimseg/train_labels/0132.png,train,20140428,173856,20140428_173856,0.437825,131,113,test,43
0133,swimseg,raw/swimseg/train/0133.png,raw/swimseg/train_labels/0133.png,train,20140428,173856,20140428_173856,0.6338805555555556,132,113,test,43
0134,swimseg,raw/swimseg/train/0134.png,raw/swimseg/train_labels/0134.png,train,20140428,173856,20140428_173856,0.6355527777777777,133,113,test,43
0135,swimseg,raw/swimseg/train/0135.png,raw/swimseg/train_labels/0135.png,train,20140520,134109,20140520_134109,0.5991027777777778,134,134,test,43
0136,swimseg,raw/swimseg/train/0136.png,raw/swimseg/train_labels/0136.png,train,20140520,134109,20140520_134109,0.5209194444444445,135,134,test,43
0137,swimseg,raw/swimseg/train/0137.png,raw/swimseg/train_labels/0137.png,train,20140520,134109,20140520_134109,0.6142833333333333,136,134,test,43
0138,swimseg,raw/swimseg/train/0138.png,raw/swimseg/train_labels/0138.png,train,20140520,173739,20140520_173739,0.7022805555555556,137,134,test,43
0139,swimseg,raw/swimseg/train/0139.png,raw/swimseg/train_labels/0139.png,train,20140520,173739,20140520_173739,0.7585222222222222,138,134,test,43
0140,swimseg,raw/swimseg/train/0140.png,raw/swimseg/train_labels/0140.png,train,20140520,173739,20140520_173739,0.727825,139,134,test,43
0141,swimseg,raw/swimseg/train/0141.png,raw/swimseg/train_labels/0141.png,train,20140520,173739,20140520_173739,0.9521861111111111,140,134,test,43
0142,swimseg,raw/swimseg/train/0142.png,raw/swimseg/train_labels/0142.png,train,20140520,173739,20140520_173739,0.9162888888888889,141,134,test,43
0143,swimseg,raw/swimseg/train/0143.png,raw/swimseg/train_labels/0143.png,train,20140520,173739,20140520_173739,0.9246166666666666,142,134,test,43
0144,swimseg,raw/swimseg/train/0144.png,raw/swimseg/train_labels/0144.png,train,20140520,173739,20140520_173739,0.3802638888888889,143,134,test,43
0145,swimseg,raw/swimseg/train/0145.png,raw/swimseg/train_labels/0145.png,train,20140520,173739,20140520_173739,0.19152222222222223,144,134,test,43
0146,swimseg,raw/swimseg/train/0146.png,raw/swimseg/train_labels/0146.png,train,20140520,173739,20140520_173739,0.7381722222222222,145,134,test,43
0147,swimseg,raw/swimseg/train/0147.png,raw/swimseg/train_labels/0147.png,train,20140520,173739,20140520_173739,0.6111555555555556,146,134,test,43
0148,swimseg,raw/swimseg/train/0148.png,raw/swimseg/train_labels/0148.png,train,20140520,173739,20140520_173739,0.4795361111111111,147,134,test,43
0149,swimseg,raw/swimseg/train/0149.png,raw/swimseg/train_labels/0149.png,train,20140520,173739,20140520_173739,0.6088555555555556,148,134,test,43
0150,swimseg,raw/swimseg/train/0150.png,raw/swimseg/train_labels/0150.png,train,20140520,173739,20140520_173739,0.6709944444444444,149,134,test,43
0151,swimseg,raw/swimseg/train/0151.png,raw/swimseg/train_labels/0151.png,train,20140520,173739,20140520_173739,0.7556916666666667,150,134,test,43
0152,swimseg,raw/swimseg/train/0152.png,raw/swimseg/train_labels/0152.png,train,20140520,173739,20140520_173739,0.7075611111111111,151,134,test,43
0153,swimseg,raw/swimseg/train/0153.png,raw/swimseg/train_labels/0153.png,train,20140520,173739,20140520_173739,0.7070166666666666,152,134,test,43
0154,swimseg,raw/swimseg/train/0154.png,raw/swimseg/train_labels/0154.png,train,20140520,173739,20140520_173739,0.6928722222222222,153,134,test,43
0155,swimseg,raw/swimseg/train/0155.png,raw/swimseg/train_labels/0155.png,train,20140520,173739,20140520_173739,0.612175,154,134,test,43
0156,swimseg,raw/swimseg/train/0156.png,raw/swimseg/train_labels/0156.png,train,20140520,173739,20140520_173739,0.28163055555555555,155,134,test,43
0157,swimseg,raw/swimseg/train/0157.png,raw/swimseg/train_labels/0157.png,train,20140520,173739,20140520_173739,0.33358611111111114,156,134,test,43
0158,swimseg,raw/swimseg/train/0158.png,raw/swimseg/train_labels/0158.png,train,20140520,173739,20140520_173739,0.3762,157,134,test,43
0159,swimseg,raw/swimseg/train/0159.png,raw/swimseg/train_labels/0159.png,train,20140520,173739,20140520_173739,0.3599222222222222,158,134,test,43
0160,swimseg,raw/swimseg/train/0160.png,raw/swimseg/train_labels/0160.png,train,20140520,173739,20140520_173739,0.3689972222222222,159,134,test,43
0161,swimseg,raw/swimseg/train/0161.png,raw/swimseg/train_labels/0161.png,train,20140520,173739,20140520_173739,0.40831388888888887,160,134,test,43
0162,swimseg,raw/swimseg/train/0162.png,raw/swimseg/train_labels/0162.png,train,20140520,173739,20140520_173739,0.4507527777777778,161,134,test,43
0163,swimseg,raw/swimseg/train/0163.png,raw/swimseg/train_labels/0163.png,train,20140520,173739,20140520_173739,0.32003333333333334,162,134,test,43
0164,swimseg,raw/swimseg/train/0164.png,raw/swimseg/train_labels/0164.png,train,20140520,173739,20140520_173739,0.5691861111111111,163,134,test,43
0165,swimseg,raw/swimseg/train/0165.png,raw/swimseg/train_labels/0165.png,train,20140520,173739,20140520_173739,0.47155,164,134,test,43
0166,swimseg,raw/swimseg/train/0166.png,raw/swimseg/train_labels/0166.png,train,20140520,173739,20140520_173739,0.37027777777777776,165,134,test,43
0167,swimseg,raw/swimseg/train/0167.png,raw/swimseg/train_labels/0167.png,train,20140520,180911,20140520_180911,0.6917055555555556,166,134,test,43
0168,swimseg,raw/swimseg/train/0168.png,raw/swimseg/train_labels/0168.png,train,20140520,180911,20140520_180911,0.4161666666666667,167,134,test,43
0169,swimseg,raw/swimseg/train/0169.png,raw/swimseg/train_labels/0169.png,train,20140520,180911,20140520_180911,0.26016944444444445,168,134,test,43
0170,swimseg,raw/swimseg/train/0170.png,raw/swimseg/train_labels/0170.png,train,20140520,180911,20140520_180911,0.34305555555555556,169,134,test,43
0171,swimseg,raw/swimseg/train/0171.png,raw/swimseg/train_labels/0171.png,train,20140520,180911,20140520_180911,0.4351611111111111,170,134,test,43
0172,swimseg,raw/swimseg/train/0172.png,raw/swimseg/train_labels/0172.png,train,20140520,180911,20140520_180911,0.5037388888888888,171,134,test,43
0173,swimseg,raw/swimseg/train/0173.png,raw/swimseg/train_labels/0173.png,train,20140520,180911,20140520_180911,0.6987138888888889,172,134,test,43
0174,swimseg,raw/swimseg/train/0174.png,raw/swimseg/train_labels/0174.png,train,20140520,180911,20140520_180911,0.7312722222222222,173,134,test,43
0175,swimseg,raw/swimseg/train/0175.png,raw/swimseg/train_labels/0175.png,train,20140520,180911,20140520_180911,0.6673972222222222,174,134,test,43
0176,swimseg,raw/swimseg/train/0176.png,raw/swimseg/train_labels/0176.png,train,20140520,180911,20140520_180911,0.39974166666666666,175,134,test,43
0177,swimseg,raw/swimseg/train/0177.png,raw/swimseg/train_labels/0177.png,train,20140520,180911,20140520_180911,0.23040833333333333,176,134,test,43
0178,swimseg,raw/swimseg/train/0178.png,raw/swimseg/train_labels/0178.png,train,20140520,180911,20140520_180911,0.3702944444444444,177,134,test,43
0179,swimseg,raw/swimseg/train/0179.png,raw/swimseg/train_labels/0179.png,train,20140520,180911,20140520_180911,0.8333333333333334,178,134,test,43
0180,swimseg,raw/swimseg/train/0180.png,raw/swimseg/train_labels/0180.png,train,20140520,180911,20140520_180911,0.8085777777777777,179,134,test,43
0181,swimseg,raw/swimseg/train/0181.png,raw/swimseg/train_labels/0181.png,train,20140520,180911,20140520_180911,0.8231722222222222,180,134,test,43
0182,swimseg,raw/swimseg/train/0182.png,raw/swimseg/train_labels/0182.png,train,20140620,163745,20140620_163745,0.2785472222222222,181,181,val,43
0183,swimseg,raw/swimseg/train/0183.png,raw/swimseg/train_labels/0183.png,train,20140620,163745,20140620_163745,0.09871111111111111,182,181,val,43
0184,swimseg,raw/swimseg/train/0184.png,raw/swimseg/train_labels/0184.png,train,20140620,163745,20140620_163745,0.16204166666666667,183,181,val,43
0185,swimseg,raw/swimseg/train/0185.png,raw/swimseg/train_labels/0185.png,train,20140620,163745,20140620_163745,0.3770861111111111,184,181,val,43
0186,swimseg,raw/swimseg/train/0186.png,raw/swimseg/train_labels/0186.png,train,20140620,163745,20140620_163745,0.5044333333333333,185,181,val,43
0187,swimseg,raw/swimseg/train/0187.png,raw/swimseg/train_labels/0187.png,train,20140620,163745,20140620_163745,0.37046944444444446,186,181,val,43
0188,swimseg,raw/swimseg/train/0188.png,raw/swimseg/train_labels/0188.png,train,20140620,163745,20140620_163745,0.8292361111111111,187,181,val,43
0189,swimseg,raw/swimseg/train/0189.png,raw/swimseg/train_labels/0189.png,train,20140620,163745,20140620_163745,0.8105055555555556,188,181,val,43
0190,swimseg,raw/swimseg/train/0190.png,raw/swimseg/train_labels/0190.png,train,20140620,163745,20140620_163745,0.7351888888888889,189,181,val,43
0191,swimseg,raw/swimseg/train/0191.png,raw/swimseg/train_labels/0191.png,train,20140620,163745,20140620_163745,0.7648944444444444,190,181,val,43
0192,swimseg,raw/swimseg/train/0192.png,raw/swimseg/train_labels/0192.png,train,20140620,163745,20140620_163745,0.7213777777777778,191,181,val,43
0193,swimseg,raw/swimseg/train/0193.png,raw/swimseg/train_labels/0193.png,train,20140620,163745,20140620_163745,0.6416805555555556,192,181,val,43
0194,swimseg,raw/swimseg/train/0194.png,raw/swimseg/train_labels/0194.png,train,20140620,163745,20140620_163745,0.5457388888888889,193,181,val,43
0195,swimseg,raw/swimseg/train/0195.png,raw/swimseg/train_labels/0195.png,train,20140620,163745,20140620_163745,0.33584722222222224,194,181,val,43
0196,swimseg,raw/swimseg/train/0196.png,raw/swimseg/train_labels/0196.png,train,20140620,163745,20140620_163745,0.18665833333333334,195,181,val,43
0197,swimseg,raw/swimseg/train/0197.png,raw/swimseg/train_labels/0197.png,train,20140620,163745,20140620_163745,0.120575,196,181,val,43
0198,swimseg,raw/swimseg/train/0198.png,raw/swimseg/train_labels/0198.png,train,20140620,163745,20140620_163745,0.1590777777777778,197,181,val,43
0199,swimseg,raw/swimseg/train/0199.png,raw/swimseg/train_labels/0199.png,train,20140620,163745,20140620_163745,0.3265777777777778,198,181,val,43
0200,swimseg,raw/swimseg/train/0200.png,raw/swimseg/train_labels/0200.png,train,20140620,163745,20140620_163745,0.4776861111111111,199,181,val,43
0201,swimseg,raw/swimseg/train/0201.png,raw/swimseg/train_labels/0201.png,train,20140620,163745,20140620_163745,0.4499666666666667,200,181,val,43
0202,swimseg,raw/swimseg/train/0202.png,raw/swimseg/train_labels/0202.png,train,20140620,163745,20140620_163745,0.6453805555555555,201,181,val,43
0203,swimseg,raw/swimseg/train/0203.png,raw/swimseg/train_labels/0203.png,train,20140620,163745,20140620_163745,0.7046833333333333,202,181,val,43
0204,swimseg,raw/swimseg/train/0204.png,raw/swimseg/train_labels/0204.png,train,20140620,163745,20140620_163745,0.63875,203,181,val,43
0205,swimseg,raw/swimseg/train/0205.png,raw/swimseg/train_labels/0205.png,train,20140620,163745,20140620_163745,0.5930222222222222,204,181,val,43
0206,swimseg,raw/swimseg/train/0206.png,raw/swimseg/train_labels/0206.png,train,20140620,163745,20140620_163745,0.535225,205,181,val,43
0207,swimseg,raw/swimseg/train/0207.png,raw/swimseg/train_labels/0207.png,train,20140620,163745,20140620_163745,0.44661666666666666,206,181,val,43
0208,swimseg,raw/swimseg/train/0208.png,raw/swimseg/train_labels/0208.png,train,20140620,163745,20140620_163745,0.34296944444444444,207,181,val,43
0209,swimseg,raw/swimseg/train/0209.png,raw/swimseg/train_labels/0209.png,train,20140620,163745,20140620_163745,0.21840277777777778,208,181,val,43
0210,swimseg,raw/swimseg/train/0210.png,raw/swimseg/train_labels/0210.png,train,20140620,163745,20140620_163745,0.095775,209,181,val,43
0211,swimseg,raw/swimseg/train/0211.png,raw/swimseg/train_labels/0211.png,train,20140620,163745,20140620_163745,0.10697777777777778,210,181,val,43
0212,swimseg,raw/swimseg/train/0212.png,raw/swimseg/train_labels/0212.png,train,20140620,163745,20140620_163745,0.2750166666666667,211,181,val,43
0213,swimseg,raw/swimseg/train/0213.png,raw/swimseg/train_labels/0213.png,train,20140620,163745,20140620_163745,0.6858694444444444,212,181,val,43
0214,swimseg,raw/swimseg/train/0214.png,raw/swimseg/train_labels/0214.png,train,20140620,171915,20140620_171915,0.45229722222222224,213,181,val,43
0215,swimseg,raw/swimseg/train/0215.png,raw/swimseg/train_labels/0215.png,train,20140620,171915,20140620_171915,0.49085833333333334,214,181,val,43
0216,swimseg,raw/swimseg/train/0216.png,raw/swimseg/train_labels/0216.png,train,20140620,171915,20140620_171915,0.5499055555555555,215,181,val,43
0217,swimseg,raw/swimseg/train/0217.png,raw/swimseg/train_labels/0217.png,train,20140620,171915,20140620_171915,0.5688138888888888,216,181,val,43
0218,swimseg,raw/swimseg/train/0218.png,raw/swimseg/train_labels/0218.png,train,20140620,171915,20140620_171915,0.7129111111111112,217,181,val,43
0219,swimseg,raw/swimseg/train/0219.png,raw/swimseg/train_labels/0219.png,train,20140620,171915,20140620_171915,0.3490111111111111,218,181,val,43
0220,swimseg,raw/swimseg/train/0220.png,raw/swimseg/train_labels/0220.png,train,20140620,171915,20140620_171915,0.16978333333333334,219,181,val,43
0221,swimseg,raw/swimseg/train/0221.png,raw/swimseg/train_labels/0221.png,train,20140620,171915,20140620_171915,0.046283333333333336,220,181,val,43
0222,swimseg,raw/swimseg/train/0222.png,raw/swimseg/train_labels/0222.png,train,20140620,171915,20140620_171915,0.03337777777777778,221,181,val,43
0223,swimseg,raw/swimseg/train/0223.png,raw/swimseg/train_labels/0223.png,train,20140620,171915,20140620_171915,0.06270277777777777,222,181,val,43
0224,swimseg,raw/swimseg/train/0224.png,raw/swimseg/train_labels/0224.png,train,20140620,171915,20140620_171915,0.08700555555555556,223,181,val,43
0225,swimseg,raw/swimseg/train/0225.png,raw/swimseg/train_labels/0225.png,train,20140620,171915,20140620_171915,0.14807222222222222,224,181,val,43
0226,swimseg,raw/swimseg/train/0226.png,raw/swimseg/train_labels/0226.png,train,20140620,171915,20140620_171915,0.08773055555555556,225,181,val,43
0227,swimseg,raw/swimseg/train/0227.png,raw/swimseg/train_labels/0227.png,train,20140620,171915,20140620_171915,0.45890277777777777,226,181,val,43
0228,swimseg,raw/swimseg/train/0228.png,raw/swimseg/train_labels/0228.png,train,20140620,171915,20140620_171915,0.40425,227,181,val,43
0229,swimseg,raw/swimseg/train/0229.png,raw/swimseg/train_labels/0229.png,train,20140620,171915,20140620_171915,0.5740472222222223,228,181,val,43
0230,swimseg,raw/swimseg/train/0230.png,raw/swimseg/train_labels/0230.png,train,20140620,171915,20140620_171915,0.5895916666666666,229,181,val,43
0231,swimseg,raw/swimseg/train/0231.png,raw/swimseg/train_labels/0231.png,train,20140620,171915,20140620_171915,0.7209833333333333,230,181,val,43
0232,swimseg,raw/swimseg/train/0232.png,raw/swimseg/train_labels/0232.png,train,20140620,171915,20140620_171915,0.5234972222222222,231,181,val,43
0233,swimseg,raw/swimseg/train/0233.png,raw/swimseg/train_labels/0233.png,train,20140620,171915,20140620_171915,0.4564416666666667,232,181,val,43
0234,swimseg,raw/swimseg/train/0234.png,raw/swimseg/train_labels/0234.png,train,20140620,171915,20140620_171915,0.2884777777777778,233,181,val,43
0235,swimseg,raw/swimseg/train/0235.png,raw/swimseg/train_labels/0235.png,train,20140620,171915,20140620_171915,0.10853611111111111,234,181,val,43
0236,swimseg,raw/swimseg/train/0236.png,raw/swimseg/train_labels/0236.png,train,20140620,171915,20140620_171915,0.41965,235,181,val,43
0237,swimseg,raw/swimseg/train/0237.png,raw/swimseg/train_labels/0237.png,train,20140620,171915,20140620_171915,0.5119888888888889,236,181,val,43
0238,swimseg,raw/swimseg/train/0238.png,raw/swimseg/train_labels/0238.png,train,20140620,171915,20140620_171915,0.22684166666666666,237,181,val,43
0239,swimseg,raw/swimseg/train/0239.png,raw/swimseg/train_labels/0239.png,train,20140620,171915,20140620_171915,0.31399166666666667,238,181,val,43
0240,swimseg,raw/swimseg/train/0240.png,raw/swimseg/train_labels/0240.png,train,20140620,171915,20140620_171915,0.341925,239,181,val,43
0241,swimseg,raw/swimseg/train/0241.png,raw/swimseg/train_labels/0241.png,train,20140620,171915,20140620_171915,0.3226888888888889,240,181,val,43
0242,swimseg,raw/swimseg/train/0242.png,raw/swimseg/train_labels/0242.png,train,20140620,171915,20140620_171915,0.26984444444444444,241,181,val,43
0243,swimseg,raw/swimseg/train/0243.png,raw/swimseg/train_labels/0243.png,train,20140620,171915,20140620_171915,0.11636944444444444,242,181,val,43
0244,swimseg,raw/swimseg/train/0244.png,raw/swimseg/train_labels/0244.png,train,20140620,171915,20140620_171915,0.04530555555555556,243,181,val,43
0245,swimseg,raw/swimseg/train/0245.png,raw/swimseg/train_labels/0245.png,train,20140620,171915,20140620_171915,0.013222222222222222,243,181,val,43
0246,swimseg,raw/swimseg/train/0246.png,raw/swimseg/train_labels/0246.png,train,20140620,171915,20140620_171915,0.24969444444444444,245,181,val,43
0247,swimseg,raw/swimseg/train/0247.png,raw/swimseg/train_labels/0247.png,train,20140620,171915,20140620_171915,0.21634444444444445,246,181,val,43
0248,swimseg,raw/swimseg/train/0248.png,raw/swimseg/train_labels/0248.png,train,20140620,171915,20140620_171915,0.20471111111111112,247,181,val,43
0249,swimseg,raw/swimseg/train/0249.png,raw/swimseg/train_labels/0249.png,train,20140623,174839,20140623_174839,0.15283333333333332,248,248,test,43
0250,swimseg,raw/swimseg/train/0250.png,raw/swimseg/train_labels/0250.png,train,20140623,174839,20140623_174839,0.23268055555555556,249,248,test,43
0251,swimseg,raw/swimseg/train/0251.png,raw/swimseg/train_labels/0251.png,train,20140623,174839,20140623_174839,0.13321666666666668,250,248,test,43
0252,swimseg,raw/swimseg/train/0252.png,raw/swimseg/train_labels/0252.png,train,20140623,174839,20140623_174839,0.3298638888888889,251,248,test,43
0253,swimseg,raw/swimseg/train/0253.png,raw/swimseg/train_labels/0253.png,train,20140623,174839,20140623_174839,0.26931944444444444,252,248,test,43
0254,swimseg,raw/swimseg/train/0254.png,raw/swimseg/train_labels/0254.png,train,20140623,174839,20140623_174839,0.21375,253,248,test,43
0255,swimseg,raw/swimseg/train/0255.png,raw/swimseg/train_labels/0255.png,train,20140623,174839,20140623_174839,0.18863611111111112,254,248,test,43
0256,swimseg,raw/swimseg/train/0256.png,raw/swimseg/train_labels/0256.png,train,20140623,174839,20140623_174839,0.323375,255,248,test,43
0257,swimseg,raw/swimseg/train/0257.png,raw/swimseg/train_labels/0257.png,train,20140623,174839,20140623_174839,0.2734722222222222,256,248,test,43
0258,swimseg,raw/swimseg/train/0258.png,raw/swimseg/train_labels/0258.png,train,20140623,174839,20140623_174839,0.16321666666666668,257,248,test,43
0259,swimseg,raw/swimseg/train/0259.png,raw/swimseg/train_labels/0259.png,train,20140623,174839,20140623_174839,0.4390361111111111,258,248,test,43
0260,swimseg,raw/swimseg/train/0260.png,raw/swimseg/train_labels/0260.png,train,20140623,174839,20140623_174839,0.09938888888888889,259,248,test,43
0261,swimseg,raw/swimseg/train/0261.png,raw/swimseg/train_labels/0261.png,train,20140623,174839,20140623_174839,0.09091388888888889,260,248,test,43
0262,swimseg,raw/swimseg/train/0262.png,raw/swimseg/train_labels/0262.png,train,20140623,174839,20140623_174839,0.2182138888888889,261,248,test,43
0263,swimseg,raw/swimseg/train/0263.png,raw/swimseg/train_labels/0263.png,train,20140623,174839,20140623_174839,0.6888361111111111,262,248,test,43
0264,swimseg,raw/swimseg/train/0264.png,raw/swimseg/train_labels/0264.png,train,20140623,174839,20140623_174839,0.4843527777777778,263,248,test,43
0265,swimseg,raw/swimseg/train/0265.png,raw/swimseg/train_labels/0265.png,train,20140623,174839,20140623_174839,0.28283055555555553,264,248,test,43
0266,swimseg,raw/swimseg/train/0266.png,raw/swimseg/train_labels/0266.png,train,20140623,174839,20140623_174839,0.49133333333333334,265,248,test,43
0267,swimseg,raw/swimseg/train/0267.png,raw/swimseg/train_labels/0267.png,train,20140623,174839,20140623_174839,0.319675,266,248,test,43
0268,swimseg,raw/swimseg/train/0268.png,raw/swimseg/train_labels/0268.png,train,20140624,175655,20140624_175655,0.31877777777777777,267,267,train,43
0269,swimseg,raw/swimseg/train/0269.png,raw/swimseg/train_labels/0269.png,train,20140624,175655,20140624_175655,0.3975111111111111,268,267,train,43
0270,swimseg,raw/swimseg/train/0270.png,raw/swimseg/train_labels/0270.png,train,20140624,175655,20140624_175655,0.4363916666666667,269,267,train,43
0271,swimseg,raw/swimseg/train/0271.png,raw/swimseg/train_labels/0271.png,train,20140624,175655,20140624_175655,0.362675,270,267,train,43
0272,swimseg,raw/swimseg/train/0272.png,raw/swimseg/train_labels/0272.png,train,20140624,175655,20140624_175655,0.6420361111111111,271,267,train,43
0273,swimseg,raw/swimseg/train/0273.png,raw/swimseg/train_labels/0273.png,train,20140624,175655,20140624_175655,0.5293027777777778,272,267,train,43
0274,swimseg,raw/swimseg/train/0274.png,raw/swimseg/train_labels/0274.png,train,20140624,175655,20140624_175655,0.40003333333333335,273,267,train,43
0275,swimseg,raw/swimseg/train/0275.png,raw/swimseg/train_labels/0275.png,train,20140624,175655,20140624_175655,0.2959638888888889,274,267,train,43
0276,swimseg,raw/swimseg/train/0276.png,raw/swimseg/train_labels/0276.png,train,20140624,175655,20140624_175655,0.3645583333333333,275,267,train,43
0277,swimseg,raw/swimseg/train/0277.png,raw/swimseg/train_labels/0277.png,train,20140624,175655,20140624_175655,0.4684361111111111,276,267,train,43
0278,swimseg,raw/swimseg/train/0278.png,raw/swimseg/train_labels/0278.png,train,20140624,175655,20140624_175655,0.2845138888888889,277,267,train,43
0279,swimseg,raw/swimseg/train/0279.png,raw/swimseg/train_labels/0279.png,train,20140625,163942,20140625_163942,0.6408138888888889,278,278,train,43
0280,swimseg,raw/swimseg/train/0280.png,raw/swimseg/train_labels/0280.png,train,20140625,163942,20140625_163942,0.4111222222222222,279,278,train,43
0281,swimseg,raw/swimseg/train/0281.png,raw/swimseg/train_labels/0281.png,train,20140625,163942,20140625_163942,0.6105638888888889,280,278,train,43
0282,swimseg,raw/swimseg/train/0282.png,raw/swimseg/train_labels/0282.png,train,20140625,163942,20140625_163942,0.7372166666666666,281,278,train,43
0283,swimseg,raw/swimseg/train/0283.png,raw/swimseg/train_labels/0283.png,train,20140625,163942,20140625_163942,0.7853888888888889,282,278,train,43
0284,swimseg,raw/swimseg/train/0284.png,raw/swimseg/train_labels/0284.png,train,20140625,163942,20140625_163942,0.6852861111111112,283,278,train,43
0285,swimseg,raw/swimseg/train/0285.png,raw/swimseg/train_labels/0285.png,train,20140625,163942,20140625_163942,0.6272861111111111,284,278,train,43
0286,swimseg,raw/swimseg/train/0286.png,raw/swimseg/train_labels/0286.png,train,20140625,163942,20140625_163942,0.6336638888888889,285,278,train,43
0287,swimseg,raw/swimseg/train/0287.png,raw/swimseg/train_labels/0287.png,train,20140625,163942,20140625_163942,0.4225777777777778,286,278,train,43
0288,swimseg,raw/swimseg/train/0288.png,raw/swimseg/train_labels/0288.png,train,20140625,163942,20140625_163942,0.3042666666666667,287,278,train,43
0289,swimseg,raw/swimseg/train/0289.png,raw/swimseg/train_labels/0289.png,train,20140625,163942,20140625_163942,0.6144166666666667,288,278,train,43
0290,swimseg,raw/swimseg/train/0290.png,raw/swimseg/train_labels/0290.png,train,20140625,163942,20140625_163942,0.7284805555555556,289,278,train,43
0291,swimseg,raw/swimseg/train/0291.png,raw/swimseg/train_labels/0291.png,train,20140625,163942,20140625_163942,0.6345666666666666,290,278,train,43
0292,swimseg,raw/swimseg/train/0292.png,raw/swimseg/train_labels/0292.png,train,20140625,163942,20140625_163942,0.6579444444444444,291,278,train,43
0293,swimseg,raw/swimseg/train/0293.png,raw/swimseg/train_labels/0293.png,train,20140625,163942,20140625_163942,0.49596666666666667,292,278,train,43
0294,swimseg,raw/swimseg/train/0294.png,raw/swimseg/train_labels/0294.png,train,20140625,163942,20140625_163942,0.37301388888888887,293,278,train,43
0295,swimseg,raw/swimseg/train/0295.png,raw/swimseg/train_labels/0295.png,train,20140625,172110,20140625_172110,0.5438166666666666,294,278,train,43
0296,swimseg,raw/swimseg/train/0296.png,raw/swimseg/train_labels/0296.png,train,20140625,172110,20140625_172110,0.49657222222222225,295,278,train,43
0297,swimseg,raw/swimseg/train/0297.png,raw/swimseg/train_labels/0297.png,train,20140625,172110,20140625_172110,0.20276111111111111,296,278,train,43
0298,swimseg,raw/swimseg/train/0298.png,raw/swimseg/train_labels/0298.png,train,20140625,172110,20140625_172110,0.2911111111111111,297,278,train,43
0299,swimseg,raw/swimseg/train/0299.png,raw/swimseg/train_labels/0299.png,train,20140625,172110,20140625_172110,0.5518583333333333,298,278,train,43
0300,swimseg,raw/swimseg/train/0300.png,raw/swimseg/train_labels/0300.png,train,20140625,172110,20140625_172110,0.4870527777777778,299,278,train,43
0301,swimseg,raw/swimseg/train/0301.png,raw/swimseg/train_labels/0301.png,train,20140625,172110,20140625_172110,0.3893138888888889,300,278,train,43
0302,swimseg,raw/swimseg/train/0302.png,raw/swimseg/train_labels/0302.png,train,20140625,172110,20140625_172110,0.6828666666666666,301,278,train,43
0303,swimseg,raw/swimseg/train/0303.png,raw/swimseg/train_labels/0303.png,train,20140625,172110,20140625_172110,0.7990861111111112,302,278,train,43
0304,swimseg,raw/swimseg/train/0304.png,raw/swimseg/train_labels/0304.png,train,20140625,172110,20140625_172110,0.8376305555555555,303,278,train,43
0305,swimseg,raw/swimseg/train/0305.png,raw/swimseg/train_labels/0305.png,train,20140625,172110,20140625_172110,0.39089444444444443,304,278,train,43
0306,swimseg,raw/swimseg/train/0306.png,raw/swimseg/train_labels/0306.png,train,20140625,172110,20140625_172110,0.5208138888888889,305,278,train,43
0307,swimseg,raw/swimseg/train/0307.png,raw/swimseg/train_labels/0307.png,train,20140625,172110,20140625_172110,0.5861361111111111,306,278,train,43
0308,swimseg,raw/swimseg/train/0308.png,raw/swimseg/train_labels/0308.png,train,20140625,172110,20140625_172110,0.5788777777777778,307,278,train,43
0309,swimseg,raw/swimseg/train/0309.png,raw/swimseg/train_labels/0309.png,train,20140625,172110,20140625_172110,0.5245222222222222,308,278,train,43
0310,swimseg,raw/swimseg/train/0310.png,raw/swimseg/train_labels/0310.png,train,20140625,172110,20140625_172110,0.3889416666666667,309,278,train,43
0311,swimseg,raw/swimseg/train/0311.png,raw/swimseg/train_labels/0311.png,train,20140625,172110,20140625_172110,0.4845361111111111,310,278,train,43
0312,swimseg,raw/swimseg/train/0312.png,raw/swimseg/train_labels/0312.png,train,20140625,172110,20140625_172110,0.7889972222222222,311,278,train,43
0313,swimseg,raw/swimseg/train/0313.png,raw/swimseg/train_labels/0313.png,train,20140625,172110,20140625_172110,0.34363333333333335,312,278,train,43
0314,swimseg,raw/swimseg/train/0314.png,raw/swimseg/train_labels/0314.png,train,20140625,172110,20140625_172110,0.7328111111111111,313,278,train,43
0315,swimseg,raw/swimseg/train/0315.png,raw/swimseg/train_labels/0315.png,train,20140625,172110,20140625_172110,0.6962416666666666,314,278,train,43
0316,swimseg,raw/swimseg/train/0316.png,raw/swimseg/train_labels/0316.png,train,20140625,172110,20140625_172110,0.7353527777777777,315,278,train,43
0317,swimseg,raw/swimseg/train/0317.png,raw/swimseg/train_labels/0317.png,train,20140625,172110,20140625_172110,0.30850555555555553,316,278,train,43
0318,swimseg,raw/swimseg/train/0318.png,raw/swimseg/train_labels/0318.png,train,20140625,172110,20140625_172110,0.4445472222222222,317,278,train,43
0319,swimseg,raw/swimseg/train/0319.png,raw/swimseg/train_labels/0319.png,train,20140625,172110,20140625_172110,0.46658333333333335,318,278,train,43
0320,swimseg,raw/swimseg/train/0320.png,raw/swimseg/train_labels/0320.png,train,20140625,172110,20140625_172110,0.9123388888888889,319,278,train,43
0321,swimseg,raw/swimseg/train/0321.png,raw/swimseg/train_labels/0321.png,train,20140625,172110,20140625_172110,0.8385638888888889,320,278,train,43
0322,swimseg,raw/swimseg/train/0322.png,raw/swimseg/train_labels/0322.png,train,20140625,172110,20140625_172110,0.6404722222222222,321,278,train,43
0323,swimseg,raw/swimseg/train/0323.png,raw/swimseg/train_labels/0323.png,train,20140625,172110,20140625_172110,0.5195694444444444,322,278,train,43
0324,swimseg,raw/swimseg/train/0324.png,raw/swimseg/train_labels/0324.png,train,20140625,172110,20140625_172110,0.38524444444444444,323,278,train,43
0325,swimseg,raw/swimseg/train/0325.png,raw/swimseg/train_labels/0325.png,train,20140625,172110,20140625_172110,0.2921888888888889,324,278,train,43
0326,swimseg,raw/swimseg/train/0326.png,raw/swimseg/train_labels/0326.png,train,20140625,172110,20140625_172110,0.7778472222222222,325,278,train,43
0327,swimseg,raw/swimseg/train/0327.png,raw/swimseg/train_labels/0327.png,train,20140625,172110,20140625_172110,0.2232638888888889,326,278,train,43
0328,swimseg,raw/swimseg/train/0328.png,raw/swimseg/train_labels/0328.png,train,20140625,172110,20140625_172110,0.6277194444444445,327,278,train,43
0329,swimseg,raw/swimseg/train/0329.png,raw/swimseg/train_labels/0329.png,train,20140625,172110,20140625_172110,0.5953888888888889,328,278,train,43
0330,swimseg,raw/swimseg/train/0330.png,raw/swimseg/train_labels/0330.png,train,20140625,172110,20140625_172110,0.6270305555555555,329,278,train,43
0331,swimseg,raw/swimseg/train/0331.png,raw/swimseg/train_labels/0331.png,train,20140625,172110,20140625_172110,0.6549777777777778,330,278,train,43
0332,swimseg,raw/swimseg/train/0332.png,raw/swimseg/train_labels/0332.png,train,20140625,172110,20140625_172110,0.5392111111111111,331,278,train,43
0333,swimseg,raw/swimseg/train/0333.png,raw/swimseg/train_labels/0333.png,train,20140625,172110,20140625_172110,0.6481805555555555,332,278,train,43
0334,swimseg,raw/swimseg/train/0334.png,raw/swimseg/train_labels/0334.png,train,20140625,172110,20140625_172110,0.7476888888888888,333,278,train,43
0335,swimseg,raw/swimseg/train/0335.png,raw/swimseg/train_labels/0335.png,train,20140625,172110,20140625_172110,0.9546611111111111,334,278,train,43
0336,swimseg,raw/swimseg/train/0336.png,raw/swimseg/train_labels/0336.png,train,20140625,173643,20140625_173643,0.8600833333333333,335,278,train,43
0337,swimseg,raw/swimseg/train/0337.png,raw/swimseg/train_labels/0337.png,train,20140625,173643,20140625_173643,0.5863444444444444,336,278,train,43
0338,swimseg,raw/swimseg/train/0338.png,raw/swimseg/train_labels/0338.png,train,20140625,173643,20140625_173643,0.4118805555555556,337,278,train,43
0339,swimseg,raw/swimseg/train/0339.png,raw/swimseg/train_labels/0339.png,train,20140625,173643,20140625_173643,0.9083972222222222,338,278,train,43
0340,swimseg,raw/swimseg/train/0340.png,raw/swimseg/train_labels/0340.png,train,20140625,173643,20140625_173643,0.8481166666666666,339,278,train,43
0341,swimseg,raw/swimseg/train/0341.png,raw/swimseg/train_labels/0341.png,train,20140625,173643,20140625_173643,0.6383472222222222,340,278,train,43
0342,swimseg,raw/swimseg/train/0342.png,raw/swimseg/train_labels/0342.png,train,20140625,173643,20140625_173643,0.6420638888888889,341,278,train,43
0343,swimseg,raw/swimseg/train/0343.png,raw/swimseg/train_labels/0343.png,train,20140625,173643,20140625_173643,0.21945277777777777,342,278,train,43
0344,swimseg,raw/swimseg/train/0344.png,raw/swimseg/train_labels/0344.png,train,20140625,173643,20140625_173643,0.10308055555555555,343,278,train,43
0345,swimseg,raw/swimseg/train/0345.png,raw/swimseg/train_labels/0345.png,train,20140625,173643,20140625_173643,0.2921222222222222,344,278,train,43
0346,swimseg,raw/swimseg/train/0346.png,raw/swimseg/train_labels/0346.png,train,20140625,173643,20140625_173643,0.7940638888888889,345,278,train,43
0347,swimseg,raw/swimseg/train/0347.png,raw/swimseg/train_labels/0347.png,train,20140625,173643,20140625_173643,0.8983111111111111,346,278,train,43
0348,swimseg,raw/swimseg/train/0348.png,raw/swimseg/train_labels/0348.png,train,20140625,173643,20140625_173643,0.5297388888888889,347,278,train,43
0349,swimseg,raw/swimseg/train/0349.png,raw/swimseg/train_labels/0349.png,train,20140625,173643,20140625_173643,0.4211972222222222,348,278,train,43
0350,swimseg,raw/swimseg/train/0350.png,raw/swimseg/train_labels/0350.png,train,20140625,173643,20140625_173643,0.3176222222222222,349,278,train,43
0351,swimseg,raw/swimseg/train/0351.png,raw/swimseg/train_labels/0351.png,train,20140625,173643,20140625_173643,0.5283694444444444,350,278,train,43
0352,swimseg,raw/swimseg/train/0352.png,raw/swimseg/train_labels/0352.png,train,20140625,173643,20140625_173643,0.4911861111111111,351,278,train,43
0353,swimseg,raw/swimseg/train/0353.png,raw/swimseg/train_labels/0353.png,train,20140625,173643,20140625_173643,0.3484083333333333,352,278,train,43
0354,swimseg,raw/swimseg/train/0354.png,raw/swimseg/train_labels/0354.png,train,20140625,173643,20140625_173643,0.3069,353,278,train,43
0355,swimseg,raw/swimseg/train/0355.png,raw/swimseg/train_labels/0355.png,train,20140625,173643,20140625_173643,0.1598277777777778,354,278,train,43
0356,swimseg,raw/swimseg/train/0356.png,raw/swimseg/train_labels/0356.png,train,20140625,173643,20140625_173643,0.17505833333333334,355,278,train,43
0357,swimseg,raw/swimseg/train/0357.png,raw/swimseg/train_labels/0357.png,train,20140625,173643,20140625_173643,0.38258888888888887,356,278,train,43
0358,swimseg,raw/swimseg/train/0358.png,raw/swimseg/train_labels/0358.png,train,20140625,173643,20140625_173643,0.4927,357,278,train,43
0359,swimseg,raw/swimseg/train/0359.png,raw/swimseg/train_labels/0359.png,train,20140625,173643,20140625_173643,0.8567694444444445,358,278,train,43
0360,swimseg,raw/swimseg/train/0360.png,raw/swimseg/train_labels/0360.png,train,20140625,173643,20140625_173643,0.5048472222222222,359,278,train,43
0361,swimseg,raw/swimseg/train/0361.png,raw/swimseg/train_labels/0361.png,train,20140625,173643,20140625_173643,0.5955472222222222,360,278,train,43
0362,swimseg,raw/swimseg/train/0362.png,raw/swimseg/train_labels/0362.png,train,20140625,173643,20140625_173643,0.75135,361,278,train,43
0363,swimseg,raw/swimseg/train/0363.png,raw/swimseg/train_labels/0363.png,train,20140625,173643,20140625_173643,0.8189111111111111,362,278,train,43
0364,swimseg,raw/swimseg/train/0364.png,raw/swimseg/train_labels/0364.png,train,20140625,173643,20140625_173643,0.5599805555555556,363,278,train,43
0365,swimseg,raw/swimseg/train/0365.png,raw/swimseg/train_labels/0365.png,train,20140625,173643,20140625_173643,0.8832222222222222,364,278,train,43
0366,swimseg,raw/swimseg/train/0366.png,raw/swimseg/train_labels/0366.png,train,20140625,173643,20140625_173643,0.7948833333333334,365,278,train,43
0367,swimseg,raw/swimseg/train/0367.png,raw/swimseg/train_labels/0367.png,train,20140625,173643,20140625_173643,0.6667055555555556,366,278,train,43
0368,swimseg,raw/swimseg/train/0368.png,raw/swimseg/train_labels/0368.png,train,20140625,173643,20140625_173643,0.6174638888888889,367,278,train,43
0369,swimseg,raw/swimseg/train/0369.png,raw/swimseg/train_labels/0369.png,train,20140625,173643,20140625_173643,0.7774277777777778,368,278,train,43
0370,swimseg,raw/swimseg/train/0370.png,raw/swimseg/train_labels/0370.png,train,20140625,181806,20140625_181806,0.6417333333333334,369,278,train,43
0371,swimseg,raw/swimseg/train/0371.png,raw/swimseg/train_labels/0371.png,train,20140625,181806,20140625_181806,0.4531472222222222,370,278,train,43
0372,swimseg,raw/swimseg/train/0372.png,raw/swimseg/train_labels/0372.png,train,20140625,181806,20140625_181806,0.7232694444444444,371,278,train,43
0373,swimseg,raw/swimseg/train/0373.png,raw/swimseg/train_labels/0373.png,train,20140625,181806,20140625_181806,0.6974972222222222,372,278,train,43
0374,swimseg,raw/swimseg/train/0374.png,raw/swimseg/train_labels/0374.png,train,20140625,181806,20140625_181806,0.7227861111111111,373,278,train,43
0375,swimseg,raw/swimseg/train/0375.png,raw/swimseg/train_labels/0375.png,train,20140625,181806,20140625_181806,0.8776694444444444,374,278,train,43
0376,swimseg,raw/swimseg/train/0376.png,raw/swimseg/train_labels/0376.png,train,20140625,181806,20140625_181806,0.6777277777777778,375,278,train,43
0377,swimseg,raw/swimseg/train/0377.png,raw/swimseg/train_labels/0377.png,train,20140625,181806,20140625_181806,0.38545833333333335,376,278,train,43
0378,swimseg,raw/swimseg/train/0378.png,raw/swimseg/train_labels/0378.png,train,20140625,181806,20140625_181806,0.14706388888888888,377,278,train,43
0379,swimseg,raw/swimseg/train/0379.png,raw/swimseg/train_labels/0379.png,train,20140625,181806,20140625_181806,0.061672222222222225,378,278,train,43
0380,swimseg,raw/swimseg/train/0380.png,raw/swimseg/train_labels/0380.png,train,20140625,181806,20140625_181806,0.7494472222222223,379,278,train,43
0381,swimseg,raw/swimseg/train/0381.png,raw/swimseg/train_labels/0381.png,train,20140625,181806,20140625_181806,0.1427861111111111,380,278,train,43
0382,swimseg,raw/swimseg/train/0382.png,raw/swimseg/train_labels/0382.png,train,20140625,181806,20140625_181806,0.5239944444444444,381,278,train,43
0383,swimseg,raw/swimseg/train/0383.png,raw/swimseg/train_labels/0383.png,train,20140625,181806,20140625_181806,0.4649083333333333,382,278,train,43
0384,swimseg,raw/swimseg/train/0384.png,raw/swimseg/train_labels/0384.png,train,20140625,181806,20140625_181806,0.5302527777777778,383,278,train,43
0385,swimseg,raw/swimseg/train/0385.png,raw/swimseg/train_labels/0385.png,train,20140625,181806,20140625_181806,0.5112555555555556,384,278,train,43
0386,swimseg,raw/swimseg/train/0386.png,raw/swimseg/train_labels/0386.png,train,20140625,181806,20140625_181806,0.5192527777777778,385,278,train,43
0387,swimseg,raw/swimseg/train/0387.png,raw/swimseg/train_labels/0387.png,train,20140625,181806,20140625_181806,0.41233888888888887,386,278,train,43
0388,swimseg,raw/swimseg/train/0388.png,raw/swimseg/train_labels/0388.png,train,20140625,181806,20140625_181806,0.29543055555555553,387,278,train,43
0389,swimseg,raw/swimseg/train/0389.png,raw/swimseg/train_labels/0389.png,train,20140625,181806,20140625_181806,0.20725555555555555,388,278,train,43
0390,swimseg,raw/swimseg/train/0390.png,raw/swimseg/train_labels/0390.png,train,20140625,181806,20140625_181806,0.10811666666666667,389,278,train,43
0391,swimseg,raw/swimseg/train/0391.png,raw/swimseg/train_labels/0391.png,train,20140625,181806,20140625_181806,0.12488333333333333,390,278,train,43
0392,swimseg,raw/swimseg/train/0392.png,raw/swimseg/train_labels/0392.png,train,20140625,181806,20140625_181806,0.08949444444444445,391,278,train,43
0393,swimseg,raw/swimseg/train/0393.png,raw/swimseg/train_labels/0393.png,train,20140625,181806,20140625_181806,0.085675,392,278,train,43
0394,swimseg,raw/swimseg/train/0394.png,raw/swimseg/train_labels/0394.png,train,20140625,181806,20140625_181806,0.14988333333333334,393,278,train,43
0395,swimseg,raw/swimseg/train/0395.png,raw/swimseg/train_labels/0395.png,train,20140625,181806,20140625_181806,0.1960611111111111,394,278,train,43
0396,swimseg,raw/swimseg/train/0396.png,raw/swimseg/train_labels/0396.png,train,20140625,181806,20140625_181806,0.16784722222222223,395,278,train,43
0397,swimseg,raw/swimseg/train/0397.png,raw/swimseg/train_labels/0397.png,train,20140625,181806,20140625_181806,0.23483055555555554,396,278,train,43
0398,swimseg,raw/swimseg/train/0398.png,raw/swimseg/train_labels/0398.png,train,20140625,181806,20140625_181806,0.2858527777777778,397,278,train,43
0399,swimseg,raw/swimseg/train/0399.png,raw/swimseg/train_labels/0399.png,train,20140625,181806,20140625_181806,0.2847166666666667,398,278,train,43
0400,swimseg,raw/swimseg/train/0400.png,raw/swimseg/train_labels/0400.png,train,20140625,181806,20140625_181806,0.38854444444444447,399,278,train,43
0401,swimseg,raw/swimseg/train/0401.png,raw/swimseg/train_labels/0401.png,train,20140625,182316,20140625_182316,0.5213694444444444,400,278,train,43
0402,swimseg,raw/swimseg/train/0402.png,raw/swimseg/train_labels/0402.png,train,20140625,182316,20140625_182316,0.5191916666666667,401,278,train,43
0403,swimseg,raw/swimseg/train/0403.png,raw/swimseg/train_labels/0403.png,train,20140625,182316,20140625_182316,0.5781361111111111,402,278,train,43
0404,swimseg,raw/swimseg/train/0404.png,raw/swimseg/train_labels/0404.png,train,20140625,182316,20140625_182316,0.6910305555555556,403,278,train,43
0405,swimseg,raw/swimseg/train/0405.png,raw/swimseg/train_labels/0405.png,train,20140625,182316,20140625_182316,0.6576555555555555,404,278,train,43
0406,swimseg,raw/swimseg/train/0406.png,raw/swimseg/train_labels/0406.png,train,20140625,182316,20140625_182316,0.40731666666666666,405,278,train,43
0407,swimseg,raw/swimseg/train/0407.png,raw/swimseg/train_labels/0407.png,train,20140625,182316,20140625_182316,0.16181666666666666,406,278,train,43
0408,swimseg,raw/swimseg/train/0408.png,raw/swimseg/train_labels/0408.png,train,20140625,182316,20140625_182316,0.05603888888888889,407,278,train,43
0409,swimseg,raw/swimseg/train/0409.png,raw/swimseg/train_labels/0409.png,train,20140625,182316,20140625_182316,0.06194444444444445,408,278,train,43
0410,swimseg,raw/swimseg/train/0410.png,raw/swimseg/train_labels/0410.png,train,20140625,182316,20140625_182316,0.6143916666666667,409,278,train,43
0411,swimseg,raw/swimseg/train/0411.png,raw/swimseg/train_labels/0411.png,train,20140625,182316,20140625_182316,0.5628638888888889,410,278,train,43
0412,swimseg,raw/swimseg/train/0412.png,raw/swimseg/train_labels/0412.png,train,20140625,182316,20140625_182316,0.7225555555555555,411,278,train,43
0413,swimseg,raw/swimseg/train/0413.png,raw/swimseg/train_labels/0413.png,train,20140625,182316,20140625_182316,0.6957305555555555,412,278,train,43
0414,swimseg,raw/swimseg/train/0414.png,raw/swimseg/train_labels/0414.png,train,20140625,182316,20140625_182316,0.6913277777777778,413,278,train,43
0415,swimseg,raw/swimseg/train/0415.png,raw/swimseg/train_labels/0415.png,train,20140625,182316,20140625_182316,0.666575,414,278,train,43
0416,swimseg,raw/swimseg/train/0416.png,raw/swimseg/train_labels/0416.png,train,20140625,182316,20140625_182316,0.6132666666666666,415,278,train,43
0417,swimseg,raw/swimseg/train/0417.png,raw/swimseg/train_labels/0417.png,train,20140625,182316,20140625_182316,0.5682305555555556,416,278,train,43
0418,swimseg,raw/swimseg/train/0418.png,raw/swimseg/train_labels/0418.png,train,20140625,182316,20140625_182316,0.5469111111111111,417,278,train,43
0419,swimseg,raw/swimseg/train/0419.png,raw/swimseg/train_labels/0419.png,train,20140625,182316,20140625_182316,0.3588972222222222,418,278,train,43
0420,swimseg,raw/swimseg/train/0420.png,raw/swimseg/train_labels/0420.png,train,20140625,182316,20140625_182316,0.171275,419,278,train,43
0421,swimseg,raw/swimseg/train/0421.png,raw/swimseg/train_labels/0421.png,train,20140625,182316,20140625_182316,0.11123055555555555,420,278,train,43
0422,swimseg,raw/swimseg/train/0422.png,raw/swimseg/train_labels/0422.png,train,20140625,182316,20140625_182316,0.019602777777777778,421,278,train,43
0423,swimseg,raw/swimseg/train/0423.png,raw/swimseg/train_labels/0423.png,train,20140625,182316,20140625_182316,0.7985055555555556,422,278,train,43
0424,swimseg,raw/swimseg/train/0424.png,raw/swimseg/train_labels/0424.png,train,20140625,182316,20140625_182316,0.8639222222222223,423,278,train,43
0425,swimseg,raw/swimseg/train/0425.png,raw/swimseg/train_labels/0425.png,train,20140625,182316,20140625_182316,0.7768888888888889,424,278,train,43
0426,swimseg,raw/swimseg/train/0426.png,raw/swimseg/train_labels/0426.png,train,20140625,182316,20140625_182316,0.7787083333333333,425,278,train,43
0427,swimseg,raw/swimseg/train/0427.png,raw/swimseg/train_labels/0427.png,train,20140625,182316,20140625_182316,0.768775,426,278,train,43
0428,swimseg,raw/swimseg/train/0428.png,raw/swimseg/train_labels/0428.png,train,20140625,182316,20140625_182316,0.6817638888888888,427,278,train,43
0429,swimseg,raw/swimseg/train/0429.png,raw/swimseg/train_labels/0429.png,train,20140625,182316,20140625_182316,0.6186833333333334,428,278,train,43
0430,swimseg,raw/swimseg/train/0430.png,raw/swimseg/train_labels/0430.png,train,20140625,182316,20140625_182316,0.5057972222222222,429,278,train,43
0431,swimseg,raw/swimseg/train/0431.png,raw/swimseg/train_labels/0431.png,train,20140625,182316,20140625_182316,0.4772527777777778,430,278,train,43
0432,swimseg,raw/swimseg/train/0432.png,raw/swimseg/train_labels/0432.png,train,20140625,182316,20140625_182316,0.312775,431,278,train,43
0433,swimseg,raw/swimseg/train/0433.png,raw/swimseg/train_labels/0433.png,train,20140625,182316,20140625_182316,0.2403472222222222,432,278,train,43
0434,swimseg,raw/swimseg/train/0434.png,raw/swimseg/train_labels/0434.png,train,20140625,182316,20140625_182316,0.17005833333333334,433,278,train,43
0435,swimseg,raw/swimseg/train/0435.png,raw/swimseg/train_labels/0435.png,train,20140625,182316,20140625_182316,0.10620555555555555,434,278,train,43
0436,swimseg,raw/swimseg/train/0436.png,raw/swimseg/train_labels/0436.png,train,20140625,182316,20140625_182316,0.05628333333333333,435,278,train,43
0437,swimseg,raw/swimseg/train/0437.png,raw/swimseg/train_labels/0437.png,train,20140625,182316,20140625_182316,0.04321388888888889,436,278,train,43
0438,swimseg,raw/swimseg/train/0438.png,raw/swimseg/train_labels/0438.png,train,20140625,182316,20140625_182316,0.4572277777777778,437,278,train,43
0439,swimseg,raw/swimseg/train/0439.png,raw/swimseg/train_labels/0439.png,train,20140625,182316,20140625_182316,0.5118944444444444,438,278,train,43
0440,swimseg,raw/swimseg/train/0440.png,raw/swimseg/train_labels/0440.png,train,20140625,182316,20140625_182316,0.5470861111111112,439,278,train,43
0441,swimseg,raw/swimseg/train/0441.png,raw/swimseg/train_labels/0441.png,train,20140625,182316,20140625_182316,0.6417222222222222,440,278,train,43
0442,swimseg,raw/swimseg/train/0442.png,raw/swimseg/train_labels/0442.png,train,20140625,182316,20140625_182316,0.7245972222222222,441,278,train,43
0443,swimseg,raw/swimseg/train/0443.png,raw/swimseg/train_labels/0443.png,train,20140626,160003,20140626_160003,0.5202388888888889,442,442,test,43
0444,swimseg,raw/swimseg/train/0444.png,raw/swimseg/train_labels/0444.png,train,20140626,160003,20140626_160003,0.6247611111111111,443,442,test,43
0445,swimseg,raw/swimseg/train/0445.png,raw/swimseg/train_labels/0445.png,train,20140626,160003,20140626_160003,0.6010333333333333,444,442,test,43
0446,swimseg,raw/swimseg/train/0446.png,raw/swimseg/train_labels/0446.png,train,20140626,160003,20140626_160003,0.5534694444444445,445,442,test,43
0447,swimseg,raw/swimseg/train/0447.png,raw/swimseg/train_labels/0447.png,train,20140626,160003,20140626_160003,0.5368194444444444,446,442,test,43
0448,swimseg,raw/swimseg/train/0448.png,raw/swimseg/train_labels/0448.png,train,20140626,160003,20140626_160003,0.40423888888888887,447,442,test,43
0449,swimseg,raw/swimseg/train/0449.png,raw/swimseg/train_labels/0449.png,train,20140626,160003,20140626_160003,0.691875,448,442,test,43
0450,swimseg,raw/swimseg/train/0450.png,raw/swimseg/train_labels/0450.png,train,20140626,160003,20140626_160003,0.6817083333333334,449,442,test,43
0451,swimseg,raw/swimseg/train/0451.png,raw/swimseg/train_labels/0451.png,train,20140626,160003,20140626_160003,0.5543027777777778,450,442,test,43
0452,swimseg,raw/swimseg/train/0452.png,raw/swimseg/train_labels/0452.png,train,20140626,160003,20140626_160003,0.5685416666666666,451,442,test,43
0453,swimseg,raw/swimseg/train/0453.png,raw/swimseg/train_labels/0453.png,train,20140626,160003,20140626_160003,0.6948722222222222,452,442,test,43
0454,swimseg,raw/swimseg/train/0454.png,raw/swimseg/train_labels/0454.png,train,20140626,160003,20140626_160003,0.33171388888888886,453,442,test,43
0455,swimseg,raw/swimseg/train/0455.png,raw/swimseg/train_labels/0455.png,train,20140626,160003,20140626_160003,0.6542194444444445,454,442,test,43
0456,swimseg,raw/swimseg/train/0456.png,raw/swimseg/train_labels/0456.png,train,20140626,160003,20140626_160003,0.5304777777777778,455,442,test,43
0457,swimseg,raw/swimseg/train/0457.png,raw/swimseg/train_labels/0457.png,train,20140626,160003,20140626_160003,0.4717527777777778,456,442,test,43
0458,swimseg,raw/swimseg/train/0458.png,raw/swimseg/train_labels/0458.png,train,20140626,160003,20140626_160003,0.42485555555555554,457,442,test,43
0459,swimseg,raw/swimseg/train/0459.png,raw/swimseg/train_labels/0459.png,train,20140626,160003,20140626_160003,0.3184972222222222,458,442,test,43
0460,swimseg,raw/swimseg/train/0460.png,raw/swimseg/train_labels/0460.png,train,20140626,160003,20140626_160003,0.41833333333333333,459,442,test,43
0461,swimseg,raw/swimseg/train/0461.png,raw/swimseg/train_labels/0461.png,train,20140626,160003,20140626_160003,0.4182416666666667,460,442,test,43
0462,swimseg,raw/swimseg/train/0462.png,raw/swimseg/train_labels/0462.png,train,20140626,160003,20140626_160003,0.41911944444444443,461,442,test,43
0463,swimseg,raw/swimseg/train/0463.png,raw/swimseg/train_labels/0463.png,train,20140626,160003,20140626_160003,0.38506111111111113,462,442,test,43
0464,swimseg,raw/swimseg/train/0464.png,raw/swimseg/train_labels/0464.png,train,20140626,160003,20140626_160003,0.6575916666666667,463,442,test,43
0465,swimseg,raw/swimseg/train/0465.png,raw/swimseg/train_labels/0465.png,train,20140626,160003,20140626_160003,0.7517944444444444,464,442,test,43
0466,swimseg,raw/swimseg/train/0466.png,raw/swimseg/train_labels/0466.png,train,20140626,160003,20140626_160003,0.6247944444444444,465,442,test,43
0467,swimseg,raw/swimseg/train/0467.png,raw/swimseg/train_labels/0467.png,train,20140626,160003,20140626_160003,0.7138888888888889,466,442,test,43
0468,swimseg,raw/swimseg/train/0468.png,raw/swimseg/train_labels/0468.png,train,20140626,160003,20140626_160003,0.6004583333333333,467,442,test,43
0469,swimseg,raw/swimseg/train/0469.png,raw/swimseg/train_labels/0469.png,train,20140626,160003,20140626_160003,0.4281888888888889,468,442,test,43
0470,swimseg,raw/swimseg/train/0470.png,raw/swimseg/train_labels/0470.png,train,20140626,160003,20140626_160003,0.4508,469,442,test,43
0471,swimseg,raw/swimseg/train/0471.png,raw/swimseg/train_labels/0471.png,train,20140626,160003,20140626_160003,0.5899444444444445,470,442,test,43
0472,swimseg,raw/swimseg/train/0472.png,raw/swimseg/train_labels/0472.png,train,20140626,160003,20140626_160003,0.36654166666666665,471,442,test,43
0473,swimseg,raw/swimseg/train/0473.png,raw/swimseg/train_labels/0473.png,train,20140626,160003,20140626_160003,0.353,472,442,test,43
0474,swimseg,raw/swimseg/train/0474.png,raw/swimseg/train_labels/0474.png,train,20140626,160003,20140626_160003,0.3339861111111111,473,442,test,43
0475,swimseg,raw/swimseg/train/0475.png,raw/swimseg/train_labels/0475.png,train,20140626,160003,20140626_160003,0.6764027777777778,474,442,test,43
0476,swimseg,raw/swimseg/train/0476.png,raw/swimseg/train_labels/0476.png,train,20140626,160003,20140626_160003,0.6233444444444445,475,442,test,43
0477,swimseg,raw/swimseg/train/0477.png,raw/swimseg/train_labels/0477.png,train,20140626,160003,20140626_160003,0.8319277777777778,476,442,test,43
0478,swimseg,raw/swimseg/train/0478.png,raw/swimseg/train_labels/0478.png,train,20140821,130616,20140821_130616,0.7974527777777778,477,477,train,43
0479,swimseg,raw/swimseg/train/0479.png,raw/swimseg/train_labels/0479.png,train,20140821,130616,20140821_130616,0.9788666666666667,478,477,train,43
0480,swimseg,raw/swimseg/train/0480.png,raw/swimseg/train_labels/0480.png,train,20140929,90802,20140929_90802,0.8005083333333334,479,479,val,43
0481,swimseg,raw/swimseg/train/0481.png,raw/swimseg/train_labels/0481.png,train,20140929,90802,20140929_90802,0.7022388888888889,480,479,val,43
0482,swimseg,raw/swimseg/train/0482.png,raw/swimseg/train_labels/0482.png,train,20140929,90802,20140929_90802,0.8142666666666667,481,479,val,43
0483,swimseg,raw/swimseg/train/0483.png,raw/swimseg/train_labels/0483.png,train,20140929,90802,20140929_90802,0.6273611111111111,482,479,val,43
0484,swimseg,raw/swimseg/train/0484.png,raw/swimseg/train_labels/0484.png,train,20140929,90802,20140929_90802,0.5483111111111111,483,479,val,43
0485,swimseg,raw/swimseg/train/0485.png,raw/swimseg/train_labels/0485.png,train,20140929,90802,20140929_90802,0.5823916666666666,484,479,val,43
0486,swimseg,raw/swimseg/train/0486.png,raw/swimseg/train_labels/0486.png,train,20140929,90802,20140929_90802,0.6413388888888889,484,479,val,43
0487,swimseg,raw/swimseg/train/0487.png,raw/swimseg/train_labels/0487.png,train,20150227,155435,20150227_155435,0.7101611111111111,486,486,train,43
0488,swimseg,raw/swimseg/train/0488.png,raw/swimseg/train_labels/0488.png,train,20150227,155435,20150227_155435,0.10883888888888889,487,486,train,43
0489,swimseg,raw/swimseg/train/0489.png,raw/swimseg/train_labels/0489.png,train,20150227,155435,20150227_155435,0.2930888888888889,488,486,train,43
0490,swimseg,raw/swimseg/train/0490.png,raw/swimseg/train_labels/0490.png,train,20150227,155435,20150227_155435,0.020405555555555555,489,486,train,43
0491,swimseg,raw/swimseg/train/0491.png,raw/swimseg/train_labels/0491.png,train,20150227,155435,20150227_155435,0.47889444444444446,490,486,train,43
0492,swimseg,raw/swimseg/train/0492.png,raw/swimseg/train_labels/0492.png,train,20150227,155435,20150227_155435,0.571425,491,486,train,43
0493,swimseg,raw/swimseg/train/0493.png,raw/swimseg/train_labels/0493.png,train,20150227,155435,20150227_155435,0.6266583333333333,492,486,train,43
0494,swimseg,raw/swimseg/train/0494.png,raw/swimseg/train_labels/0494.png,train,20150227,155435,20150227_155435,0.7207611111111111,493,486,train,43
0495,swimseg,raw/swimseg/train/0495.png,raw/swimseg/train_labels/0495.png,train,20150227,155435,20150227_155435,0.8589194444444445,494,486,train,43
0496,swimseg,raw/swimseg/train/0496.png,raw/swimseg/train_labels/0496.png,train,20150227,155435,20150227_155435,0.8170527777777777,495,486,train,43
0497,swimseg,raw/swimseg/train/0497.png,raw/swimseg/train_labels/0497.png,train,20150227,155435,20150227_155435,0.20205555555555554,496,486,train,43
0498,swimseg,raw/swimseg/train/0498.png,raw/swimseg/train_labels/0498.png,train,20150227,155435,20150227_155435,0.8673222222222222,497,486,train,43
0499,swimseg,raw/swimseg/train/0499.png,raw/swimseg/train_labels/0499.png,train,20150227,155435,20150227_155435,0.27158055555555555,498,486,train,43
0500,swimseg,raw/swimseg/train/0500.png,raw/swimseg/train_labels/0500.png,train,20150227,155435,20150227_155435,0.8082694444444445,499,486,train,43
0501,swimseg,raw/swimseg/train/0501.png,raw/swimseg/train_labels/0501.png,train,20150227,155435,20150227_155435,0.8149583333333333,500,486,train,43
0502,swimseg,raw/swimseg/train/0502.png,raw/swimseg/train_labels/0502.png,train,20150227,155435,20150227_155435,0.8327972222222222,501,486,train,43
0503,swimseg,raw/swimseg/train/0503.png,raw/swimseg/train_labels/0503.png,train,20150227,155435,20150227_155435,0.8637527777777778,502,486,train,43
0504,swimseg,raw/swimseg/train/0504.png,raw/swimseg/train_labels/0504.png,train,20150227,155435,20150227_155435,0.9268277777777778,503,486,train,43
0505,swimseg,raw/swimseg/train/0505.png,raw/swimseg/train_labels/0505.png,train,20150227,155435,20150227_155435,0.970475,504,486,train,43
0506,swimseg,raw/swimseg/train/0506.png,raw/swimseg/train_labels/0506.png,train,20150227,155435,20150227_155435,0.8660555555555556,505,486,train,43
0507,swimseg,raw/swimseg/train/0507.png,raw/swimseg/train_labels/0507.png,train,20150227,155435,20150227_155435,0.7160333333333333,506,486,train,43
0508,swimseg,raw/swimseg/train/0508.png,raw/swimseg/train_labels/0508.png,train,20150227,155435,20150227_155435,0.7001861111111111,507,486,train,43
0509,swimseg,raw/swimseg/train/0509.png,raw/swimseg/train_labels/0509.png,train,20150227,155435,20150227_155435,0.6931611111111111,508,486,train,43
0510,swimseg,raw/swimseg/train/0510.png,raw/swimseg/train_labels/0510.png,train,20150227,155435,20150227_155435,0.7681444444444444,509,486,train,43
0511,swimseg,raw/swimseg/train/0511.png,raw/swimseg/train_labels/0511.png,train,20150227,155435,20150227_155435,0.3727361111111111,510,486,train,43
0512,swimseg,raw/swimseg/train/0512.png,raw/swimseg/train_labels/0512.png,train,20150227,155435,20150227_155435,0.9277888888888889,511,486,train,43
0513,swimseg,raw/swimseg/train/0513.png,raw/swimseg/train_labels/0513.png,train,20150227,155435,20150227_155435,0.9855777777777778,512,486,train,43
0514,swimseg,raw/swimseg/train/0514.png,raw/swimseg/train_labels/0514.png,train,20150227,155435,20150227_155435,0.1996138888888889,496,486,train,43
0515,swimseg,raw/swimseg/train/0515.png,raw/swimseg/train_labels/0515.png,train,20150227,155435,20150227_155435,0.5458666666666666,514,486,train,43
0516,swimseg,raw/swimseg/train/0516.png,raw/swimseg/train_labels/0516.png,train,20150227,155435,20150227_155435,0.6338166666666667,515,486,train,43
0517,swimseg,raw/swimseg/train/0517.png,raw/swimseg/train_labels/0517.png,train,20150227,155435,20150227_155435,0.6883277777777778,516,486,train,43
0518,swimseg,raw/swimseg/train/0518.png,raw/swimseg/train_labels/0518.png,train,20150227,155435,20150227_155435,0.7591833333333333,517,486,train,43
0519,swimseg,raw/swimseg/train/0519.png,raw/swimseg/train_labels/0519.png,train,20150227,155435,20150227_155435,0.8753972222222223,518,486,train,43
0520,swimseg,raw/swimseg/train/0520.png,raw/swimseg/train_labels/0520.png,train,20150227,155435,20150227_155435,0.9495722222222223,519,486,train,43
0521,swimseg,raw/swimseg/train/0521.png,raw/swimseg/train_labels/0521.png,train,20150227,155435,20150227_155435,0.5123555555555556,520,486,train,43
0522,swimseg,raw/swimseg/train/0522.png,raw/swimseg/train_labels/0522.png,train,20150227,155435,20150227_155435,0.9967277777777778,521,486,train,43
0523,swimseg,raw/swimseg/train/0523.png,raw/swimseg/train_labels/0523.png,train,20150227,155435,20150227_155435,0.6459083333333333,522,486,train,43
0524,swimseg,raw/swimseg/train/0524.png,raw/swimseg/train_labels/0524.png,train,20150227,155435,20150227_155435,0.9203555555555556,523,486,train,43
0525,swimseg,raw/swimseg/train/0525.png,raw/swimseg/train_labels/0525.png,train,20150227,155435,20150227_155435,0.8441972222222223,524,486,train,43
0526,swimseg,raw/swimseg/train/0526.png,raw/swimseg/train_labels/0526.png,train,20150227,155435,20150227_155435,0.8015222222222222,525,486,train,43
0527,swimseg,raw/swimseg/train/0527.png,raw/swimseg/train_labels/0527.png,train,20150227,155435,20150227_155435,0.7408222222222223,526,486,train,43
0528,swimseg,raw/swimseg/train/0528.png,raw/swimseg/train_labels/0528.png,train,20150227,155435,20150227_155435,0.6564888888888889,527,486,train,43
0529,swimseg,raw/swimseg/train/0529.png,raw/swimseg/train_labels/0529.png,train,20150227,155435,20150227_155435,0.5961333333333333,528,486,train,43
0530,swimseg,raw/swimseg/train/0530.png,raw/swimseg/train_labels/0530.png,train,20150227,155435,20150227_155435,0.6295722222222222,529,486,train,43
0531,swimseg,raw/swimseg/train/0531.png,raw/swimseg/train_labels/0531.png,train,20150227,155435,20150227_155435,0.6577416666666667,530,486,train,43
0532,swimseg,raw/swimseg/train/0532.png,raw/swimseg/train_labels/0532.png,train,20150227,155435,20150227_155435,0.7100388888888889,531,486,train,43
0533,swimseg,raw/swimseg/train/0533.png,raw/swimseg/train_labels/0533.png,train,20150227,155435,20150227_155435,0.8056027777777778,532,486,train,43
0534,swimseg,raw/swimseg/train/0534.png,raw/swimseg/train_labels/0534.png,train,20150227,155435,20150227_155435,0.8098388888888889,533,486,train,43
0535,swimseg,raw/swimseg/train/0535.png,raw/swimseg/train_labels/0535.png,train,20150227,155435,20150227_155435,0.8964,534,486,train,43
0536,swimseg,raw/swimseg/train/0536.png,raw/swimseg/train_labels/0536.png,train,20150227,155435,20150227_155435,0.92805,535,486,train,43
0537,swimseg,raw/swimseg/train/0537.png,raw/swimseg/train_labels/0537.png,train,20150227,155435,20150227_155435,0.5123555555555556,520,486,train,43
0538,swimseg,raw/swimseg/train/0538.png,raw/swimseg/train_labels/0538.png,train,20150227,155435,20150227_155435,0.8725083333333333,537,486,train,43
0539,swimseg,raw/swimseg/train/0539.png,raw/swimseg/train_labels/0539.png,train,20150227,155435,20150227_155435,0.9103527777777778,538,486,train,43
0540,swimseg,raw/swimseg/train/0540.png,raw/swimseg/train_labels/0540.png,train,20150227,155435,20150227_155435,0.9333111111111111,539,486,train,43
0541,swimseg,raw/swimseg/train/0541.png,raw/swimseg/train_labels/0541.png,train,20150227,155435,20150227_155435,0.9775722222222222,540,486,train,43
0542,swimseg,raw/swimseg/train/0542.png,raw/swimseg/train_labels/0542.png,train,20150227,155435,20150227_155435,0.9886111111111111,541,486,train,43
0543,swimseg,raw/swimseg/train/0543.png,raw/swimseg/train_labels/0543.png,train,20150227,155435,20150227_155435,0.9863722222222222,542,486,train,43
0544,swimseg,raw/swimseg/train/0544.png,raw/swimseg/train_labels/0544.png,train,20150429,121002,20150429_121002,0.714025,543,543,train,43
0545,swimseg,raw/swimseg/train/0545.png,raw/swimseg/train_labels/0545.png,train,20150429,121002,20150429_121002,0.350675,544,543,train,43
0546,swimseg,raw/swimseg/train/0546.png,raw/swimseg/train_labels/0546.png,train,20150429,121002,20150429_121002,0.2552277777777778,545,543,train,43
0547,swimseg,raw/swimseg/train/0547.png,raw/swimseg/train_labels/0547.png,train,20150429,121002,20150429_121002,0.560575,546,543,train,43
0548,swimseg,raw/swimseg/train/0548.png,raw/swimseg/train_labels/0548.png,train,20150429,121002,20150429_121002,0.6599166666666667,547,543,train,43
0549,swimseg,raw/swimseg/train/0549.png,raw/swimseg/train_labels/0549.png,train,20150429,121002,20150429_121002,0.6376138888888889,548,543,train,43
0550,swimseg,raw/swimseg/train/0550.png,raw/swimseg/train_labels/0550.png,train,20150429,121002,20150429_121002,0.5481333333333334,549,543,train,43
0551,swimseg,raw/swimseg/train/0551.png,raw/swimseg/train_labels/0551.png,train,20150429,121002,20150429_121002,0.6055444444444444,550,543,train,43
0552,swimseg,raw/swimseg/train/0552.png,raw/swimseg/train_labels/0552.png,train,20150429,121002,20150429_121002,0.5598444444444445,551,543,train,43
0553,swimseg,raw/swimseg/train/0553.png,raw/swimseg/train_labels/0553.png,train,20150429,121002,20150429_121002,0.7158527777777778,552,543,train,43
0554,swimseg,raw/swimseg/train/0554.png,raw/swimseg/train_labels/0554.png,train,20150429,121002,20150429_121002,0.677375,553,543,train,43
0555,swimseg,raw/swimseg/train/0555.png,raw/swimseg/train_labels/0555.png,train,20150429,121002,20150429_121002,0.38454166666666667,554,543,train,43
0556,swimseg,raw/swimseg/train/0556.png,raw/swimseg/train_labels/0556.png,train,20150429,121002,20150429_121002,0.5005722222222222,555,543,train,43
0557,swimseg,raw/swimseg/train/0557.png,raw/swimseg/train_labels/0557.png,train,20150429,121002,20150429_121002,0.4749333333333333,556,543,train,43
0558,swimseg,raw/swimseg/train/0558.png,raw/swimseg/train_labels/0558.png,train,20150429,121002,20150429_121002,0.7777166666666666,557,543,train,43
0559,swimseg,raw/swimseg/train/0559.png,raw/swimseg/train_labels/0559.png,train,20150429,121002,20150429_121002,0.7646833333333334,558,543,train,43
0560,swimseg,raw/swimseg/train/0560.png,raw/swimseg/train_labels/0560.png,train,20150429,121002,20150429_121002,0.765925,559,543,train,43
0561,swimseg,raw/swimseg/train/0561.png,raw/swimseg/train_labels/0561.png,train,20150429,121002,20150429_121002,0.4246611111111111,560,543,train,43
0562,swimseg,raw/swimseg/train/0562.png,raw/swimseg/train_labels/0562.png,train,20150429,121002,20150429_121002,0.42591944444444446,561,543,train,43
0563,swimseg,raw/swimseg/train/0563.png,raw/swimseg/train_labels/0563.png,train,20150429,121002,20150429_121002,0.42759722222222224,562,543,train,43
0564,swimseg,raw/swimseg/train/0564.png,raw/swimseg/train_labels/0564.png,train,20150429,121002,20150429_121002,0.5152027777777778,563,543,train,43
0565,swimseg,raw/swimseg/train/0565.png,raw/swimseg/train_labels/0565.png,train,20150429,121002,20150429_121002,0.5944444444444444,564,543,train,43
0566,swimseg,raw/swimseg/train/0566.png,raw/swimseg/train_labels/0566.png,train,20150429,121002,20150429_121002,0.5351583333333333,565,543,train,43
0567,swimseg,raw/swimseg/train/0567.png,raw/swimseg/train_labels/0567.png,train,20150429,121002,20150429_121002,0.41126944444444447,566,543,train,43
0568,swimseg,raw/swimseg/train/0568.png,raw/swimseg/train_labels/0568.png,train,20150429,121002,20150429_121002,0.29170833333333335,567,543,train,43
0569,swimseg,raw/swimseg/train/0569.png,raw/swimseg/train_labels/0569.png,train,20150429,121002,20150429_121002,0.467875,568,543,train,43
0570,swimseg,raw/swimseg/train/0570.png,raw/swimseg/train_labels/0570.png,train,20150429,121002,20150429_121002,0.5252222222222223,569,543,train,43
0571,swimseg,raw/swimseg/train/0571.png,raw/swimseg/train_labels/0571.png,train,20150429,121002,20150429_121002,0.5654194444444445,570,543,train,43
0572,swimseg,raw/swimseg/train/0572.png,raw/swimseg/train_labels/0572.png,train,20150429,121002,20150429_121002,0.6811666666666667,571,543,train,43
0573,swimseg,raw/swimseg/train/0573.png,raw/swimseg/train_labels/0573.png,train,20150429,121002,20150429_121002,0.3596416666666667,572,543,train,43
0574,swimseg,raw/swimseg/train/0574.png,raw/swimseg/train_labels/0574.png,train,20150429,121002,20150429_121002,0.30975,573,543,train,43
0575,swimseg,raw/swimseg/train/0575.png,raw/swimseg/train_labels/0575.png,train,20150429,121002,20150429_121002,0.768025,558,543,train,43
0576,swimseg,raw/swimseg/train/0576.png,raw/swimseg/train_labels/0576.png,train,20150429,121002,20150429_121002,0.9431694444444444,575,543,train,43
0577,swimseg,raw/swimseg/train/0577.png,raw/swimseg/train_labels/0577.png,train,20150429,121002,20150429_121002,0.6280583333333334,576,543,train,43
0578,swimseg,raw/swimseg/train/0578.png,raw/swimseg/train_labels/0578.png,train,20150429,121002,20150429_121002,0.9843083333333333,577,543,train,43
0579,swimseg,raw/swimseg/train/0579.png,raw/swimseg/train_labels/0579.png,train,20150429,121002,20150429_121002,0.5686361111111111,578,543,train,43
0580,swimseg,raw/swimseg/train/0580.png,raw/swimseg/train_labels/0580.png,train,20150429,121002,20150429_121002,0.5917638888888889,579,543,train,43
0581,swimseg,raw/swimseg/train/0581.png,raw/swimseg/train_labels/0581.png,train,20150429,121002,20150429_121002,0.6460111111111111,580,543,train,43
0582,swimseg,raw/swimseg/train/0582.png,raw/swimseg/train_labels/0582.png,train,20150429,121002,20150429_121002,0.4787638888888889,581,543,train,43
0583,swimseg,raw/swimseg/train/0583.png,raw/swimseg/train_labels/0583.png,train,20150429,121002,20150429_121002,0.30164722222222223,582,543,train,43
0584,swimseg,raw/swimseg/train/0584.png,raw/swimseg/train_labels/0584.png,train,20150429,121002,20150429_121002,0.29451944444444444,583,543,train,43
0585,swimseg,raw/swimseg/train/0585.png,raw/swimseg/train_labels/0585.png,train,20150429,121002,20150429_121002,0.24146944444444443,584,543,train,43
0586,swimseg,raw/swimseg/train/0586.png,raw/swimseg/train_labels/0586.png,train,20150429,121002,20150429_121002,0.3607611111111111,585,543,train,43
0587,swimseg,raw/swimseg/train/0587.png,raw/swimseg/train_labels/0587.png,train,20150429,121002,20150429_121002,0.3436444444444444,586,543,train,43
0588,swimseg,raw/swimseg/train/0588.png,raw/swimseg/train_labels/0588.png,train,20150429,121002,20150429_121002,0.34965833333333335,587,543,train,43
0589,swimseg,raw/swimseg/train/0589.png,raw/swimseg/train_labels/0589.png,train,20150429,121002,20150429_121002,0.4485277777777778,588,543,train,43
0590,swimseg,raw/swimseg/train/0590.png,raw/swimseg/train_labels/0590.png,train,20150429,121002,20150429_121002,0.8466694444444445,589,543,train,43
0591,swimseg,raw/swimseg/train/0591.png,raw/swimseg/train_labels/0591.png,train,20150429,121002,20150429_121002,0.34470833333333334,590,543,train,43
0592,swimseg,raw/swimseg/train/0592.png,raw/swimseg/train_labels/0592.png,train,20150429,121002,20150429_121002,0.30466666666666664,591,543,train,43
0593,swimseg,raw/swimseg/train/0593.png,raw/swimseg/train_labels/0593.png,train,20150429,121002,20150429_121002,0.9296694444444444,575,543,train,43
0594,swimseg,raw/swimseg/train/0594.png,raw/swimseg/train_labels/0594.png,train,20150429,121002,20150429_121002,0.8843694444444444,593,543,train,43
0595,swimseg,raw/swimseg/train/0595.png,raw/swimseg/train_labels/0595.png,train,20150429,121002,20150429_121002,0.7900055555555555,594,543,train,43
0596,swimseg,raw/swimseg/train/0596.png,raw/swimseg/train_labels/0596.png,train,20150429,121002,20150429_121002,0.7238416666666667,595,543,train,43
0597,swimseg,raw/swimseg/train/0597.png,raw/swimseg/train_labels/0597.png,train,20150429,121002,20150429_121002,0.6992194444444444,596,543,train,43
0598,swimseg,raw/swimseg/train/0598.png,raw/swimseg/train_labels/0598.png,train,20150429,121002,20150429_121002,0.6605194444444444,597,543,train,43
0599,swimseg,raw/swimseg/train/0599.png,raw/swimseg/train_labels/0599.png,train,20150429,121002,20150429_121002,0.631875,598,543,train,43
0600,swimseg,raw/swimseg/train/0600.png,raw/swimseg/train_labels/0600.png,train,20150429,131803,20150429_131803,0.6037944444444444,599,543,train,43
0601,swimseg,raw/swimseg/train/0601.png,raw/swimseg/train_labels/0601.png,train,20150429,131803,20150429_131803,0.4765611111111111,600,543,train,43
0602,swimseg,raw/swimseg/train/0602.png,raw/swimseg/train_labels/0602.png,train,20150429,131803,20150429_131803,0.5326,601,543,train,43
0603,swimseg,raw/swimseg/train/0603.png,raw/swimseg/train_labels/0603.png,train,20150429,131803,20150429_131803,0.5672333333333334,602,543,train,43
0604,swimseg,raw/swimseg/train/0604.png,raw/swimseg/train_labels/0604.png,train,20150429,131803,20150429_131803,0.7456305555555556,603,543,train,43
0605,swimseg,raw/swimseg/train/0605.png,raw/swimseg/train_labels/0605.png,train,20150429,131803,20150429_131803,0.8833611111111112,604,543,train,43
0606,swimseg,raw/swimseg/train/0606.png,raw/swimseg/train_labels/0606.png,train,20150429,131803,20150429_131803,0.8647194444444445,605,543,train,43
0607,swimseg,raw/swimseg/train/0607.png,raw/swimseg/train_labels/0607.png,train,20150429,131803,20150429_131803,0.8446472222222222,606,543,train,43
0608,swimseg,raw/swimseg/train/0608.png,raw/swimseg/train_labels/0608.png,train,20150429,131803,20150429_131803,0.8457805555555555,607,543,train,43
0609,swimseg,raw/swimseg/train/0609.png,raw/swimseg/train_labels/0609.png,train,20150429,131803,20150429_131803,0.7388888888888889,608,543,train,43
0610,swimseg,raw/swimseg/train/0610.png,raw/swimseg/train_labels/0610.png,train,20150429,131803,20150429_131803,0.7449166666666667,609,543,train,43
0611,swimseg,raw/swimseg/train/0611.png,raw/swimseg/train_labels/0611.png,train,20150429,131803,20150429_131803,0.6810944444444444,610,543,train,43
0612,swimseg,raw/swimseg/train/0612.png,raw/swimseg/train_labels/0612.png,train,20150429,131803,20150429_131803,0.5074638888888889,611,543,train,43
0613,swimseg,raw/swimseg/train/0613.png,raw/swimseg/train_labels/0613.png,train,20150429,131803,20150429_131803,0.5278333333333334,612,543,train,43
0614,swimseg,raw/swimseg/train/0614.png,raw/swimseg/train_labels/0614.png,train,20150429,131803,20150429_131803,0.48101944444444444,613,543,train,43
0615,swimseg,raw/swimseg/train/0615.png,raw/swimseg/train_labels/0615.png,train,20150429,131803,20150429_131803,0.7149,614,543,train,43
0616,swimseg,raw/swimseg/train/0616.png,raw/swimseg/train_labels/0616.png,train,20150429,131803,20150429_131803,0.8683583333333333,615,543,train,43
0617,swimseg,raw/swimseg/train/0617.png,raw/swimseg/train_labels/0617.png,train,20150429,131803,20150429_131803,0.6037944444444444,599,543,train,43
0618,swimseg,raw/swimseg/train/0618.png,raw/swimseg/train_labels/0618.png,train,20150429,131803,20150429_131803,0.5491861111111112,613,543,train,43
0619,swimseg,raw/swimseg/train/0619.png,raw/swimseg/train_labels/0619.png,train,20150429,131803,20150429_131803,0.6432916666666667,618,543,train,43
0620,swimseg,raw/swimseg/train/0620.png,raw/swimseg/train_labels/0620.png,train,20150429,131803,20150429_131803,0.7907,619,543,train,43
0621,swimseg,raw/swimseg/train/0621.png,raw/swimseg/train_labels/0621.png,train,20150429,131803,20150429_131803,0.9212166666666667,620,543,train,43
0622,swimseg,raw/swimseg/train/0622.png,raw/swimseg/train_labels/0622.png,train,20150429,131803,20150429_131803,0.78095,621,543,train,43
0623,swimseg,raw/swimseg/train/0623.png,raw/swimseg/train_labels/0623.png,train,20150429,131803,20150429_131803,0.5875611111111111,622,543,train,43
0624,swimseg,raw/swimseg/train/0624.png,raw/swimseg/train_labels/0624.png,train,20150429,131803,20150429_131803,0.9183694444444445,623,543,train,43
0625,swimseg,raw/swimseg/train/0625.png,raw/swimseg/train_labels/0625.png,train,20150429,131803,20150429_131803,0.3833388888888889,624,543,train,43
0626,swimseg,raw/swimseg/train/0626.png,raw/swimseg/train_labels/0626.png,train,20150429,131803,20150429_131803,0.8385833333333333,625,543,train,43
0627,swimseg,raw/swimseg/train/0627.png,raw/swimseg/train_labels/0627.png,train,20150429,131803,20150429_131803,0.39634722222222224,626,543,train,43
0628,swimseg,raw/swimseg/train/0628.png,raw/swimseg/train_labels/0628.png,train,20150429,131803,20150429_131803,0.49341944444444447,627,543,train,43
0629,swimseg,raw/swimseg/train/0629.png,raw/swimseg/train_labels/0629.png,train,20150429,131803,20150429_131803,0.6249694444444445,628,543,train,43
0630,swimseg,raw/swimseg/train/0630.png,raw/swimseg/train_labels/0630.png,train,20150429,131803,20150429_131803,0.7711527777777778,629,543,train,43
0631,swimseg,raw/swimseg/train/0631.png,raw/swimseg/train_labels/0631.png,train,20150429,131803,20150429_131803,0.7037472222222222,630,543,train,43
0632,swimseg,raw/swimseg/train/0632.png,raw/swimseg/train_labels/0632.png,train,20150429,131803,20150429_131803,0.7252611111111111,631,543,train,43
0633,swimseg,raw/swimseg/train/0633.png,raw/swimseg/train_labels/0633.png,train,20150429,131803,20150429_131803,0.6216527777777778,632,543,train,43
0634,swimseg,raw/swimseg/train/0634.png,raw/swimseg/train_labels/0634.png,train,20150429,131803,20150429_131803,0.41231666666666666,633,543,train,43
0635,swimseg,raw/swimseg/train/0635.png,raw/swimseg/train_labels/0635.png,train,20150429,131803,20150429_131803,0.44015,634,543,train,43
0636,swimseg,raw/swimseg/train/0636.png,raw/swimseg/train_labels/0636.png,train,20150429,131803,20150429_131803,0.389875,635,543,train,43
0637,swimseg,raw/swimseg/train/0637.png,raw/swimseg/train_labels/0637.png,train,20150429,131803,20150429_131803,0.7837611111111111,636,543,train,43
0638,swimseg,raw/swimseg/train/0638.png,raw/swimseg/train_labels/0638.png,train,20150429,131803,20150429_131803,0.4957916666666667,637,543,train,43
0639,swimseg,raw/swimseg/train/0639.png,raw/swimseg/train_labels/0639.png,train,20150429,131803,20150429_131803,0.7270027777777778,638,543,train,43
0640,swimseg,raw/swimseg/train/0640.png,raw/swimseg/train_labels/0640.png,train,20150429,131803,20150429_131803,0.9066666666666666,623,543,train,43
0641,swimseg,raw/swimseg/train/0641.png,raw/swimseg/train_labels/0641.png,train,20150429,131803,20150429_131803,0.7979055555555555,640,543,train,43
0642,swimseg,raw/swimseg/train/0642.png,raw/swimseg/train_labels/0642.png,train,20150429,131803,20150429_131803,0.8548722222222223,641,543,train,43
0643,swimseg,raw/swimseg/train/0643.png,raw/swimseg/train_labels/0643.png,train,20150429,131803,20150429_131803,0.8938916666666666,642,543,train,43
0644,swimseg,raw/swimseg/train/0644.png,raw/swimseg/train_labels/0644.png,train,20150429,131803,20150429_131803,0.8192555555555555,643,543,train,43
0645,swimseg,raw/swimseg/train/0645.png,raw/swimseg/train_labels/0645.png,train,20150429,131803,20150429_131803,0.8481027777777778,644,543,train,43
0646,swimseg,raw/swimseg/train/0646.png,raw/swimseg/train_labels/0646.png,train,20150429,131803,20150429_131803,0.5958833333333333,645,543,train,43
0647,swimseg,raw/swimseg/train/0647.png,raw/swimseg/train_labels/0647.png,train,20150429,131803,20150429_131803,0.4242166666666667,646,543,train,43
0648,swimseg,raw/swimseg/train/0648.png,raw/swimseg/train_labels/0648.png,train,20150429,131803,20150429_131803,0.3488472222222222,647,543,train,43
0649,swimseg,raw/swimseg/train/0649.png,raw/swimseg/train_labels/0649.png,train,20150429,131803,20150429_131803,0.26198333333333335,648,543,train,43
0650,swimseg,raw/swimseg/train/0650.png,raw/swimseg/train_labels/0650.png,train,20150429,131803,20150429_131803,0.4417277777777778,649,543,train,43
0651,swimseg,raw/swimseg/train/0651.png,raw/swimseg/train_labels/0651.png,train,20150429,131803,20150429_131803,0.5300166666666667,650,543,train,43
0652,swimseg,raw/swimseg/train/0652.png,raw/swimseg/train_labels/0652.png,train,20150429,131803,20150429_131803,0.6348611111111111,651,543,train,43
0653,swimseg,raw/swimseg/train/0653.png,raw/swimseg/train_labels/0653.png,train,20150429,131803,20150429_131803,0.5754833333333333,652,543,train,43
0654,swimseg,raw/swimseg/train/0654.png,raw/swimseg/train_labels/0654.png,train,20150429,131803,20150429_131803,0.5619472222222223,653,543,train,43
0655,swimseg,raw/swimseg/train/0655.png,raw/swimseg/train_labels/0655.png,train,20150429,131803,20150429_131803,0.49043333333333333,654,543,train,43
0656,swimseg,raw/swimseg/train/0656.png,raw/swimseg/train_labels/0656.png,train,20150429,131803,20150429_131803,0.3923,655,543,train,43
0657,swimseg,raw/swimseg/train/0657.png,raw/swimseg/train_labels/0657.png,train,20150429,131803,20150429_131803,0.3339083333333333,656,543,train,43
0658,swimseg,raw/swimseg/train/0658.png,raw/swimseg/train_labels/0658.png,train,20150429,131803,20150429_131803,0.26461944444444446,657,543,train,43
0659,swimseg,raw/swimseg/train/0659.png,raw/swimseg/train_labels/0659.png,train,20150429,131803,20150429_131803,0.4077138888888889,658,543,train,43
0660,swimseg,raw/swimseg/train/0660.png,raw/swimseg/train_labels/0660.png,train,20150429,131803,20150429_131803,0.5747083333333334,659,543,train,43
0661,swimseg,raw/swimseg/train/0661.png,raw/swimseg/train_labels/0661.png,train,20150429,131803,20150429_131803,0.8715805555555556,660,543,train,43
0662,swimseg,raw/swimseg/train/0662.png,raw/swimseg/train_labels/0662.png,train,20150429,131803,20150429_131803,0.7580138888888889,661,543,train,43
0663,swimseg,raw/swimseg/train/0663.png,raw/swimseg/train_labels/0663.png,train,20150429,131803,20150429_131803,0.5754944444444444,662,543,train,43
0664,swimseg,raw/swimseg/train/0664.png,raw/swimseg/train_labels/0664.png,train,20150429,165203,20150429_165203,0.45200555555555555,663,543,train,43
0665,swimseg,raw/swimseg/train/0665.png,raw/swimseg/train_labels/0665.png,train,20150429,165203,20150429_165203,0.9821638888888888,664,543,train,43
0666,swimseg,raw/swimseg/train/0666.png,raw/swimseg/train_labels/0666.png,train,20150429,165203,20150429_165203,0.5753888888888888,665,543,train,43
0667,swimseg,raw/swimseg/train/0667.png,raw/swimseg/train_labels/0667.png,train,20150429,165203,20150429_165203,0.9725694444444445,666,543,train,43
0668,swimseg,raw/swimseg/train/0668.png,raw/swimseg/train_labels/0668.png,train,20150429,165203,20150429_165203,0.9344277777777777,667,543,train,43
0669,swimseg,raw/swimseg/train/0669.png,raw/swimseg/train_labels/0669.png,train,20150429,165203,20150429_165203,0.8242083333333333,668,543,train,43
0670,swimseg,raw/swimseg/train/0670.png,raw/swimseg/train_labels/0670.png,train,20150429,165203,20150429_165203,0.6307722222222222,669,543,train,43
0671,swimseg,raw/swimseg/train/0671.png,raw/swimseg/train_labels/0671.png,train,20150429,165203,20150429_165203,0.5673944444444444,670,543,train,43
0672,swimseg,raw/swimseg/train/0672.png,raw/swimseg/train_labels/0672.png,train,20150429,165203,20150429_165203,0.5932,671,543,train,43
0673,swimseg,raw/swimseg/train/0673.png,raw/swimseg/train_labels/0673.png,train,20150429,165203,20150429_165203,0.7058416666666667,672,543,train,43
0674,swimseg,raw/swimseg/train/0674.png,raw/swimseg/train_labels/0674.png,train,20150429,165203,20150429_165203,0.5789805555555556,673,543,train,43
0675,swimseg,raw/swimseg/train/0675.png,raw/swimseg/train_labels/0675.png,train,20150429,165203,20150429_165203,0.45685,674,543,train,43
0676,swimseg,raw/swimseg/train/0676.png,raw/swimseg/train_labels/0676.png,train,20150429,165203,20150429_165203,0.3929638888888889,663,543,train,43
0677,swimseg,raw/swimseg/train/0677.png,raw/swimseg/train_labels/0677.png,train,20150429,165203,20150429_165203,0.5478694444444444,676,543,train,43
0678,swimseg,raw/swimseg/train/0678.png,raw/swimseg/train_labels/0678.png,train,20150429,165203,20150429_165203,0.5717,677,543,train,43
0679,swimseg,raw/swimseg/train/0679.png,raw/swimseg/train_labels/0679.png,train,20150429,165203,20150429_165203,0.42240555555555553,678,543,train,43
0680,swimseg,raw/swimseg/train/0680.png,raw/swimseg/train_labels/0680.png,train,20150429,165203,20150429_165203,0.5897333333333333,679,543,train,43
0681,swimseg,raw/swimseg/train/0681.png,raw/swimseg/train_labels/0681.png,train,20150429,165203,20150429_165203,0.8994722222222222,680,543,train,43
0682,swimseg,raw/swimseg/train/0682.png,raw/swimseg/train_labels/0682.png,train,20150429,165203,20150429_165203,0.9434111111111111,681,543,train,43
0683,swimseg,raw/swimseg/train/0683.png,raw/swimseg/train_labels/0683.png,train,20150429,165203,20150429_165203,0.20346111111111112,682,543,train,43
0684,swimseg,raw/swimseg/train/0684.png,raw/swimseg/train_labels/0684.png,train,20150429,165203,20150429_165203,0.9913666666666666,683,543,train,43
0685,swimseg,raw/swimseg/train/0685.png,raw/swimseg/train_labels/0685.png,train,20150429,165203,20150429_165203,0.35907222222222224,684,543,train,43
0686,swimseg,raw/swimseg/train/0686.png,raw/swimseg/train_labels/0686.png,train,20150429,165203,20150429_165203,0.9445333333333333,685,543,train,43
0687,swimseg,raw/swimseg/train/0687.png,raw/swimseg/train_labels/0687.png,train,20150429,165203,20150429_165203,0.8170555555555555,686,543,train,43
0688,swimseg,raw/swimseg/train/0688.png,raw/swimseg/train_labels/0688.png,train,20150429,165203,20150429_165203,0.6349472222222222,687,543,train,43
0689,swimseg,raw/swimseg/train/0689.png,raw/swimseg/train_labels/0689.png,train,20150429,165203,20150429_165203,0.5044694444444444,688,543,train,43
0690,swimseg,raw/swimseg/train/0690.png,raw/swimseg/train_labels/0690.png,train,20150429,165203,20150429_165203,0.4412583333333333,689,543,train,43
0691,swimseg,raw/swimseg/train/0691.png,raw/swimseg/train_labels/0691.png,train,20150429,165203,20150429_165203,0.5442555555555556,690,543,train,43
0692,swimseg,raw/swimseg/train/0692.png,raw/swimseg/train_labels/0692.png,train,20150429,165203,20150429_165203,0.4875111111111111,691,543,train,43
0693,swimseg,raw/swimseg/train/0693.png,raw/swimseg/train_labels/0693.png,train,20150429,165203,20150429_165203,0.5280694444444445,692,543,train,43
0694,swimseg,raw/swimseg/train/0694.png,raw/swimseg/train_labels/0694.png,train,20150429,165203,20150429_165203,0.5633638888888889,693,543,train,43
0695,swimseg,raw/swimseg/train/0695.png,raw/swimseg/train_labels/0695.png,train,20150429,165203,20150429_165203,0.1401361111111111,694,543,train,43
0696,swimseg,raw/swimseg/train/0696.png,raw/swimseg/train_labels/0696.png,train,20150429,165203,20150429_165203,0.9211444444444444,695,543,train,43
0697,swimseg,raw/swimseg/train/0697.png,raw/swimseg/train_labels/0697.png,train,20150429,165203,20150429_165203,0.27239166666666664,682,543,train,43
0698,swimseg,raw/swimseg/train/0698.png,raw/swimseg/train_labels/0698.png,train,20150429,165203,20150429_165203,0.3518833333333333,697,543,train,43
0699,swimseg,raw/swimseg/train/0699.png,raw/swimseg/train_labels/0699.png,train,20150429,165203,20150429_165203,0.5397361111111111,698,543,train,43
0700,swimseg,raw/swimseg/train/0700.png,raw/swimseg/train_labels/0700.png,train,20150429,165203,20150429_165203,0.6421444444444444,699,543,train,43
0701,swimseg,raw/swimseg/train/0701.png,raw/swimseg/train_labels/0701.png,train,20150429,165203,20150429_165203,0.8036388888888889,700,543,train,43
0702,swimseg,raw/swimseg/train/0702.png,raw/swimseg/train_labels/0702.png,train,20150429,165203,20150429_165203,0.8956861111111111,701,543,train,43
0703,swimseg,raw/swimseg/train/0703.png,raw/swimseg/train_labels/0703.png,train,20150429,165203,20150429_165203,0.9672222222222222,702,543,train,43
0704,swimseg,raw/swimseg/train/0704.png,raw/swimseg/train_labels/0704.png,train,20150429,165203,20150429_165203,0.3303083333333333,703,543,train,43
0705,swimseg,raw/swimseg/train/0705.png,raw/swimseg/train_labels/0705.png,train,20150429,165203,20150429_165203,0.9716472222222222,704,543,train,43
0706,swimseg,raw/swimseg/train/0706.png,raw/swimseg/train_labels/0706.png,train,20150429,165203,20150429_165203,0.5304444444444445,705,543,train,43
0707,swimseg,raw/swimseg/train/0707.png,raw/swimseg/train_labels/0707.png,train,20150429,165203,20150429_165203,0.9814916666666667,706,543,train,43
0708,swimseg,raw/swimseg/train/0708.png,raw/swimseg/train_labels/0708.png,train,20150429,165203,20150429_165203,0.8958222222222222,707,543,train,43
0709,swimseg,raw/swimseg/train/0709.png,raw/swimseg/train_labels/0709.png,train,20150429,165203,20150429_165203,0.7991027777777778,708,543,train,43
0710,swimseg,raw/swimseg/train/0710.png,raw/swimseg/train_labels/0710.png,train,20150429,165203,20150429_165203,0.7346111111111111,709,543,train,43
0711,swimseg,raw/swimseg/train/0711.png,raw/swimseg/train_labels/0711.png,train,20150429,165203,20150429_165203,0.62545,710,543,train,43
0712,swimseg,raw/swimseg/train/0712.png,raw/swimseg/train_labels/0712.png,train,20150429,165203,20150429_165203,0.6133222222222222,711,543,train,43
0713,swimseg,raw/swimseg/train/0713.png,raw/swimseg/train_labels/0713.png,train,20150429,165203,20150429_165203,0.6637555555555555,712,543,train,43
0714,swimseg,raw/swimseg/train/0714.png,raw/swimseg/train_labels/0714.png,train,20150429,165203,20150429_165203,0.6501666666666667,713,543,train,43
0715,swimseg,raw/swimseg/train/0715.png,raw/swimseg/train_labels/0715.png,train,20150429,165203,20150429_165203,0.6301611111111111,714,543,train,43
0716,swimseg,raw/swimseg/train/0716.png,raw/swimseg/train_labels/0716.png,train,20150429,165203,20150429_165203,0.6960166666666666,715,543,train,43
0717,swimseg,raw/swimseg/train/0717.png,raw/swimseg/train_labels/0717.png,train,20150429,165203,20150429_165203,0.46225555555555553,716,543,train,43
0718,swimseg,raw/swimseg/train/0718.png,raw/swimseg/train_labels/0718.png,train,20150429,165203,20150429_165203,0.47455555555555556,717,543,train,43
0719,swimseg,raw/swimseg/train/0719.png,raw/swimseg/train_labels/0719.png,train,20150429,165203,20150429_165203,0.3677916666666667,718,543,train,43
0720,swimseg,raw/swimseg/train/0720.png,raw/swimseg/train_labels/0720.png,train,20150429,165203,20150429_165203,0.32201944444444447,703,543,train,43
0721,swimseg,raw/swimseg/train/0721.png,raw/swimseg/train_labels/0721.png,train,20150429,165203,20150429_165203,0.6764222222222223,720,543,train,43
0722,swimseg,raw/swimseg/train/0722.png,raw/swimseg/train_labels/0722.png,train,20150429,165203,20150429_165203,0.7296722222222223,721,543,train,43
0723,swimseg,raw/swimseg/train/0723.png,raw/swimseg/train_labels/0723.png,train,20150429,165203,20150429_165203,0.8427222222222223,722,543,train,43
0724,swimseg,raw/swimseg/train/0724.png,raw/swimseg/train_labels/0724.png,train,20150429,165203,20150429_165203,0.9264527777777778,723,543,train,43
0725,swimseg,raw/swimseg/train/0725.png,raw/swimseg/train_labels/0725.png,train,20150429,165203,20150429_165203,0.9531722222222222,724,543,train,43
0726,swimseg,raw/swimseg/train/0726.png,raw/swimseg/train_labels/0726.png,train,20150429,165203,20150429_165203,0.9646611111111111,725,543,train,43
0727,swimseg,raw/swimseg/train/0727.png,raw/swimseg/train_labels/0727.png,train,20150429,165403,20150429_165403,0.7093027777777777,663,543,train,43
0728,swimseg,raw/swimseg/train/0728.png,raw/swimseg/train_labels/0728.png,train,20150429,165403,20150429_165403,0.9738111111111111,727,543,train,43
0729,swimseg,raw/swimseg/train/0729.png,raw/swimseg/train_labels/0729.png,train,20150429,165403,20150429_165403,0.5801027777777777,665,543,train,43
0730,swimseg,raw/swimseg/train/0730.png,raw/swimseg/train_labels/0730.png,train,20150429,165403,20150429_165403,0.9434083333333333,729,543,train,43
0731,swimseg,raw/swimseg/train/0731.png,raw/swimseg/train_labels/0731.png,train,20150429,165403,20150429_165403,0.9219777777777778,730,543,train,43
0732,swimseg,raw/swimseg/train/0732.png,raw/swimseg/train_labels/0732.png,train,20150429,165403,20150429_165403,0.8446277777777778,731,543,train,43
0733,swimseg,raw/swimseg/train/0733.png,raw/swimseg/train_labels/0733.png,train,20150429,165403,20150429_165403,0.7414333333333334,732,543,train,43
0734,swimseg,raw/swimseg/train/0734.png,raw/swimseg/train_labels/0734.png,train,20150429,165403,20150429_165403,0.6238,733,543,train,43
0735,swimseg,raw/swimseg/train/0735.png,raw/swimseg/train_labels/0735.png,train,20150429,165403,20150429_165403,0.547775,734,543,train,43
0736,swimseg,raw/swimseg/train/0736.png,raw/swimseg/train_labels/0736.png,train,20150429,165403,20150429_165403,0.6904333333333333,735,543,train,43
0737,swimseg,raw/swimseg/train/0737.png,raw/swimseg/train_labels/0737.png,train,20150429,165403,20150429_165403,0.4201472222222222,736,543,train,43
0738,swimseg,raw/swimseg/train/0738.png,raw/swimseg/train_labels/0738.png,train,20150429,165403,20150429_165403,0.5965222222222222,674,543,train,43
0739,swimseg,raw/swimseg/train/0739.png,raw/swimseg/train_labels/0739.png,train,20150429,165403,20150429_165403,0.6022444444444445,663,543,train,43
0740,swimseg,raw/swimseg/train/0740.png,raw/swimseg/train_labels/0740.png,train,20150429,165403,20150429_165403,0.5462888888888889,739,543,train,43
0741,swimseg,raw/swimseg/train/0741.png,raw/swimseg/train_labels/0741.png,train,20150429,165403,20150429_165403,0.47249444444444444,740,543,train,43
0742,swimseg,raw/swimseg/train/0742.png,raw/swimseg/train_labels/0742.png,train,20150429,165403,20150429_165403,0.6606638888888889,741,543,train,43
0743,swimseg,raw/swimseg/train/0743.png,raw/swimseg/train_labels/0743.png,train,20150429,165403,20150429_165403,0.43828055555555556,742,543,train,43
0744,swimseg,raw/swimseg/train/0744.png,raw/swimseg/train_labels/0744.png,train,20150429,165403,20150429_165403,0.7513694444444444,743,543,train,43
0745,swimseg,raw/swimseg/train/0745.png,raw/swimseg/train_labels/0745.png,train,20150429,165403,20150429_165403,0.9472805555555556,744,543,train,43
0746,swimseg,raw/swimseg/train/0746.png,raw/swimseg/train_labels/0746.png,train,20150429,165403,20150429_165403,0.6170027777777778,745,543,train,43
0747,swimseg,raw/swimseg/train/0747.png,raw/swimseg/train_labels/0747.png,train,20150429,165403,20150429_165403,0.21164166666666667,684,543,train,43
0748,swimseg,raw/swimseg/train/0748.png,raw/swimseg/train_labels/0748.png,train,20150429,165403,20150429_165403,0.730775,747,543,train,43
0749,swimseg,raw/swimseg/train/0749.png,raw/swimseg/train_labels/0749.png,train,20150429,165403,20150429_165403,0.47594722222222224,748,543,train,43
0750,swimseg,raw/swimseg/train/0750.png,raw/swimseg/train_labels/0750.png,train,20150429,165403,20150429_165403,0.37553333333333333,749,543,train,43
0751,swimseg,raw/swimseg/train/0751.png,raw/swimseg/train_labels/0751.png,train,20150429,165403,20150429_165403,0.5689611111111111,750,543,train,43
0752,swimseg,raw/swimseg/train/0752.png,raw/swimseg/train_labels/0752.png,train,20150429,165403,20150429_165403,0.6743527777777778,751,543,train,43
0753,swimseg,raw/swimseg/train/0753.png,raw/swimseg/train_labels/0753.png,train,20150429,165403,20150429_165403,0.26652777777777775,752,543,train,43
0754,swimseg,raw/swimseg/train/0754.png,raw/swimseg/train_labels/0754.png,train,20150429,165403,20150429_165403,0.6310944444444444,753,543,train,43
0755,swimseg,raw/swimseg/train/0755.png,raw/swimseg/train_labels/0755.png,train,20150429,165403,20150429_165403,0.26274444444444445,754,543,train,43
0756,swimseg,raw/swimseg/train/0756.png,raw/swimseg/train_labels/0756.png,train,20150429,165403,20150429_165403,0.33296944444444443,755,543,train,43
0757,swimseg,raw/swimseg/train/0757.png,raw/swimseg/train_labels/0757.png,train,20150429,165403,20150429_165403,0.5119666666666667,745,543,train,43
0758,swimseg,raw/swimseg/train/0758.png,raw/swimseg/train_labels/0758.png,train,20150429,165403,20150429_165403,0.2652555555555556,757,543,train,43
0759,swimseg,raw/swimseg/train/0759.png,raw/swimseg/train_labels/0759.png,train,20150429,165403,20150429_165403,0.4542,758,543,train,43
0760,swimseg,raw/swimseg/train/0760.png,raw/swimseg/train_labels/0760.png,train,20150429,165403,20150429_165403,0.5542222222222222,759,543,train,43
0761,swimseg,raw/swimseg/train/0761.png,raw/swimseg/train_labels/0761.png,train,20150429,165403,20150429_165403,0.9346055555555556,760,543,train,43
0762,swimseg,raw/swimseg/train/0762.png,raw/swimseg/train_labels/0762.png,train,20150429,165403,20150429_165403,0.8095138888888889,761,543,train,43
0763,swimseg,raw/swimseg/train/0763.png,raw/swimseg/train_labels/0763.png,train,20150429,165403,20150429_165403,0.9180416666666666,762,543,train,43
0764,swimseg,raw/swimseg/train/0764.png,raw/swimseg/train_labels/0764.png,train,20150429,165403,20150429_165403,0.1620111111111111,763,543,train,43
0765,swimseg,raw/swimseg/train/0765.png,raw/swimseg/train_labels/0765.png,train,20150429,165403,20150429_165403,0.3867055555555556,764,543,train,43
0766,swimseg,raw/swimseg/train/0766.png,raw/swimseg/train_labels/0766.png,train,20150429,165403,20150429_165403,0.9665111111111111,765,543,train,43
0767,swimseg,raw/swimseg/train/0767.png,raw/swimseg/train_labels/0767.png,train,20150429,165403,20150429_165403,0.8611805555555555,766,543,train,43
0768,swimseg,raw/swimseg/train/0768.png,raw/swimseg/train_labels/0768.png,train,20150429,165403,20150429_165403,0.6909722222222222,767,543,train,43
0769,swimseg,raw/swimseg/train/0769.png,raw/swimseg/train_labels/0769.png,train,20150429,165403,20150429_165403,0.6198861111111111,768,543,train,43
0770,swimseg,raw/swimseg/train/0770.png,raw/swimseg/train_labels/0770.png,train,20150429,165403,20150429_165403,0.5599222222222222,769,543,train,43
0771,swimseg,raw/swimseg/train/0771.png,raw/swimseg/train_labels/0771.png,train,20150429,165403,20150429_165403,0.6443138888888889,770,543,train,43
0772,swimseg,raw/swimseg/train/0772.png,raw/swimseg/train_labels/0772.png,train,20150429,165403,20150429_165403,0.517025,771,543,train,43
0773,swimseg,raw/swimseg/train/0773.png,raw/swimseg/train_labels/0773.png,train,20150429,165403,20150429_165403,0.8070166666666667,772,543,train,43
0774,swimseg,raw/swimseg/train/0774.png,raw/swimseg/train_labels/0774.png,train,20150429,165403,20150429_165403,0.5360694444444445,773,543,train,43
0775,swimseg,raw/swimseg/train/0775.png,raw/swimseg/train_labels/0775.png,train,20150429,165403,20150429_165403,0.346875,774,543,train,43
0776,swimseg,raw/swimseg/train/0776.png,raw/swimseg/train_labels/0776.png,train,20150429,165403,20150429_165403,0.679325,775,543,train,43
0777,swimseg,raw/swimseg/train/0777.png,raw/swimseg/train_labels/0777.png,train,20150429,165403,20150429_165403,0.5207944444444444,776,543,train,43
0778,swimseg,raw/swimseg/train/0778.png,raw/swimseg/train_labels/0778.png,train,20150429,165403,20150429_165403,0.15608611111111112,763,543,train,43
0779,swimseg,raw/swimseg/train/0779.png,raw/swimseg/train_labels/0779.png,train,20150429,165403,20150429_165403,0.4807166666666667,778,543,train,43
0780,swimseg,raw/swimseg/train/0780.png,raw/swimseg/train_labels/0780.png,train,20150429,165403,20150429_165403,0.6136888888888888,779,543,train,43
0781,swimseg,raw/swimseg/train/0781.png,raw/swimseg/train_labels/0781.png,train,20150429,165403,20150429_165403,0.7333916666666667,780,543,train,43
0782,swimseg,raw/swimseg/train/0782.png,raw/swimseg/train_labels/0782.png,train,20150429,174001,20150429_174001,0.5476638888888888,781,543,train,43
0783,swimseg,raw/swimseg/train/0783.png,raw/swimseg/train_labels/0783.png,train,20150429,174001,20150429_174001,0.6242722222222222,782,543,train,43
0784,swimseg,raw/swimseg/train/0784.png,raw/swimseg/train_labels/0784.png,train,20150429,174001,20150429_174001,0.36535555555555554,783,543,train,43
0785,swimseg,raw/swimseg/train/0785.png,raw/swimseg/train_labels/0785.png,train,20150429,174001,20150429_174001,0.6695472222222222,784,543,train,43
0786,swimseg,raw/swimseg/train/0786.png,raw/swimseg/train_labels/0786.png,train,20150429,174001,20150429_174001,0.5408611111111111,785,543,train,43
0787,swimseg,raw/swimseg/train/0787.png,raw/swimseg/train_labels/0787.png,train,20150429,174001,20150429_174001,0.5127416666666667,785,543,train,43
0788,swimseg,raw/swimseg/train/0788.png,raw/swimseg/train_labels/0788.png,train,20150429,174001,20150429_174001,0.5884861111111112,787,543,train,43
0789,swimseg,raw/swimseg/train/0789.png,raw/swimseg/train_labels/0789.png,train,20150429,174001,20150429_174001,0.681675,788,543,train,43
0790,swimseg,raw/swimseg/train/0790.png,raw/swimseg/train_labels/0790.png,train,20150429,174001,20150429_174001,0.9041972222222222,789,543,train,43
0791,swimseg,raw/swimseg/train/0791.png,raw/swimseg/train_labels/0791.png,train,20150429,174001,20150429_174001,0.36532777777777775,790,543,train,43
0792,swimseg,raw/swimseg/train/0792.png,raw/swimseg/train_labels/0792.png,train,20150429,174001,20150429_174001,0.32215555555555553,781,543,train,43
0793,swimseg,raw/swimseg/train/0793.png,raw/swimseg/train_labels/0793.png,train,20150429,174001,20150429_174001,0.3465888888888889,792,543,train,43
0794,swimseg,raw/swimseg/train/0794.png,raw/swimseg/train_labels/0794.png,train,20150429,174001,20150429_174001,0.26056944444444446,793,543,train,43
0795,swimseg,raw/swimseg/train/0795.png,raw/swimseg/train_labels/0795.png,train,20150429,174001,20150429_174001,0.45989166666666664,794,543,train,43
0796,swimseg,raw/swimseg/train/0796.png,raw/swimseg/train_labels/0796.png,train,20150429,174001,20150429_174001,0.3778638888888889,795,543,train,43
0797,swimseg,raw/swimseg/train/0797.png,raw/swimseg/train_labels/0797.png,train,20150429,174001,20150429_174001,0.1232,796,543,train,43
0798,swimseg,raw/swimseg/train/0798.png,raw/swimseg/train_labels/0798.png,train,20150429,174001,20150429_174001,0.643575,797,543,train,43
0799,swimseg,raw/swimseg/train/0799.png,raw/swimseg/train_labels/0799.png,train,20150429,174001,20150429_174001,0.13569444444444445,798,543,train,43
0800,swimseg,raw/swimseg/train/0800.png,raw/swimseg/train_labels/0800.png,train,20150429,174001,20150429_174001,0.21707222222222222,799,543,train,43
0801,swimseg,raw/swimseg/train/0801.png,raw/swimseg/train_labels/0801.png,train,20150429,174001,20150429_174001,0.06316666666666666,796,543,train,43
0802,swimseg,raw/swimseg/train/0802.png,raw/swimseg/train_labels/0802.png,train,20150429,174001,20150429_174001,0.30546944444444446,801,543,train,43
0803,swimseg,raw/swimseg/train/0803.png,raw/swimseg/train_labels/0803.png,train,20150429,174001,20150429_174001,0.39896944444444443,802,543,train,43
0804,swimseg,raw/swimseg/train/0804.png,raw/swimseg/train_labels/0804.png,train,20150429,174001,20150429_174001,0.3045277777777778,803,543,train,43
0805,swimseg,raw/swimseg/train/0805.png,raw/swimseg/train_labels/0805.png,train,20150429,174001,20150429_174001,0.2406,804,543,train,43
0806,swimseg,raw/swimseg/train/0806.png,raw/swimseg/train_labels/0806.png,train,20150429,174001,20150429_174001,0.25758888888888887,805,543,train,43
0807,swimseg,raw/swimseg/train/0807.png,raw/swimseg/train_labels/0807.png,train,20150429,174001,20150429_174001,0.39129722222222224,806,543,train,43
0808,swimseg,raw/swimseg/train/0808.png,raw/swimseg/train_labels/0808.png,train,20150429,174001,20150429_174001,0.4532888888888889,807,543,train,43
0809,swimseg,raw/swimseg/train/0809.png,raw/swimseg/train_labels/0809.png,train,20150429,174001,20150429_174001,0.5548527777777778,808,543,train,43
0810,swimseg,raw/swimseg/train/0810.png,raw/swimseg/train_labels/0810.png,train,20150429,174001,20150429_174001,0.5471,809,543,train,43
0811,swimseg,raw/swimseg/train/0811.png,raw/swimseg/train_labels/0811.png,train,20150429,174001,20150429_174001,0.3822861111111111,807,543,train,43
0812,swimseg,raw/swimseg/train/0812.png,raw/swimseg/train_labels/0812.png,train,20150429,174001,20150429_174001,0.6064777777777778,811,543,train,43
0813,swimseg,raw/swimseg/train/0813.png,raw/swimseg/train_labels/0813.png,train,20150429,174001,20150429_174001,0.492575,812,543,train,43
0814,swimseg,raw/swimseg/train/0814.png,raw/swimseg/train_labels/0814.png,train,20150429,174001,20150429_174001,0.6033333333333334,813,543,train,43
0815,swimseg,raw/swimseg/train/0815.png,raw/swimseg/train_labels/0815.png,train,20150429,174001,20150429_174001,0.6281,814,543,train,43
0816,swimseg,raw/swimseg/train/0816.png,raw/swimseg/train_labels/0816.png,train,20150429,174001,20150429_174001,0.6860555555555555,815,543,train,43
0817,swimseg,raw/swimseg/train/0817.png,raw/swimseg/train_labels/0817.png,train,20150429,174001,20150429_174001,0.8106416666666667,816,543,train,43
0818,swimseg,raw/swimseg/train/0818.png,raw/swimseg/train_labels/0818.png,train,20150529,122003,20150529_122003,0.34021666666666667,817,278,train,43
0819,swimseg,raw/swimseg/train/0819.png,raw/swimseg/train_labels/0819.png,train,20150529,122003,20150529_122003,0.6289444444444444,818,278,train,43
0820,swimseg,raw/swimseg/train/0820.png,raw/swimseg/train_labels/0820.png,train,20150529,122003,20150529_122003,0.8057472222222222,819,278,train,43
0821,swimseg,raw/swimseg/train/0821.png,raw/swimseg/train_labels/0821.png,train,20150529,122003,20150529_122003,0.9197861111111111,820,278,train,43
0822,swimseg,raw/swimseg/train/0822.png,raw/swimseg/train_labels/0822.png,train,20150529,122003,20150529_122003,0.8194833333333333,821,278,train,43
0823,swimseg,raw/swimseg/train/0823.png,raw/swimseg/train_labels/0823.png,train,20150529,122003,20150529_122003,0.5636166666666667,822,278,train,43
0824,swimseg,raw/swimseg/train/0824.png,raw/swimseg/train_labels/0824.png,train,20150529,122003,20150529_122003,0.3289916666666667,823,278,train,43
0825,swimseg,raw/swimseg/train/0825.png,raw/swimseg/train_labels/0825.png,train,20150529,122003,20150529_122003,0.07113611111111111,824,278,train,43
0826,swimseg,raw/swimseg/train/0826.png,raw/swimseg/train_labels/0826.png,train,20150529,122003,20150529_122003,0.029005555555555555,825,278,train,43
0827,swimseg,raw/swimseg/train/0827.png,raw/swimseg/train_labels/0827.png,train,20150529,122003,20150529_122003,0.13240555555555555,826,278,train,43
0828,swimseg,raw/swimseg/train/0828.png,raw/swimseg/train_labels/0828.png,train,20150529,122003,20150529_122003,0.2537916666666667,827,278,train,43
0829,swimseg,raw/swimseg/train/0829.png,raw/swimseg/train_labels/0829.png,train,20150529,122003,20150529_122003,0.8426,828,278,train,43
0830,swimseg,raw/swimseg/train/0830.png,raw/swimseg/train_labels/0830.png,train,20150529,122003,20150529_122003,0.3318277777777778,829,278,train,43
0831,swimseg,raw/swimseg/train/0831.png,raw/swimseg/train_labels/0831.png,train,20150529,122003,20150529_122003,0.8232666666666667,830,278,train,43
0832,swimseg,raw/swimseg/train/0832.png,raw/swimseg/train_labels/0832.png,train,20150529,122003,20150529_122003,0.350075,831,278,train,43
0833,swimseg,raw/swimseg/train/0833.png,raw/swimseg/train_labels/0833.png,train,20150529,122003,20150529_122003,0.5073527777777778,832,278,train,43
0834,swimseg,raw/swimseg/train/0834.png,raw/swimseg/train_labels/0834.png,train,20150529,122003,20150529_122003,0.6843111111111111,833,278,train,43
0835,swimseg,raw/swimseg/train/0835.png,raw/swimseg/train_labels/0835.png,train,20150529,122003,20150529_122003,0.8746055555555555,834,278,train,43
0836,swimseg,raw/swimseg/train/0836.png,raw/swimseg/train_labels/0836.png,train,20150529,122003,20150529_122003,0.9130277777777778,835,278,train,43
0837,swimseg,raw/swimseg/train/0837.png,raw/swimseg/train_labels/0837.png,train,20150529,122003,20150529_122003,0.7717111111111111,836,278,train,43
0838,swimseg,raw/swimseg/train/0838.png,raw/swimseg/train_labels/0838.png,train,20150529,122003,20150529_122003,0.5689944444444445,837,278,train,43
0839,swimseg,raw/swimseg/train/0839.png,raw/swimseg/train_labels/0839.png,train,20150529,122003,20150529_122003,0.3587611111111111,838,278,train,43
0840,swimseg,raw/swimseg/train/0840.png,raw/swimseg/train_labels/0840.png,train,20150529,122003,20150529_122003,0.12083888888888888,839,278,train,43
0841,swimseg,raw/swimseg/train/0841.png,raw/swimseg/train_labels/0841.png,train,20150529,122003,20150529_122003,0.0354,840,278,train,43
0842,swimseg,raw/swimseg/train/0842.png,raw/swimseg/train_labels/0842.png,train,20150529,122003,20150529_122003,0.06124444444444444,841,278,train,43
0843,swimseg,raw/swimseg/train/0843.png,raw/swimseg/train_labels/0843.png,train,20150529,122003,20150529_122003,0.9277722222222222,842,278,train,43
0844,swimseg,raw/swimseg/train/0844.png,raw/swimseg/train_labels/0844.png,train,20150529,122003,20150529_122003,0.16092777777777778,843,278,train,43
0845,swimseg,raw/swimseg/train/0845.png,raw/swimseg/train_labels/0845.png,train,20150529,122003,20150529_122003,0.24804166666666666,844,278,train,43
0846,swimseg,raw/swimseg/train/0846.png,raw/swimseg/train_labels/0846.png,train,20150529,122003,20150529_122003,0.8205222222222223,828,278,train,43
0847,swimseg,raw/swimseg/train/0847.png,raw/swimseg/train_labels/0847.png,train,20150529,122003,20150529_122003,0.8829083333333333,846,278,train,43
0848,swimseg,raw/swimseg/train/0848.png,raw/swimseg/train_labels/0848.png,train,20150529,122003,20150529_122003,0.7747277777777778,847,278,train,43
0849,swimseg,raw/swimseg/train/0849.png,raw/swimseg/train_labels/0849.png,train,20150529,122003,20150529_122003,0.593225,848,278,train,43
0850,swimseg,raw/swimseg/train/0850.png,raw/swimseg/train_labels/0850.png,train,20150529,122003,20150529_122003,0.4641222222222222,849,278,train,43
0851,swimseg,raw/swimseg/train/0851.png,raw/swimseg/train_labels/0851.png,train,20150529,122003,20150529_122003,0.4292416666666667,850,278,train,43
0852,swimseg,raw/swimseg/train/0852.png,raw/swimseg/train_labels/0852.png,train,20150529,122003,20150529_122003,0.43041666666666667,851,278,train,43
0853,swimseg,raw/swimseg/train/0853.png,raw/swimseg/train_labels/0853.png,train,20150529,122003,20150529_122003,0.8220277777777778,852,278,train,43
0854,swimseg,raw/swimseg/train/0854.png,raw/swimseg/train_labels/0854.png,train,20150529,122003,20150529_122003,0.5655416666666667,853,278,train,43
0855,swimseg,raw/swimseg/train/0855.png,raw/swimseg/train_labels/0855.png,train,20150529,122003,20150529_122003,0.9237888888888889,854,278,train,43
0856,swimseg,raw/swimseg/train/0856.png,raw/swimseg/train_labels/0856.png,train,20150529,122003,20150529_122003,0.5210527777777778,855,278,train,43
0857,swimseg,raw/swimseg/train/0857.png,raw/swimseg/train_labels/0857.png,train,20150529,122003,20150529_122003,0.5383083333333334,856,278,train,43
0858,swimseg,raw/swimseg/train/0858.png,raw/swimseg/train_labels/0858.png,train,20150529,122003,20150529_122003,0.5153972222222222,857,278,train,43
0859,swimseg,raw/swimseg/train/0859.png,raw/swimseg/train_labels/0859.png,train,20150529,122003,20150529_122003,0.5468888888888889,858,278,train,43
0860,swimseg,raw/swimseg/train/0860.png,raw/swimseg/train_labels/0860.png,train,20150529,122003,20150529_122003,0.554875,859,278,train,43
0861,swimseg,raw/swimseg/train/0861.png,raw/swimseg/train_labels/0861.png,train,20150529,122003,20150529_122003,0.5105722222222222,860,278,train,43
0862,swimseg,raw/swimseg/val/0862.png,raw/swimseg/val_labels/0862.png,val,20150529,122003,20150529_122003,0.4073277777777778,861,278,train,43
0863,swimseg,raw/swimseg/val/0863.png,raw/swimseg/val_labels/0863.png,val,20150529,122003,20150529_122003,0.2730722222222222,862,278,train,43
0864,swimseg,raw/swimseg/val/0864.png,raw/swimseg/val_labels/0864.png,val,20150529,122003,20150529_122003,0.13171944444444444,863,278,train,43
0865,swimseg,raw/swimseg/val/0865.png,raw/swimseg/val_labels/0865.png,val,20150529,122003,20150529_122003,0.05981388888888889,864,278,train,43
0866,swimseg,raw/swimseg/val/0866.png,raw/swimseg/val_labels/0866.png,val,20150529,122003,20150529_122003,0.038858333333333335,865,278,train,43
0867,swimseg,raw/swimseg/val/0867.png,raw/swimseg/val_labels/0867.png,val,20150529,122003,20150529_122003,0.9735361111111112,866,278,train,43
0868,swimseg,raw/swimseg/val/0868.png,raw/swimseg/val_labels/0868.png,val,20150529,122003,20150529_122003,0.09363055555555555,867,278,train,43
0869,swimseg,raw/swimseg/val/0869.png,raw/swimseg/val_labels/0869.png,val,20150529,122003,20150529_122003,0.11093333333333333,868,278,train,43
0870,swimseg,raw/swimseg/val/0870.png,raw/swimseg/val_labels/0870.png,val,20150529,122003,20150529_122003,0.8220277777777778,852,278,train,43
0871,swimseg,raw/swimseg/val/0871.png,raw/swimseg/val_labels/0871.png,val,20150529,122003,20150529_122003,0.9657888888888889,870,278,train,43
0872,swimseg,raw/swimseg/val/0872.png,raw/swimseg/val_labels/0872.png,val,20150529,122003,20150529_122003,0.906725,871,278,train,43
0873,swimseg,raw/swimseg/val/0873.png,raw/swimseg/val_labels/0873.png,val,20150529,122003,20150529_122003,0.7998083333333333,872,278,train,43
0874,swimseg,raw/swimseg/val/0874.png,raw/swimseg/val_labels/0874.png,val,20150529,122003,20150529_122003,0.7556277777777778,873,278,train,43
0875,swimseg,raw/swimseg/val/0875.png,raw/swimseg/val_labels/0875.png,val,20150529,122003,20150529_122003,0.7087833333333333,874,278,train,43
0876,swimseg,raw/swimseg/val/0876.png,raw/swimseg/val_labels/0876.png,val,20150529,122003,20150529_122003,0.6404916666666667,875,278,train,43
0877,swimseg,raw/swimseg/val/0877.png,raw/swimseg/val_labels/0877.png,val,20150529,170801,20150529_170801,0.054955555555555556,876,278,train,43
0878,swimseg,raw/swimseg/val/0878.png,raw/swimseg/val_labels/0878.png,val,20150529,170801,20150529_170801,0.27184166666666665,877,278,train,43
0879,swimseg,raw/swimseg/val/0879.png,raw/swimseg/val_labels/0879.png,val,20150529,170801,20150529_170801,0.46981944444444446,878,278,train,43
0880,swimseg,raw/swimseg/val/0880.png,raw/swimseg/val_labels/0880.png,val,20150529,170801,20150529_170801,0.5231888888888889,879,278,train,43
0881,swimseg,raw/swimseg/val/0881.png,raw/swimseg/val_labels/0881.png,val,20150529,170801,20150529_170801,0.6489416666666666,880,278,train,43
0882,swimseg,raw/swimseg/val/0882.png,raw/swimseg/val_labels/0882.png,val,20150529,170801,20150529_170801,0.7099805555555555,881,278,train,43
0883,swimseg,raw/swimseg/val/0883.png,raw/swimseg/val_labels/0883.png,val,20150529,170801,20150529_170801,0.7196277777777778,882,278,train,43
0884,swimseg,raw/swimseg/val/0884.png,raw/swimseg/val_labels/0884.png,val,20150529,170801,20150529_170801,0.7868777777777778,883,278,train,43
0885,swimseg,raw/swimseg/val/0885.png,raw/swimseg/val_labels/0885.png,val,20150529,170801,20150529_170801,0.8087138888888888,884,278,train,43
0886,swimseg,raw/swimseg/val/0886.png,raw/swimseg/val_labels/0886.png,val,20150529,170801,20150529_170801,0.8392638888888889,885,278,train,43
0887,swimseg,raw/swimseg/val/0887.png,raw/swimseg/val_labels/0887.png,val,20150529,170801,20150529_170801,0.9400833333333334,886,278,train,43
0888,swimseg,raw/swimseg/val/0888.png,raw/swimseg/val_labels/0888.png,val,20150529,170801,20150529_170801,0.02155,887,278,train,43
0889,swimseg,raw/swimseg/val/0889.png,raw/swimseg/val_labels/0889.png,val,20150529,170801,20150529_170801,0.8131666666666667,888,278,train,43
0890,swimseg,raw/swimseg/val/0890.png,raw/swimseg/val_labels/0890.png,val,20150529,170801,20150529_170801,0.7276055555555555,889,278,train,43
0891,swimseg,raw/swimseg/val/0891.png,raw/swimseg/val_labels/0891.png,val,20150529,170801,20150529_170801,0.004069444444444444,408,278,train,43
0892,swimseg,raw/swimseg/val/0892.png,raw/swimseg/val_labels/0892.png,val,20150529,170801,20150529_170801,0.11500833333333334,891,278,train,43
0893,swimseg,raw/swimseg/val/0893.png,raw/swimseg/val_labels/0893.png,val,20150529,170801,20150529_170801,0.2647277777777778,892,278,train,43
0894,swimseg,raw/swimseg/val/0894.png,raw/swimseg/val_labels/0894.png,val,20150529,170801,20150529_170801,0.36199444444444445,893,278,train,43
0895,swimseg,raw/swimseg/val/0895.png,raw/swimseg/val_labels/0895.png,val,20150529,170801,20150529_170801,0.40591666666666665,894,278,train,43
0896,swimseg,raw/swimseg/val/0896.png,raw/swimseg/val_labels/0896.png,val,20150529,170801,20150529_170801,0.4543277777777778,895,278,train,43
0897,swimseg,raw/swimseg/val/0897.png,raw/swimseg/val_labels/0897.png,val,20150529,170801,20150529_170801,0.5064166666666666,896,278,train,43
0898,swimseg,raw/swimseg/val/0898.png,raw/swimseg/val_labels/0898.png,val,20150529,170801,20150529_170801,0.602975,897,278,train,43
0899,swimseg,raw/swimseg/val/0899.png,raw/swimseg/val_labels/0899.png,val,20150529,170801,20150529_170801,0.6847388888888889,898,278,train,43
0900,swimseg,raw/swimseg/val/0900.png,raw/swimseg/val_labels/0900.png,val,20150529,170801,20150529_170801,0.7632333333333333,899,278,train,43
0901,swimseg,raw/swimseg/val/0901.png,raw/swimseg/val_labels/0901.png,val,20150529,170801,20150529_170801,0.7823083333333334,900,278,train,43
0902,swimseg,raw/swimseg/val/0902.png,raw/swimseg/val_labels/0902.png,val,20150529,170801,20150529_170801,0.8746555555555555,901,278,train,43
0903,swimseg,raw/swimseg/val/0903.png,raw/swimseg/val_labels/0903.png,val,20150529,170801,20150529_170801,0.8747388888888888,902,278,train,43
0904,swimseg,raw/swimseg/val/0904.png,raw/swimseg/val_labels/0904.png,val,20150529,170801,20150529_170801,0.20659166666666667,903,278,train,43
0905,swimseg,raw/swimseg/val/0905.png,raw/swimseg/val_labels/0905.png,val,20150529,170801,20150529_170801,0.37144166666666667,904,278,train,43
0906,swimseg,raw/swimseg/val/0906.png,raw/swimseg/val_labels/0906.png,val,20150529,170801,20150529_170801,0.5424277777777777,905,278,train,43
0907,swimseg,raw/swimseg/val/0907.png,raw/swimseg/val_labels/0907.png,val,20150529,170801,20150529_170801,0.542775,906,278,train,43
0908,swimseg,raw/swimseg/val/0908.png,raw/swimseg/val_labels/0908.png,val,20150529,170801,20150529_170801,0.6668861111111111,907,278,train,43
0909,swimseg,raw/swimseg/val/0909.png,raw/swimseg/val_labels/0909.png,val,20150529,170801,20150529_170801,0.72165,908,278,train,43
0910,swimseg,raw/swimseg/val/0910.png,raw/swimseg/val_labels/0910.png,val,20150529,170801,20150529_170801,0.7561861111111111,909,278,train,43
0911,swimseg,raw/swimseg/val/0911.png,raw/swimseg/val_labels/0911.png,val,20150529,170801,20150529_170801,0.16154166666666667,910,278,train,43
0912,swimseg,raw/swimseg/val/0912.png,raw/swimseg/val_labels/0912.png,val,20150630,183602,20150630_183602,0.19398055555555554,922,479,val,43
0918,swimseg,raw/swimseg/val/0918.png,raw/swimseg/val_labels/0918.png,val,20150630,183602,20150630_183602,0.6531722222222223,912,479,val,43
0919,swimseg,raw/swimseg/val/0919.png,raw/swimseg/val_labels/0919.png,val,20150630,183602,20150630_183602,0.7160138888888888,913,479,val,43
0920,swimseg,raw/swimseg/val/0920.png,raw/swimseg/val_labels/0920.png,val,20150630,183602,20150630_183602,0.80655,914,479,val,43
0921,swimseg,raw/swimseg/val/0921.png,raw/swimseg/val_labels/0921.png,val,20150630,183602,20150630_183602,0.8312555555555555,915,479,val,43
0922,swimseg,raw/swimseg/val/0922.png,raw/swimseg/val_labels/0922.png,val,20150630,183602,20150630_183602,0.8450083333333334,916,479,val,43
0923,swimseg,raw/swimseg/val/0923.png,raw/swimseg/val_labels/0923.png,val,20150630,183602,20150630_183602,0.7251305555555555,917,479,val,43
0924,swimseg,raw/swimseg/val/0924.png,raw/swimseg/val_labels/0924.png,val,20150630,183602,20150630_183602,0.644125,918,479,val,43
0925,swimseg,raw/swimseg/val/0925.png,raw/swimseg/val_labels/0925.png,val,20150630,183602,20150630_183602,0.46649722222222223,919,479,val,43
0926,swimseg,raw/swimseg/val/0926.png,raw/swimseg/val_labels/0926.png,val,20150630,183602,20150630_183602,0.43864166666666665,920,479,val,43
0927,swimseg,raw/swimseg/val/0927.png,raw/swimseg/val_labels/0927.png,val,20150630,183602,20150630_183602,0.3045583333333333,484,479,val,43
0930,swimseg,raw/swimseg/val/0930.png,raw/swimseg/val_labels/0930.png,val,20150630,183602,20150630_183602,0.22593611111111112,922,479,val,43
0931,swimseg,raw/swimseg/val/0931.png,raw/swimseg/val_labels/0931.png,val,20150630,183602,20150630_183602,0.23730555555555555,922,479,val,43
0932,swimseg,raw/swimseg/val/0932.png,raw/swimseg/val_labels/0932.png,val,20150630,183602,20150630_183602,0.20248888888888888,922,479,val,43
0933,swimseg,raw/swimseg/val/0933.png,raw/swimseg/val_labels/0933.png,val,20150630,183602,20150630_183602,0.2114388888888889,922,479,val,43
0934,swimseg,raw/swimseg/val/0934.png,raw/swimseg/val_labels/0934.png,val,20150630,183602,20150630_183602,0.4541527777777778,926,479,val,43
0935,swimseg,raw/swimseg/val/0935.png,raw/swimseg/val_labels/0935.png,val,20150630,183602,20150630_183602,0.5244527777777778,939,479,val,43
0936,swimseg,raw/swimseg/val/0936.png,raw/swimseg/val_labels/0936.png,val,20150630,183602,20150630_183602,0.4648083333333333,928,479,val,43
0937,swimseg,raw/swimseg/val/0937.png,raw/swimseg/val_labels/0937.png,val,20150630,183602,20150630_183602,0.4745,939,479,val,43
0940,swimseg,raw/swimseg/val/0940.png,raw/swimseg/val_labels/0940.png,val,20150630,183602,20150630_183602,0.7775138888888888,930,479,val,43
0941,swimseg,raw/swimseg/val/0941.png,raw/swimseg/val_labels/0941.png,val,20150630,183602,20150630_183602,0.8376444444444444,930,479,val,43
0942,swimseg,raw/swimseg/val/0942.png,raw/swimseg/val_labels/0942.png,val,20150630,183602,20150630_183602,0.8757444444444444,932,479,val,43
0944,swimseg,raw/swimseg/val/0944.png,raw/swimseg/val_labels/0944.png,val,20150630,183602,20150630_183602,0.4172777777777778,933,479,val,43
0945,swimseg,raw/swimseg/val/0945.png,raw/swimseg/val_labels/0945.png,val,20150630,183602,20150630_183602,0.6553666666666667,934,479,val,43
0946,swimseg,raw/swimseg/val/0946.png,raw/swimseg/val_labels/0946.png,val,20150630,183602,20150630_183602,0.4119888888888889,935,479,val,43
0947,swimseg,raw/swimseg/val/0947.png,raw/swimseg/val_labels/0947.png,val,20150630,183602,20150630_183602,0.4787111111111111,926,479,val,43
0950,swimseg,raw/swimseg/val/0950.png,raw/swimseg/val_labels/0950.png,val,20150630,183602,20150630_183602,0.4190583333333333,937,479,val,43
0951,swimseg,raw/swimseg/val/0951.png,raw/swimseg/val_labels/0951.png,val,20150630,183602,20150630_183602,0.6151638888888888,938,479,val,43
0952,swimseg,raw/swimseg/val/0952.png,raw/swimseg/val_labels/0952.png,val,20150630,183602,20150630_183602,0.48240833333333333,939,479,val,43
0953,swimseg,raw/swimseg/val/0953.png,raw/swimseg/val_labels/0953.png,val,20150630,183602,20150630_183602,0.45923055555555553,939,479,val,43
0954,swimseg,raw/swimseg/val/0954.png,raw/swimseg/val_labels/0954.png,val,20150630,183602,20150630_183602,0.6128944444444444,941,479,val,43
0955,swimseg,raw/swimseg/val/0955.png,raw/swimseg/val_labels/0955.png,val,20150630,183602,20150630_183602,0.8447916666666667,942,479,val,43
0956,swimseg,raw/swimseg/val/0956.png,raw/swimseg/val_labels/0956.png,val,20150630,183602,20150630_183602,0.6809444444444445,943,479,val,43
0968,swimseg,raw/swimseg/val/0968.png,raw/swimseg/val_labels/0968.png,val,20150630,183602,20150630_183602,0.6566972222222223,941,479,val,43
0969,swimseg,raw/swimseg/val/0969.png,raw/swimseg/val_labels/0969.png,val,20150630,183602,20150630_183602,0.6003722222222222,945,479,val,43
0978,swimseg,raw/swimseg/val/0978.png,raw/swimseg/val_labels/0978.png,val,20150709,122002,20150709_122002,0.817175,1002,946,train,43
0979,swimseg,raw/swimseg/val/0979.png,raw/swimseg/val_labels/0979.png,val,20150709,122002,20150709_122002,0.8963138888888889,1002,946,train,43
0982,swimseg,raw/swimseg/val/0982.png,raw/swimseg/val_labels/0982.png,val,20150709,122002,20150709_122002,0.8012388888888888,948,946,train,43
0983,swimseg,raw/swimseg/val/0983.png,raw/swimseg/val_labels/0983.png,val,20150709,122002,20150709_122002,0.7248583333333334,949,946,train,43
0984,swimseg,raw/swimseg/val/0984.png,raw/swimseg/val_labels/0984.png,val,20150709,122002,20150709_122002,0.72245,950,946,train,43
0985,swimseg,raw/swimseg/val/0985.png,raw/swimseg/val_labels/0985.png,val,20150709,122002,20150709_122002,0.8347444444444444,951,946,train,43
0986,swimseg,raw/swimseg/val/0986.png,raw/swimseg/val_labels/0986.png,val,20150709,122002,20150709_122002,0.6197611111111111,952,946,train,43
0987,swimseg,raw/swimseg/val/0987.png,raw/swimseg/val_labels/0987.png,val,20150709,122002,20150709_122002,0.5333444444444444,953,946,train,43
0990,swimseg,raw/swimseg/val/0990.png,raw/swimseg/val_labels/0990.png,val,20150709,122002,20150709_122002,0.7724472222222222,954,946,train,43
0991,swimseg,raw/swimseg/val/0991.png,raw/swimseg/val_labels/0991.png,val,20150709,122002,20150709_122002,0.7910833333333334,1002,946,train,43
0992,swimseg,raw/swimseg/val/0992.png,raw/swimseg/val_labels/0992.png,val,20150709,122002,20150709_122002,0.8794,1002,946,train,43
0993,swimseg,raw/swimseg/val/0993.png,raw/swimseg/val_labels/0993.png,val,20150709,122002,20150709_122002,0.8471444444444445,1002,946,train,43
0996,swimseg,raw/swimseg/val/0996.png,raw/swimseg/val_labels/0996.png,val,20150709,122002,20150709_122002,0.7649194444444445,958,946,train,43
0997,swimseg,raw/swimseg/val/0997.png,raw/swimseg/val_labels/0997.png,val,20150709,122002,20150709_122002,0.7063083333333333,959,946,train,43
1008,swimseg,raw/swimseg/val/1008.png,raw/swimseg/val_labels/1008.png,val,20150709,122002,20150709_122002,0.8675694444444444,960,946,train,43
1009,swimseg,raw/swimseg/val/1009.png,raw/swimseg/val_labels/1009.png,val,20150709,122002,20150709_122002,0.7750694444444445,961,946,train,43
0913,swimseg,raw/swimseg/test/0913.png,raw/swimseg/test_labels/0913.png,test,20150630,183602,20150630_183602,0.5556194444444444,962,479,val,43
0914,swimseg,raw/swimseg/test/0914.png,raw/swimseg/test_labels/0914.png,test,20150630,183602,20150630_183602,0.23132222222222223,922,479,val,43
0915,swimseg,raw/swimseg/test/0915.png,raw/swimseg/test_labels/0915.png,test,20150630,183602,20150630_183602,0.2945888888888889,922,479,val,43
0916,swimseg,raw/swimseg/test/0916.png,raw/swimseg/test_labels/0916.png,test,20150630,183602,20150630_183602,0.3426138888888889,922,479,val,43
0917,swimseg,raw/swimseg/test/0917.png,raw/swimseg/test_labels/0917.png,test,20150630,183602,20150630_183602,0.43169444444444444,922,479,val,43
0928,swimseg,raw/swimseg/test/0928.png,raw/swimseg/test_labels/0928.png,test,20150630,183602,20150630_183602,0.2876111111111111,967,479,val,43
0929,swimseg,raw/swimseg/test/0929.png,raw/swimseg/test_labels/0929.png,test,20150630,183602,20150630_183602,0.2318138888888889,968,479,val,43
0938,swimseg,raw/swimseg/test/0938.png,raw/swimseg/test_labels/0938.png,test,20150630,183602,20150630_183602,0.6084583333333333,939,479,val,43
0939,swimseg,raw/swimseg/test/0939.png,raw/swimseg/test_labels/0939.png,test,20150630,183602,20150630_183602,0.7160444444444445,930,479,val,43
0943,swimseg,raw/swimseg/test/0943.png,raw/swimseg/test_labels/0943.png,test,20150630,183602,20150630_183602,0.8389777777777778,971,479,val,43
0948,swimseg,raw/swimseg/test/0948.png,raw/swimseg/test_labels/0948.png,test,20150630,183602,20150630_183602,0.3713861111111111,972,479,val,43
0949,swimseg,raw/swimseg/test/0949.png,raw/swimseg/test_labels/0949.png,test,20150630,183602,20150630_183602,0.3587916666666667,973,479,val,43
0957,swimseg,raw/swimseg/test/0957.png,raw/swimseg/test_labels/0957.png,test,20150630,183602,20150630_183602,0.8499388888888889,942,479,val,43
0958,swimseg,raw/swimseg/test/0958.png,raw/swimseg/test_labels/0958.png,test,20150630,183602,20150630_183602,0.8688527777777778,942,479,val,43
0959,swimseg,raw/swimseg/test/0959.png,raw/swimseg/test_labels/0959.png,test,20150630,183602,20150630_183602,0.8695111111111111,942,479,val,43
0960,swimseg,raw/swimseg/test/0960.png,raw/swimseg/test_labels/0960.png,test,20150630,183602,20150630_183602,0.9011611111111111,942,479,val,43
0961,swimseg,raw/swimseg/test/0961.png,raw/swimseg/test_labels/0961.png,test,20150630,183602,20150630_183602,0.9517222222222222,942,479,val,43
0962,swimseg,raw/swimseg/test/0962.png,raw/swimseg/test_labels/0962.png,test,20150630,183602,20150630_183602,0.9508361111111111,942,479,val,43
0963,swimseg,raw/swimseg/test/0963.png,raw/swimseg/test_labels/0963.png,test,20150630,183602,20150630_183602,0.9809222222222223,942,479,val,43
0964,swimseg,raw/swimseg/test/0964.png,raw/swimseg/test_labels/0964.png,test,20150630,183602,20150630_183602,0.9502555555555555,981,479,val,43
0965,swimseg,raw/swimseg/test/0965.png,raw/swimseg/test_labels/0965.png,test,20150630,183602,20150630_183602,0.5817527777777778,982,479,val,43
0966,swimseg,raw/swimseg/test/0966.png,raw/swimseg/test_labels/0966.png,test,20150630,183602,20150630_183602,0.8536166666666667,983,479,val,43
0967,swimseg,raw/swimseg/test/0967.png,raw/swimseg/test_labels/0967.png,test,20150630,183602,20150630_183602,0.7198833333333333,984,479,val,43
0970,swimseg,raw/swimseg/test/0970.png,raw/swimseg/test_labels/0970.png,test,20150630,183602,20150630_183602,0.659875,985,479,val,43
0971,swimseg,raw/swimseg/test/0971.png,raw/swimseg/test_labels/0971.png,test,20150630,183602,20150630_183602,0.7323583333333333,986,479,val,43
0972,swimseg,raw/swimseg/test/0972.png,raw/swimseg/test_labels/0972.png,test,20150630,183602,20150630_183602,0.8126583333333334,987,479,val,43
0973,swimseg,raw/swimseg/test/0973.png,raw/swimseg/test_labels/0973.png,test,20150630,183602,20150630_183602,0.8760527777777778,988,479,val,43
0974,swimseg,raw/swimseg/test/0974.png,raw/swimseg/test_labels/0974.png,test,20150630,183602,20150630_183602,0.9014611111111112,942,479,val,43
0975,swimseg,raw/swimseg/test/0975.png,raw/swimseg/test_labels/0975.png,test,20150709,122002,20150709_122002,0.67215,990,946,train,43
0976,swimseg,raw/swimseg/test/0976.png,raw/swimseg/test_labels/0976.png,test,20150709,122002,20150709_122002,0.6734527777777778,991,946,train,43
0977,swimseg,raw/swimseg/test/0977.png,raw/swimseg/test_labels/0977.png,test,20150709,122002,20150709_122002,0.7515111111111111,992,946,train,43
0980,swimseg,raw/swimseg/test/0980.png,raw/swimseg/test_labels/0980.png,test,20150709,122002,20150709_122002,0.8863444444444445,1002,946,train,43
0981,swimseg,raw/swimseg/test/0981.png,raw/swimseg/test_labels/0981.png,test,20150709,122002,20150709_122002,0.8313833333333334,1002,946,train,43
0988,swimseg,raw/swimseg/test/0988.png,raw/swimseg/test_labels/0988.png,test,20150709,122002,20150709_122002,0.6690333333333334,995,946,train,43
0989,swimseg,raw/swimseg/test/0989.png,raw/swimseg/test_labels/0989.png,test,20150709,122002,20150709_122002,0.7359416666666667,996,946,train,43
0994,swimseg,raw/swimseg/test/0994.png,raw/swimseg/test_labels/0994.png,test,20150709,122002,20150709_122002,0.7724861111111111,1002,946,train,43
0995,swimseg,raw/swimseg/test/0995.png,raw/swimseg/test_labels/0995.png,test,20150709,122002,20150709_122002,0.7016888888888889,998,946,train,43
0998,swimseg,raw/swimseg/test/0998.png,raw/swimseg/test_labels/0998.png,test,20150709,122002,20150709_122002,0.6751,999,946,train,43
0999,swimseg,raw/swimseg/test/0999.png,raw/swimseg/test_labels/0999.png,test,20150709,122002,20150709_122002,0.5064,1000,946,train,43
1000,swimseg,raw/swimseg/test/1000.png,raw/swimseg/test_labels/1000.png,test,20150709,122002,20150709_122002,0.4353888888888889,1001,946,train,43
1001,swimseg,raw/swimseg/test/1001.png,raw/swimseg/test_labels/1001.png,test,20150709,122002,20150709_122002,0.8372111111111111,1002,946,train,43
1002,swimseg,raw/swimseg/test/1002.png,raw/swimseg/test_labels/1002.png,test,20150709,122002,20150709_122002,0.8155444444444444,1002,946,train,43
1003,swimseg,raw/swimseg/test/1003.png,raw/swimseg/test_labels/1003.png,test,20150709,122002,20150709_122002,0.8563944444444445,1002,946,train,43
1004,swimseg,raw/swimseg/test/1004.png,raw/swimseg/test_labels/1004.png,test,20150709,122002,20150709_122002,0.8703694444444444,1002,946,train,43
1005,swimseg,raw/swimseg/test/1005.png,raw/swimseg/test_labels/1005.png,test,20150709,122002,20150709_122002,0.8939611111111111,1002,946,train,43
1006,swimseg,raw/swimseg/test/1006.png,raw/swimseg/test_labels/1006.png,test,20150709,122002,20150709_122002,0.8928777777777778,1002,946,train,43
1007,swimseg,raw/swimseg/test/1007.png,raw/swimseg/test_labels/1007.png,test,20150709,122002,20150709_122002,0.859575,1008,946,train,43
1010,swimseg,raw/swimseg/test/1010.png,raw/swimseg/test_labels/1010.png,test,20150709,122002,20150709_122002,0.6188055555555556,1009,946,train,43
1011,swimseg,raw/swimseg/test/1011.png,raw/swimseg/test_labels/1011.png,test,20150709,122002,20150709_122002,0.4958972222222222,1010,946,train,43
1012,swimseg,raw/swimseg/test/1012.png,raw/swimseg/test_labels/1012.png,test,20150709,122002,20150709_122002,0.3742861111111111,1011,946,train,43
1013,swimseg,raw/swimseg/test/1013.png,raw/swimseg/test_labels/1013.png,test,20150709,122002,20150709_122002,0.3671083333333333,1012,946,train,43
