dataset,path,label,dup_group,split,label_conflict
swimcat_ext,swimcat_ext/Swimcat-extend/A-Clear Sky/A_img1.png,clear_sky,0,train,False
swimcat_ext,swimcat_ext/Swimcat-extend/A-Clear Sky/A_img10.png,clear_sky,1,val,False
swimcat_ext,swimcat_ext/Swimcat-extend/A-Clear Sky/A_img100.png,clear_sky,2,train,False
swimcat_ext,swimcat_ext/Swimcat-extend/A-Clear Sky/A_img101.png,clear_sky,303,val,False
swimcat_ext,swimcat_ext/Swimcat-extend/A-Clear Sky/A_img102.png,clear_sky,4,train,False
swimcat_ext,swimcat_ext/Swimcat-extend/A-Clear Sky/A_img103.png,clear_sky,5,train,False
swimcat_ext,swimcat_ext/Swimcat-extend/A-Clear Sky/A_img104.png,clear_sky,6,train,False
swimcat_ext,swimcat_ext/Swimcat-extend/A-Clear Sky/A_img105.png,clear_sky,6,train,False
swimcat_ext,swimcat_ext/Swimcat-extend/A-Clear Sky/A_img106.png,clear_sky,8,test,False
swimcat_ext,swimcat_ext/Swimcat-extend/A-Clear Sky/A_img107.png,clear_sky,9,train,False
swimcat_ext,swimcat_ext/Swimcat-extend/A-Clear Sky/A_img108.png,clear_sky,10,train,False
swimcat_ext,swimcat_ext/Swimcat-extend/A-Clear Sky/A_img109.png,clear_sky,10,train,False
swimcat_ext,swimcat_ext/Swimcat-extend/A-Clear Sky/A_img11.png,clear_sky,12,train,False
swimcat_ext,swimcat_ext/Swimcat-extend/A-Clear Sky/A_img110.png,clear_sky,13,train,False
swimcat_ext,swimcat_ext/Swimcat-extend/A-Clear Sky/A_img111.png,clear_sky,14,val,False
swimcat_ext,swimcat_ext/Swimcat-extend/A-Clear Sky/A_img112.png,clear_sky,15,train,False
swimcat_ext,swimcat_ext/Swimcat-extend/A-Clear Sky/A_img113.png,clear_sky,16,train,False
swimcat_ext,swimcat_ext/Swimcat-extend/A-Clear Sky/A_img114.png,clear_sky,14,val,False
swimcat_ext,swimcat_ext/Swimcat-extend/A-Clear Sky/A_img115.png,clear_sky,18,test,False
swimcat_ext,swimcat_ext/Swimcat-extend/A-Clear Sky/A_img116.png,clear_sky,19,val,False
swimcat_ext,swimcat_ext/Swimcat-extend/A-Clear Sky/A_img117.png,clear_sky,20,test,False
swimcat_ext,swimcat_ext/Swimcat-extend/A-Clear Sky/A_img118.png,clear_sky,21,val,False
swimcat_ext,swimcat_ext/Swimcat-extend/A-Clear Sky/A_img119.png,clear_sky,21,val,False
swimcat_ext,swimcat_ext/Swimcat-extend/A-Clear Sky/A_img12.png,clear_sky,23,train,False
swimcat_ext,swimcat_ext/Swimcat-extend/A-Clear Sky/A_img120.png,clear_sky,21,val,False
swimcat_ext,swimcat_ext/Swimcat-extend/A-Clear Sky/A_img121.png,clear_sky,25,test,False
swimcat_ext,swimcat_ext/Swimcat-extend/A-Clear Sky/A_img122.png,clear_sky,25,test,False
swimcat_ext,swimcat_ext/Swimcat-extend/A-Clear Sky/A_img123.png,clear_sky,27,train,False
swimcat_ext,swimcat_ext/Swimcat-extend/A-Clear Sky/A_img124.png,clear_sky,16,train,False
swimcat_ext,swimcat_ext/Swimcat-extend/A-Clear Sky/A_img125.png,clear_sky,27,train,False
swimcat_ext,swimcat_ext/Swimcat-extend/A-Clear Sky/A_img126.png,clear_sky,30,train,False
swimcat_ext,swimcat_ext/Swimcat-extend/A-Clear Sky/A_img127.png,clear_sky,30,train,False
swimcat_ext,swimcat_ext/Swimcat-extend/A-Clear Sky/A_img128.png,clear_sky,25,test,False
swimcat_ext,swimcat_ext/Swimcat-extend/A-Clear Sky/A_img129.png,clear_sky,33,test,False
swimcat_ext,swimcat_ext/Swimcat-extend/A-Clear Sky/A_img13.png,clear_sky,44,train,False
swimcat_ext,swimcat_ext/Swimcat-extend/A-Clear Sky/A_img130.png,clear_sky,33,test,False
swimcat_ext,swimcat_ext/Swimcat-extend/A-Clear Sky/A_img131.png,clear_sky,33,test,False
swimcat_ext,swimcat_ext/Swimcat-extend/A-Clear Sky/A_img132.png,clear_sky,37,val,False
swimcat_ext,swimcat_ext/Swimcat-extend/A-Clear Sky/A_img133.png,clear_sky,37,val,False
swimcat_ext,swimcat_ext/Swimcat-extend/A-Clear Sky/A_img134.png,clear_sky,15,train,False
swimcat_ext,swimcat_ext/Swimcat-extend/A-Clear Sky/A_img135.png,clear_sky,16,train,False
swimcat_ext,swimcat_ext/Swimcat-extend/A-Clear Sky/A_img136.png,clear_sky,41,train,False
swimcat_ext,swimcat_ext/Swimcat-extend/A-Clear Sky/A_img137.png,clear_sky,42,train,False
swimcat_ext,swimcat_ext/Swimcat-extend/A-Clear Sky/A_img138.png,clear_sky,42,train,False
swimcat_ext,swimcat_ext/Swimcat-extend/A-Clear Sky/A_img139.png,clear_sky,44,train,False
swimcat_ext,swimcat_ext/Swimcat-extend/A-Clear Sky/A_img14.png,clear_sky,23,train,False
swimcat_ext,swimcat_ext/Swimcat-extend/A-Clear Sky/A_img140.png,clear_sky,46,train,False
swimcat_ext,swimcat_ext/Swimcat-extend/A-Clear Sky/A_img141.png,clear_sky,46,train,False
swimcat_ext,swimcat_ext/Swimcat-extend/A-Clear Sky/A_img142.png,clear_sky,46,train,False
swimcat_ext,swimcat_ext/Swimcat-extend/A-Clear Sky/A_img143.png,clear_sky,27,train,False
swimcat_ext,swimcat_ext/Swimcat-extend/A-Clear Sky/A_img144.png,clear_sky,27,train,False
swimcat_ext,swimcat_ext/Swimcat-extend/A-Clear Sky/A_img145.png,clear_sky,51,train,False
swimcat_ext,swimcat_ext/Swimcat-extend/A-Clear Sky/A_img146.png,clear_sky,52,train,False
swimcat_ext,swimcat_ext/Swimcat-extend/A-Clear Sky/A_img147.png,clear_sky,53,test,False
swimcat_ext,swimcat_ext/Swimcat-extend/A-Clear Sky/A_img148.png,clear_sky,53,test,False
swimcat_ext,swimcat_ext/Swimcat-extend/A-Clear Sky/A_img149.png,clear_sky,55,test,False
swimcat_ext,swimcat_ext/Swimcat-extend/A-Clear Sky/A_img15.png,clear_sky,23,train,False
swimcat_ext,swimcat_ext/Swimcat-extend/A-Clear Sky/A_img150.png,clear_sky,57,train,False
swimcat_ext,swimcat_ext/Swimcat-extend/A-Clear Sky/A_img151.png,clear_sky,57,train,False
swimcat_ext,swimcat_ext/Swimcat-extend/A-Clear Sky/A_img152.png,clear_sky,59,train,False
swimcat_ext,swimcat_ext/Swimcat-extend/A-Clear Sky/A_img153.png,clear_sky,59,train,False
swimcat_ext,swimcat_ext/Swimcat-extend/A-Clear Sky/A_img154.png,clear_sky,61,test,False
swimcat_ext,swimcat_ext/Swimcat-extend/A-Clear Sky/A_img155.png,clear_sky,61,test,False
swimcat_ext,swimcat_ext/Swimcat-extend/A-Clear Sky/A_img156.png,clear_sky,63,test,False
swimcat_ext,swimcat_ext/Swimcat-extend/A-Clear Sky/A_img157.png,clear_sky,52,train,False
swimcat_ext,swimcat_ext/Swimcat-extend/A-Clear Sky/A_img158.png,clear_sky,65,test,False
swimcat_ext,swimcat_ext/Swimcat-extend/A-Clear Sky/A_img159.png,clear_sky,220,train,False
swimcat_ext,swimcat_ext/Swimcat-extend/A-Clear Sky/A_img16.png,clear_sky,67,train,False
swimcat_ext,swimcat_ext/Swimcat-extend/A-Clear Sky/A_img160.png,clear_sky,220,train,False
swimcat_ext,swimcat_ext/Swimcat-extend/A-Clear Sky/A_img161.png,clear_sky,69,train,False
swimcat_ext,swimcat_ext/Swimcat-extend/A-Clear Sky/A_img162.png,clear_sky,70,val,False
swimcat_ext,swimcat_ext/Swimcat-extend/A-Clear Sky/A_img163.png,clear_sky,71,val,False
swimcat_ext,swimcat_ext/Swimcat-extend/A-Clear Sky/A_img164.png,clear_sky,72,test,False
swimcat_ext,swimcat_ext/Swimcat-extend/A-Clear Sky/A_img165.png,clear_sky,73,val,False
swimcat_ext,swimcat_ext/Swimcat-extend/A-Clear Sky/A_img166.png,clear_sky,73,val,False
swimcat_ext,swimcat_ext/Swimcat-extend/A-Clear Sky/A_img167.png,clear_sky,75,val,False
swimcat_ext,swimcat_ext/Swimcat-extend/A-Clear Sky/A_img168.png,clear_sky,76,test,False
swimcat_ext,swimcat_ext/Swimcat-extend/A-Clear Sky/A_img169.png,clear_sky,75,val,False
swimcat_ext,swimcat_ext/Swimcat-extend/A-Clear Sky/A_img17.png,clear_sky,67,train,False
swimcat_ext,swimcat_ext/Swimcat-extend/A-Clear Sky/A_img170.png,clear_sky,79,train,False
swimcat_ext,swimcat_ext/Swimcat-extend/A-Clear Sky/A_img171.png,clear_sky,73,val,False
swimcat_ext,swimcat_ext/Swimcat-extend/A-Clear Sky/A_img172.png,clear_sky,81,train,False
swimcat_ext,swimcat_ext/Swimcat-extend/A-Clear Sky/A_img173.png,clear_sky,82,test,False
swimcat_ext,swimcat_ext/Swimcat-extend/A-Clear Sky/A_img174.png,clear_sky,83,train,False
swimcat_ext,swimcat_ext/Swimcat-extend/A-Clear Sky/A_img175.png,clear_sky,84,test,False
swimcat_ext,swimcat_ext/Swimcat-extend/A-Clear Sky/A_img176.png,clear_sky,84,test,False
swimcat_ext,swimcat_ext/Swimcat-extend/A-Clear Sky/A_img177.png,clear_sky,37,val,False
swimcat_ext,swimcat_ext/Swimcat-extend/A-Clear Sky/A_img178.png,clear_sky,37,val,False
swimcat_ext,swimcat_ext/Swimcat-extend/A-Clear Sky/A_img179.png,clear_sky,88,train,False
swimcat_ext,swimcat_ext/Swimcat-extend/A-Clear Sky/A_img18.png,clear_sky,67,train,False
swimcat_ext,swimcat_ext/Swimcat-extend/A-Clear Sky/A_img180.png,clear_sky,90,train,False
swimcat_ext,swimcat_ext/Swimcat-extend/A-Clear Sky/A_img181.png,clear_sky,90,train,False
swimcat_ext,swimcat_ext/Swimcat-extend/A-Clear Sky/A_img182.png,clear_sky,92,train,False
swimcat_ext,swimcat_ext/Swimcat-extend/A-Clear Sky/A_img183.png,clear_sky,92,train,False
swimcat_ext,swimcat_ext/Swimcat-extend/A-Clear Sky/A_img184.png,clear_sky,94,val,False
swimcat_ext,swimcat_ext/Swimcat-extend/A-Clear Sky/A_img185.png,clear_sky,95,train,False
swimcat_ext,swimcat_ext/Swimcat-extend/A-Clear Sky/A_img186.png,clear_sky,96,train,False
swimcat_ext,swimcat_ext/Swimcat-extend/A-Clear Sky/A_img187.png,clear_sky,96,train,False
swimcat_ext,swimcat_ext/Swimcat-extend/A-Clear Sky/A_img188.png,clear_sky,96,train,False
swimcat_ext,swimcat_ext/Swimcat-extend/A-Clear Sky/A_img189.png,clear_sky,99,train,False
swimcat_ext,swimcat_ext/Swimcat-extend/A-Clear Sky/A_img19.png,clear_sky,100,val,False
swimcat_ext,swimcat_ext/Swimcat-extend/A-Clear Sky/A_img190.png,clear_sky,101,test,False
swimcat_ext,swimcat_ext/Swimcat-extend/A-Clear Sky/A_img191.png,clear_sky,102,train,False
swimcat_ext,swimcat_ext/Swimcat-extend/A-Clear Sky/A_img192.png,clear_sky,102,train,False
swimcat_ext,swimcat_ext/Swimcat-extend/A-Clear Sky/A_img193.png,clear_sky,104,val,False
swimcat_ext,swimcat_ext/Swimcat-extend/A-Clear Sky/A_img194.png,clear_sky,84,test,False
swimcat_ext,swimcat_ext/Swimcat-extend/A-Clear Sky/A_img195.png,clear_sky,37,val,False
swimcat_ext,swimcat_ext/Swimcat-extend/A-Clear Sky/A_img196.png,clear_sky,107,val,False
swimcat_ext,swimcat_ext/Swimcat-extend/A-Clear Sky/A_img197.png,clear_sky,108,train,False
swimcat_ext,swimcat_ext/Swimcat-extend/A-Clear Sky/A_img198.png,clear_sky,108,train,False
swimcat_ext,swimcat_ext/Swimcat-extend/A-Clear Sky/A_img199.png,clear_sky,110,train,False
swimcat_ext,swimcat_ext/Swimcat-extend/A-Clear Sky/A_img2.png,clear_sky,111,test,False
swimcat_ext,swimcat_ext/Swimcat-extend/A-Clear Sky/A_img20.png,clear_sky,100,val,False
swimcat_ext,swimcat_ext/Swimcat-extend/A-Clear Sky/A_img200.png,clear_sky,113,train,False
swimcat_ext,swimcat_ext/Swimcat-extend/A-Clear Sky/A_img201.png,clear_sky,114,train,False
swimcat_ext,swimcat_ext/Swimcat-extend/A-Clear Sky/A_img202.png,clear_sky,115,train,False
swimcat_ext,swimcat_ext/Swimcat-extend/A-Clear Sky/A_img203.png,clear_sky,116,train,False
swimcat_ext,swimcat_ext/Swimcat-extend/A-Clear Sky/A_img204.png,clear_sky,117,val,False
swimcat_ext,swimcat_ext/Swimcat-extend/A-Clear Sky/A_img205.png,clear_sky,117,val,False
swimcat_ext,swimcat_ext/Swimcat-extend/A-Clear Sky/A_img206.png,clear_sky,116,train,False
swimcat_ext,swimcat_ext/Swimcat-extend/A-Clear Sky/A_img207.png,clear_sky,44,train,False
swimcat_ext,swimcat_ext/Swimcat-extend/A-Clear Sky/A_img208.png,clear_sky,44,train,False
swimcat_ext,swimcat_ext/Swimcat-extend/A-Clear Sky/A_img209.png,clear_sky,44,train,False
swimcat_ext,swimcat_ext/Swimcat-extend/A-Clear Sky/A_img21.png,clear_sky,123,train,False
swimcat_ext,swimcat_ext/Swimcat-extend/A-Clear Sky/A_img210.png,clear_sky,44,train,False
swimcat_ext,swimcat_ext/Swimcat-extend/A-Clear Sky/A_img211.png,clear_sky,125,train,False
swimcat_ext,swimcat_ext/Swimcat-extend/A-Clear Sky/A_img212.png,clear_sky,126,train,False
swimcat_ext,swimcat_ext/Swimcat-extend/A-Clear Sky/A_img213.png,clear_sky,127,train,False
swimcat_ext,swimcat_ext/Swimcat-extend/A-Clear Sky/A_img214.png,clear_sky,127,train,False
swimcat_ext,swimcat_ext/Swimcat-extend/A-Clear Sky/A_img215.png,clear_sky,33,test,False
swimcat_ext,swimcat_ext/Swimcat-extend/A-Clear Sky/A_img216.png,clear_sky,127,train,False
swimcat_ext,swimcat_ext/Swimcat-extend/A-Clear Sky/A_img217.png,clear_sky,127,train,False
swimcat_ext,swimcat_ext/Swimcat-extend/A-Clear Sky/A_img218.png,clear_sky,127,train,False
swimcat_ext,swimcat_ext/Swimcat-extend/A-Clear Sky/A_img219.png,clear_sky,133,train,False
swimcat_ext,swimcat_ext/Swimcat-extend/A-Clear Sky/A_img22.png,clear_sky,134,train,False
swimcat_ext,swimcat_ext/Swimcat-extend/A-Clear Sky/A_img220.png,clear_sky,135,val,False
swimcat_ext,swimcat_ext/Swimcat-extend/A-Clear Sky/A_img221.png,clear_sky,135,val,False
swimcat_ext,swimcat_ext/Swimcat-extend/A-Clear Sky/A_img222.png,clear_sky,137,test,False
swimcat_ext,swimcat_ext/Swimcat-extend/A-Clear Sky/A_img223.png,clear_sky,138,train,False
swimcat_ext,swimcat_ext/Swimcat-extend/A-Clear Sky/A_img224.png,clear_sky,126,train,False
swimcat_ext,swimcat_ext/Swimcat-extend/A-Clear Sky/A_img225.png,clear_sky,140,train,False
swimcat_ext,swimcat_ext/Swimcat-extend/A-Clear Sky/A_img226.png,clear_sky,141,val,False
swimcat_ext,swimcat_ext/Swimcat-extend/A-Clear Sky/A_img227.png,clear_sky,141,val,False
swimcat_ext,swimcat_ext/Swimcat-extend/A-Clear Sky/A_img228.png,clear_sky,143,train,False
swimcat_ext,swimcat_ext/Swimcat-extend/A-Clear Sky/A_img229.png,clear_sky,144,train,False
swimcat_ext,swimcat_ext/Swimcat-extend/A-Clear Sky/A_img23.png,clear_sky,134,train,False
swimcat_ext,swimcat_ext/Swimcat-extend/A-Clear Sky/A_img230.png,clear_sky,146,train,False
swimcat_ext,swimcat_ext/Swimcat-extend/A-Clear Sky/A_img231.png,clear_sky,146,train,False
swimcat_ext,swimcat_ext/Swimcat-extend/A-Clear Sky/A_img232.png,clear_sky,33,test,False
swimcat_ext,swimcat_ext/Swimcat-extend/A-Clear Sky/A_img233.png,clear_sky,33,test,False
swimcat_ext,swimcat_ext/Swimcat-extend/A-Clear Sky/A_img234.png,clear_sky,150,train,False
swimcat_ext,swimcat_ext/Swimcat-extend/A-Clear Sky/A_img235.png,clear_sky,151,train,False
swimcat_ext,swimcat_ext/Swimcat-extend/A-Clear Sky/A_img236.png,clear_sky,152,train,False
swimcat_ext,swimcat_ext/Swimcat-extend/A-Clear Sky/A_img237.png,clear_sky,153,train,False
swimcat_ext,swimcat_ext/Swimcat-extend/A-Clear Sky/A_img238.png,clear_sky,153,train,False
swimcat_ext,swimcat_ext/Swimcat-extend/A-Clear Sky/A_img239.png,clear_sky,155,train,False
swimcat_ext,swimcat_ext/Swimcat-extend/A-Clear Sky/A_img24.png,clear_sky,44,train,False
swimcat_ext,swimcat_ext/Swimcat-extend/A-Clear Sky/A_img240.png,clear_sky,153,train,False
swimcat_ext,swimcat_ext/Swimcat-extend/A-Clear Sky/A_img241.png,clear_sky,158,train,False
swimcat_ext,swimcat_ext/Swimcat-extend/A-Clear Sky/A_img242.png,clear_sky,158,train,False
swimcat_ext,swimcat_ext/Swimcat-extend/A-Clear Sky/A_img243.png,clear_sky,158,train,False
swimcat_ext,swimcat_ext/Swimcat-extend/A-Clear Sky/A_img244.png,clear_sky,161,train,False
swimcat_ext,swimcat_ext/Swimcat-extend/A-Clear Sky/A_img245.png,clear_sky,161,train,False
swimcat_ext,swimcat_ext/Swimcat-extend/A-Clear Sky/A_img246.png,clear_sky,163,train,False
swimcat_ext,swimcat_ext/Swimcat-extend/A-Clear Sky/A_img247.png,clear_sky,161,train,False
swimcat_ext,swimcat_ext/Swimcat-extend/A-Clear Sky/A_img248.png,clear_sky,165,train,False
swimcat_ext,swimcat_ext/Swimcat-extend/A-Clear Sky/A_img249.png,clear_sky,161,train,False
swimcat_ext,swimcat_ext/Swimcat-extend/A-Clear Sky/A_img25.png,clear_sky,134,train,False
swimcat_ext,swimcat_ext/Swimcat-extend/A-Clear Sky/A_img250.png,clear_sky,168,train,False
swimcat_ext,swimcat_ext/Swimcat-extend/A-Clear Sky/A_img251.png,clear_sky,168,train,False
swimcat_ext,swimcat_ext/Swimcat-extend/A-Clear Sky/A_img252.png,clear_sky,168,train,False
swimcat_ext,swimcat_ext/Swimcat-extend/A-Clear Sky/A_img253.png,clear_sky,171,train,False
swimcat_ext,swimcat_ext/Swimcat-extend/A-Clear Sky/A_img254.png,clear_sky,171,train,False
swimcat_ext,swimcat_ext/Swimcat-extend/A-Clear Sky/A_img255.png,clear_sky,171,train,False
swimcat_ext,swimcat_ext/Swimcat-extend/A-Clear Sky/A_img256.png,clear_sky,171,train,False
swimcat_ext,swimcat_ext/Swimcat-extend/A-Clear Sky/A_img257.png,clear_sky,175,train,False
swimcat_ext,swimcat_ext/Swimcat-extend/A-Clear Sky/A_img258.png,clear_sky,37,val,False
swimcat_ext,swimcat_ext/Swimcat-extend/A-Clear Sky/A_img259.png,clear_sky,37,val,False
swimcat_ext,swimcat_ext/Swimcat-extend/A-Clear Sky/A_img26.png,clear_sky,178,train,False
swimcat_ext,swimcat_ext/Swimcat-extend/A-Clear Sky/A_img260.png,clear_sky,179,test,False
swimcat_ext,swimcat_ext/Swimcat-extend/A-Clear Sky/A_img261.png,clear_sky,46,train,False
swimcat_ext,swimcat_ext/Swimcat-extend/A-Clear Sky/A_img262.png,clear_sky,46,train,False
swimcat_ext,swimcat_ext/Swimcat-extend/A-Clear Sky/A_img263.png,clear_sky,182,train,False
swimcat_ext,swimcat_ext/Swimcat-extend/A-Clear Sky/A_img264.png,clear_sky,182,train,False
swimcat_ext,swimcat_ext/Swimcat-extend/A-Clear Sky/A_img265.png,clear_sky,179,test,False
swimcat_ext,swimcat_ext/Swimcat-extend/A-Clear Sky/A_img266.png,clear_sky,179,test,False
swimcat_ext,swimcat_ext/Swimcat-extend/A-Clear Sky/A_img267.png,clear_sky,179,test,False
swimcat_ext,swimcat_ext/Swimcat-extend/A-Clear Sky/A_img268.png,clear_sky,175,train,False
swimcat_ext,swimcat_ext/Swimcat-extend/A-Clear Sky/A_img269.png,clear_sky,188,train,False
swimcat_ext,swimcat_ext/Swimcat-extend/A-Clear Sky/A_img27.png,clear_sky,189,train,False
swimcat_ext,swimcat_ext/Swimcat-extend/A-Clear Sky/A_img270.png,clear_sky,190,train,False
swimcat_ext,swimcat_ext/Swimcat-extend/A-Clear Sky/A_img271.png,clear_sky,190,train,False
swimcat_ext,swimcat_ext/Swimcat-extend/A-Clear Sky/A_img272.png,clear_sky,192,test,False
swimcat_ext,swimcat_ext/Swimcat-extend/A-Clear Sky/A_img273.png,clear_sky,193,train,False
swimcat_ext,swimcat_ext/Swimcat-extend/A-Clear Sky/A_img274.png,clear_sky,194,train,False
swimcat_ext,swimcat_ext/Swimcat-extend/A-Clear Sky/A_img275.png,clear_sky,194,train,False
swimcat_ext,swimcat_ext/Swimcat-extend/A-Clear Sky/A_img276.png,clear_sky,196,val,False
swimcat_ext,swimcat_ext/Swimcat-extend/A-Clear Sky/A_img277.png,clear_sky,197,val,False
swimcat_ext,swimcat_ext/Swimcat-extend/A-Clear Sky/A_img278.png,clear_sky,198,train,False
swimcat_ext,swimcat_ext/Swimcat-extend/A-Clear Sky/A_img279.png,clear_sky,199,train,False
swimcat_ext,swimcat_ext/Swimcat-extend/A-Clear Sky/A_img28.png,clear_sky,189,train,False
swimcat_ext,swimcat_ext/Swimcat-extend/A-Clear Sky/A_img280.png,clear_sky,33,test,False
swimcat_ext,swimcat_ext/Swimcat-extend/A-Clear Sky/A_img281.png,clear_sky,202,test,False
swimcat_ext,swimcat_ext/Swimcat-extend/A-Clear Sky/A_img282.png,clear_sky,203,test,False
swimcat_ext,swimcat_ext/Swimcat-extend/A-Clear Sky/A_img283.png,clear_sky,203,test,False
swimcat_ext,swimcat_ext/Swimcat-extend/A-Clear Sky/A_img284.png,clear_sky,205,train,False
swimcat_ext,swimcat_ext/Swimcat-extend/A-Clear Sky/A_img285.png,clear_sky,138,train,False
swimcat_ext,swimcat_ext/Swimcat-extend/A-Clear Sky/A_img286.png,clear_sky,46,train,False
swimcat_ext,swimcat_ext/Swimcat-extend/A-Clear Sky/A_img287.png,clear_sky,46,train,False
swimcat_ext,swimcat_ext/Swimcat-extend/A-Clear Sky/A_img288.png,clear_sky,67,train,False
swimcat_ext,swimcat_ext/Swimcat-extend/A-Clear Sky/A_img289.png,clear_sky,210,train,False
swimcat_ext,swimcat_ext/Swimcat-extend/A-Clear Sky/A_img29.png,clear_sky,211,test,False
swimcat_ext,swimcat_ext/Swimcat-extend/A-Clear Sky/A_img290.png,clear_sky,210,train,False
swimcat_ext,swimcat_ext/Swimcat-extend/A-Clear Sky/A_img291.png,clear_sky,213,train,False
swimcat_ext,swimcat_ext/Swimcat-extend/A-Clear Sky/A_img292.png,clear_sky,63,test,False
swimcat_ext,swimcat_ext/Swimcat-extend/A-Clear Sky/A_img293.png,clear_sky,63,test,False
swimcat_ext,swimcat_ext/Swimcat-extend/A-Clear Sky/A_img294.png,clear_sky,63,test,False
swimcat_ext,swimcat_ext/Swimcat-extend/A-Clear Sky/A_img295.png,clear_sky,217,train,False
swimcat_ext,swimcat_ext/Swimcat-extend/A-Clear Sky/A_img296.png,clear_sky,138,train,False
swimcat_ext,swimcat_ext/Swimcat-extend/A-Clear Sky/A_img297.png,clear_sky,217,train,False
swimcat_ext,swimcat_ext/Swimcat-extend/A-Clear Sky/A_img298.png,clear_sky,220,train,False
swimcat_ext,swimcat_ext/Swimcat-extend/A-Clear Sky/A_img299.png,clear_sky,221,train,False
swimcat_ext,swimcat_ext/Swimcat-extend/A-Clear Sky/A_img3.png,clear_sky,222,val,False
swimcat_ext,swimcat_ext/Swimcat-extend/A-Clear Sky/A_img30.png,clear_sky,223,train,False
swimcat_ext,swimcat_ext/Swimcat-extend/A-Clear Sky/A_img300.png,clear_sky,224,train,False
swimcat_ext,swimcat_ext/Swimcat-extend/A-Clear Sky/A_img301.png,clear_sky,224,train,False
swimcat_ext,swimcat_ext/Swimcat-extend/A-Clear Sky/A_img302.png,clear_sky,224,train,False
swimcat_ext,swimcat_ext/Swimcat-extend/A-Clear Sky/A_img303.png,clear_sky,224,train,False
swimcat_ext,swimcat_ext/Swimcat-extend/A-Clear Sky/A_img304.png,clear_sky,44,train,False
swimcat_ext,swimcat_ext/Swimcat-extend/A-Clear Sky/A_img305.png,clear_sky,229,train,False
swimcat_ext,swimcat_ext/Swimcat-extend/A-Clear Sky/A_img306.png,clear_sky,230,train,False
swimcat_ext,swimcat_ext/Swimcat-extend/A-Clear Sky/A_img307.png,clear_sky,231,train,False
swimcat_ext,swimcat_ext/Swimcat-extend/A-Clear Sky/A_img308.png,clear_sky,230,train,False
swimcat_ext,swimcat_ext/Swimcat-extend/A-Clear Sky/A_img309.png,clear_sky,233,train,False
swimcat_ext,swimcat_ext/Swimcat-extend/A-Clear Sky/A_img31.png,clear_sky,223,train,False
swimcat_ext,swimcat_ext/Swimcat-extend/A-Clear Sky/A_img310.png,clear_sky,127,train,False
swimcat_ext,swimcat_ext/Swimcat-extend/A-Clear Sky/A_img311.png,clear_sky,127,train,False
swimcat_ext,swimcat_ext/Swimcat-extend/A-Clear Sky/A_img312.png,clear_sky,127,train,False
swimcat_ext,swimcat_ext/Swimcat-extend/A-Clear Sky/A_img313.png,clear_sky,238,train,False
swimcat_ext,swimcat_ext/Swimcat-extend/A-Clear Sky/A_img314.png,clear_sky,238,train,False
swimcat_ext,swimcat_ext/Swimcat-extend/A-Clear Sky/A_img315.png,clear_sky,96,train,False
swimcat_ext,swimcat_ext/Swimcat-extend/A-Clear Sky/A_img316.png,clear_sky,241,train,False
swimcat_ext,swimcat_ext/Swimcat-extend/A-Clear Sky/A_img317.png,clear_sky,241,train,False
swimcat_ext,swimcat_ext/Swimcat-extend/A-Clear Sky/A_img318.png,clear_sky,243,train,False
swimcat_ext,swimcat_ext/Swimcat-extend/A-Clear Sky/A_img319.png,clear_sky,244,train,False
swimcat_ext,swimcat_ext/Swimcat-extend/A-Clear Sky/A_img32.png,clear_sky,245,val,False
swimcat_ext,swimcat_ext/Swimcat-extend/A-Clear Sky/A_img320.png,clear_sky,246,train,False
swimcat_ext,swimcat_ext/Swimcat-extend/A-Clear Sky/A_img321.png,clear_sky,247,train,False
swimcat_ext,swimcat_ext/Swimcat-extend/A-Clear Sky/A_img322.png,clear_sky,163,train,False
swimcat_ext,swimcat_ext/Swimcat-extend/A-Clear Sky/A_img323.png,clear_sky,163,train,False
swimcat_ext,swimcat_ext/Swimcat-extend/A-Clear Sky/A_img324.png,clear_sky,250,val,False
swimcat_ext,swimcat_ext/Swimcat-extend/A-Clear Sky/A_img325.png,clear_sky,220,train,False
swimcat_ext,swimcat_ext/Swimcat-extend/A-Clear Sky/A_img326.png,clear_sky,220,train,False
swimcat_ext,swimcat_ext/Swimcat-extend/A-Clear Sky/A_img327.png,clear_sky,253,train,False
swimcat_ext,swimcat_ext/Swimcat-extend/A-Clear Sky/A_img328.png,clear_sky,150,train,False
swimcat_ext,swimcat_ext/Swimcat-extend/A-Clear Sky/A_img329.png,clear_sky,243,train,False
swimcat_ext,swimcat_ext/Swimcat-extend/A-Clear Sky/A_img33.png,clear_sky,256,train,False
swimcat_ext,swimcat_ext/Swimcat-extend/A-Clear Sky/A_img330.png,clear_sky,257,val,False
swimcat_ext,swimcat_ext/Swimcat-extend/A-Clear Sky/A_img331.png,clear_sky,229,train,False
swimcat_ext,swimcat_ext/Swimcat-extend/A-Clear Sky/A_img332.png,clear_sky,229,train,False
swimcat_ext,swimcat_ext/Swimcat-extend/A-Clear Sky/A_img333.png,clear_sky,260,test,False
swimcat_ext,swimcat_ext/Swimcat-extend/A-Clear Sky/A_img334.png,clear_sky,261,test,False
swimcat_ext,swimcat_ext/Swimcat-extend/A-Clear Sky/A_img335.png,clear_sky,262,train,False
swimcat_ext,swimcat_ext/Swimcat-extend/A-Clear Sky/A_img336.png,clear_sky,262,train,False
swimcat_ext,swimcat_ext/Swimcat-extend/A-Clear Sky/A_img337.png,clear_sky,264,test,False
swimcat_ext,swimcat_ext/Swimcat-extend/A-Clear Sky/A_img338.png,clear_sky,220,train,False
swimcat_ext,swimcat_ext/Swimcat-extend/A-Clear Sky/A_img339.png,clear_sky,266,test,False
swimcat_ext,swimcat_ext/Swimcat-extend/A-Clear Sky/A_img34.png,clear_sky,267,test,False
swimcat_ext,swimcat_ext/Swimcat-extend/A-Clear Sky/A_img340.png,clear_sky,243,train,False
swimcat_ext,swimcat_ext/Swimcat-extend/A-Clear Sky/A_img341.png,clear_sky,266,test,False
swimcat_ext,swimcat_ext/Swimcat-extend/A-Clear Sky/A_img342.png,clear_sky,266,test,False
swimcat_ext,swimcat_ext/Swimcat-extend/A-Clear Sky/A_img343.png,clear_sky,220,train,False
swimcat_ext,swimcat_ext/Swimcat-extend/A-Clear Sky/A_img344.png,clear_sky,253,train,False
swimcat_ext,swimcat_ext/Swimcat-extend/A-Clear Sky/A_img345.png,clear_sky,175,train,False
swimcat_ext,swimcat_ext/Swimcat-extend/A-Clear Sky/A_img346.png,clear_sky,175,train,False
swimcat_ext,swimcat_ext/Swimcat-extend/A-Clear Sky/A_img347.png,clear_sky,175,train,False
swimcat_ext,swimcat_ext/Swimcat-extend/A-Clear Sky/A_img348.png,clear_sky,222,val,False
swimcat_ext,swimcat_ext/Swimcat-extend/A-Clear Sky/A_img349.png,clear_sky,277,train,False
swimcat_ext,swimcat_ext/Swimcat-extend/A-Clear Sky/A_img35.png,clear_sky,44,train,False
swimcat_ext,swimcat_ext/Swimcat-extend/A-Clear Sky/A_img350.png,clear_sky,277,train,False
swimcat_ext,swimcat_ext/Swimcat-extend/A-Clear Sky/A_img36.png,clear_sky,280,train,False
swimcat_ext,swimcat_ext/Swimcat-extend/A-Clear Sky/A_img37.png,clear_sky,79,train,False
swimcat_ext,swimcat_ext/Swimcat-extend/A-Clear Sky/A_img38.png,clear_sky,282,val,False
swimcat_ext,swimcat_ext/Swimcat-extend/A-Clear Sky/A_img39.png,clear_sky,283,val,False
swimcat_ext,swimcat_ext/Swimcat-extend/A-Clear Sky/A_img4.png,clear_sky,222,val,False
swimcat_ext,swimcat_ext/Swimcat-extend/A-Clear Sky/A_img40.png,clear_sky,283,val,False
swimcat_ext,swimcat_ext/Swimcat-extend/A-Clear Sky/A_img41.png,clear_sky,286,val,False
swimcat_ext,swimcat_ext/Swimcat-extend/A-Clear Sky/A_img42.png,clear_sky,287,train,False
swimcat_ext,swimcat_ext/Swimcat-extend/A-Clear Sky/A_img43.png,clear_sky,287,train,False
swimcat_ext,swimcat_ext/Swimcat-extend/A-Clear Sky/A_img44.png,clear_sky,287,train,False
swimcat_ext,swimcat_ext/Swimcat-extend/A-Clear Sky/A_img45.png,clear_sky,287,train,False
swimcat_ext,swimcat_ext/Swimcat-extend/A-Clear Sky/A_img46.png,clear_sky,291,train,False
swimcat_ext,swimcat_ext/Swimcat-extend/A-Clear Sky/A_img47.png,clear_sky,287,train,False
swimcat_ext,swimcat_ext/Swimcat-extend/A-Clear Sky/A_img48.png,clear_sky,287,train,False
swimcat_ext,swimcat_ext/Swimcat-extend/A-Clear Sky/A_img49.png,clear_sky,287,train,False
swimcat_ext,swimcat_ext/Swimcat-extend/A-Clear Sky/A_img5.png,clear_sky,222,val,False
swimcat_ext,swimcat_ext/Swimcat-extend/A-Clear Sky/A_img50.png,clear_sky,287,train,False
swimcat_ext,swimcat_ext/Swimcat-extend/A-Clear Sky/A_img51.png,clear_sky,287,train,False
swimcat_ext,swimcat_ext/Swimcat-extend/A-Clear Sky/A_img52.png,clear_sky,287,train,False
swimcat_ext,swimcat_ext/Swimcat-extend/A-Clear Sky/A_img53.png,clear_sky,287,train,False
swimcat_ext,swimcat_ext/Swimcat-extend/A-Clear Sky/A_img54.png,clear_sky,287,train,False
swimcat_ext,swimcat_ext/Swimcat-extend/A-Clear Sky/A_img55.png,clear_sky,287,train,False
swimcat_ext,swimcat_ext/Swimcat-extend/A-Clear Sky/A_img56.png,clear_sky,287,train,False
swimcat_ext,swimcat_ext/Swimcat-extend/A-Clear Sky/A_img57.png,clear_sky,303,val,False
swimcat_ext,swimcat_ext/Swimcat-extend/A-Clear Sky/A_img58.png,clear_sky,287,train,False
swimcat_ext,swimcat_ext/Swimcat-extend/A-Clear Sky/A_img59.png,clear_sky,287,train,False
swimcat_ext,swimcat_ext/Swimcat-extend/A-Clear Sky/A_img6.png,clear_sky,306,train,False
swimcat_ext,swimcat_ext/Swimcat-extend/A-Clear Sky/A_img60.png,clear_sky,287,train,False
swimcat_ext,swimcat_ext/Swimcat-extend/A-Clear Sky/A_img61.png,clear_sky,287,train,False
swimcat_ext,swimcat_ext/Swimcat-extend/A-Clear Sky/A_img62.png,clear_sky,287,train,False
swimcat_ext,swimcat_ext/Swimcat-extend/A-Clear Sky/A_img63.png,clear_sky,287,train,False
swimcat_ext,swimcat_ext/Swimcat-extend/A-Clear Sky/A_img64.png,clear_sky,311,train,False
swimcat_ext,swimcat_ext/Swimcat-extend/A-Clear Sky/A_img65.png,clear_sky,311,train,False
swimcat_ext,swimcat_ext/Swimcat-extend/A-Clear Sky/A_img66.png,clear_sky,313,train,False
swimcat_ext,swimcat_ext/Swimcat-extend/A-Clear Sky/A_img67.png,clear_sky,313,train,False
swimcat_ext,swimcat_ext/Swimcat-extend/A-Clear Sky/A_img68.png,clear_sky,303,val,False
swimcat_ext,swimcat_ext/Swimcat-extend/A-Clear Sky/A_img69.png,clear_sky,316,train,False
swimcat_ext,swimcat_ext/Swimcat-extend/A-Clear Sky/A_img7.png,clear_sky,317,train,False
swimcat_ext,swimcat_ext/Swimcat-extend/A-Clear Sky/A_img70.png,clear_sky,316,train,False
swimcat_ext,swimcat_ext/Swimcat-extend/A-Clear Sky/A_img71.png,clear_sky,319,train,False
swimcat_ext,swimcat_ext/Swimcat-extend/A-Clear Sky/A_img72.png,clear_sky,319,train,False
swimcat_ext,swimcat_ext/Swimcat-extend/A-Clear Sky/A_img73.png,clear_sky,321,train,False
swimcat_ext,swimcat_ext/Swimcat-extend/A-Clear Sky/A_img74.png,clear_sky,321,train,False
swimcat_ext,swimcat_ext/Swimcat-extend/A-Clear Sky/A_img75.png,clear_sky,323,val,False
swimcat_ext,swimcat_ext/Swimcat-extend/A-Clear Sky/A_img76.png,clear_sky,324,val,False
swimcat_ext,swimcat_ext/Swimcat-extend/A-Clear Sky/A_img77.png,clear_sky,324,val,False
swimcat_ext,swimcat_ext/Swimcat-extend/A-Clear Sky/A_img78.png,clear_sky,326,test,False
swimcat_ext,swimcat_ext/Swimcat-extend/A-Clear Sky/A_img79.png,clear_sky,303,val,False
swimcat_ext,swimcat_ext/Swimcat-extend/A-Clear Sky/A_img8.png,clear_sky,317,train,False
swimcat_ext,swimcat_ext/Swimcat-extend/A-Clear Sky/A_img80.png,clear_sky,326,test,False
swimcat_ext,swimcat_ext/Swimcat-extend/A-Clear Sky/A_img81.png,clear_sky,326,test,False
swimcat_ext,swimcat_ext/Swimcat-extend/A-Clear Sky/A_img82.png,clear_sky,331,test,False
swimcat_ext,swimcat_ext/Swimcat-extend/A-Clear Sky/A_img83.png,clear_sky,332,train,False
swimcat_ext,swimcat_ext/Swimcat-extend/A-Clear Sky/A_img84.png,clear_sky,333,train,False
swimcat_ext,swimcat_ext/Swimcat-extend/A-Clear Sky/A_img85.png,clear_sky,333,train,False
swimcat_ext,swimcat_ext/Swimcat-extend/A-Clear Sky/A_img86.png,clear_sky,335,train,False
swimcat_ext,swimcat_ext/Swimcat-extend/A-Clear Sky/A_img87.png,clear_sky,336,train,False
swimcat_ext,swimcat_ext/Swimcat-extend/A-Clear Sky/A_img88.png,clear_sky,337,train,False
swimcat_ext,swimcat_ext/Swimcat-extend/A-Clear Sky/A_img89.png,clear_sky,337,train,False
swimcat_ext,swimcat_ext/Swimcat-extend/A-Clear Sky/A_img9.png,clear_sky,339,train,False
swimcat_ext,swimcat_ext/Swimcat-extend/A-Clear Sky/A_img90.png,clear_sky,303,val,False
swimcat_ext,swimcat_ext/Swimcat-extend/A-Clear Sky/A_img91.png,clear_sky,341,train,False
swimcat_ext,swimcat_ext/Swimcat-extend/A-Clear Sky/A_img92.png,clear_sky,341,train,False
swimcat_ext,swimcat_ext/Swimcat-extend/A-Clear Sky/A_img93.png,clear_sky,341,train,False
swimcat_ext,swimcat_ext/Swimcat-extend/A-Clear Sky/A_img94.png,clear_sky,344,train,False
swimcat_ext,swimcat_ext/Swimcat-extend/A-Clear Sky/A_img95.png,clear_sky,345,train,False
swimcat_ext,swimcat_ext/Swimcat-extend/A-Clear Sky/A_img96.png,clear_sky,345,train,False
swimcat_ext,swimcat_ext/Swimcat-extend/A-Clear Sky/A_img97.png,clear_sky,347,train,False
swimcat_ext,swimcat_ext/Swimcat-extend/A-Clear Sky/A_img98.png,clear_sky,348,train,False
swimcat_ext,swimcat_ext/Swimcat-extend/A-Clear Sky/A_img99.png,clear_sky,2,train,False
swimcat_ext,swimcat_ext/Swimcat-extend/B-Patterned Clouds/B_img1.png,patterned_clouds,350,train,False
swimcat_ext,swimcat_ext/Swimcat-extend/B-Patterned Clouds/B_img10.png,patterned_clouds,351,test,False
swimcat_ext,swimcat_ext/Swimcat-extend/B-Patterned Clouds/B_img100.png,patterned_clouds,352,train,False
swimcat_ext,swimcat_ext/Swimcat-extend/B-Patterned Clouds/B_img101.png,patterned_clouds,352,train,False
swimcat_ext,swimcat_ext/Swimcat-extend/B-Patterned Clouds/B_img102.png,patterned_clouds,354,train,False
swimcat_ext,swimcat_ext/Swimcat-extend/B-Patterned Clouds/B_img103.png,patterned_clouds,355,train,False
swimcat_ext,swimcat_ext/Swimcat-extend/B-Patterned Clouds/B_img104.png,patterned_clouds,356,train,False
swimcat_ext,swimcat_ext/Swimcat-extend/B-Patterned Clouds/B_img105.png,patterned_clouds,357,train,False
swimcat_ext,swimcat_ext/Swimcat-extend/B-Patterned Clouds/B_img106.png,patterned_clouds,358,test,False
swimcat_ext,swimcat_ext/Swimcat-extend/B-Patterned Clouds/B_img107.png,patterned_clouds,358,test,False
swimcat_ext,swimcat_ext/Swimcat-extend/B-Patterned Clouds/B_img108.png,patterned_clouds,360,train,False
swimcat_ext,swimcat_ext/Swimcat-extend/B-Patterned Clouds/B_img109.png,patterned_clouds,361,train,False
swimcat_ext,swimcat_ext/Swimcat-extend/B-Patterned Clouds/B_img11.png,patterned_clouds,362,train,False
swimcat_ext,swimcat_ext/Swimcat-extend/B-Patterned Clouds/B_img110.png,patterned_clouds,363,train,False
swimcat_ext,swimcat_ext/Swimcat-extend/B-Patterned Clouds/B_img111.png,patterned_clouds,363,train,False
swimcat_ext,swimcat_ext/Swimcat-extend/B-Patterned Clouds/B_img112.png,patterned_clouds,365,train,False
swimcat_ext,swimcat_ext/Swimcat-extend/B-Patterned Clouds/B_img113.png,patterned_clouds,366,test,False
swimcat_ext,swimcat_ext/Swimcat-extend/B-Patterned Clouds/B_img114.png,patterned_clouds,367,test,False
swimcat_ext,swimcat_ext/Swimcat-extend/B-Patterned Clouds/B_img115.png,patterned_clouds,368,train,False
swimcat_ext,swimcat_ext/Swimcat-extend/B-Patterned Clouds/B_img116.png,patterned_clouds,369,train,False
swimcat_ext,swimcat_ext/Swimcat-extend/B-Patterned Clouds/B_img117.png,patterned_clouds,370,train,False
swimcat_ext,swimcat_ext/Swimcat-extend/B-Patterned Clouds/B_img118.png,patterned_clouds,371,train,False
swimcat_ext,swimcat_ext/Swimcat-extend/B-Patterned Clouds/B_img119.png,patterned_clouds,372,train,False
swimcat_ext,swimcat_ext/Swimcat-extend/B-Patterned Clouds/B_img12.png,patterned_clouds,373,test,False
swimcat_ext,swimcat_ext/Swimcat-extend/B-Patterned Clouds/B_img120.png,patterned_clouds,372,train,False
swimcat_ext,swimcat_ext/Swimcat-extend/B-Patterned Clouds/B_img121.png,patterned_clouds,375,train,False
swimcat_ext,swimcat_ext/Swimcat-extend/B-Patterned Clouds/B_img122.png,patterned_clouds,376,train,False
swimcat_ext,swimcat_ext/Swimcat-extend/B-Patterned Clouds/B_img123.png,patterned_clouds,377,test,False
swimcat_ext,swimcat_ext/Swimcat-extend/B-Patterned Clouds/B_img124.png,patterned_clouds,378,train,False
swimcat_ext,swimcat_ext/Swimcat-extend/B-Patterned Clouds/B_img125.png,patterned_clouds,379,val,False
swimcat_ext,swimcat_ext/Swimcat-extend/B-Patterned Clouds/B_img126.png,patterned_clouds,380,train,False
swimcat_ext,swimcat_ext/Swimcat-extend/B-Patterned Clouds/B_img127.png,patterned_clouds,380,train,False
swimcat_ext,swimcat_ext/Swimcat-extend/B-Patterned Clouds/B_img128.png,patterned_clouds,382,train,False
swimcat_ext,swimcat_ext/Swimcat-extend/B-Patterned Clouds/B_img129.png,patterned_clouds,383,train,False
swimcat_ext,swimcat_ext/Swimcat-extend/B-Patterned Clouds/B_img13.png,patterned_clouds,384,train,False
swimcat_ext,swimcat_ext/Swimcat-extend/B-Patterned Clouds/B_img130.png,patterned_clouds,385,train,False
swimcat_ext,swimcat_ext/Swimcat-extend/B-Patterned Clouds/B_img131.png,patterned_clouds,386,test,False
swimcat_ext,swimcat_ext/Swimcat-extend/B-Patterned Clouds/B_img132.png,patterned_clouds,386,test,False
swimcat_ext,swimcat_ext/Swimcat-extend/B-Patterned Clouds/B_img133.png,patterned_clouds,388,test,False
swimcat_ext,swimcat_ext/Swimcat-extend/B-Patterned Clouds/B_img134.png,patterned_clouds,379,val,False
swimcat_ext,swimcat_ext/Swimcat-extend/B-Patterned Clouds/B_img135.png,patterned_clouds,390,train,False
swimcat_ext,swimcat_ext/Swimcat-extend/B-Patterned Clouds/B_img136.png,patterned_clouds,391,train,False
swimcat_ext,swimcat_ext/Swimcat-extend/B-Patterned Clouds/B_img137.png,patterned_clouds,391,train,False
swimcat_ext,swimcat_ext/Swimcat-extend/B-Patterned Clouds/B_img138.png,patterned_clouds,393,val,False
swimcat_ext,swimcat_ext/Swimcat-extend/B-Patterned Clouds/B_img139.png,patterned_clouds,394,train,False
swimcat_ext,swimcat_ext/Swimcat-extend/B-Patterned Clouds/B_img14.png,patterned_clouds,384,train,False
swimcat_ext,swimcat_ext/Swimcat-extend/B-Patterned Clouds/B_img140.png,patterned_clouds,394,train,False
swimcat_ext,swimcat_ext/Swimcat-extend/B-Patterned Clouds/B_img141.png,patterned_clouds,397,test,False
swimcat_ext,swimcat_ext/Swimcat-extend/B-Patterned Clouds/B_img142.png,patterned_clouds,398,train,False
swimcat_ext,swimcat_ext/Swimcat-extend/B-Patterned Clouds/B_img143.png,patterned_clouds,399,train,False
swimcat_ext,swimcat_ext/Swimcat-extend/B-Patterned Clouds/B_img144.png,patterned_clouds,399,train,False
swimcat_ext,swimcat_ext/Swimcat-extend/B-Patterned Clouds/B_img145.png,patterned_clouds,401,val,False
swimcat_ext,swimcat_ext/Swimcat-extend/B-Patterned Clouds/B_img146.png,patterned_clouds,383,train,False
swimcat_ext,swimcat_ext/Swimcat-extend/B-Patterned Clouds/B_img147.png,patterned_clouds,394,train,False
swimcat_ext,swimcat_ext/Swimcat-extend/B-Patterned Clouds/B_img148.png,patterned_clouds,394,train,False
swimcat_ext,swimcat_ext/Swimcat-extend/B-Patterned Clouds/B_img149.png,patterned_clouds,405,val,False
swimcat_ext,swimcat_ext/Swimcat-extend/B-Patterned Clouds/B_img15.png,patterned_clouds,406,train,False
swimcat_ext,swimcat_ext/Swimcat-extend/B-Patterned Clouds/B_img150.png,patterned_clouds,407,test,False
swimcat_ext,swimcat_ext/Swimcat-extend/B-Patterned Clouds/B_img151.png,patterned_clouds,408,train,False
swimcat_ext,swimcat_ext/Swimcat-extend/B-Patterned Clouds/B_img152.png,patterned_clouds,409,train,False
swimcat_ext,swimcat_ext/Swimcat-extend/B-Patterned Clouds/B_img153.png,patterned_clouds,409,train,False
swimcat_ext,swimcat_ext/Swimcat-extend/B-Patterned Clouds/B_img154.png,patterned_clouds,405,val,False
swimcat_ext,swimcat_ext/Swimcat-extend/B-Patterned Clouds/B_img155.png,patterned_clouds,412,train,False
swimcat_ext,swimcat_ext/Swimcat-extend/B-Patterned Clouds/B_img156.png,patterned_clouds,413,train,False
swimcat_ext,swimcat_ext/Swimcat-extend/B-Patterned Clouds/B_img157.png,patterned_clouds,355,train,False
swimcat_ext,swimcat_ext/Swimcat-extend/B-Patterned Clouds/B_img158.png,patterned_clouds,355,train,False
swimcat_ext,swimcat_ext/Swimcat-extend/B-Patterned Clouds/B_img159.png,patterned_clouds,355,train,False
swimcat_ext,swimcat_ext/Swimcat-extend/B-Patterned Clouds/B_img16.png,patterned_clouds,417,val,False
swimcat_ext,swimcat_ext/Swimcat-extend/B-Patterned Clouds/B_img160.png,patterned_clouds,418,train,False
swimcat_ext,swimcat_ext/Swimcat-extend/B-Patterned Clouds/B_img161.png,patterned_clouds,419,train,False
swimcat_ext,swimcat_ext/Swimcat-extend/B-Patterned Clouds/B_img162.png,patterned_clouds,420,train,False
swimcat_ext,swimcat_ext/Swimcat-extend/B-Patterned Clouds/B_img163.png,patterned_clouds,420,train,False
swimcat_ext,swimcat_ext/Swimcat-extend/B-Patterned Clouds/B_img164.png,patterned_clouds,422,train,False
swimcat_ext,swimcat_ext/Swimcat-extend/B-Patterned Clouds/B_img165.png,patterned_clouds,423,train,False
swimcat_ext,swimcat_ext/Swimcat-extend/B-Patterned Clouds/B_img166.png,patterned_clouds,424,val,False
swimcat_ext,swimcat_ext/Swimcat-extend/B-Patterned Clouds/B_img167.png,patterned_clouds,424,val,False
swimcat_ext,swimcat_ext/Swimcat-extend/B-Patterned Clouds/B_img168.png,patterned_clouds,426,train,False
swimcat_ext,swimcat_ext/Swimcat-extend/B-Patterned Clouds/B_img169.png,patterned_clouds,427,train,False
swimcat_ext,swimcat_ext/Swimcat-extend/B-Patterned Clouds/B_img17.png,patterned_clouds,428,train,False
swimcat_ext,swimcat_ext/Swimcat-extend/B-Patterned Clouds/B_img170.png,patterned_clouds,429,train,False
swimcat_ext,swimcat_ext/Swimcat-extend/B-Patterned Clouds/B_img171.png,patterned_clouds,419,train,False
swimcat_ext,swimcat_ext/Swimcat-extend/B-Patterned Clouds/B_img172.png,patterned_clouds,431,train,False
swimcat_ext,swimcat_ext/Swimcat-extend/B-Patterned Clouds/B_img173.png,patterned_clouds,432,test,False
swimcat_ext,swimcat_ext/Swimcat-extend/B-Patterned Clouds/B_img174.png,patterned_clouds,432,test,False
swimcat_ext,swimcat_ext/Swimcat-extend/B-Patterned Clouds/B_img175.png,patterned_clouds,434,train,False
swimcat_ext,swimcat_ext/Swimcat-extend/B-Patterned Clouds/B_img176.png,patterned_clouds,435,val,False
swimcat_ext,swimcat_ext/Swimcat-extend/B-Patterned Clouds/B_img177.png,patterned_clouds,436,test,False
swimcat_ext,swimcat_ext/Swimcat-extend/B-Patterned Clouds/B_img178.png,patterned_clouds,436,test,False
swimcat_ext,swimcat_ext/Swimcat-extend/B-Patterned Clouds/B_img179.png,patterned_clouds,438,train,False
swimcat_ext,swimcat_ext/Swimcat-extend/B-Patterned Clouds/B_img18.png,patterned_clouds,428,train,False
swimcat_ext,swimcat_ext/Swimcat-extend/B-Patterned Clouds/B_img180.png,patterned_clouds,440,train,False
swimcat_ext,swimcat_ext/Swimcat-extend/B-Patterned Clouds/B_img181.png,patterned_clouds,441,test,False
swimcat_ext,swimcat_ext/Swimcat-extend/B-Patterned Clouds/B_img182.png,patterned_clouds,442,train,False
swimcat_ext,swimcat_ext/Swimcat-extend/B-Patterned Clouds/B_img183.png,patterned_clouds,443,train,False
swimcat_ext,swimcat_ext/Swimcat-extend/B-Patterned Clouds/B_img184.png,patterned_clouds,444,train,False
swimcat_ext,swimcat_ext/Swimcat-extend/B-Patterned Clouds/B_img185.png,patterned_clouds,444,train,False
swimcat_ext,swimcat_ext/Swimcat-extend/B-Patterned Clouds/B_img186.png,patterned_clouds,446,val,False
swimcat_ext,swimcat_ext/Swimcat-extend/B-Patterned Clouds/B_img187.png,patterned_clouds,447,train,False
swimcat_ext,swimcat_ext/Swimcat-extend/B-Patterned Clouds/B_img188.png,patterned_clouds,448,train,False
swimcat_ext,swimcat_ext/Swimcat-extend/B-Patterned Clouds/B_img189.png,patterned_clouds,449,train,False
swimcat_ext,swimcat_ext/Swimcat-extend/B-Patterned Clouds/B_img19.png,patterned_clouds,450,train,False
swimcat_ext,swimcat_ext/Swimcat-extend/B-Patterned Clouds/B_img190.png,patterned_clouds,449,train,False
swimcat_ext,swimcat_ext/Swimcat-extend/B-Patterned Clouds/B_img191.png,patterned_clouds,452,val,False
swimcat_ext,swimcat_ext/Swimcat-extend/B-Patterned Clouds/B_img192.png,patterned_clouds,453,test,False
swimcat_ext,swimcat_ext/Swimcat-extend/B-Patterned Clouds/B_img193.png,patterned_clouds,454,train,False
swimcat_ext,swimcat_ext/Swimcat-extend/B-Patterned Clouds/B_img194.png,patterned_clouds,455,test,False
swimcat_ext,swimcat_ext/Swimcat-extend/B-Patterned Clouds/B_img195.png,patterned_clouds,456,train,False
swimcat_ext,swimcat_ext/Swimcat-extend/B-Patterned Clouds/B_img196.png,patterned_clouds,457,train,False
swimcat_ext,swimcat_ext/Swimcat-extend/B-Patterned Clouds/B_img197.png,patterned_clouds,458,test,False
swimcat_ext,swimcat_ext/Swimcat-extend/B-Patterned Clouds/B_img198.png,patterned_clouds,459,train,False
swimcat_ext,swimcat_ext/Swimcat-extend/B-Patterned Clouds/B_img199.png,patterned_clouds,460,train,False
swimcat_ext,swimcat_ext/Swimcat-extend/B-Patterned Clouds/B_img2.png,patterned_clouds,461,train,False
swimcat_ext,swimcat_ext/Swimcat-extend/B-Patterned Clouds/B_img20.png,patterned_clouds,462,test,False
swimcat_ext,swimcat_ext/Swimcat-extend/B-Patterned Clouds/B_img200.png,patterned_clouds,463,train,False
swimcat_ext,swimcat_ext/Swimcat-extend/B-Patterned Clouds/B_img201.png,patterned_clouds,464,train,False
swimcat_ext,swimcat_ext/Swimcat-extend/B-Patterned Clouds/B_img202.png,patterned_clouds,465,test,False
swimcat_ext,swimcat_ext/Swimcat-extend/B-Patterned Clouds/B_img203.png,patterned_clouds,466,train,False
swimcat_ext,swimcat_ext/Swimcat-extend/B-Patterned Clouds/B_img204.png,patterned_clouds,467,train,False
swimcat_ext,swimcat_ext/Swimcat-extend/B-Patterned Clouds/B_img205.png,patterned_clouds,468,val,False
swimcat_ext,swimcat_ext/Swimcat-extend/B-Patterned Clouds/B_img206.png,patterned_clouds,469,test,False
swimcat_ext,swimcat_ext/Swimcat-extend/B-Patterned Clouds/B_img207.png,patterned_clouds,470,test,False
swimcat_ext,swimcat_ext/Swimcat-extend/B-Patterned Clouds/B_img208.png,patterned_clouds,471,train,False
swimcat_ext,swimcat_ext/Swimcat-extend/B-Patterned Clouds/B_img209.png,patterned_clouds,459,train,False
swimcat_ext,swimcat_ext/Swimcat-extend/B-Patterned Clouds/B_img21.png,patterned_clouds,473,test,False
swimcat_ext,swimcat_ext/Swimcat-extend/B-Patterned Clouds/B_img210.png,patterned_clouds,474,train,False
swimcat_ext,swimcat_ext/Swimcat-extend/B-Patterned Clouds/B_img211.png,patterned_clouds,475,train,False
swimcat_ext,swimcat_ext/Swimcat-extend/B-Patterned Clouds/B_img212.png,patterned_clouds,476,train,False
swimcat_ext,swimcat_ext/Swimcat-extend/B-Patterned Clouds/B_img213.png,patterned_clouds,477,val,False
swimcat_ext,swimcat_ext/Swimcat-extend/B-Patterned Clouds/B_img214.png,patterned_clouds,478,train,False
swimcat_ext,swimcat_ext/Swimcat-extend/B-Patterned Clouds/B_img215.png,patterned_clouds,479,train,False
swimcat_ext,swimcat_ext/Swimcat-extend/B-Patterned Clouds/B_img216.png,patterned_clouds,480,val,False
swimcat_ext,swimcat_ext/Swimcat-extend/B-Patterned Clouds/B_img217.png,patterned_clouds,481,train,False
swimcat_ext,swimcat_ext/Swimcat-extend/B-Patterned Clouds/B_img218.png,patterned_clouds,482,val,False
swimcat_ext,swimcat_ext/Swimcat-extend/B-Patterned Clouds/B_img219.png,patterned_clouds,483,train,False
swimcat_ext,swimcat_ext/Swimcat-extend/B-Patterned Clouds/B_img22.png,patterned_clouds,484,train,False
swimcat_ext,swimcat_ext/Swimcat-extend/B-Patterned Clouds/B_img220.png,patterned_clouds,485,train,False
swimcat_ext,swimcat_ext/Swimcat-extend/B-Patterned Clouds/B_img221.png,patterned_clouds,483,train,False
swimcat_ext,swimcat_ext/Swimcat-extend/B-Patterned Clouds/B_img222.png,patterned_clouds,487,train,False
swimcat_ext,swimcat_ext/Swimcat-extend/B-Patterned Clouds/B_img223.png,patterned_clouds,488,val,False
swimcat_ext,swimcat_ext/Swimcat-extend/B-Patterned Clouds/B_img224.png,patterned_clouds,489,train,False
swimcat_ext,swimcat_ext/Swimcat-extend/B-Patterned Clouds/B_img225.png,patterned_clouds,490,train,False
swimcat_ext,swimcat_ext/Swimcat-extend/B-Patterned Clouds/B_img226.png,patterned_clouds,490,train,False
swimcat_ext,swimcat_ext/Swimcat-extend/B-Patterned Clouds/B_img227.png,patterned_clouds,492,train,False
swimcat_ext,swimcat_ext/Swimcat-extend/B-Patterned Clouds/B_img228.png,patterned_clouds,493,train,False
swimcat_ext,swimcat_ext/Swimcat-extend/B-Patterned Clouds/B_img229.png,patterned_clouds,485,train,False
swimcat_ext,swimcat_ext/Swimcat-extend/B-Patterned Clouds/B_img23.png,patterned_clouds,484,train,False
swimcat_ext,swimcat_ext/Swimcat-extend/B-Patterned Clouds/B_img230.png,patterned_clouds,496,train,False
swimcat_ext,swimcat_ext/Swimcat-extend/B-Patterned Clouds/B_img231.png,patterned_clouds,497,train,False
swimcat_ext,swimcat_ext/Swimcat-extend/B-Patterned Clouds/B_img232.png,patterned_clouds,497,train,False
swimcat_ext,swimcat_ext/Swimcat-extend/B-Patterned Clouds/B_img233.png,patterned_clouds,499,train,False
swimcat_ext,swimcat_ext/Swimcat-extend/B-Patterned Clouds/B_img234.png,patterned_clouds,423,train,False
swimcat_ext,swimcat_ext/Swimcat-extend/B-Patterned Clouds/B_img235.png,patterned_clouds,501,train,False
swimcat_ext,swimcat_ext/Swimcat-extend/B-Patterned Clouds/B_img236.png,patterned_clouds,501,train,False
swimcat_ext,swimcat_ext/Swimcat-extend/B-Patterned Clouds/B_img237.png,patterned_clouds,424,val,False
swimcat_ext,swimcat_ext/Swimcat-extend/B-Patterned Clouds/B_img238.png,patterned_clouds,504,train,False
swimcat_ext,swimcat_ext/Swimcat-extend/B-Patterned Clouds/B_img239.png,patterned_clouds,424,val,False
swimcat_ext,swimcat_ext/Swimcat-extend/B-Patterned Clouds/B_img24.png,patterned_clouds,506,train,False
swimcat_ext,swimcat_ext/Swimcat-extend/B-Patterned Clouds/B_img240.png,patterned_clouds,426,train,False
swimcat_ext,swimcat_ext/Swimcat-extend/B-Patterned Clouds/B_img241.png,patterned_clouds,418,train,False
swimcat_ext,swimcat_ext/Swimcat-extend/B-Patterned Clouds/B_img242.png,patterned_clouds,420,train,False
swimcat_ext,swimcat_ext/Swimcat-extend/B-Patterned Clouds/B_img243.png,patterned_clouds,420,train,False
swimcat_ext,swimcat_ext/Swimcat-extend/B-Patterned Clouds/B_img244.png,patterned_clouds,422,train,False
swimcat_ext,swimcat_ext/Swimcat-extend/B-Patterned Clouds/B_img245.png,patterned_clouds,429,train,False
swimcat_ext,swimcat_ext/Swimcat-extend/B-Patterned Clouds/B_img246.png,patterned_clouds,513,test,False
swimcat_ext,swimcat_ext/Swimcat-extend/B-Patterned Clouds/B_img247.png,patterned_clouds,431,train,False
swimcat_ext,swimcat_ext/Swimcat-extend/B-Patterned Clouds/B_img248.png,patterned_clouds,432,test,False
swimcat_ext,swimcat_ext/Swimcat-extend/B-Patterned Clouds/B_img249.png,patterned_clouds,432,test,False
swimcat_ext,swimcat_ext/Swimcat-extend/B-Patterned Clouds/B_img25.png,patterned_clouds,517,train,False
swimcat_ext,swimcat_ext/Swimcat-extend/B-Patterned Clouds/B_img250.png,patterned_clouds,518,val,False
swimcat_ext,swimcat_ext/Swimcat-extend/B-Patterned Clouds/B_img251.png,patterned_clouds,434,train,False
swimcat_ext,swimcat_ext/Swimcat-extend/B-Patterned Clouds/B_img252.png,patterned_clouds,443,train,False
swimcat_ext,swimcat_ext/Swimcat-extend/B-Patterned Clouds/B_img253.png,patterned_clouds,444,train,False
swimcat_ext,swimcat_ext/Swimcat-extend/B-Patterned Clouds/B_img254.png,patterned_clouds,444,train,False
swimcat_ext,swimcat_ext/Swimcat-extend/B-Patterned Clouds/B_img255.png,patterned_clouds,446,val,False
swimcat_ext,swimcat_ext/Swimcat-extend/B-Patterned Clouds/B_img256.png,patterned_clouds,441,test,False
swimcat_ext,swimcat_ext/Swimcat-extend/B-Patterned Clouds/B_img257.png,patterned_clouds,525,train,False
swimcat_ext,swimcat_ext/Swimcat-extend/B-Patterned Clouds/B_img258.png,patterned_clouds,442,train,False
swimcat_ext,swimcat_ext/Swimcat-extend/B-Patterned Clouds/B_img259.png,patterned_clouds,442,train,False
swimcat_ext,swimcat_ext/Swimcat-extend/B-Patterned Clouds/B_img26.png,patterned_clouds,528,train,False
swimcat_ext,swimcat_ext/Swimcat-extend/B-Patterned Clouds/B_img260.png,patterned_clouds,529,train,False
swimcat_ext,swimcat_ext/Swimcat-extend/B-Patterned Clouds/B_img261.png,patterned_clouds,435,val,False
swimcat_ext,swimcat_ext/Swimcat-extend/B-Patterned Clouds/B_img262.png,patterned_clouds,436,test,False
swimcat_ext,swimcat_ext/Swimcat-extend/B-Patterned Clouds/B_img263.png,patterned_clouds,436,test,False
swimcat_ext,swimcat_ext/Swimcat-extend/B-Patterned Clouds/B_img264.png,patterned_clouds,438,train,False
swimcat_ext,swimcat_ext/Swimcat-extend/B-Patterned Clouds/B_img265.png,patterned_clouds,534,val,False
swimcat_ext,swimcat_ext/Swimcat-extend/B-Patterned Clouds/B_img266.png,patterned_clouds,535,train,False
swimcat_ext,swimcat_ext/Swimcat-extend/B-Patterned Clouds/B_img267.png,patterned_clouds,536,train,False
swimcat_ext,swimcat_ext/Swimcat-extend/B-Patterned Clouds/B_img268.png,patterned_clouds,537,train,False
swimcat_ext,swimcat_ext/Swimcat-extend/B-Patterned Clouds/B_img269.png,patterned_clouds,538,train,False
swimcat_ext,swimcat_ext/Swimcat-extend/B-Patterned Clouds/B_img27.png,patterned_clouds,528,train,False
swimcat_ext,swimcat_ext/Swimcat-extend/B-Patterned Clouds/B_img270.png,patterned_clouds,540,train,False
swimcat_ext,swimcat_ext/Swimcat-extend/B-Patterned Clouds/B_img271.png,patterned_clouds,540,train,False
swimcat_ext,swimcat_ext/Swimcat-extend/B-Patterned Clouds/B_img272.png,patterned_clouds,542,train,False
swimcat_ext,swimcat_ext/Swimcat-extend/B-Patterned Clouds/B_img273.png,patterned_clouds,543,train,False
swimcat_ext,swimcat_ext/Swimcat-extend/B-Patterned Clouds/B_img274.png,patterned_clouds,544,train,False
swimcat_ext,swimcat_ext/Swimcat-extend/B-Patterned Clouds/B_img275.png,patterned_clouds,545,val,False
swimcat_ext,swimcat_ext/Swimcat-extend/B-Patterned Clouds/B_img276.png,patterned_clouds,546,test,False
swimcat_ext,swimcat_ext/Swimcat-extend/B-Patterned Clouds/B_img277.png,patterned_clouds,546,test,False
swimcat_ext,swimcat_ext/Swimcat-extend/B-Patterned Clouds/B_img278.png,patterned_clouds,548,val,False
swimcat_ext,swimcat_ext/Swimcat-extend/B-Patterned Clouds/B_img279.png,patterned_clouds,549,train,False
swimcat_ext,swimcat_ext/Swimcat-extend/B-Patterned Clouds/B_img28.png,patterned_clouds,550,train,False
swimcat_ext,swimcat_ext/Swimcat-extend/B-Patterned Clouds/B_img280.png,patterned_clouds,551,train,False
swimcat_ext,swimcat_ext/Swimcat-extend/B-Patterned Clouds/B_img281.png,patterned_clouds,552,train,False
swimcat_ext,swimcat_ext/Swimcat-extend/B-Patterned Clouds/B_img282.png,patterned_clouds,552,train,False
swimcat_ext,swimcat_ext/Swimcat-extend/B-Patterned Clouds/B_img283.png,patterned_clouds,554,train,False
swimcat_ext,swimcat_ext/Swimcat-extend/B-Patterned Clouds/B_img284.png,patterned_clouds,413,train,False
swimcat_ext,swimcat_ext/Swimcat-extend/B-Patterned Clouds/B_img285.png,patterned_clouds,556,train,False
swimcat_ext,swimcat_ext/Swimcat-extend/B-Patterned Clouds/B_img286.png,patterned_clouds,557,train,False
swimcat_ext,swimcat_ext/Swimcat-extend/B-Patterned Clouds/B_img287.png,patterned_clouds,557,train,False
swimcat_ext,swimcat_ext/Swimcat-extend/B-Patterned Clouds/B_img288.png,patterned_clouds,559,val,False
swimcat_ext,swimcat_ext/Swimcat-extend/B-Patterned Clouds/B_img289.png,patterned_clouds,560,train,False
swimcat_ext,swimcat_ext/Swimcat-extend/B-Patterned Clouds/B_img29.png,patterned_clouds,561,train,False
swimcat_ext,swimcat_ext/Swimcat-extend/B-Patterned Clouds/B_img290.png,patterned_clouds,562,train,False
swimcat_ext,swimcat_ext/Swimcat-extend/B-Patterned Clouds/B_img291.png,patterned_clouds,563,val,False
swimcat_ext,swimcat_ext/Swimcat-extend/B-Patterned Clouds/B_img292.png,patterned_clouds,563,val,False
swimcat_ext,swimcat_ext/Swimcat-extend/B-Patterned Clouds/B_img293.png,patterned_clouds,565,train,False
swimcat_ext,swimcat_ext/Swimcat-extend/B-Patterned Clouds/B_img294.png,patterned_clouds,565,train,False
swimcat_ext,swimcat_ext/Swimcat-extend/B-Patterned Clouds/B_img295.png,patterned_clouds,565,train,False
swimcat_ext,swimcat_ext/Swimcat-extend/B-Patterned Clouds/B_img296.png,patterned_clouds,568,train,False
swimcat_ext,swimcat_ext/Swimcat-extend/B-Patterned Clouds/B_img297.png,patterned_clouds,355,train,False
swimcat_ext,swimcat_ext/Swimcat-extend/B-Patterned Clouds/B_img298.png,patterned_clouds,355,train,False
swimcat_ext,swimcat_ext/Swimcat-extend/B-Patterned Clouds/B_img299.png,patterned_clouds,571,train,False
swimcat_ext,swimcat_ext/Swimcat-extend/B-Patterned Clouds/B_img3.png,patterned_clouds,572,train,False
swimcat_ext,swimcat_ext/Swimcat-extend/B-Patterned Clouds/B_img30.png,patterned_clouds,561,train,False
swimcat_ext,swimcat_ext/Swimcat-extend/B-Patterned Clouds/B_img300.png,patterned_clouds,574,train,False
swimcat_ext,swimcat_ext/Swimcat-extend/B-Patterned Clouds/B_img301.png,patterned_clouds,574,train,False
swimcat_ext,swimcat_ext/Swimcat-extend/B-Patterned Clouds/B_img302.png,patterned_clouds,574,train,False
swimcat_ext,swimcat_ext/Swimcat-extend/B-Patterned Clouds/B_img303.png,patterned_clouds,577,test,False
swimcat_ext,swimcat_ext/Swimcat-extend/B-Patterned Clouds/B_img304.png,patterned_clouds,578,val,False
swimcat_ext,swimcat_ext/Swimcat-extend/B-Patterned Clouds/B_img305.png,patterned_clouds,579,train,False
swimcat_ext,swimcat_ext/Swimcat-extend/B-Patterned Clouds/B_img306.png,patterned_clouds,579,train,False
swimcat_ext,swimcat_ext/Swimcat-extend/B-Patterned Clouds/B_img307.png,patterned_clouds,581,test,False
swimcat_ext,swimcat_ext/Swimcat-extend/B-Patterned Clouds/B_img308.png,patterned_clouds,577,test,False
swimcat_ext,swimcat_ext/Swimcat-extend/B-Patterned Clouds/B_img309.png,patterned_clouds,583,train,False
swimcat_ext,swimcat_ext/Swimcat-extend/B-Patterned Clouds/B_img31.png,patterned_clouds,584,train,False
swimcat_ext,swimcat_ext/Swimcat-extend/B-Patterned Clouds/B_img310.png,patterned_clouds,585,train,False
swimcat_ext,swimcat_ext/Swimcat-extend/B-Patterned Clouds/B_img311.png,patterned_clouds,586,test,False
swimcat_ext,swimcat_ext/Swimcat-extend/B-Patterned Clouds/B_img312.png,patterned_clouds,586,test,False
swimcat_ext,swimcat_ext/Swimcat-extend/B-Patterned Clouds/B_img313.png,patterned_clouds,588,train,False
swimcat_ext,swimcat_ext/Swimcat-extend/B-Patterned Clouds/B_img314.png,patterned_clouds,589,train,False
swimcat_ext,swimcat_ext/Swimcat-extend/B-Patterned Clouds/B_img315.png,patterned_clouds,590,val,False
swimcat_ext,swimcat_ext/Swimcat-extend/B-Patterned Clouds/B_img316.png,patterned_clouds,590,val,False
swimcat_ext,swimcat_ext/Swimcat-extend/B-Patterned Clouds/B_img317.png,patterned_clouds,592,train,False
swimcat_ext,swimcat_ext/Swimcat-extend/B-Patterned Clouds/B_img318.png,patterned_clouds,592,train,False
swimcat_ext,swimcat_ext/Swimcat-extend/B-Patterned Clouds/B_img319.png,patterned_clouds,594,train,False
swimcat_ext,swimcat_ext/Swimcat-extend/B-Patterned Clouds/B_img32.png,patterned_clouds,595,train,False
swimcat_ext,swimcat_ext/Swimcat-extend/B-Patterned Clouds/B_img320.png,patterned_clouds,596,val,False
swimcat_ext,swimcat_ext/Swimcat-extend/B-Patterned Clouds/B_img321.png,patterned_clouds,597,train,False
swimcat_ext,swimcat_ext/Swimcat-extend/B-Patterned Clouds/B_img322.png,patterned_clouds,597,train,False
swimcat_ext,swimcat_ext/Swimcat-extend/B-Patterned Clouds/B_img323.png,patterned_clouds,599,train,False
swimcat_ext,swimcat_ext/Swimcat-extend/B-Patterned Clouds/B_img324.png,patterned_clouds,600,val,False
swimcat_ext,swimcat_ext/Swimcat-extend/B-Patterned Clouds/B_img325.png,patterned_clouds,601,train,False
swimcat_ext,swimcat_ext/Swimcat-extend/B-Patterned Clouds/B_img326.png,patterned_clouds,602,train,False
swimcat_ext,swimcat_ext/Swimcat-extend/B-Patterned Clouds/B_img327.png,patterned_clouds,602,train,False
swimcat_ext,swimcat_ext/Swimcat-extend/B-Patterned Clouds/B_img328.png,patterned_clouds,604,test,False
swimcat_ext,swimcat_ext/Swimcat-extend/B-Patterned Clouds/B_img329.png,patterned_clouds,605,train,False
swimcat_ext,swimcat_ext/Swimcat-extend/B-Patterned Clouds/B_img33.png,patterned_clouds,606,train,False
swimcat_ext,swimcat_ext/Swimcat-extend/B-Patterned Clouds/B_img330.png,patterned_clouds,607,train,False
swimcat_ext,swimcat_ext/Swimcat-extend/B-Patterned Clouds/B_img331.png,patterned_clouds,608,train,False
swimcat_ext,swimcat_ext/Swimcat-extend/B-Patterned Clouds/B_img332.png,patterned_clouds,609,val,False
swimcat_ext,swimcat_ext/Swimcat-extend/B-Patterned Clouds/B_img333.png,patterned_clouds,609,val,False
swimcat_ext,swimcat_ext/Swimcat-extend/B-Patterned Clouds/B_img334.png,patterned_clouds,611,test,False
swimcat_ext,swimcat_ext/Swimcat-extend/B-Patterned Clouds/B_img335.png,patterned_clouds,612,train,False
swimcat_ext,swimcat_ext/Swimcat-extend/B-Patterned Clouds/B_img336.png,patterned_clouds,613,train,False
swimcat_ext,swimcat_ext/Swimcat-extend/B-Patterned Clouds/B_img337.png,patterned_clouds,614,train,False
swimcat_ext,swimcat_ext/Swimcat-extend/B-Patterned Clouds/B_img338.png,patterned_clouds,615,train,False
swimcat_ext,swimcat_ext/Swimcat-extend/B-Patterned Clouds/B_img339.png,patterned_clouds,615,train,False
swimcat_ext,swimcat_ext/Swimcat-extend/B-Patterned Clouds/B_img34.png,patterned_clouds,617,test,False
swimcat_ext,swimcat_ext/Swimcat-extend/B-Patterned Clouds/B_img340.png,patterned_clouds,618,train,False
swimcat_ext,swimcat_ext/Swimcat-extend/B-Patterned Clouds/B_img341.png,patterned_clouds,618,train,False
swimcat_ext,swimcat_ext/Swimcat-extend/B-Patterned Clouds/B_img342.png,patterned_clouds,620,train,False
swimcat_ext,swimcat_ext/Swimcat-extend/B-Patterned Clouds/B_img343.png,patterned_clouds,621,val,False
swimcat_ext,swimcat_ext/Swimcat-extend/B-Patterned Clouds/B_img344.png,patterned_clouds,622,train,False
swimcat_ext,swimcat_ext/Swimcat-extend/B-Patterned Clouds/B_img345.png,patterned_clouds,622,train,False
swimcat_ext,swimcat_ext/Swimcat-extend/B-Patterned Clouds/B_img346.png,patterned_clouds,624,train,False
swimcat_ext,swimcat_ext/Swimcat-extend/B-Patterned Clouds/B_img347.png,patterned_clouds,625,train,False
swimcat_ext,swimcat_ext/Swimcat-extend/B-Patterned Clouds/B_img348.png,patterned_clouds,626,train,False
swimcat_ext,swimcat_ext/Swimcat-extend/B-Patterned Clouds/B_img349.png,patterned_clouds,626,train,False
swimcat_ext,swimcat_ext/Swimcat-extend/B-Patterned Clouds/B_img35.png,patterned_clouds,617,test,False
swimcat_ext,swimcat_ext/Swimcat-extend/B-Patterned Clouds/B_img350.png,patterned_clouds,629,val,False
swimcat_ext,swimcat_ext/Swimcat-extend/B-Patterned Clouds/B_img36.png,patterned_clouds,630,val,False
swimcat_ext,swimcat_ext/Swimcat-extend/B-Patterned Clouds/B_img37.png,patterned_clouds,631,train,False
swimcat_ext,swimcat_ext/Swimcat-extend/B-Patterned Clouds/B_img38.png,patterned_clouds,632,train,False
swimcat_ext,swimcat_ext/Swimcat-extend/B-Patterned Clouds/B_img39.png,patterned_clouds,632,train,False
swimcat_ext,swimcat_ext/Swimcat-extend/B-Patterned Clouds/B_img4.png,patterned_clouds,634,val,False
swimcat_ext,swimcat_ext/Swimcat-extend/B-Patterned Clouds/B_img40.png,patterned_clouds,635,train,False
swimcat_ext,swimcat_ext/Swimcat-extend/B-Patterned Clouds/B_img41.png,patterned_clouds,636,train,False
swimcat_ext,swimcat_ext/Swimcat-extend/B-Patterned Clouds/B_img42.png,patterned_clouds,595,train,False
swimcat_ext,swimcat_ext/Swimcat-extend/B-Patterned Clouds/B_img43.png,patterned_clouds,638,train,False
swimcat_ext,swimcat_ext/Swimcat-extend/B-Patterned Clouds/B_img44.png,patterned_clouds,638,train,False
swimcat_ext,swimcat_ext/Swimcat-extend/B-Patterned Clouds/B_img45.png,patterned_clouds,640,train,False
swimcat_ext,swimcat_ext/Swimcat-extend/B-Patterned Clouds/B_img46.png,patterned_clouds,641,train,False
swimcat_ext,swimcat_ext/Swimcat-extend/B-Patterned Clouds/B_img47.png,patterned_clouds,642,val,False
swimcat_ext,swimcat_ext/Swimcat-extend/B-Patterned Clouds/B_img48.png,patterned_clouds,642,val,False
swimcat_ext,swimcat_ext/Swimcat-extend/B-Patterned Clouds/B_img49.png,patterned_clouds,642,val,False
swimcat_ext,swimcat_ext/Swimcat-extend/B-Patterned Clouds/B_img5.png,patterned_clouds,634,val,False
swimcat_ext,swimcat_ext/Swimcat-extend/B-Patterned Clouds/B_img50.png,patterned_clouds,646,train,False
swimcat_ext,swimcat_ext/Swimcat-extend/B-Patterned Clouds/B_img51.png,patterned_clouds,646,train,False
swimcat_ext,swimcat_ext/Swimcat-extend/B-Patterned Clouds/B_img52.png,patterned_clouds,648,train,False
swimcat_ext,swimcat_ext/Swimcat-extend/B-Patterned Clouds/B_img53.png,patterned_clouds,649,train,False
swimcat_ext,swimcat_ext/Swimcat-extend/B-Patterned Clouds/B_img54.png,patterned_clouds,650,train,False
swimcat_ext,swimcat_ext/Swimcat-extend/B-Patterned Clouds/B_img55.png,patterned_clouds,650,train,False
swimcat_ext,swimcat_ext/Swimcat-extend/B-Patterned Clouds/B_img56.png,patterned_clouds,652,test,False
swimcat_ext,swimcat_ext/Swimcat-extend/B-Patterned Clouds/B_img57.png,patterned_clouds,653,train,False
swimcat_ext,swimcat_ext/Swimcat-extend/B-Patterned Clouds/B_img58.png,patterned_clouds,654,train,False
swimcat_ext,swimcat_ext/Swimcat-extend/B-Patterned Clouds/B_img59.png,patterned_clouds,654,train,False
swimcat_ext,swimcat_ext/Swimcat-extend/B-Patterned Clouds/B_img6.png,patterned_clouds,656,test,False
swimcat_ext,swimcat_ext/Swimcat-extend/B-Patterned Clouds/B_img60.png,patterned_clouds,657,train,False
swimcat_ext,swimcat_ext/Swimcat-extend/B-Patterned Clouds/B_img61.png,patterned_clouds,658,test,False
swimcat_ext,swimcat_ext/Swimcat-extend/B-Patterned Clouds/B_img62.png,patterned_clouds,659,train,False
swimcat_ext,swimcat_ext/Swimcat-extend/B-Patterned Clouds/B_img63.png,patterned_clouds,659,train,False
swimcat_ext,swimcat_ext/Swimcat-extend/B-Patterned Clouds/B_img64.png,patterned_clouds,661,train,False
swimcat_ext,swimcat_ext/Swimcat-extend/B-Patterned Clouds/B_img65.png,patterned_clouds,662,val,False
swimcat_ext,swimcat_ext/Swimcat-extend/B-Patterned Clouds/B_img66.png,patterned_clouds,662,val,False
swimcat_ext,swimcat_ext/Swimcat-extend/B-Patterned Clouds/B_img67.png,patterned_clouds,664,train,False
swimcat_ext,swimcat_ext/Swimcat-extend/B-Patterned Clouds/B_img68.png,patterned_clouds,665,train,False
swimcat_ext,swimcat_ext/Swimcat-extend/B-Patterned Clouds/B_img69.png,patterned_clouds,666,test,False
swimcat_ext,swimcat_ext/Swimcat-extend/B-Patterned Clouds/B_img7.png,patterned_clouds,667,val,False
swimcat_ext,swimcat_ext/Swimcat-extend/B-Patterned Clouds/B_img70.png,patterned_clouds,668,train,False
swimcat_ext,swimcat_ext/Swimcat-extend/B-Patterned Clouds/B_img71.png,patterned_clouds,669,train,False
swimcat_ext,swimcat_ext/Swimcat-extend/B-Patterned Clouds/B_img72.png,patterned_clouds,669,train,False
swimcat_ext,swimcat_ext/Swimcat-extend/B-Patterned Clouds/B_img73.png,patterned_clouds,671,val,False
swimcat_ext,swimcat_ext/Swimcat-extend/B-Patterned Clouds/B_img74.png,patterned_clouds,671,val,False
swimcat_ext,swimcat_ext/Swimcat-extend/B-Patterned Clouds/B_img75.png,patterned_clouds,673,train,False
swimcat_ext,swimcat_ext/Swimcat-extend/B-Patterned Clouds/B_img76.png,patterned_clouds,674,train,False
swimcat_ext,swimcat_ext/Swimcat-extend/B-Patterned Clouds/B_img77.png,patterned_clouds,675,train,False
swimcat_ext,swimcat_ext/Swimcat-extend/B-Patterned Clouds/B_img78.png,patterned_clouds,676,train,False
swimcat_ext,swimcat_ext/Swimcat-extend/B-Patterned Clouds/B_img79.png,patterned_clouds,676,train,False
swimcat_ext,swimcat_ext/Swimcat-extend/B-Patterned Clouds/B_img8.png,patterned_clouds,678,val,False
swimcat_ext,swimcat_ext/Swimcat-extend/B-Patterned Clouds/B_img80.png,patterned_clouds,679,test,False
swimcat_ext,swimcat_ext/Swimcat-extend/B-Patterned Clouds/B_img81.png,patterned_clouds,679,test,False
swimcat_ext,swimcat_ext/Swimcat-extend/B-Patterned Clouds/B_img82.png,patterned_clouds,681,train,False
swimcat_ext,swimcat_ext/Swimcat-extend/B-Patterned Clouds/B_img83.png,patterned_clouds,682,val,False
swimcat_ext,swimcat_ext/Swimcat-extend/B-Patterned Clouds/B_img84.png,patterned_clouds,683,train,False
swimcat_ext,swimcat_ext/Swimcat-extend/B-Patterned Clouds/B_img85.png,patterned_clouds,684,train,False
swimcat_ext,swimcat_ext/Swimcat-extend/B-Patterned Clouds/B_img86.png,patterned_clouds,685,val,False
swimcat_ext,swimcat_ext/Swimcat-extend/B-Patterned Clouds/B_img87.png,patterned_clouds,686,val,False
swimcat_ext,swimcat_ext/Swimcat-extend/B-Patterned Clouds/B_img88.png,patterned_clouds,470,test,False
swimcat_ext,swimcat_ext/Swimcat-extend/B-Patterned Clouds/B_img89.png,patterned_clouds,483,train,False
swimcat_ext,swimcat_ext/Swimcat-extend/B-Patterned Clouds/B_img9.png,patterned_clouds,678,val,False
swimcat_ext,swimcat_ext/Swimcat-extend/B-Patterned Clouds/B_img90.png,patterned_clouds,483,train,False
swimcat_ext,swimcat_ext/Swimcat-extend/B-Patterned Clouds/B_img91.png,patterned_clouds,493,train,False
swimcat_ext,swimcat_ext/Swimcat-extend/B-Patterned Clouds/B_img92.png,patterned_clouds,684,train,False
swimcat_ext,swimcat_ext/Swimcat-extend/B-Patterned Clouds/B_img93.png,patterned_clouds,693,train,False
swimcat_ext,swimcat_ext/Swimcat-extend/B-Patterned Clouds/B_img94.png,patterned_clouds,694,test,False
swimcat_ext,swimcat_ext/Swimcat-extend/B-Patterned Clouds/B_img95.png,patterned_clouds,694,test,False
swimcat_ext,swimcat_ext/Swimcat-extend/B-Patterned Clouds/B_img96.png,patterned_clouds,696,train,False
swimcat_ext,swimcat_ext/Swimcat-extend/B-Patterned Clouds/B_img97.png,patterned_clouds,697,train,False
swimcat_ext,swimcat_ext/Swimcat-extend/B-Patterned Clouds/B_img98.png,patterned_clouds,697,train,False
swimcat_ext,swimcat_ext/Swimcat-extend/B-Patterned Clouds/B_img99.png,patterned_clouds,699,test,False
swimcat_ext,swimcat_ext/Swimcat-extend/C-Thin White Clouds/C_img1.png,thin_white_clouds,700,test,False
swimcat_ext,swimcat_ext/Swimcat-extend/C-Thin White Clouds/C_img10.png,thin_white_clouds,701,train,False
swimcat_ext,swimcat_ext/Swimcat-extend/C-Thin White Clouds/C_img100.png,thin_white_clouds,702,train,False
swimcat_ext,swimcat_ext/Swimcat-extend/C-Thin White Clouds/C_img101.png,thin_white_clouds,703,test,False
swimcat_ext,swimcat_ext/Swimcat-extend/C-Thin White Clouds/C_img102.png,thin_white_clouds,704,val,False
swimcat_ext,swimcat_ext/Swimcat-extend/C-Thin White Clouds/C_img103.png,thin_white_clouds,701,train,False
swimcat_ext,swimcat_ext/Swimcat-extend/C-Thin White Clouds/C_img104.png,thin_white_clouds,706,train,False
swimcat_ext,swimcat_ext/Swimcat-extend/C-Thin White Clouds/C_img105.png,thin_white_clouds,706,train,False
swimcat_ext,swimcat_ext/Swimcat-extend/C-Thin White Clouds/C_img106.png,thin_white_clouds,708,train,False
swimcat_ext,swimcat_ext/Swimcat-extend/C-Thin White Clouds/C_img107.png,thin_white_clouds,709,train,False
swimcat_ext,swimcat_ext/Swimcat-extend/C-Thin White Clouds/C_img108.png,thin_white_clouds,710,train,False
swimcat_ext,swimcat_ext/Swimcat-extend/C-Thin White Clouds/C_img109.png,thin_white_clouds,710,train,False
swimcat_ext,swimcat_ext/Swimcat-extend/C-Thin White Clouds/C_img11.png,thin_white_clouds,706,train,False
swimcat_ext,swimcat_ext/Swimcat-extend/C-Thin White Clouds/C_img110.png,thin_white_clouds,713,val,False
swimcat_ext,swimcat_ext/Swimcat-extend/C-Thin White Clouds/C_img111.png,thin_white_clouds,714,train,False
swimcat_ext,swimcat_ext/Swimcat-extend/C-Thin White Clouds/C_img112.png,thin_white_clouds,715,test,False
swimcat_ext,swimcat_ext/Swimcat-extend/C-Thin White Clouds/C_img113.png,thin_white_clouds,703,test,False
swimcat_ext,swimcat_ext/Swimcat-extend/C-Thin White Clouds/C_img114.png,thin_white_clouds,717,test,False
swimcat_ext,swimcat_ext/Swimcat-extend/C-Thin White Clouds/C_img115.png,thin_white_clouds,718,val,False
swimcat_ext,swimcat_ext/Swimcat-extend/C-Thin White Clouds/C_img116.png,thin_white_clouds,719,train,False
swimcat_ext,swimcat_ext/Swimcat-extend/C-Thin White Clouds/C_img117.png,thin_white_clouds,720,val,False
swimcat_ext,swimcat_ext/Swimcat-extend/C-Thin White Clouds/C_img118.png,thin_white_clouds,720,val,False
swimcat_ext,swimcat_ext/Swimcat-extend/C-Thin White Clouds/C_img119.png,thin_white_clouds,722,train,False
swimcat_ext,swimcat_ext/Swimcat-extend/C-Thin White Clouds/C_img12.png,thin_white_clouds,723,train,False
swimcat_ext,swimcat_ext/Swimcat-extend/C-Thin White Clouds/C_img120.png,thin_white_clouds,724,train,False
swimcat_ext,swimcat_ext/Swimcat-extend/C-Thin White Clouds/C_img121.png,thin_white_clouds,725,train,False
swimcat_ext,swimcat_ext/Swimcat-extend/C-Thin White Clouds/C_img122.png,thin_white_clouds,725,train,False
swimcat_ext,swimcat_ext/Swimcat-extend/C-Thin White Clouds/C_img123.png,thin_white_clouds,727,train,False
swimcat_ext,swimcat_ext/Swimcat-extend/C-Thin White Clouds/C_img124.png,thin_white_clouds,728,val,False
swimcat_ext,swimcat_ext/Swimcat-extend/C-Thin White Clouds/C_img125.png,thin_white_clouds,729,train,False
swimcat_ext,swimcat_ext/Swimcat-extend/C-Thin White Clouds/C_img126.png,thin_white_clouds,714,train,False
swimcat_ext,swimcat_ext/Swimcat-extend/C-Thin White Clouds/C_img127.png,thin_white_clouds,731,test,False
swimcat_ext,swimcat_ext/Swimcat-extend/C-Thin White Clouds/C_img128.png,thin_white_clouds,732,train,False
swimcat_ext,swimcat_ext/Swimcat-extend/C-Thin White Clouds/C_img129.png,thin_white_clouds,733,train,False
swimcat_ext,swimcat_ext/Swimcat-extend/C-Thin White Clouds/C_img13.png,thin_white_clouds,734,train,False
swimcat_ext,swimcat_ext/Swimcat-extend/C-Thin White Clouds/C_img130.png,thin_white_clouds,732,train,False
swimcat_ext,swimcat_ext/Swimcat-extend/C-Thin White Clouds/C_img131.png,thin_white_clouds,736,test,False
swimcat_ext,swimcat_ext/Swimcat-extend/C-Thin White Clouds/C_img132.png,thin_white_clouds,737,train,False
swimcat_ext,swimcat_ext/Swimcat-extend/C-Thin White Clouds/C_img133.png,thin_white_clouds,738,train,False
swimcat_ext,swimcat_ext/Swimcat-extend/C-Thin White Clouds/C_img134.png,thin_white_clouds,739,train,False
swimcat_ext,swimcat_ext/Swimcat-extend/C-Thin White Clouds/C_img135.png,thin_white_clouds,728,val,False
swimcat_ext,swimcat_ext/Swimcat-extend/C-Thin White Clouds/C_img136.png,thin_white_clouds,741,test,False
swimcat_ext,swimcat_ext/Swimcat-extend/C-Thin White Clouds/C_img137.png,thin_white_clouds,742,train,False
swimcat_ext,swimcat_ext/Swimcat-extend/C-Thin White Clouds/C_img138.png,thin_white_clouds,743,train,False
swimcat_ext,swimcat_ext/Swimcat-extend/C-Thin White Clouds/C_img139.png,thin_white_clouds,742,train,False
swimcat_ext,swimcat_ext/Swimcat-extend/C-Thin White Clouds/C_img14.png,thin_white_clouds,706,train,False
swimcat_ext,swimcat_ext/Swimcat-extend/C-Thin White Clouds/C_img140.png,thin_white_clouds,746,train,False
swimcat_ext,swimcat_ext/Swimcat-extend/C-Thin White Clouds/C_img141.png,thin_white_clouds,747,train,False
swimcat_ext,swimcat_ext/Swimcat-extend/C-Thin White Clouds/C_img142.png,thin_white_clouds,739,train,False
swimcat_ext,swimcat_ext/Swimcat-extend/C-Thin White Clouds/C_img143.png,thin_white_clouds,749,test,False
swimcat_ext,swimcat_ext/Swimcat-extend/C-Thin White Clouds/C_img144.png,thin_white_clouds,749,test,False
swimcat_ext,swimcat_ext/Swimcat-extend/C-Thin White Clouds/C_img145.png,thin_white_clouds,751,val,False
swimcat_ext,swimcat_ext/Swimcat-extend/C-Thin White Clouds/C_img146.png,thin_white_clouds,752,train,False
swimcat_ext,swimcat_ext/Swimcat-extend/C-Thin White Clouds/C_img147.png,thin_white_clouds,753,val,False
swimcat_ext,swimcat_ext/Swimcat-extend/C-Thin White Clouds/C_img148.png,thin_white_clouds,754,train,False
swimcat_ext,swimcat_ext/Swimcat-extend/C-Thin White Clouds/C_img149.png,thin_white_clouds,754,train,False
swimcat_ext,swimcat_ext/Swimcat-extend/C-Thin White Clouds/C_img15.png,thin_white_clouds,708,train,False
swimcat_ext,swimcat_ext/Swimcat-extend/C-Thin White Clouds/C_img150.png,thin_white_clouds,757,val,False
swimcat_ext,swimcat_ext/Swimcat-extend/C-Thin White Clouds/C_img151.png,thin_white_clouds,751,val,False
swimcat_ext,swimcat_ext/Swimcat-extend/C-Thin White Clouds/C_img152.png,thin_white_clouds,754,train,False
swimcat_ext,swimcat_ext/Swimcat-extend/C-Thin White Clouds/C_img153.png,thin_white_clouds,760,test,False
swimcat_ext,swimcat_ext/Swimcat-extend/C-Thin White Clouds/C_img154.png,thin_white_clouds,754,train,False
swimcat_ext,swimcat_ext/Swimcat-extend/C-Thin White Clouds/C_img155.png,thin_white_clouds,757,val,False
swimcat_ext,swimcat_ext/Swimcat-extend/C-Thin White Clouds/C_img156.png,thin_white_clouds,763,train,False
swimcat_ext,swimcat_ext/Swimcat-extend/C-Thin White Clouds/C_img157.png,thin_white_clouds,764,train,False
swimcat_ext,swimcat_ext/Swimcat-extend/C-Thin White Clouds/C_img158.png,thin_white_clouds,760,test,False
swimcat_ext,swimcat_ext/Swimcat-extend/C-Thin White Clouds/C_img159.png,thin_white_clouds,760,test,False
swimcat_ext,swimcat_ext/Swimcat-extend/C-Thin White Clouds/C_img16.png,thin_white_clouds,767,train,False
swimcat_ext,swimcat_ext/Swimcat-extend/C-Thin White Clouds/C_img160.png,thin_white_clouds,768,train,False
swimcat_ext,swimcat_ext/Swimcat-extend/C-Thin White Clouds/C_img161.png,thin_white_clouds,769,train,False
swimcat_ext,swimcat_ext/Swimcat-extend/C-Thin White Clouds/C_img162.png,thin_white_clouds,770,val,False
swimcat_ext,swimcat_ext/Swimcat-extend/C-Thin White Clouds/C_img163.png,thin_white_clouds,771,train,False
swimcat_ext,swimcat_ext/Swimcat-extend/C-Thin White Clouds/C_img164.png,thin_white_clouds,760,test,False
swimcat_ext,swimcat_ext/Swimcat-extend/C-Thin White Clouds/C_img165.png,thin_white_clouds,763,train,False
swimcat_ext,swimcat_ext/Swimcat-extend/C-Thin White Clouds/C_img166.png,thin_white_clouds,774,train,False
swimcat_ext,swimcat_ext/Swimcat-extend/C-Thin White Clouds/C_img167.png,thin_white_clouds,774,train,False
swimcat_ext,swimcat_ext/Swimcat-extend/C-Thin White Clouds/C_img168.png,thin_white_clouds,776,train,False
swimcat_ext,swimcat_ext/Swimcat-extend/C-Thin White Clouds/C_img169.png,thin_white_clouds,777,train,False
swimcat_ext,swimcat_ext/Swimcat-extend/C-Thin White Clouds/C_img17.png,thin_white_clouds,778,test,False
swimcat_ext,swimcat_ext/Swimcat-extend/C-Thin White Clouds/C_img170.png,thin_white_clouds,779,val,False
swimcat_ext,swimcat_ext/Swimcat-extend/C-Thin White Clouds/C_img171.png,thin_white_clouds,780,train,False
swimcat_ext,swimcat_ext/Swimcat-extend/C-Thin White Clouds/C_img172.png,thin_white_clouds,781,train,False
swimcat_ext,swimcat_ext/Swimcat-extend/C-Thin White Clouds/C_img173.png,thin_white_clouds,782,train,False
swimcat_ext,swimcat_ext/Swimcat-extend/C-Thin White Clouds/C_img174.png,thin_white_clouds,783,train,False
swimcat_ext,swimcat_ext/Swimcat-extend/C-Thin White Clouds/C_img175.png,thin_white_clouds,784,train,False
swimcat_ext,swimcat_ext/Swimcat-extend/C-Thin White Clouds/C_img176.png,thin_white_clouds,768,train,False
swimcat_ext,swimcat_ext/Swimcat-extend/C-Thin White Clouds/C_img177.png,thin_white_clouds,784,train,False
swimcat_ext,swimcat_ext/Swimcat-extend/C-Thin White Clouds/C_img178.png,thin_white_clouds,787,train,False
swimcat_ext,swimcat_ext/Swimcat-extend/C-Thin White Clouds/C_img179.png,thin_white_clouds,788,train,False
swimcat_ext,swimcat_ext/Swimcat-extend/C-Thin White Clouds/C_img18.png,thin_white_clouds,719,train,False
swimcat_ext,swimcat_ext/Swimcat-extend/C-Thin White Clouds/C_img180.png,thin_white_clouds,790,train,False
swimcat_ext,swimcat_ext/Swimcat-extend/C-Thin White Clouds/C_img181.png,thin_white_clouds,790,train,False
swimcat_ext,swimcat_ext/Swimcat-extend/C-Thin White Clouds/C_img182.png,thin_white_clouds,792,train,False
swimcat_ext,swimcat_ext/Swimcat-extend/C-Thin White Clouds/C_img183.png,thin_white_clouds,793,test,False
swimcat_ext,swimcat_ext/Swimcat-extend/C-Thin White Clouds/C_img184.png,thin_white_clouds,794,train,False
swimcat_ext,swimcat_ext/Swimcat-extend/C-Thin White Clouds/C_img185.png,thin_white_clouds,795,train,False
swimcat_ext,swimcat_ext/Swimcat-extend/C-Thin White Clouds/C_img186.png,thin_white_clouds,795,train,False
swimcat_ext,swimcat_ext/Swimcat-extend/C-Thin White Clouds/C_img187.png,thin_white_clouds,797,train,False
swimcat_ext,swimcat_ext/Swimcat-extend/C-Thin White Clouds/C_img188.png,thin_white_clouds,769,train,False
swimcat_ext,swimcat_ext/Swimcat-extend/C-Thin White Clouds/C_img189.png,thin_white_clouds,799,train,False
swimcat_ext,swimcat_ext/Swimcat-extend/C-Thin White Clouds/C_img19.png,thin_white_clouds,720,val,False
swimcat_ext,swimcat_ext/Swimcat-extend/C-Thin White Clouds/C_img190.png,thin_white_clouds,801,train,False
swimcat_ext,swimcat_ext/Swimcat-extend/C-Thin White Clouds/C_img191.png,thin_white_clouds,802,val,False
swimcat_ext,swimcat_ext/Swimcat-extend/C-Thin White Clouds/C_img192.png,thin_white_clouds,803,train,False
swimcat_ext,swimcat_ext/Swimcat-extend/C-Thin White Clouds/C_img193.png,thin_white_clouds,803,train,False
swimcat_ext,swimcat_ext/Swimcat-extend/C-Thin White Clouds/C_img194.png,thin_white_clouds,805,val,False
swimcat_ext,swimcat_ext/Swimcat-extend/C-Thin White Clouds/C_img195.png,thin_white_clouds,806,train,False
swimcat_ext,swimcat_ext/Swimcat-extend/C-Thin White Clouds/C_img196.png,thin_white_clouds,770,val,False
swimcat_ext,swimcat_ext/Swimcat-extend/C-Thin White Clouds/C_img197.png,thin_white_clouds,801,train,False
swimcat_ext,swimcat_ext/Swimcat-extend/C-Thin White Clouds/C_img198.png,thin_white_clouds,809,test,False
swimcat_ext,swimcat_ext/Swimcat-extend/C-Thin White Clouds/C_img199.png,thin_white_clouds,810,train,False
swimcat_ext,swimcat_ext/Swimcat-extend/C-Thin White Clouds/C_img2.png,thin_white_clouds,811,test,False
swimcat_ext,swimcat_ext/Swimcat-extend/C-Thin White Clouds/C_img20.png,thin_white_clouds,720,val,False
swimcat_ext,swimcat_ext/Swimcat-extend/C-Thin White Clouds/C_img200.png,thin_white_clouds,813,train,False
swimcat_ext,swimcat_ext/Swimcat-extend/C-Thin White Clouds/C_img201.png,thin_white_clouds,814,train,False
swimcat_ext,swimcat_ext/Swimcat-extend/C-Thin White Clouds/C_img202.png,thin_white_clouds,779,val,False
swimcat_ext,swimcat_ext/Swimcat-extend/C-Thin White Clouds/C_img203.png,thin_white_clouds,729,train,False
swimcat_ext,swimcat_ext/Swimcat-extend/C-Thin White Clouds/C_img204.png,thin_white_clouds,780,train,False
swimcat_ext,swimcat_ext/Swimcat-extend/C-Thin White Clouds/C_img205.png,thin_white_clouds,792,train,False
swimcat_ext,swimcat_ext/Swimcat-extend/C-Thin White Clouds/C_img206.png,thin_white_clouds,752,train,False
swimcat_ext,swimcat_ext/Swimcat-extend/C-Thin White Clouds/C_img207.png,thin_white_clouds,820,train,False
swimcat_ext,swimcat_ext/Swimcat-extend/C-Thin White Clouds/C_img208.png,thin_white_clouds,821,train,False
swimcat_ext,swimcat_ext/Swimcat-extend/C-Thin White Clouds/C_img209.png,thin_white_clouds,822,train,False
swimcat_ext,swimcat_ext/Swimcat-extend/C-Thin White Clouds/C_img21.png,thin_white_clouds,722,train,False
swimcat_ext,swimcat_ext/Swimcat-extend/C-Thin White Clouds/C_img210.png,thin_white_clouds,776,train,False
swimcat_ext,swimcat_ext/Swimcat-extend/C-Thin White Clouds/C_img211.png,thin_white_clouds,825,train,False
swimcat_ext,swimcat_ext/Swimcat-extend/C-Thin White Clouds/C_img212.png,thin_white_clouds,826,train,False
swimcat_ext,swimcat_ext/Swimcat-extend/C-Thin White Clouds/C_img213.png,thin_white_clouds,827,train,False
swimcat_ext,swimcat_ext/Swimcat-extend/C-Thin White Clouds/C_img214.png,thin_white_clouds,828,train,False
swimcat_ext,swimcat_ext/Swimcat-extend/C-Thin White Clouds/C_img215.png,thin_white_clouds,829,train,False
swimcat_ext,swimcat_ext/Swimcat-extend/C-Thin White Clouds/C_img216.png,thin_white_clouds,830,test,False
swimcat_ext,swimcat_ext/Swimcat-extend/C-Thin White Clouds/C_img217.png,thin_white_clouds,831,train,False
swimcat_ext,swimcat_ext/Swimcat-extend/C-Thin White Clouds/C_img218.png,thin_white_clouds,832,train,False
swimcat_ext,swimcat_ext/Swimcat-extend/C-Thin White Clouds/C_img219.png,thin_white_clouds,833,train,False
swimcat_ext,swimcat_ext/Swimcat-extend/C-Thin White Clouds/C_img22.png,thin_white_clouds,737,train,False
swimcat_ext,swimcat_ext/Swimcat-extend/C-Thin White Clouds/C_img220.png,thin_white_clouds,835,train,False
swimcat_ext,swimcat_ext/Swimcat-extend/C-Thin White Clouds/C_img221.png,thin_white_clouds,836,train,False
swimcat_ext,swimcat_ext/Swimcat-extend/C-Thin White Clouds/C_img222.png,thin_white_clouds,836,train,False
swimcat_ext,swimcat_ext/Swimcat-extend/C-Thin White Clouds/C_img223.png,thin_white_clouds,838,val,False
swimcat_ext,swimcat_ext/Swimcat-extend/C-Thin White Clouds/C_img224.png,thin_white_clouds,839,train,False
swimcat_ext,swimcat_ext/Swimcat-extend/C-Thin White Clouds/C_img225.png,thin_white_clouds,840,val,False
swimcat_ext,swimcat_ext/Swimcat-extend/C-Thin White Clouds/C_img226.png,thin_white_clouds,841,train,False
swimcat_ext,swimcat_ext/Swimcat-extend/C-Thin White Clouds/C_img227.png,thin_white_clouds,842,train,False
swimcat_ext,swimcat_ext/Swimcat-extend/C-Thin White Clouds/C_img228.png,thin_white_clouds,843,train,False
swimcat_ext,swimcat_ext/Swimcat-extend/C-Thin White Clouds/C_img229.png,thin_white_clouds,706,train,False
swimcat_ext,swimcat_ext/Swimcat-extend/C-Thin White Clouds/C_img23.png,thin_white_clouds,723,train,False
swimcat_ext,swimcat_ext/Swimcat-extend/C-Thin White Clouds/C_img230.png,thin_white_clouds,706,train,False
swimcat_ext,swimcat_ext/Swimcat-extend/C-Thin White Clouds/C_img231.png,thin_white_clouds,847,test,False
swimcat_ext,swimcat_ext/Swimcat-extend/C-Thin White Clouds/C_img232.png,thin_white_clouds,708,train,False
swimcat_ext,swimcat_ext/Swimcat-extend/C-Thin White Clouds/C_img233.png,thin_white_clouds,737,train,False
swimcat_ext,swimcat_ext/Swimcat-extend/C-Thin White Clouds/C_img234.png,thin_white_clouds,742,train,False
swimcat_ext,swimcat_ext/Swimcat-extend/C-Thin White Clouds/C_img235.png,thin_white_clouds,742,train,False
swimcat_ext,swimcat_ext/Swimcat-extend/C-Thin White Clouds/C_img236.png,thin_white_clouds,852,train,False
swimcat_ext,swimcat_ext/Swimcat-extend/C-Thin White Clouds/C_img237.png,thin_white_clouds,853,val,False
swimcat_ext,swimcat_ext/Swimcat-extend/C-Thin White Clouds/C_img238.png,thin_white_clouds,854,val,False
swimcat_ext,swimcat_ext/Swimcat-extend/C-Thin White Clouds/C_img239.png,thin_white_clouds,855,train,False
swimcat_ext,swimcat_ext/Swimcat-extend/C-Thin White Clouds/C_img24.png,thin_white_clouds,856,test,False
swimcat_ext,swimcat_ext/Swimcat-extend/C-Thin White Clouds/C_img240.png,thin_white_clouds,843,train,False
swimcat_ext,swimcat_ext/Swimcat-extend/C-Thin White Clouds/C_img241.png,thin_white_clouds,781,train,False
swimcat_ext,swimcat_ext/Swimcat-extend/C-Thin White Clouds/C_img242.png,thin_white_clouds,847,test,False
swimcat_ext,swimcat_ext/Swimcat-extend/C-Thin White Clouds/C_img243.png,thin_white_clouds,860,val,False
swimcat_ext,swimcat_ext/Swimcat-extend/C-Thin White Clouds/C_img244.png,thin_white_clouds,861,train,False
swimcat_ext,swimcat_ext/Swimcat-extend/C-Thin White Clouds/C_img245.png,thin_white_clouds,861,train,False
swimcat_ext,swimcat_ext/Swimcat-extend/C-Thin White Clouds/C_img246.png,thin_white_clouds,863,test,False
swimcat_ext,swimcat_ext/Swimcat-extend/C-Thin White Clouds/C_img247.png,thin_white_clouds,864,val,False
swimcat_ext,swimcat_ext/Swimcat-extend/C-Thin White Clouds/C_img248.png,thin_white_clouds,779,val,False
swimcat_ext,swimcat_ext/Swimcat-extend/C-Thin White Clouds/C_img249.png,thin_white_clouds,780,train,False
swimcat_ext,swimcat_ext/Swimcat-extend/C-Thin White Clouds/C_img25.png,thin_white_clouds,778,test,False
swimcat_ext,swimcat_ext/Swimcat-extend/C-Thin White Clouds/C_img250.png,thin_white_clouds,868,train,False
swimcat_ext,swimcat_ext/Swimcat-extend/C-Thin White Clouds/C_img251.png,thin_white_clouds,869,test,False
swimcat_ext,swimcat_ext/Swimcat-extend/C-Thin White Clouds/C_img252.png,thin_white_clouds,870,train,False
swimcat_ext,swimcat_ext/Swimcat-extend/C-Thin White Clouds/C_img253.png,thin_white_clouds,871,train,False
swimcat_ext,swimcat_ext/Swimcat-extend/C-Thin White Clouds/C_img254.png,thin_white_clouds,872,train,False
swimcat_ext,swimcat_ext/Swimcat-extend/C-Thin White Clouds/C_img255.png,thin_white_clouds,873,val,False
swimcat_ext,swimcat_ext/Swimcat-extend/C-Thin White Clouds/C_img256.png,thin_white_clouds,760,test,False
swimcat_ext,swimcat_ext/Swimcat-extend/C-Thin White Clouds/C_img257.png,thin_white_clouds,760,test,False
swimcat_ext,swimcat_ext/Swimcat-extend/C-Thin White Clouds/C_img258.png,thin_white_clouds,768,train,False
swimcat_ext,swimcat_ext/Swimcat-extend/C-Thin White Clouds/C_img259.png,thin_white_clouds,769,train,False
swimcat_ext,swimcat_ext/Swimcat-extend/C-Thin White Clouds/C_img26.png,thin_white_clouds,709,train,False
swimcat_ext,swimcat_ext/Swimcat-extend/C-Thin White Clouds/C_img260.png,thin_white_clouds,811,test,False
swimcat_ext,swimcat_ext/Swimcat-extend/C-Thin White Clouds/C_img261.png,thin_white_clouds,770,val,False
swimcat_ext,swimcat_ext/Swimcat-extend/C-Thin White Clouds/C_img262.png,thin_white_clouds,771,train,False
swimcat_ext,swimcat_ext/Swimcat-extend/C-Thin White Clouds/C_img263.png,thin_white_clouds,774,train,False
swimcat_ext,swimcat_ext/Swimcat-extend/C-Thin White Clouds/C_img264.png,thin_white_clouds,883,train,False
swimcat_ext,swimcat_ext/Swimcat-extend/C-Thin White Clouds/C_img265.png,thin_white_clouds,884,train,False
swimcat_ext,swimcat_ext/Swimcat-extend/C-Thin White Clouds/C_img266.png,thin_white_clouds,774,train,False
swimcat_ext,swimcat_ext/Swimcat-extend/C-Thin White Clouds/C_img267.png,thin_white_clouds,814,train,False
swimcat_ext,swimcat_ext/Swimcat-extend/C-Thin White Clouds/C_img268.png,thin_white_clouds,777,train,False
swimcat_ext,swimcat_ext/Swimcat-extend/C-Thin White Clouds/C_img269.png,thin_white_clouds,779,val,False
swimcat_ext,swimcat_ext/Swimcat-extend/C-Thin White Clouds/C_img27.png,thin_white_clouds,710,train,False
swimcat_ext,swimcat_ext/Swimcat-extend/C-Thin White Clouds/C_img270.png,thin_white_clouds,780,train,False
swimcat_ext,swimcat_ext/Swimcat-extend/C-Thin White Clouds/C_img271.png,thin_white_clouds,868,train,False
swimcat_ext,swimcat_ext/Swimcat-extend/C-Thin White Clouds/C_img272.png,thin_white_clouds,869,test,False
swimcat_ext,swimcat_ext/Swimcat-extend/C-Thin White Clouds/C_img273.png,thin_white_clouds,856,test,False
swimcat_ext,swimcat_ext/Swimcat-extend/C-Thin White Clouds/C_img274.png,thin_white_clouds,872,train,False
swimcat_ext,swimcat_ext/Swimcat-extend/C-Thin White Clouds/C_img275.png,thin_white_clouds,895,train,False
swimcat_ext,swimcat_ext/Swimcat-extend/C-Thin White Clouds/C_img276.png,thin_white_clouds,873,val,False
swimcat_ext,swimcat_ext/Swimcat-extend/C-Thin White Clouds/C_img277.png,thin_white_clouds,820,train,False
swimcat_ext,swimcat_ext/Swimcat-extend/C-Thin White Clouds/C_img278.png,thin_white_clouds,898,val,False
swimcat_ext,swimcat_ext/Swimcat-extend/C-Thin White Clouds/C_img279.png,thin_white_clouds,898,val,False
swimcat_ext,swimcat_ext/Swimcat-extend/C-Thin White Clouds/C_img28.png,thin_white_clouds,710,train,False
swimcat_ext,swimcat_ext/Swimcat-extend/C-Thin White Clouds/C_img280.png,thin_white_clouds,901,train,False
swimcat_ext,swimcat_ext/Swimcat-extend/C-Thin White Clouds/C_img281.png,thin_white_clouds,718,val,False
swimcat_ext,swimcat_ext/Swimcat-extend/C-Thin White Clouds/C_img282.png,thin_white_clouds,903,val,False
swimcat_ext,swimcat_ext/Swimcat-extend/C-Thin White Clouds/C_img283.png,thin_white_clouds,904,val,False
swimcat_ext,swimcat_ext/Swimcat-extend/C-Thin White Clouds/C_img284.png,thin_white_clouds,905,train,False
swimcat_ext,swimcat_ext/Swimcat-extend/C-Thin White Clouds/C_img285.png,thin_white_clouds,905,train,False
swimcat_ext,swimcat_ext/Swimcat-extend/C-Thin White Clouds/C_img286.png,thin_white_clouds,907,train,False
swimcat_ext,swimcat_ext/Swimcat-extend/C-Thin White Clouds/C_img287.png,thin_white_clouds,825,train,False
swimcat_ext,swimcat_ext/Swimcat-extend/C-Thin White Clouds/C_img288.png,thin_white_clouds,909,train,False
swimcat_ext,swimcat_ext/Swimcat-extend/C-Thin White Clouds/C_img289.png,thin_white_clouds,910,test,False
swimcat_ext,swimcat_ext/Swimcat-extend/C-Thin White Clouds/C_img29.png,thin_white_clouds,717,test,False
swimcat_ext,swimcat_ext/Swimcat-extend/C-Thin White Clouds/C_img290.png,thin_white_clouds,822,train,False
swimcat_ext,swimcat_ext/Swimcat-extend/C-Thin White Clouds/C_img291.png,thin_white_clouds,910,test,False
swimcat_ext,swimcat_ext/Swimcat-extend/C-Thin White Clouds/C_img292.png,thin_white_clouds,733,train,False
swimcat_ext,swimcat_ext/Swimcat-extend/C-Thin White Clouds/C_img293.png,thin_white_clouds,915,train,False
swimcat_ext,swimcat_ext/Swimcat-extend/C-Thin White Clouds/C_img294.png,thin_white_clouds,915,train,False
swimcat_ext,swimcat_ext/Swimcat-extend/C-Thin White Clouds/C_img295.png,thin_white_clouds,917,test,False
swimcat_ext,swimcat_ext/Swimcat-extend/C-Thin White Clouds/C_img296.png,thin_white_clouds,918,train,False
swimcat_ext,swimcat_ext/Swimcat-extend/C-Thin White Clouds/C_img297.png,thin_white_clouds,919,train,False
swimcat_ext,swimcat_ext/Swimcat-extend/C-Thin White Clouds/C_img298.png,thin_white_clouds,920,train,False
swimcat_ext,swimcat_ext/Swimcat-extend/C-Thin White Clouds/C_img299.png,thin_white_clouds,921,train,False
swimcat_ext,swimcat_ext/Swimcat-extend/C-Thin White Clouds/C_img3.png,thin_white_clouds,840,val,False
swimcat_ext,swimcat_ext/Swimcat-extend/C-Thin White Clouds/C_img30.png,thin_white_clouds,731,test,False
swimcat_ext,swimcat_ext/Swimcat-extend/C-Thin White Clouds/C_img300.png,thin_white_clouds,909,train,False
swimcat_ext,swimcat_ext/Swimcat-extend/C-Thin White Clouds/C_img301.png,thin_white_clouds,925,train,False
swimcat_ext,swimcat_ext/Swimcat-extend/C-Thin White Clouds/C_img302.png,thin_white_clouds,926,train,False
swimcat_ext,swimcat_ext/Swimcat-extend/C-Thin White Clouds/C_img303.png,thin_white_clouds,792,train,False
swimcat_ext,swimcat_ext/Swimcat-extend/C-Thin White Clouds/C_img304.png,thin_white_clouds,928,train,False
swimcat_ext,swimcat_ext/Swimcat-extend/C-Thin White Clouds/C_img305.png,thin_white_clouds,926,train,False
swimcat_ext,swimcat_ext/Swimcat-extend/C-Thin White Clouds/C_img306.png,thin_white_clouds,930,train,False
swimcat_ext,swimcat_ext/Swimcat-extend/C-Thin White Clouds/C_img307.png,thin_white_clouds,931,test,False
swimcat_ext,swimcat_ext/Swimcat-extend/C-Thin White Clouds/C_img308.png,thin_white_clouds,931,test,False
swimcat_ext,swimcat_ext/Swimcat-extend/C-Thin White Clouds/C_img309.png,thin_white_clouds,933,train,False
swimcat_ext,swimcat_ext/Swimcat-extend/C-Thin White Clouds/C_img31.png,thin_white_clouds,732,train,False
swimcat_ext,swimcat_ext/Swimcat-extend/C-Thin White Clouds/C_img310.png,thin_white_clouds,826,train,False
swimcat_ext,swimcat_ext/Swimcat-extend/C-Thin White Clouds/C_img311.png,thin_white_clouds,827,train,False
swimcat_ext,swimcat_ext/Swimcat-extend/C-Thin White Clouds/C_img312.png,thin_white_clouds,937,train,False
swimcat_ext,swimcat_ext/Swimcat-extend/C-Thin White Clouds/C_img313.png,thin_white_clouds,938,train,False
swimcat_ext,swimcat_ext/Swimcat-extend/C-Thin White Clouds/C_img314.png,thin_white_clouds,743,train,False
swimcat_ext,swimcat_ext/Swimcat-extend/C-Thin White Clouds/C_img315.png,thin_white_clouds,938,train,False
swimcat_ext,swimcat_ext/Swimcat-extend/C-Thin White Clouds/C_img316.png,thin_white_clouds,941,train,False
swimcat_ext,swimcat_ext/Swimcat-extend/C-Thin White Clouds/C_img317.png,thin_white_clouds,728,val,False
swimcat_ext,swimcat_ext/Swimcat-extend/C-Thin White Clouds/C_img318.png,thin_white_clouds,941,train,False
swimcat_ext,swimcat_ext/Swimcat-extend/C-Thin White Clouds/C_img319.png,thin_white_clouds,944,train,False
swimcat_ext,swimcat_ext/Swimcat-extend/C-Thin White Clouds/C_img32.png,thin_white_clouds,732,train,False
swimcat_ext,swimcat_ext/Swimcat-extend/C-Thin White Clouds/C_img320.png,thin_white_clouds,946,test,False
swimcat_ext,swimcat_ext/Swimcat-extend/C-Thin White Clouds/C_img321.png,thin_white_clouds,947,train,False
swimcat_ext,swimcat_ext/Swimcat-extend/C-Thin White Clouds/C_img322.png,thin_white_clouds,828,train,False
swimcat_ext,swimcat_ext/Swimcat-extend/C-Thin White Clouds/C_img323.png,thin_white_clouds,949,train,False
swimcat_ext,swimcat_ext/Swimcat-extend/C-Thin White Clouds/C_img324.png,thin_white_clouds,937,train,False
swimcat_ext,swimcat_ext/Swimcat-extend/C-Thin White Clouds/C_img325.png,thin_white_clouds,753,val,False
swimcat_ext,swimcat_ext/Swimcat-extend/C-Thin White Clouds/C_img326.png,thin_white_clouds,952,test,False
swimcat_ext,swimcat_ext/Swimcat-extend/C-Thin White Clouds/C_img327.png,thin_white_clouds,952,test,False
swimcat_ext,swimcat_ext/Swimcat-extend/C-Thin White Clouds/C_img328.png,thin_white_clouds,954,train,False
swimcat_ext,swimcat_ext/Swimcat-extend/C-Thin White Clouds/C_img329.png,thin_white_clouds,955,test,False
swimcat_ext,swimcat_ext/Swimcat-extend/C-Thin White Clouds/C_img33.png,thin_white_clouds,736,test,False
swimcat_ext,swimcat_ext/Swimcat-extend/C-Thin White Clouds/C_img330.png,thin_white_clouds,728,val,False
swimcat_ext,swimcat_ext/Swimcat-extend/C-Thin White Clouds/C_img331.png,thin_white_clouds,958,train,False
swimcat_ext,swimcat_ext/Swimcat-extend/C-Thin White Clouds/C_img332.png,thin_white_clouds,958,train,False
swimcat_ext,swimcat_ext/Swimcat-extend/C-Thin White Clouds/C_img333.png,thin_white_clouds,960,train,False
swimcat_ext,swimcat_ext/Swimcat-extend/C-Thin White Clouds/C_img334.png,thin_white_clouds,830,test,False
swimcat_ext,swimcat_ext/Swimcat-extend/C-Thin White Clouds/C_img335.png,thin_white_clouds,831,train,False
swimcat_ext,swimcat_ext/Swimcat-extend/C-Thin White Clouds/C_img336.png,thin_white_clouds,864,val,False
swimcat_ext,swimcat_ext/Swimcat-extend/C-Thin White Clouds/C_img337.png,thin_white_clouds,964,train,False
swimcat_ext,swimcat_ext/Swimcat-extend/C-Thin White Clouds/C_img338.png,thin_white_clouds,965,train,False
swimcat_ext,swimcat_ext/Swimcat-extend/C-Thin White Clouds/C_img339.png,thin_white_clouds,966,train,False
swimcat_ext,swimcat_ext/Swimcat-extend/C-Thin White Clouds/C_img34.png,thin_white_clouds,741,test,False
swimcat_ext,swimcat_ext/Swimcat-extend/C-Thin White Clouds/C_img340.png,thin_white_clouds,832,train,False
swimcat_ext,swimcat_ext/Swimcat-extend/C-Thin White Clouds/C_img341.png,thin_white_clouds,836,train,False
swimcat_ext,swimcat_ext/Swimcat-extend/C-Thin White Clouds/C_img342.png,thin_white_clouds,836,train,False
swimcat_ext,swimcat_ext/Swimcat-extend/C-Thin White Clouds/C_img343.png,thin_white_clouds,971,train,False
swimcat_ext,swimcat_ext/Swimcat-extend/C-Thin White Clouds/C_img344.png,thin_white_clouds,776,train,False
swimcat_ext,swimcat_ext/Swimcat-extend/C-Thin White Clouds/C_img345.png,thin_white_clouds,838,val,False
swimcat_ext,swimcat_ext/Swimcat-extend/C-Thin White Clouds/C_img346.png,thin_white_clouds,839,train,False
swimcat_ext,swimcat_ext/Swimcat-extend/C-Thin White Clouds/C_img347.png,thin_white_clouds,946,test,False
swimcat_ext,swimcat_ext/Swimcat-extend/C-Thin White Clouds/C_img348.png,thin_white_clouds,976,train,False
swimcat_ext,swimcat_ext/Swimcat-extend/C-Thin White Clouds/C_img349.png,thin_white_clouds,977,val,False
swimcat_ext,swimcat_ext/Swimcat-extend/C-Thin White Clouds/C_img35.png,thin_white_clouds,715,test,False
swimcat_ext,swimcat_ext/Swimcat-extend/C-Thin White Clouds/C_img350.png,thin_white_clouds,979,train,False
swimcat_ext,swimcat_ext/Swimcat-extend/C-Thin White Clouds/C_img36.png,thin_white_clouds,788,train,False
swimcat_ext,swimcat_ext/Swimcat-extend/C-Thin White Clouds/C_img37.png,thin_white_clouds,981,train,False
swimcat_ext,swimcat_ext/Swimcat-extend/C-Thin White Clouds/C_img38.png,thin_white_clouds,742,train,False
swimcat_ext,swimcat_ext/Swimcat-extend/C-Thin White Clouds/C_img39.png,thin_white_clouds,742,train,False
swimcat_ext,swimcat_ext/Swimcat-extend/C-Thin White Clouds/C_img4.png,thin_white_clouds,964,train,False
swimcat_ext,swimcat_ext/Swimcat-extend/C-Thin White Clouds/C_img40.png,thin_white_clouds,746,train,False
swimcat_ext,swimcat_ext/Swimcat-extend/C-Thin White Clouds/C_img41.png,thin_white_clouds,986,train,False
swimcat_ext,swimcat_ext/Swimcat-extend/C-Thin White Clouds/C_img42.png,thin_white_clouds,747,train,False
swimcat_ext,swimcat_ext/Swimcat-extend/C-Thin White Clouds/C_img43.png,thin_white_clouds,981,train,False
swimcat_ext,swimcat_ext/Swimcat-extend/C-Thin White Clouds/C_img44.png,thin_white_clouds,989,train,False
swimcat_ext,swimcat_ext/Swimcat-extend/C-Thin White Clouds/C_img45.png,thin_white_clouds,990,test,False
swimcat_ext,swimcat_ext/Swimcat-extend/C-Thin White Clouds/C_img46.png,thin_white_clouds,734,train,False
swimcat_ext,swimcat_ext/Swimcat-extend/C-Thin White Clouds/C_img47.png,thin_white_clouds,852,train,False
swimcat_ext,swimcat_ext/Swimcat-extend/C-Thin White Clouds/C_img48.png,thin_white_clouds,853,val,False
swimcat_ext,swimcat_ext/Swimcat-extend/C-Thin White Clouds/C_img49.png,thin_white_clouds,854,val,False
swimcat_ext,swimcat_ext/Swimcat-extend/C-Thin White Clouds/C_img5.png,thin_white_clouds,841,train,False
swimcat_ext,swimcat_ext/Swimcat-extend/C-Thin White Clouds/C_img50.png,thin_white_clouds,996,train,False
swimcat_ext,swimcat_ext/Swimcat-extend/C-Thin White Clouds/C_img51.png,thin_white_clouds,996,train,False
swimcat_ext,swimcat_ext/Swimcat-extend/C-Thin White Clouds/C_img52.png,thin_white_clouds,998,train,False
swimcat_ext,swimcat_ext/Swimcat-extend/C-Thin White Clouds/C_img53.png,thin_white_clouds,999,val,False
swimcat_ext,swimcat_ext/Swimcat-extend/C-Thin White Clouds/C_img54.png,thin_white_clouds,1000,train,False
swimcat_ext,swimcat_ext/Swimcat-extend/C-Thin White Clouds/C_img55.png,thin_white_clouds,1001,train,False
swimcat_ext,swimcat_ext/Swimcat-extend/C-Thin White Clouds/C_img56.png,thin_white_clouds,801,train,False
swimcat_ext,swimcat_ext/Swimcat-extend/C-Thin White Clouds/C_img57.png,thin_white_clouds,752,train,False
swimcat_ext,swimcat_ext/Swimcat-extend/C-Thin White Clouds/C_img58.png,thin_white_clouds,1004,train,False
swimcat_ext,swimcat_ext/Swimcat-extend/C-Thin White Clouds/C_img59.png,thin_white_clouds,1005,train,False
swimcat_ext,swimcat_ext/Swimcat-extend/C-Thin White Clouds/C_img6.png,thin_white_clouds,1006,val,False
swimcat_ext,swimcat_ext/Swimcat-extend/C-Thin White Clouds/C_img60.png,thin_white_clouds,1007,train,False
swimcat_ext,swimcat_ext/Swimcat-extend/C-Thin White Clouds/C_img61.png,thin_white_clouds,855,train,False
swimcat_ext,swimcat_ext/Swimcat-extend/C-Thin White Clouds/C_img62.png,thin_white_clouds,1009,train,False
swimcat_ext,swimcat_ext/Swimcat-extend/C-Thin White Clouds/C_img63.png,thin_white_clouds,1010,train,False
swimcat_ext,swimcat_ext/Swimcat-extend/C-Thin White Clouds/C_img64.png,thin_white_clouds,1011,train,False
swimcat_ext,swimcat_ext/Swimcat-extend/C-Thin White Clouds/C_img65.png,thin_white_clouds,781,train,False
swimcat_ext,swimcat_ext/Swimcat-extend/C-Thin White Clouds/C_img66.png,thin_white_clouds,821,train,False
swimcat_ext,swimcat_ext/Swimcat-extend/C-Thin White Clouds/C_img67.png,thin_white_clouds,1014,train,False
swimcat_ext,swimcat_ext/Swimcat-extend/C-Thin White Clouds/C_img68.png,thin_white_clouds,820,train,False
swimcat_ext,swimcat_ext/Swimcat-extend/C-Thin White Clouds/C_img69.png,thin_white_clouds,1014,train,False
swimcat_ext,swimcat_ext/Swimcat-extend/C-Thin White Clouds/C_img7.png,thin_white_clouds,1006,val,False
swimcat_ext,swimcat_ext/Swimcat-extend/C-Thin White Clouds/C_img70.png,thin_white_clouds,860,val,False
swimcat_ext,swimcat_ext/Swimcat-extend/C-Thin White Clouds/C_img71.png,thin_white_clouds,1019,train,False
swimcat_ext,swimcat_ext/Swimcat-extend/C-Thin White Clouds/C_img72.png,thin_white_clouds,861,train,False
swimcat_ext,swimcat_ext/Swimcat-extend/C-Thin White Clouds/C_img73.png,thin_white_clouds,861,train,False
swimcat_ext,swimcat_ext/Swimcat-extend/C-Thin White Clouds/C_img74.png,thin_white_clouds,1022,test,False
swimcat_ext,swimcat_ext/Swimcat-extend/C-Thin White Clouds/C_img75.png,thin_white_clouds,1010,train,False
swimcat_ext,swimcat_ext/Swimcat-extend/C-Thin White Clouds/C_img76.png,thin_white_clouds,1024,train,False
swimcat_ext,swimcat_ext/Swimcat-extend/C-Thin White Clouds/C_img77.png,thin_white_clouds,1025,test,False
swimcat_ext,swimcat_ext/Swimcat-extend/C-Thin White Clouds/C_img78.png,thin_white_clouds,1025,test,False
swimcat_ext,swimcat_ext/Swimcat-extend/C-Thin White Clouds/C_img79.png,thin_white_clouds,822,train,False
swimcat_ext,swimcat_ext/Swimcat-extend/C-Thin White Clouds/C_img8.png,thin_white_clouds,842,train,False
swimcat_ext,swimcat_ext/Swimcat-extend/C-Thin White Clouds/C_img80.png,thin_white_clouds,835,train,False
swimcat_ext,swimcat_ext/Swimcat-extend/C-Thin White Clouds/C_img81.png,thin_white_clouds,1030,train,False
swimcat_ext,swimcat_ext/Swimcat-extend/C-Thin White Clouds/C_img82.png,thin_white_clouds,1031,train,False
swimcat_ext,swimcat_ext/Swimcat-extend/C-Thin White Clouds/C_img83.png,thin_white_clouds,1031,train,False
swimcat_ext,swimcat_ext/Swimcat-extend/C-Thin White Clouds/C_img84.png,thin_white_clouds,847,test,False
swimcat_ext,swimcat_ext/Swimcat-extend/C-Thin White Clouds/C_img85.png,thin_white_clouds,847,test,False
swimcat_ext,swimcat_ext/Swimcat-extend/C-Thin White Clouds/C_img86.png,thin_white_clouds,1035,train,False
swimcat_ext,swimcat_ext/Swimcat-extend/C-Thin White Clouds/C_img87.png,thin_white_clouds,1036,train,False
swimcat_ext,swimcat_ext/Swimcat-extend/C-Thin White Clouds/C_img88.png,thin_white_clouds,871,train,False
swimcat_ext,swimcat_ext/Swimcat-extend/C-Thin White Clouds/C_img89.png,thin_white_clouds,883,train,False
swimcat_ext,swimcat_ext/Swimcat-extend/C-Thin White Clouds/C_img9.png,thin_white_clouds,1039,train,False
swimcat_ext,swimcat_ext/Swimcat-extend/C-Thin White Clouds/C_img90.png,thin_white_clouds,928,train,False
swimcat_ext,swimcat_ext/Swimcat-extend/C-Thin White Clouds/C_img91.png,thin_white_clouds,898,val,False
swimcat_ext,swimcat_ext/Swimcat-extend/C-Thin White Clouds/C_img92.png,thin_white_clouds,898,val,False
swimcat_ext,swimcat_ext/Swimcat-extend/C-Thin White Clouds/C_img93.png,thin_white_clouds,903,val,False
swimcat_ext,swimcat_ext/Swimcat-extend/C-Thin White Clouds/C_img94.png,thin_white_clouds,904,val,False
swimcat_ext,swimcat_ext/Swimcat-extend/C-Thin White Clouds/C_img95.png,thin_white_clouds,1045,train,False
swimcat_ext,swimcat_ext/Swimcat-extend/C-Thin White Clouds/C_img96.png,thin_white_clouds,905,train,False
swimcat_ext,swimcat_ext/Swimcat-extend/C-Thin White Clouds/C_img97.png,thin_white_clouds,905,train,False
swimcat_ext,swimcat_ext/Swimcat-extend/C-Thin White Clouds/C_img98.png,thin_white_clouds,907,train,False
swimcat_ext,swimcat_ext/Swimcat-extend/C-Thin White Clouds/C_img99.png,thin_white_clouds,1036,train,False
swimcat_ext,swimcat_ext/Swimcat-extend/D-Thick White Clouds/D_img1.png,thick_white_clouds,1050,test,False
swimcat_ext,swimcat_ext/Swimcat-extend/D-Thick White Clouds/D_img10.png,thick_white_clouds,1051,train,False
swimcat_ext,swimcat_ext/Swimcat-extend/D-Thick White Clouds/D_img100.png,thick_white_clouds,1052,train,False
swimcat_ext,swimcat_ext/Swimcat-extend/D-Thick White Clouds/D_img101.png,thick_white_clouds,1053,test,False
swimcat_ext,swimcat_ext/Swimcat-extend/D-Thick White Clouds/D_img102.png,thick_white_clouds,1054,test,False
swimcat_ext,swimcat_ext/Swimcat-extend/D-Thick White Clouds/D_img103.png,thick_white_clouds,1055,train,False
swimcat_ext,swimcat_ext/Swimcat-extend/D-Thick White Clouds/D_img104.png,thick_white_clouds,1053,test,False
swimcat_ext,swimcat_ext/Swimcat-extend/D-Thick White Clouds/D_img105.png,thick_white_clouds,1057,train,False
swimcat_ext,swimcat_ext/Swimcat-extend/D-Thick White Clouds/D_img106.png,thick_white_clouds,1058,train,False
swimcat_ext,swimcat_ext/Swimcat-extend/D-Thick White Clouds/D_img107.png,thick_white_clouds,1058,train,False
swimcat_ext,swimcat_ext/Swimcat-extend/D-Thick White Clouds/D_img108.png,thick_white_clouds,1060,train,False
swimcat_ext,swimcat_ext/Swimcat-extend/D-Thick White Clouds/D_img109.png,thick_white_clouds,1061,train,False
swimcat_ext,swimcat_ext/Swimcat-extend/D-Thick White Clouds/D_img11.png,thick_white_clouds,1062,train,False
swimcat_ext,swimcat_ext/Swimcat-extend/D-Thick White Clouds/D_img110.png,thick_white_clouds,1061,train,False
swimcat_ext,swimcat_ext/Swimcat-extend/D-Thick White Clouds/D_img111.png,thick_white_clouds,1064,train,False
swimcat_ext,swimcat_ext/Swimcat-extend/D-Thick White Clouds/D_img112.png,thick_white_clouds,1065,test,False
swimcat_ext,swimcat_ext/Swimcat-extend/D-Thick White Clouds/D_img113.png,thick_white_clouds,1065,test,False
swimcat_ext,swimcat_ext/Swimcat-extend/D-Thick White Clouds/D_img114.png,thick_white_clouds,1055,train,False
swimcat_ext,swimcat_ext/Swimcat-extend/D-Thick White Clouds/D_img115.png,thick_white_clouds,1068,train,False
swimcat_ext,swimcat_ext/Swimcat-extend/D-Thick White Clouds/D_img116.png,thick_white_clouds,1068,train,False
swimcat_ext,swimcat_ext/Swimcat-extend/D-Thick White Clouds/D_img117.png,thick_white_clouds,1070,val,False
swimcat_ext,swimcat_ext/Swimcat-extend/D-Thick White Clouds/D_img118.png,thick_white_clouds,1071,train,False
swimcat_ext,swimcat_ext/Swimcat-extend/D-Thick White Clouds/D_img119.png,thick_white_clouds,1071,train,False
swimcat_ext,swimcat_ext/Swimcat-extend/D-Thick White Clouds/D_img12.png,thick_white_clouds,1062,train,False
swimcat_ext,swimcat_ext/Swimcat-extend/D-Thick White Clouds/D_img120.png,thick_white_clouds,1074,train,False
swimcat_ext,swimcat_ext/Swimcat-extend/D-Thick White Clouds/D_img121.png,thick_white_clouds,1075,train,False
swimcat_ext,swimcat_ext/Swimcat-extend/D-Thick White Clouds/D_img122.png,thick_white_clouds,1075,train,False
swimcat_ext,swimcat_ext/Swimcat-extend/D-Thick White Clouds/D_img123.png,thick_white_clouds,1077,val,False
swimcat_ext,swimcat_ext/Swimcat-extend/D-Thick White Clouds/D_img124.png,thick_white_clouds,1078,train,False
swimcat_ext,swimcat_ext/Swimcat-extend/D-Thick White Clouds/D_img125.png,thick_white_clouds,1079,train,False
swimcat_ext,swimcat_ext/Swimcat-extend/D-Thick White Clouds/D_img126.png,thick_white_clouds,1080,train,False
swimcat_ext,swimcat_ext/Swimcat-extend/D-Thick White Clouds/D_img127.png,thick_white_clouds,1080,train,False
swimcat_ext,swimcat_ext/Swimcat-extend/D-Thick White Clouds/D_img128.png,thick_white_clouds,1082,test,False
swimcat_ext,swimcat_ext/Swimcat-extend/D-Thick White Clouds/D_img129.png,thick_white_clouds,1083,train,False
swimcat_ext,swimcat_ext/Swimcat-extend/D-Thick White Clouds/D_img13.png,thick_white_clouds,1084,train,False
swimcat_ext,swimcat_ext/Swimcat-extend/D-Thick White Clouds/D_img130.png,thick_white_clouds,1085,train,False
swimcat_ext,swimcat_ext/Swimcat-extend/D-Thick White Clouds/D_img131.png,thick_white_clouds,1082,test,False
swimcat_ext,swimcat_ext/Swimcat-extend/D-Thick White Clouds/D_img132.png,thick_white_clouds,1087,train,False
swimcat_ext,swimcat_ext/Swimcat-extend/D-Thick White Clouds/D_img133.png,thick_white_clouds,1087,train,False
swimcat_ext,swimcat_ext/Swimcat-extend/D-Thick White Clouds/D_img134.png,thick_white_clouds,1089,train,False
swimcat_ext,swimcat_ext/Swimcat-extend/D-Thick White Clouds/D_img135.png,thick_white_clouds,1090,val,False
swimcat_ext,swimcat_ext/Swimcat-extend/D-Thick White Clouds/D_img136.png,thick_white_clouds,1079,train,False
swimcat_ext,swimcat_ext/Swimcat-extend/D-Thick White Clouds/D_img137.png,thick_white_clouds,1090,val,False
swimcat_ext,swimcat_ext/Swimcat-extend/D-Thick White Clouds/D_img138.png,thick_white_clouds,1093,train,False
swimcat_ext,swimcat_ext/Swimcat-extend/D-Thick White Clouds/D_img139.png,thick_white_clouds,1094,train,False
swimcat_ext,swimcat_ext/Swimcat-extend/D-Thick White Clouds/D_img14.png,thick_white_clouds,1095,train,False
swimcat_ext,swimcat_ext/Swimcat-extend/D-Thick White Clouds/D_img140.png,thick_white_clouds,1094,train,False
swimcat_ext,swimcat_ext/Swimcat-extend/D-Thick White Clouds/D_img141.png,thick_white_clouds,1097,val,False
swimcat_ext,swimcat_ext/Swimcat-extend/D-Thick White Clouds/D_img142.png,thick_white_clouds,1098,val,False
swimcat_ext,swimcat_ext/Swimcat-extend/D-Thick White Clouds/D_img143.png,thick_white_clouds,1099,val,False
swimcat_ext,swimcat_ext/Swimcat-extend/D-Thick White Clouds/D_img144.png,thick_white_clouds,1100,train,False
swimcat_ext,swimcat_ext/Swimcat-extend/D-Thick White Clouds/D_img145.png,thick_white_clouds,1100,train,False
swimcat_ext,swimcat_ext/Swimcat-extend/D-Thick White Clouds/D_img146.png,thick_white_clouds,1102,train,False
swimcat_ext,swimcat_ext/Swimcat-extend/D-Thick White Clouds/D_img147.png,thick_white_clouds,1103,train,False
swimcat_ext,swimcat_ext/Swimcat-extend/D-Thick White Clouds/D_img148.png,thick_white_clouds,1104,train,False
swimcat_ext,swimcat_ext/Swimcat-extend/D-Thick White Clouds/D_img149.png,thick_white_clouds,1105,train,False
swimcat_ext,swimcat_ext/Swimcat-extend/D-Thick White Clouds/D_img15.png,thick_white_clouds,1106,train,False
swimcat_ext,swimcat_ext/Swimcat-extend/D-Thick White Clouds/D_img150.png,thick_white_clouds,1105,train,False
swimcat_ext,swimcat_ext/Swimcat-extend/D-Thick White Clouds/D_img151.png,thick_white_clouds,1108,train,False
swimcat_ext,swimcat_ext/Swimcat-extend/D-Thick White Clouds/D_img152.png,thick_white_clouds,1109,train,False
swimcat_ext,swimcat_ext/Swimcat-extend/D-Thick White Clouds/D_img153.png,thick_white_clouds,1110,train,False
swimcat_ext,swimcat_ext/Swimcat-extend/D-Thick White Clouds/D_img154.png,thick_white_clouds,1098,val,False
swimcat_ext,swimcat_ext/Swimcat-extend/D-Thick White Clouds/D_img155.png,thick_white_clouds,1112,test,False
swimcat_ext,swimcat_ext/Swimcat-extend/D-Thick White Clouds/D_img156.png,thick_white_clouds,1113,val,False
swimcat_ext,swimcat_ext/Swimcat-extend/D-Thick White Clouds/D_img157.png,thick_white_clouds,1114,test,False
swimcat_ext,swimcat_ext/Swimcat-extend/D-Thick White Clouds/D_img158.png,thick_white_clouds,1115,train,False
swimcat_ext,swimcat_ext/Swimcat-extend/D-Thick White Clouds/D_img159.png,thick_white_clouds,1114,test,False
swimcat_ext,swimcat_ext/Swimcat-extend/D-Thick White Clouds/D_img16.png,thick_white_clouds,1117,test,False
swimcat_ext,swimcat_ext/Swimcat-extend/D-Thick White Clouds/D_img160.png,thick_white_clouds,1118,test,False
swimcat_ext,swimcat_ext/Swimcat-extend/D-Thick White Clouds/D_img161.png,thick_white_clouds,1119,train,False
swimcat_ext,swimcat_ext/Swimcat-extend/D-Thick White Clouds/D_img162.png,thick_white_clouds,1120,train,False
swimcat_ext,swimcat_ext/Swimcat-extend/D-Thick White Clouds/D_img163.png,thick_white_clouds,1120,train,False
swimcat_ext,swimcat_ext/Swimcat-extend/D-Thick White Clouds/D_img164.png,thick_white_clouds,1122,val,False
swimcat_ext,swimcat_ext/Swimcat-extend/D-Thick White Clouds/D_img165.png,thick_white_clouds,1123,train,False
swimcat_ext,swimcat_ext/Swimcat-extend/D-Thick White Clouds/D_img166.png,thick_white_clouds,1124,train,False
swimcat_ext,swimcat_ext/Swimcat-extend/D-Thick White Clouds/D_img167.png,thick_white_clouds,1083,train,False
swimcat_ext,swimcat_ext/Swimcat-extend/D-Thick White Clouds/D_img168.png,thick_white_clouds,1124,train,False
swimcat_ext,swimcat_ext/Swimcat-extend/D-Thick White Clouds/D_img169.png,thick_white_clouds,1115,train,False
swimcat_ext,swimcat_ext/Swimcat-extend/D-Thick White Clouds/D_img17.png,thick_white_clouds,1128,train,False
swimcat_ext,swimcat_ext/Swimcat-extend/D-Thick White Clouds/D_img170.png,thick_white_clouds,1129,train,False
swimcat_ext,swimcat_ext/Swimcat-extend/D-Thick White Clouds/D_img171.png,thick_white_clouds,1130,val,False
swimcat_ext,swimcat_ext/Swimcat-extend/D-Thick White Clouds/D_img172.png,thick_white_clouds,1131,val,False
swimcat_ext,swimcat_ext/Swimcat-extend/D-Thick White Clouds/D_img173.png,thick_white_clouds,1131,val,False
swimcat_ext,swimcat_ext/Swimcat-extend/D-Thick White Clouds/D_img174.png,thick_white_clouds,1133,test,False
swimcat_ext,swimcat_ext/Swimcat-extend/D-Thick White Clouds/D_img175.png,thick_white_clouds,1134,test,False
swimcat_ext,swimcat_ext/Swimcat-extend/D-Thick White Clouds/D_img176.png,thick_white_clouds,1135,train,False
swimcat_ext,swimcat_ext/Swimcat-extend/D-Thick White Clouds/D_img177.png,thick_white_clouds,1135,train,False
swimcat_ext,swimcat_ext/Swimcat-extend/D-Thick White Clouds/D_img178.png,thick_white_clouds,1137,test,False
swimcat_ext,swimcat_ext/Swimcat-extend/D-Thick White Clouds/D_img179.png,thick_white_clouds,1138,val,False
swimcat_ext,swimcat_ext/Swimcat-extend/D-Thick White Clouds/D_img18.png,thick_white_clouds,1139,train,False
swimcat_ext,swimcat_ext/Swimcat-extend/D-Thick White Clouds/D_img180.png,thick_white_clouds,1140,train,False
swimcat_ext,swimcat_ext/Swimcat-extend/D-Thick White Clouds/D_img181.png,thick_white_clouds,1137,test,False
swimcat_ext,swimcat_ext/Swimcat-extend/D-Thick White Clouds/D_img182.png,thick_white_clouds,1142,train,False
swimcat_ext,swimcat_ext/Swimcat-extend/D-Thick White Clouds/D_img183.png,thick_white_clouds,1142,train,False
swimcat_ext,swimcat_ext/Swimcat-extend/D-Thick White Clouds/D_img184.png,thick_white_clouds,1142,train,False
swimcat_ext,swimcat_ext/Swimcat-extend/D-Thick White Clouds/D_img185.png,thick_white_clouds,1145,train,False
swimcat_ext,swimcat_ext/Swimcat-extend/D-Thick White Clouds/D_img186.png,thick_white_clouds,1146,train,False
swimcat_ext,swimcat_ext/Swimcat-extend/D-Thick White Clouds/D_img187.png,thick_white_clouds,1146,train,False
swimcat_ext,swimcat_ext/Swimcat-extend/D-Thick White Clouds/D_img188.png,thick_white_clouds,1148,val,False
swimcat_ext,swimcat_ext/Swimcat-extend/D-Thick White Clouds/D_img189.png,thick_white_clouds,1149,train,False
swimcat_ext,swimcat_ext/Swimcat-extend/D-Thick White Clouds/D_img19.png,thick_white_clouds,1139,train,False
swimcat_ext,swimcat_ext/Swimcat-extend/D-Thick White Clouds/D_img190.png,thick_white_clouds,1151,val,False
swimcat_ext,swimcat_ext/Swimcat-extend/D-Thick White Clouds/D_img191.png,thick_white_clouds,1152,train,False
swimcat_ext,swimcat_ext/Swimcat-extend/D-Thick White Clouds/D_img192.png,thick_white_clouds,1153,train,False
swimcat_ext,swimcat_ext/Swimcat-extend/D-Thick White Clouds/D_img193.png,thick_white_clouds,1151,val,False
swimcat_ext,swimcat_ext/Swimcat-extend/D-Thick White Clouds/D_img194.png,thick_white_clouds,1155,val,False
swimcat_ext,swimcat_ext/Swimcat-extend/D-Thick White Clouds/D_img195.png,thick_white_clouds,1156,train,False
swimcat_ext,swimcat_ext/Swimcat-extend/D-Thick White Clouds/D_img196.png,thick_white_clouds,1157,train,False
swimcat_ext,swimcat_ext/Swimcat-extend/D-Thick White Clouds/D_img197.png,thick_white_clouds,1158,val,False
swimcat_ext,swimcat_ext/Swimcat-extend/D-Thick White Clouds/D_img198.png,thick_white_clouds,1158,val,False
swimcat_ext,swimcat_ext/Swimcat-extend/D-Thick White Clouds/D_img199.png,thick_white_clouds,1160,train,False
swimcat_ext,swimcat_ext/Swimcat-extend/D-Thick White Clouds/D_img2.png,thick_white_clouds,1161,train,False
swimcat_ext,swimcat_ext/Swimcat-extend/D-Thick White Clouds/D_img20.png,thick_white_clouds,1162,val,False
swimcat_ext,swimcat_ext/Swimcat-extend/D-Thick White Clouds/D_img200.png,thick_white_clouds,1163,train,False
swimcat_ext,swimcat_ext/Swimcat-extend/D-Thick White Clouds/D_img201.png,thick_white_clouds,1164,train,False
swimcat_ext,swimcat_ext/Swimcat-extend/D-Thick White Clouds/D_img202.png,thick_white_clouds,1152,train,False
swimcat_ext,swimcat_ext/Swimcat-extend/D-Thick White Clouds/D_img203.png,thick_white_clouds,1164,train,False
swimcat_ext,swimcat_ext/Swimcat-extend/D-Thick White Clouds/D_img204.png,thick_white_clouds,1167,train,False
swimcat_ext,swimcat_ext/Swimcat-extend/D-Thick White Clouds/D_img205.png,thick_white_clouds,1168,train,False
swimcat_ext,swimcat_ext/Swimcat-extend/D-Thick White Clouds/D_img206.png,thick_white_clouds,1112,test,False
swimcat_ext,swimcat_ext/Swimcat-extend/D-Thick White Clouds/D_img207.png,thick_white_clouds,1170,train,False
swimcat_ext,swimcat_ext/Swimcat-extend/D-Thick White Clouds/D_img208.png,thick_white_clouds,1170,train,False
swimcat_ext,swimcat_ext/Swimcat-extend/D-Thick White Clouds/D_img209.png,thick_white_clouds,1172,train,False
swimcat_ext,swimcat_ext/Swimcat-extend/D-Thick White Clouds/D_img21.png,thick_white_clouds,1173,train,False
swimcat_ext,swimcat_ext/Swimcat-extend/D-Thick White Clouds/D_img210.png,thick_white_clouds,1174,train,False
swimcat_ext,swimcat_ext/Swimcat-extend/D-Thick White Clouds/D_img211.png,thick_white_clouds,1174,train,False
swimcat_ext,swimcat_ext/Swimcat-extend/D-Thick White Clouds/D_img212.png,thick_white_clouds,1176,train,False
swimcat_ext,swimcat_ext/Swimcat-extend/D-Thick White Clouds/D_img213.png,thick_white_clouds,1177,train,False
swimcat_ext,swimcat_ext/Swimcat-extend/D-Thick White Clouds/D_img214.png,thick_white_clouds,1178,train,False
swimcat_ext,swimcat_ext/Swimcat-extend/D-Thick White Clouds/D_img215.png,thick_white_clouds,1178,train,False
swimcat_ext,swimcat_ext/Swimcat-extend/D-Thick White Clouds/D_img216.png,thick_white_clouds,1167,train,False
swimcat_ext,swimcat_ext/Swimcat-extend/D-Thick White Clouds/D_img217.png,thick_white_clouds,1181,test,False
swimcat_ext,swimcat_ext/Swimcat-extend/D-Thick White Clouds/D_img218.png,thick_white_clouds,1181,test,False
swimcat_ext,swimcat_ext/Swimcat-extend/D-Thick White Clouds/D_img219.png,thick_white_clouds,1183,train,False
swimcat_ext,swimcat_ext/Swimcat-extend/D-Thick White Clouds/D_img22.png,thick_white_clouds,1173,train,False
swimcat_ext,swimcat_ext/Swimcat-extend/D-Thick White Clouds/D_img220.png,thick_white_clouds,1183,train,False
swimcat_ext,swimcat_ext/Swimcat-extend/D-Thick White Clouds/D_img221.png,thick_white_clouds,1186,val,False
swimcat_ext,swimcat_ext/Swimcat-extend/D-Thick White Clouds/D_img222.png,thick_white_clouds,1187,train,False
swimcat_ext,swimcat_ext/Swimcat-extend/D-Thick White Clouds/D_img223.png,thick_white_clouds,1188,train,False
swimcat_ext,swimcat_ext/Swimcat-extend/D-Thick White Clouds/D_img224.png,thick_white_clouds,1189,val,False
swimcat_ext,swimcat_ext/Swimcat-extend/D-Thick White Clouds/D_img225.png,thick_white_clouds,1188,train,False
swimcat_ext,swimcat_ext/Swimcat-extend/D-Thick White Clouds/D_img226.png,thick_white_clouds,1191,train,False
swimcat_ext,swimcat_ext/Swimcat-extend/D-Thick White Clouds/D_img227.png,thick_white_clouds,1181,test,False
swimcat_ext,swimcat_ext/Swimcat-extend/D-Thick White Clouds/D_img228.png,thick_white_clouds,1193,train,False
swimcat_ext,swimcat_ext/Swimcat-extend/D-Thick White Clouds/D_img229.png,thick_white_clouds,1194,train,False
swimcat_ext,swimcat_ext/Swimcat-extend/D-Thick White Clouds/D_img23.png,thick_white_clouds,1195,val,False
swimcat_ext,swimcat_ext/Swimcat-extend/D-Thick White Clouds/D_img230.png,thick_white_clouds,1196,train,False
swimcat_ext,swimcat_ext/Swimcat-extend/D-Thick White Clouds/D_img231.png,thick_white_clouds,1197,train,False
swimcat_ext,swimcat_ext/Swimcat-extend/D-Thick White Clouds/D_img232.png,thick_white_clouds,1197,train,False
swimcat_ext,swimcat_ext/Swimcat-extend/D-Thick White Clouds/D_img233.png,thick_white_clouds,1199,val,False
swimcat_ext,swimcat_ext/Swimcat-extend/D-Thick White Clouds/D_img234.png,thick_white_clouds,1199,val,False
swimcat_ext,swimcat_ext/Swimcat-extend/D-Thick White Clouds/D_img235.png,thick_white_clouds,1189,val,False
swimcat_ext,swimcat_ext/Swimcat-extend/D-Thick White Clouds/D_img236.png,thick_white_clouds,1199,val,False
swimcat_ext,swimcat_ext/Swimcat-extend/D-Thick White Clouds/D_img237.png,thick_white_clouds,1199,val,False
swimcat_ext,swimcat_ext/Swimcat-extend/D-Thick White Clouds/D_img238.png,thick_white_clouds,1204,train,False
swimcat_ext,swimcat_ext/Swimcat-extend/D-Thick White Clouds/D_img239.png,thick_white_clouds,1205,train,False
swimcat_ext,swimcat_ext/Swimcat-extend/D-Thick White Clouds/D_img24.png,thick_white_clouds,1206,train,False
swimcat_ext,swimcat_ext/Swimcat-extend/D-Thick White Clouds/D_img240.png,thick_white_clouds,1123,train,False
swimcat_ext,swimcat_ext/Swimcat-extend/D-Thick White Clouds/D_img241.png,thick_white_clouds,1137,test,False
swimcat_ext,swimcat_ext/Swimcat-extend/D-Thick White Clouds/D_img242.png,thick_white_clouds,1137,test,False
swimcat_ext,swimcat_ext/Swimcat-extend/D-Thick White Clouds/D_img243.png,thick_white_clouds,1158,val,False
swimcat_ext,swimcat_ext/Swimcat-extend/D-Thick White Clouds/D_img244.png,thick_white_clouds,1158,val,False
swimcat_ext,swimcat_ext/Swimcat-extend/D-Thick White Clouds/D_img245.png,thick_white_clouds,1079,train,False
swimcat_ext,swimcat_ext/Swimcat-extend/D-Thick White Clouds/D_img246.png,thick_white_clouds,1213,train,False
swimcat_ext,swimcat_ext/Swimcat-extend/D-Thick White Clouds/D_img247.png,thick_white_clouds,1079,train,False
swimcat_ext,swimcat_ext/Swimcat-extend/D-Thick White Clouds/D_img248.png,thick_white_clouds,1215,train,False
swimcat_ext,swimcat_ext/Swimcat-extend/D-Thick White Clouds/D_img249.png,thick_white_clouds,1215,train,False
swimcat_ext,swimcat_ext/Swimcat-extend/D-Thick White Clouds/D_img25.png,thick_white_clouds,1217,train,False
swimcat_ext,swimcat_ext/Swimcat-extend/D-Thick White Clouds/D_img250.png,thick_white_clouds,1218,test,False
swimcat_ext,swimcat_ext/Swimcat-extend/D-Thick White Clouds/D_img251.png,thick_white_clouds,1219,train,False
swimcat_ext,swimcat_ext/Swimcat-extend/D-Thick White Clouds/D_img252.png,thick_white_clouds,1220,train,False
swimcat_ext,swimcat_ext/Swimcat-extend/D-Thick White Clouds/D_img253.png,thick_white_clouds,1221,train,False
swimcat_ext,swimcat_ext/Swimcat-extend/D-Thick White Clouds/D_img254.png,thick_white_clouds,1221,train,False
swimcat_ext,swimcat_ext/Swimcat-extend/D-Thick White Clouds/D_img255.png,thick_white_clouds,1223,train,False
swimcat_ext,swimcat_ext/Swimcat-extend/D-Thick White Clouds/D_img256.png,thick_white_clouds,1224,train,False
swimcat_ext,swimcat_ext/Swimcat-extend/D-Thick White Clouds/D_img257.png,thick_white_clouds,1225,train,False
swimcat_ext,swimcat_ext/Swimcat-extend/D-Thick White Clouds/D_img258.png,thick_white_clouds,1224,train,False
swimcat_ext,swimcat_ext/Swimcat-extend/D-Thick White Clouds/D_img259.png,thick_white_clouds,1227,val,False
swimcat_ext,swimcat_ext/Swimcat-extend/D-Thick White Clouds/D_img26.png,thick_white_clouds,1217,train,False
swimcat_ext,swimcat_ext/Swimcat-extend/D-Thick White Clouds/D_img260.png,thick_white_clouds,1173,train,False
swimcat_ext,swimcat_ext/Swimcat-extend/D-Thick White Clouds/D_img261.png,thick_white_clouds,1173,train,False
swimcat_ext,swimcat_ext/Swimcat-extend/D-Thick White Clouds/D_img262.png,thick_white_clouds,1195,val,False
swimcat_ext,swimcat_ext/Swimcat-extend/D-Thick White Clouds/D_img263.png,thick_white_clouds,1232,train,False
swimcat_ext,swimcat_ext/Swimcat-extend/D-Thick White Clouds/D_img264.png,thick_white_clouds,1233,train,False
swimcat_ext,swimcat_ext/Swimcat-extend/D-Thick White Clouds/D_img265.png,thick_white_clouds,1233,train,False
swimcat_ext,swimcat_ext/Swimcat-extend/D-Thick White Clouds/D_img266.png,thick_white_clouds,1235,val,False
swimcat_ext,swimcat_ext/Swimcat-extend/D-Thick White Clouds/D_img267.png,thick_white_clouds,1236,train,False
swimcat_ext,swimcat_ext/Swimcat-extend/D-Thick White Clouds/D_img268.png,thick_white_clouds,1237,test,False
swimcat_ext,swimcat_ext/Swimcat-extend/D-Thick White Clouds/D_img269.png,thick_white_clouds,1236,train,False
swimcat_ext,swimcat_ext/Swimcat-extend/D-Thick White Clouds/D_img27.png,thick_white_clouds,1232,train,False
swimcat_ext,swimcat_ext/Swimcat-extend/D-Thick White Clouds/D_img270.png,thick_white_clouds,1240,train,False
swimcat_ext,swimcat_ext/Swimcat-extend/D-Thick White Clouds/D_img271.png,thick_white_clouds,1241,train,False
swimcat_ext,swimcat_ext/Swimcat-extend/D-Thick White Clouds/D_img272.png,thick_white_clouds,1242,test,False
swimcat_ext,swimcat_ext/Swimcat-extend/D-Thick White Clouds/D_img273.png,thick_white_clouds,1242,test,False
swimcat_ext,swimcat_ext/Swimcat-extend/D-Thick White Clouds/D_img274.png,thick_white_clouds,1244,train,False
swimcat_ext,swimcat_ext/Swimcat-extend/D-Thick White Clouds/D_img275.png,thick_white_clouds,1245,train,False
swimcat_ext,swimcat_ext/Swimcat-extend/D-Thick White Clouds/D_img276.png,thick_white_clouds,1245,train,False
swimcat_ext,swimcat_ext/Swimcat-extend/D-Thick White Clouds/D_img277.png,thick_white_clouds,1247,train,False
swimcat_ext,swimcat_ext/Swimcat-extend/D-Thick White Clouds/D_img278.png,thick_white_clouds,1248,val,False
swimcat_ext,swimcat_ext/Swimcat-extend/D-Thick White Clouds/D_img279.png,thick_white_clouds,1225,train,False
swimcat_ext,swimcat_ext/Swimcat-extend/D-Thick White Clouds/D_img28.png,thick_white_clouds,1250,train,False
swimcat_ext,swimcat_ext/Swimcat-extend/D-Thick White Clouds/D_img280.png,thick_white_clouds,1251,train,False
swimcat_ext,swimcat_ext/Swimcat-extend/D-Thick White Clouds/D_img281.png,thick_white_clouds,1252,train,False
swimcat_ext,swimcat_ext/Swimcat-extend/D-Thick White Clouds/D_img282.png,thick_white_clouds,1252,train,False
swimcat_ext,swimcat_ext/Swimcat-extend/D-Thick White Clouds/D_img283.png,thick_white_clouds,1254,test,False
swimcat_ext,swimcat_ext/Swimcat-extend/D-Thick White Clouds/D_img284.png,thick_white_clouds,1255,train,False
swimcat_ext,swimcat_ext/Swimcat-extend/D-Thick White Clouds/D_img285.png,thick_white_clouds,1256,test,False
swimcat_ext,swimcat_ext/Swimcat-extend/D-Thick White Clouds/D_img286.png,thick_white_clouds,1256,test,False
swimcat_ext,swimcat_ext/Swimcat-extend/D-Thick White Clouds/D_img287.png,thick_white_clouds,1258,train,False
swimcat_ext,swimcat_ext/Swimcat-extend/D-Thick White Clouds/D_img288.png,thick_white_clouds,1259,val,False
swimcat_ext,swimcat_ext/Swimcat-extend/D-Thick White Clouds/D_img289.png,thick_white_clouds,1259,val,False
swimcat_ext,swimcat_ext/Swimcat-extend/D-Thick White Clouds/D_img29.png,thick_white_clouds,1128,train,False
swimcat_ext,swimcat_ext/Swimcat-extend/D-Thick White Clouds/D_img290.png,thick_white_clouds,1262,train,False
swimcat_ext,swimcat_ext/Swimcat-extend/D-Thick White Clouds/D_img291.png,thick_white_clouds,1262,train,False
swimcat_ext,swimcat_ext/Swimcat-extend/D-Thick White Clouds/D_img292.png,thick_white_clouds,1264,val,False
swimcat_ext,swimcat_ext/Swimcat-extend/D-Thick White Clouds/D_img293.png,thick_white_clouds,1265,train,False
swimcat_ext,swimcat_ext/Swimcat-extend/D-Thick White Clouds/D_img294.png,thick_white_clouds,1237,test,False
swimcat_ext,swimcat_ext/Swimcat-extend/D-Thick White Clouds/D_img295.png,thick_white_clouds,1267,train,False
swimcat_ext,swimcat_ext/Swimcat-extend/D-Thick White Clouds/D_img296.png,thick_white_clouds,1268,train,False
swimcat_ext,swimcat_ext/Swimcat-extend/D-Thick White Clouds/D_img297.png,thick_white_clouds,1268,train,False
swimcat_ext,swimcat_ext/Swimcat-extend/D-Thick White Clouds/D_img298.png,thick_white_clouds,1258,train,False
swimcat_ext,swimcat_ext/Swimcat-extend/D-Thick White Clouds/D_img299.png,thick_white_clouds,1271,train,False
swimcat_ext,swimcat_ext/Swimcat-extend/D-Thick White Clouds/D_img3.png,thick_white_clouds,1272,train,False
swimcat_ext,swimcat_ext/Swimcat-extend/D-Thick White Clouds/D_img30.png,thick_white_clouds,1273,val,False
swimcat_ext,swimcat_ext/Swimcat-extend/D-Thick White Clouds/D_img300.png,thick_white_clouds,1274,train,False
swimcat_ext,swimcat_ext/Swimcat-extend/D-Thick White Clouds/D_img301.png,thick_white_clouds,1215,train,False
swimcat_ext,swimcat_ext/Swimcat-extend/D-Thick White Clouds/D_img302.png,thick_white_clouds,1215,train,False
swimcat_ext,swimcat_ext/Swimcat-extend/D-Thick White Clouds/D_img303.png,thick_white_clouds,1218,test,False
swimcat_ext,swimcat_ext/Swimcat-extend/D-Thick White Clouds/D_img304.png,thick_white_clouds,1278,test,False
swimcat_ext,swimcat_ext/Swimcat-extend/D-Thick White Clouds/D_img305.png,thick_white_clouds,1278,test,False
swimcat_ext,swimcat_ext/Swimcat-extend/D-Thick White Clouds/D_img306.png,thick_white_clouds,1280,train,False
swimcat_ext,swimcat_ext/Swimcat-extend/D-Thick White Clouds/D_img307.png,thick_white_clouds,1281,train,False
swimcat_ext,swimcat_ext/Swimcat-extend/D-Thick White Clouds/D_img308.png,thick_white_clouds,1282,train,False
swimcat_ext,swimcat_ext/Swimcat-extend/D-Thick White Clouds/D_img309.png,thick_white_clouds,1283,train,False
swimcat_ext,swimcat_ext/Swimcat-extend/D-Thick White Clouds/D_img31.png,thick_white_clouds,1273,val,False
swimcat_ext,swimcat_ext/Swimcat-extend/D-Thick White Clouds/D_img310.png,thick_white_clouds,1285,test,False
swimcat_ext,swimcat_ext/Swimcat-extend/D-Thick White Clouds/D_img311.png,thick_white_clouds,1286,train,False
swimcat_ext,swimcat_ext/Swimcat-extend/D-Thick White Clouds/D_img312.png,thick_white_clouds,1286,train,False
swimcat_ext,swimcat_ext/Swimcat-extend/D-Thick White Clouds/D_img313.png,thick_white_clouds,1288,train,False
swimcat_ext,swimcat_ext/Swimcat-extend/D-Thick White Clouds/D_img314.png,thick_white_clouds,1289,val,False
swimcat_ext,swimcat_ext/Swimcat-extend/D-Thick White Clouds/D_img315.png,thick_white_clouds,1289,val,False
swimcat_ext,swimcat_ext/Swimcat-extend/D-Thick White Clouds/D_img316.png,thick_white_clouds,1291,train,False
swimcat_ext,swimcat_ext/Swimcat-extend/D-Thick White Clouds/D_img317.png,thick_white_clouds,1280,train,False
swimcat_ext,swimcat_ext/Swimcat-extend/D-Thick White Clouds/D_img318.png,thick_white_clouds,1293,train,False
swimcat_ext,swimcat_ext/Swimcat-extend/D-Thick White Clouds/D_img319.png,thick_white_clouds,1294,train,False
swimcat_ext,swimcat_ext/Swimcat-extend/D-Thick White Clouds/D_img32.png,thick_white_clouds,1233,train,False
swimcat_ext,swimcat_ext/Swimcat-extend/D-Thick White Clouds/D_img320.png,thick_white_clouds,1296,val,False
swimcat_ext,swimcat_ext/Swimcat-extend/D-Thick White Clouds/D_img321.png,thick_white_clouds,1296,val,False
swimcat_ext,swimcat_ext/Swimcat-extend/D-Thick White Clouds/D_img322.png,thick_white_clouds,1298,train,False
swimcat_ext,swimcat_ext/Swimcat-extend/D-Thick White Clouds/D_img323.png,thick_white_clouds,1299,train,False
swimcat_ext,swimcat_ext/Swimcat-extend/D-Thick White Clouds/D_img324.png,thick_white_clouds,1300,test,False
swimcat_ext,swimcat_ext/Swimcat-extend/D-Thick White Clouds/D_img325.png,thick_white_clouds,1300,test,False
swimcat_ext,swimcat_ext/Swimcat-extend/D-Thick White Clouds/D_img326.png,thick_white_clouds,1302,test,False
swimcat_ext,swimcat_ext/Swimcat-extend/D-Thick White Clouds/D_img327.png,thick_white_clouds,1303,train,False
swimcat_ext,swimcat_ext/Swimcat-extend/D-Thick White Clouds/D_img328.png,thick_white_clouds,1304,train,False
swimcat_ext,swimcat_ext/Swimcat-extend/D-Thick White Clouds/D_img329.png,thick_white_clouds,1305,train,False
swimcat_ext,swimcat_ext/Swimcat-extend/D-Thick White Clouds/D_img33.png,thick_white_clouds,1233,train,False
swimcat_ext,swimcat_ext/Swimcat-extend/D-Thick White Clouds/D_img330.png,thick_white_clouds,1303,train,False
swimcat_ext,swimcat_ext/Swimcat-extend/D-Thick White Clouds/D_img331.png,thick_white_clouds,1219,train,False
swimcat_ext,swimcat_ext/Swimcat-extend/D-Thick White Clouds/D_img332.png,thick_white_clouds,1309,train,False
swimcat_ext,swimcat_ext/Swimcat-extend/D-Thick White Clouds/D_img333.png,thick_white_clouds,1310,train,False
swimcat_ext,swimcat_ext/Swimcat-extend/D-Thick White Clouds/D_img334.png,thick_white_clouds,1310,train,False
swimcat_ext,swimcat_ext/Swimcat-extend/D-Thick White Clouds/D_img335.png,thick_white_clouds,1312,train,False
swimcat_ext,swimcat_ext/Swimcat-extend/D-Thick White Clouds/D_img336.png,thick_white_clouds,1312,train,False
swimcat_ext,swimcat_ext/Swimcat-extend/D-Thick White Clouds/D_img337.png,thick_white_clouds,1314,train,False
swimcat_ext,swimcat_ext/Swimcat-extend/D-Thick White Clouds/D_img338.png,thick_white_clouds,1315,train,False
swimcat_ext,swimcat_ext/Swimcat-extend/D-Thick White Clouds/D_img339.png,thick_white_clouds,1316,train,False
swimcat_ext,swimcat_ext/Swimcat-extend/D-Thick White Clouds/D_img34.png,thick_white_clouds,1235,val,False
swimcat_ext,swimcat_ext/Swimcat-extend/D-Thick White Clouds/D_img340.png,thick_white_clouds,1305,train,False
swimcat_ext,swimcat_ext/Swimcat-extend/D-Thick White Clouds/D_img341.png,thick_white_clouds,1319,test,False
swimcat_ext,swimcat_ext/Swimcat-extend/D-Thick White Clouds/D_img342.png,thick_white_clouds,1316,train,False
swimcat_ext,swimcat_ext/Swimcat-extend/D-Thick White Clouds/D_img343.png,thick_white_clouds,1220,train,False
swimcat_ext,swimcat_ext/Swimcat-extend/D-Thick White Clouds/D_img344.png,thick_white_clouds,1322,val,False
swimcat_ext,swimcat_ext/Swimcat-extend/D-Thick White Clouds/D_img345.png,thick_white_clouds,1221,train,False
swimcat_ext,swimcat_ext/Swimcat-extend/D-Thick White Clouds/D_img346.png,thick_white_clouds,1221,train,False
swimcat_ext,swimcat_ext/Swimcat-extend/D-Thick White Clouds/D_img347.png,thick_white_clouds,1223,train,False
swimcat_ext,swimcat_ext/Swimcat-extend/D-Thick White Clouds/D_img348.png,thick_white_clouds,1326,train,False
swimcat_ext,swimcat_ext/Swimcat-extend/D-Thick White Clouds/D_img349.png,thick_white_clouds,1224,train,False
swimcat_ext,swimcat_ext/Swimcat-extend/D-Thick White Clouds/D_img35.png,thick_white_clouds,1054,test,False
swimcat_ext,swimcat_ext/Swimcat-extend/D-Thick White Clouds/D_img350.png,thick_white_clouds,1224,train,False
swimcat_ext,swimcat_ext/Swimcat-extend/D-Thick White Clouds/D_img36.png,thick_white_clouds,1330,train,False
swimcat_ext,swimcat_ext/Swimcat-extend/D-Thick White Clouds/D_img37.png,thick_white_clouds,1331,test,False
swimcat_ext,swimcat_ext/Swimcat-extend/D-Thick White Clouds/D_img38.png,thick_white_clouds,1332,train,False
swimcat_ext,swimcat_ext/Swimcat-extend/D-Thick White Clouds/D_img39.png,thick_white_clouds,1333,train,False
swimcat_ext,swimcat_ext/Swimcat-extend/D-Thick White Clouds/D_img4.png,thick_white_clouds,1334,val,False
swimcat_ext,swimcat_ext/Swimcat-extend/D-Thick White Clouds/D_img40.png,thick_white_clouds,1236,train,False
swimcat_ext,swimcat_ext/Swimcat-extend/D-Thick White Clouds/D_img41.png,thick_white_clouds,1336,train,False
swimcat_ext,swimcat_ext/Swimcat-extend/D-Thick White Clouds/D_img42.png,thick_white_clouds,1236,train,False
swimcat_ext,swimcat_ext/Swimcat-extend/D-Thick White Clouds/D_img43.png,thick_white_clouds,1338,train,False
swimcat_ext,swimcat_ext/Swimcat-extend/D-Thick White Clouds/D_img44.png,thick_white_clouds,1338,train,False
swimcat_ext,swimcat_ext/Swimcat-extend/D-Thick White Clouds/D_img45.png,thick_white_clouds,1340,val,False
swimcat_ext,swimcat_ext/Swimcat-extend/D-Thick White Clouds/D_img46.png,thick_white_clouds,1240,train,False
swimcat_ext,swimcat_ext/Swimcat-extend/D-Thick White Clouds/D_img47.png,thick_white_clouds,1110,train,False
swimcat_ext,swimcat_ext/Swimcat-extend/D-Thick White Clouds/D_img48.png,thick_white_clouds,1241,train,False
swimcat_ext,swimcat_ext/Swimcat-extend/D-Thick White Clouds/D_img49.png,thick_white_clouds,1242,test,False
swimcat_ext,swimcat_ext/Swimcat-extend/D-Thick White Clouds/D_img5.png,thick_white_clouds,1227,val,False
swimcat_ext,swimcat_ext/Swimcat-extend/D-Thick White Clouds/D_img50.png,thick_white_clouds,1242,test,False
swimcat_ext,swimcat_ext/Swimcat-extend/D-Thick White Clouds/D_img51.png,thick_white_clouds,1244,train,False
swimcat_ext,swimcat_ext/Swimcat-extend/D-Thick White Clouds/D_img52.png,thick_white_clouds,1348,test,False
swimcat_ext,swimcat_ext/Swimcat-extend/D-Thick White Clouds/D_img53.png,thick_white_clouds,1349,train,False
swimcat_ext,swimcat_ext/Swimcat-extend/D-Thick White Clouds/D_img54.png,thick_white_clouds,1349,train,False
swimcat_ext,swimcat_ext/Swimcat-extend/D-Thick White Clouds/D_img55.png,thick_white_clouds,1351,train,False
swimcat_ext,swimcat_ext/Swimcat-extend/D-Thick White Clouds/D_img56.png,thick_white_clouds,1113,val,False
swimcat_ext,swimcat_ext/Swimcat-extend/D-Thick White Clouds/D_img57.png,thick_white_clouds,1114,test,False
swimcat_ext,swimcat_ext/Swimcat-extend/D-Thick White Clouds/D_img58.png,thick_white_clouds,1114,test,False
swimcat_ext,swimcat_ext/Swimcat-extend/D-Thick White Clouds/D_img59.png,thick_white_clouds,1355,train,False
swimcat_ext,swimcat_ext/Swimcat-extend/D-Thick White Clouds/D_img6.png,thick_white_clouds,1356,test,False
swimcat_ext,swimcat_ext/Swimcat-extend/D-Thick White Clouds/D_img60.png,thick_white_clouds,1357,train,False
swimcat_ext,swimcat_ext/Swimcat-extend/D-Thick White Clouds/D_img61.png,thick_white_clouds,1357,train,False
swimcat_ext,swimcat_ext/Swimcat-extend/D-Thick White Clouds/D_img62.png,thick_white_clouds,1359,val,False
swimcat_ext,swimcat_ext/Swimcat-extend/D-Thick White Clouds/D_img63.png,thick_white_clouds,1348,test,False
swimcat_ext,swimcat_ext/Swimcat-extend/D-Thick White Clouds/D_img64.png,thick_white_clouds,1245,train,False
swimcat_ext,swimcat_ext/Swimcat-extend/D-Thick White Clouds/D_img65.png,thick_white_clouds,1245,train,False
swimcat_ext,swimcat_ext/Swimcat-extend/D-Thick White Clouds/D_img66.png,thick_white_clouds,1363,train,False
swimcat_ext,swimcat_ext/Swimcat-extend/D-Thick White Clouds/D_img67.png,thick_white_clouds,1094,train,False
swimcat_ext,swimcat_ext/Swimcat-extend/D-Thick White Clouds/D_img68.png,thick_white_clouds,1094,train,False
swimcat_ext,swimcat_ext/Swimcat-extend/D-Thick White Clouds/D_img69.png,thick_white_clouds,1366,train,False
swimcat_ext,swimcat_ext/Swimcat-extend/D-Thick White Clouds/D_img7.png,thick_white_clouds,1367,test,False
swimcat_ext,swimcat_ext/Swimcat-extend/D-Thick White Clouds/D_img70.png,thick_white_clouds,1368,train,False
swimcat_ext,swimcat_ext/Swimcat-extend/D-Thick White Clouds/D_img71.png,thick_white_clouds,1369,train,False
swimcat_ext,swimcat_ext/Swimcat-extend/D-Thick White Clouds/D_img72.png,thick_white_clouds,1369,train,False
swimcat_ext,swimcat_ext/Swimcat-extend/D-Thick White Clouds/D_img73.png,thick_white_clouds,1371,train,False
swimcat_ext,swimcat_ext/Swimcat-extend/D-Thick White Clouds/D_img74.png,thick_white_clouds,1372,train,False
swimcat_ext,swimcat_ext/Swimcat-extend/D-Thick White Clouds/D_img75.png,thick_white_clouds,1280,train,False
swimcat_ext,swimcat_ext/Swimcat-extend/D-Thick White Clouds/D_img76.png,thick_white_clouds,1280,train,False
swimcat_ext,swimcat_ext/Swimcat-extend/D-Thick White Clouds/D_img77.png,thick_white_clouds,1375,train,False
swimcat_ext,swimcat_ext/Swimcat-extend/D-Thick White Clouds/D_img78.png,thick_white_clouds,1376,train,False
swimcat_ext,swimcat_ext/Swimcat-extend/D-Thick White Clouds/D_img79.png,thick_white_clouds,1376,train,False
swimcat_ext,swimcat_ext/Swimcat-extend/D-Thick White Clouds/D_img8.png,thick_white_clouds,1367,test,False
swimcat_ext,swimcat_ext/Swimcat-extend/D-Thick White Clouds/D_img80.png,thick_white_clouds,1247,train,False
swimcat_ext,swimcat_ext/Swimcat-extend/D-Thick White Clouds/D_img81.png,thick_white_clouds,1248,val,False
swimcat_ext,swimcat_ext/Swimcat-extend/D-Thick White Clouds/D_img82.png,thick_white_clouds,1381,train,False
swimcat_ext,swimcat_ext/Swimcat-extend/D-Thick White Clouds/D_img83.png,thick_white_clouds,1382,test,False
swimcat_ext,swimcat_ext/Swimcat-extend/D-Thick White Clouds/D_img84.png,thick_white_clouds,1251,train,False
swimcat_ext,swimcat_ext/Swimcat-extend/D-Thick White Clouds/D_img85.png,thick_white_clouds,1384,train,False
swimcat_ext,swimcat_ext/Swimcat-extend/D-Thick White Clouds/D_img86.png,thick_white_clouds,1384,train,False
swimcat_ext,swimcat_ext/Swimcat-extend/D-Thick White Clouds/D_img87.png,thick_white_clouds,1252,train,False
swimcat_ext,swimcat_ext/Swimcat-extend/D-Thick White Clouds/D_img88.png,thick_white_clouds,1252,train,False
swimcat_ext,swimcat_ext/Swimcat-extend/D-Thick White Clouds/D_img89.png,thick_white_clouds,1388,train,False
swimcat_ext,swimcat_ext/Swimcat-extend/D-Thick White Clouds/D_img9.png,thick_white_clouds,1389,val,False
swimcat_ext,swimcat_ext/Swimcat-extend/D-Thick White Clouds/D_img90.png,thick_white_clouds,1388,train,False
swimcat_ext,swimcat_ext/Swimcat-extend/D-Thick White Clouds/D_img91.png,thick_white_clouds,1254,test,False
swimcat_ext,swimcat_ext/Swimcat-extend/D-Thick White Clouds/D_img92.png,thick_white_clouds,1057,train,False
swimcat_ext,swimcat_ext/Swimcat-extend/D-Thick White Clouds/D_img93.png,thick_white_clouds,1393,train,False
swimcat_ext,swimcat_ext/Swimcat-extend/D-Thick White Clouds/D_img94.png,thick_white_clouds,1394,train,False
swimcat_ext,swimcat_ext/Swimcat-extend/D-Thick White Clouds/D_img95.png,thick_white_clouds,1394,train,False
swimcat_ext,swimcat_ext/Swimcat-extend/D-Thick White Clouds/D_img96.png,thick_white_clouds,1396,train,False
swimcat_ext,swimcat_ext/Swimcat-extend/D-Thick White Clouds/D_img97.png,thick_white_clouds,1397,train,False
swimcat_ext,swimcat_ext/Swimcat-extend/D-Thick White Clouds/D_img98.png,thick_white_clouds,1398,train,False
swimcat_ext,swimcat_ext/Swimcat-extend/D-Thick White Clouds/D_img99.png,thick_white_clouds,1398,train,False
swimcat_ext,swimcat_ext/Swimcat-extend/E-Thick Dark Clouds/E_img1.png,thick_dark_clouds,1400,val,False
swimcat_ext,swimcat_ext/Swimcat-extend/E-Thick Dark Clouds/E_img10.png,thick_dark_clouds,1401,val,False
swimcat_ext,swimcat_ext/Swimcat-extend/E-Thick Dark Clouds/E_img100.png,thick_dark_clouds,1402,train,False
swimcat_ext,swimcat_ext/Swimcat-extend/E-Thick Dark Clouds/E_img101.png,thick_dark_clouds,1403,train,False
swimcat_ext,swimcat_ext/Swimcat-extend/E-Thick Dark Clouds/E_img102.png,thick_dark_clouds,1404,train,False
swimcat_ext,swimcat_ext/Swimcat-extend/E-Thick Dark Clouds/E_img103.png,thick_dark_clouds,1405,test,False
swimcat_ext,swimcat_ext/Swimcat-extend/E-Thick Dark Clouds/E_img104.png,thick_dark_clouds,1406,train,False
swimcat_ext,swimcat_ext/Swimcat-extend/E-Thick Dark Clouds/E_img105.png,thick_dark_clouds,1407,train,False
swimcat_ext,swimcat_ext/Swimcat-extend/E-Thick Dark Clouds/E_img106.png,thick_dark_clouds,1408,train,False
swimcat_ext,swimcat_ext/Swimcat-extend/E-Thick Dark Clouds/E_img107.png,thick_dark_clouds,1409,train,False
swimcat_ext,swimcat_ext/Swimcat-extend/E-Thick Dark Clouds/E_img108.png,thick_dark_clouds,1409,train,False
swimcat_ext,swimcat_ext/Swimcat-extend/E-Thick Dark Clouds/E_img109.png,thick_dark_clouds,1447,train,False
swimcat_ext,swimcat_ext/Swimcat-extend/E-Thick Dark Clouds/E_img11.png,thick_dark_clouds,1412,test,False
swimcat_ext,swimcat_ext/Swimcat-extend/E-Thick Dark Clouds/E_img110.png,thick_dark_clouds,1413,train,False
swimcat_ext,swimcat_ext/Swimcat-extend/E-Thick Dark Clouds/E_img111.png,thick_dark_clouds,1414,train,False
swimcat_ext,swimcat_ext/Swimcat-extend/E-Thick Dark Clouds/E_img112.png,thick_dark_clouds,1447,train,False
swimcat_ext,swimcat_ext/Swimcat-extend/E-Thick Dark Clouds/E_img113.png,thick_dark_clouds,1416,train,False
swimcat_ext,swimcat_ext/Swimcat-extend/E-Thick Dark Clouds/E_img114.png,thick_dark_clouds,1417,train,False
swimcat_ext,swimcat_ext/Swimcat-extend/E-Thick Dark Clouds/E_img115.png,thick_dark_clouds,1417,train,False
swimcat_ext,swimcat_ext/Swimcat-extend/E-Thick Dark Clouds/E_img116.png,thick_dark_clouds,1419,train,False
swimcat_ext,swimcat_ext/Swimcat-extend/E-Thick Dark Clouds/E_img117.png,thick_dark_clouds,1420,train,False
swimcat_ext,swimcat_ext/Swimcat-extend/E-Thick Dark Clouds/E_img118.png,thick_dark_clouds,1421,train,False
swimcat_ext,swimcat_ext/Swimcat-extend/E-Thick Dark Clouds/E_img119.png,thick_dark_clouds,1422,train,False
swimcat_ext,swimcat_ext/Swimcat-extend/E-Thick Dark Clouds/E_img12.png,thick_dark_clouds,1423,val,False
swimcat_ext,swimcat_ext/Swimcat-extend/E-Thick Dark Clouds/E_img120.png,thick_dark_clouds,1424,train,False
swimcat_ext,swimcat_ext/Swimcat-extend/E-Thick Dark Clouds/E_img121.png,thick_dark_clouds,1425,train,False
swimcat_ext,swimcat_ext/Swimcat-extend/E-Thick Dark Clouds/E_img122.png,thick_dark_clouds,1426,train,False
swimcat_ext,swimcat_ext/Swimcat-extend/E-Thick Dark Clouds/E_img123.png,thick_dark_clouds,1426,train,False
swimcat_ext,swimcat_ext/Swimcat-extend/E-Thick Dark Clouds/E_img124.png,thick_dark_clouds,1428,train,False
swimcat_ext,swimcat_ext/Swimcat-extend/E-Thick Dark Clouds/E_img125.png,thick_dark_clouds,1429,test,False
swimcat_ext,swimcat_ext/Swimcat-extend/E-Thick Dark Clouds/E_img126.png,thick_dark_clouds,1430,train,False
swimcat_ext,swimcat_ext/Swimcat-extend/E-Thick Dark Clouds/E_img127.png,thick_dark_clouds,1430,train,False
swimcat_ext,swimcat_ext/Swimcat-extend/E-Thick Dark Clouds/E_img128.png,thick_dark_clouds,1432,train,False
swimcat_ext,swimcat_ext/Swimcat-extend/E-Thick Dark Clouds/E_img129.png,thick_dark_clouds,1433,train,False
swimcat_ext,swimcat_ext/Swimcat-extend/E-Thick Dark Clouds/E_img13.png,thick_dark_clouds,1434,train,False
swimcat_ext,swimcat_ext/Swimcat-extend/E-Thick Dark Clouds/E_img130.png,thick_dark_clouds,1433,train,False
swimcat_ext,swimcat_ext/Swimcat-extend/E-Thick Dark Clouds/E_img131.png,thick_dark_clouds,1436,train,False
swimcat_ext,swimcat_ext/Swimcat-extend/E-Thick Dark Clouds/E_img132.png,thick_dark_clouds,1436,train,False
swimcat_ext,swimcat_ext/Swimcat-extend/E-Thick Dark Clouds/E_img133.png,thick_dark_clouds,1436,train,False
swimcat_ext,swimcat_ext/Swimcat-extend/E-Thick Dark Clouds/E_img134.png,thick_dark_clouds,1439,train,False
swimcat_ext,swimcat_ext/Swimcat-extend/E-Thick Dark Clouds/E_img135.png,thick_dark_clouds,1440,test,False
swimcat_ext,swimcat_ext/Swimcat-extend/E-Thick Dark Clouds/E_img136.png,thick_dark_clouds,1441,test,False
swimcat_ext,swimcat_ext/Swimcat-extend/E-Thick Dark Clouds/E_img137.png,thick_dark_clouds,1440,test,False
swimcat_ext,swimcat_ext/Swimcat-extend/E-Thick Dark Clouds/E_img138.png,thick_dark_clouds,1443,test,False
swimcat_ext,swimcat_ext/Swimcat-extend/E-Thick Dark Clouds/E_img139.png,thick_dark_clouds,1444,train,False
swimcat_ext,swimcat_ext/Swimcat-extend/E-Thick Dark Clouds/E_img14.png,thick_dark_clouds,1445,train,False
swimcat_ext,swimcat_ext/Swimcat-extend/E-Thick Dark Clouds/E_img140.png,thick_dark_clouds,1444,train,False
swimcat_ext,swimcat_ext/Swimcat-extend/E-Thick Dark Clouds/E_img141.png,thick_dark_clouds,1447,train,False
swimcat_ext,swimcat_ext/Swimcat-extend/E-Thick Dark Clouds/E_img142.png,thick_dark_clouds,1448,test,False
swimcat_ext,swimcat_ext/Swimcat-extend/E-Thick Dark Clouds/E_img143.png,thick_dark_clouds,1448,test,False
swimcat_ext,swimcat_ext/Swimcat-extend/E-Thick Dark Clouds/E_img144.png,thick_dark_clouds,1450,train,False
swimcat_ext,swimcat_ext/Swimcat-extend/E-Thick Dark Clouds/E_img145.png,thick_dark_clouds,1451,test,False
swimcat_ext,swimcat_ext/Swimcat-extend/E-Thick Dark Clouds/E_img146.png,thick_dark_clouds,1452,train,False
swimcat_ext,swimcat_ext/Swimcat-extend/E-Thick Dark Clouds/E_img147.png,thick_dark_clouds,1441,test,False
swimcat_ext,swimcat_ext/Swimcat-extend/E-Thick Dark Clouds/E_img148.png,thick_dark_clouds,1454,train,False
swimcat_ext,swimcat_ext/Swimcat-extend/E-Thick Dark Clouds/E_img149.png,thick_dark_clouds,1455,train,False
swimcat_ext,swimcat_ext/Swimcat-extend/E-Thick Dark Clouds/E_img15.png,thick_dark_clouds,1456,test,False
swimcat_ext,swimcat_ext/Swimcat-extend/E-Thick Dark Clouds/E_img150.png,thick_dark_clouds,1457,train,False
swimcat_ext,swimcat_ext/Swimcat-extend/E-Thick Dark Clouds/E_img151.png,thick_dark_clouds,1457,train,False
swimcat_ext,swimcat_ext/Swimcat-extend/E-Thick Dark Clouds/E_img152.png,thick_dark_clouds,1459,train,False
swimcat_ext,swimcat_ext/Swimcat-extend/E-Thick Dark Clouds/E_img153.png,thick_dark_clouds,1460,train,False
swimcat_ext,swimcat_ext/Swimcat-extend/E-Thick Dark Clouds/E_img154.png,thick_dark_clouds,1461,train,False
swimcat_ext,swimcat_ext/Swimcat-extend/E-Thick Dark Clouds/E_img155.png,thick_dark_clouds,1461,train,False
swimcat_ext,swimcat_ext/Swimcat-extend/E-Thick Dark Clouds/E_img156.png,thick_dark_clouds,1463,train,False
swimcat_ext,swimcat_ext/Swimcat-extend/E-Thick Dark Clouds/E_img157.png,thick_dark_clouds,1463,train,False
swimcat_ext,swimcat_ext/Swimcat-extend/E-Thick Dark Clouds/E_img158.png,thick_dark_clouds,1465,test,False
swimcat_ext,swimcat_ext/Swimcat-extend/E-Thick Dark Clouds/E_img159.png,thick_dark_clouds,1466,val,False
swimcat_ext,swimcat_ext/Swimcat-extend/E-Thick Dark Clouds/E_img16.png,thick_dark_clouds,1467,train,False
swimcat_ext,swimcat_ext/Swimcat-extend/E-Thick Dark Clouds/E_img160.png,thick_dark_clouds,1468,train,False
swimcat_ext,swimcat_ext/Swimcat-extend/E-Thick Dark Clouds/E_img161.png,thick_dark_clouds,1469,train,False
swimcat_ext,swimcat_ext/Swimcat-extend/E-Thick Dark Clouds/E_img162.png,thick_dark_clouds,1470,train,False
swimcat_ext,swimcat_ext/Swimcat-extend/E-Thick Dark Clouds/E_img163.png,thick_dark_clouds,1471,train,False
swimcat_ext,swimcat_ext/Swimcat-extend/E-Thick Dark Clouds/E_img164.png,thick_dark_clouds,1471,train,False
swimcat_ext,swimcat_ext/Swimcat-extend/E-Thick Dark Clouds/E_img165.png,thick_dark_clouds,1473,train,False
swimcat_ext,swimcat_ext/Swimcat-extend/E-Thick Dark Clouds/E_img166.png,thick_dark_clouds,1474,val,False
swimcat_ext,swimcat_ext/Swimcat-extend/E-Thick Dark Clouds/E_img167.png,thick_dark_clouds,1474,val,False
swimcat_ext,swimcat_ext/Swimcat-extend/E-Thick Dark Clouds/E_img168.png,thick_dark_clouds,1476,test,False
swimcat_ext,swimcat_ext/Swimcat-extend/E-Thick Dark Clouds/E_img169.png,thick_dark_clouds,1476,test,False
swimcat_ext,swimcat_ext/Swimcat-extend/E-Thick Dark Clouds/E_img17.png,thick_dark_clouds,1478,train,False
swimcat_ext,swimcat_ext/Swimcat-extend/E-Thick Dark Clouds/E_img170.png,thick_dark_clouds,1479,train,False
swimcat_ext,swimcat_ext/Swimcat-extend/E-Thick Dark Clouds/E_img171.png,thick_dark_clouds,1480,train,False
swimcat_ext,swimcat_ext/Swimcat-extend/E-Thick Dark Clouds/E_img172.png,thick_dark_clouds,1481,val,False
swimcat_ext,swimcat_ext/Swimcat-extend/E-Thick Dark Clouds/E_img173.png,thick_dark_clouds,1482,test,False
swimcat_ext,swimcat_ext/Swimcat-extend/E-Thick Dark Clouds/E_img174.png,thick_dark_clouds,1483,train,False
swimcat_ext,swimcat_ext/Swimcat-extend/E-Thick Dark Clouds/E_img175.png,thick_dark_clouds,1484,train,False
swimcat_ext,swimcat_ext/Swimcat-extend/E-Thick Dark Clouds/E_img176.png,thick_dark_clouds,1485,val,False
swimcat_ext,swimcat_ext/Swimcat-extend/E-Thick Dark Clouds/E_img177.png,thick_dark_clouds,1485,val,False
swimcat_ext,swimcat_ext/Swimcat-extend/E-Thick Dark Clouds/E_img178.png,thick_dark_clouds,1487,train,False
swimcat_ext,swimcat_ext/Swimcat-extend/E-Thick Dark Clouds/E_img179.png,thick_dark_clouds,1488,val,False
swimcat_ext,swimcat_ext/Swimcat-extend/E-Thick Dark Clouds/E_img18.png,thick_dark_clouds,1489,test,False
swimcat_ext,swimcat_ext/Swimcat-extend/E-Thick Dark Clouds/E_img180.png,thick_dark_clouds,1490,train,False
swimcat_ext,swimcat_ext/Swimcat-extend/E-Thick Dark Clouds/E_img181.png,thick_dark_clouds,1490,train,False
swimcat_ext,swimcat_ext/Swimcat-extend/E-Thick Dark Clouds/E_img182.png,thick_dark_clouds,1488,val,False
swimcat_ext,swimcat_ext/Swimcat-extend/E-Thick Dark Clouds/E_img183.png,thick_dark_clouds,1493,train,False
swimcat_ext,swimcat_ext/Swimcat-extend/E-Thick Dark Clouds/E_img184.png,thick_dark_clouds,1493,train,False
swimcat_ext,swimcat_ext/Swimcat-extend/E-Thick Dark Clouds/E_img185.png,thick_dark_clouds,1495,val,False
swimcat_ext,swimcat_ext/Swimcat-extend/E-Thick Dark Clouds/E_img186.png,thick_dark_clouds,1495,val,False
swimcat_ext,swimcat_ext/Swimcat-extend/E-Thick Dark Clouds/E_img187.png,thick_dark_clouds,1497,train,False
swimcat_ext,swimcat_ext/Swimcat-extend/E-Thick Dark Clouds/E_img188.png,thick_dark_clouds,1498,train,False
swimcat_ext,swimcat_ext/Swimcat-extend/E-Thick Dark Clouds/E_img189.png,thick_dark_clouds,1499,train,False
swimcat_ext,swimcat_ext/Swimcat-extend/E-Thick Dark Clouds/E_img19.png,thick_dark_clouds,1500,train,False
swimcat_ext,swimcat_ext/Swimcat-extend/E-Thick Dark Clouds/E_img190.png,thick_dark_clouds,1501,train,False
swimcat_ext,swimcat_ext/Swimcat-extend/E-Thick Dark Clouds/E_img191.png,thick_dark_clouds,1499,train,False
swimcat_ext,swimcat_ext/Swimcat-extend/E-Thick Dark Clouds/E_img192.png,thick_dark_clouds,1503,train,False
swimcat_ext,swimcat_ext/Swimcat-extend/E-Thick Dark Clouds/E_img193.png,thick_dark_clouds,1504,train,False
swimcat_ext,swimcat_ext/Swimcat-extend/E-Thick Dark Clouds/E_img194.png,thick_dark_clouds,1505,val,False
swimcat_ext,swimcat_ext/Swimcat-extend/E-Thick Dark Clouds/E_img195.png,thick_dark_clouds,1505,val,False
swimcat_ext,swimcat_ext/Swimcat-extend/E-Thick Dark Clouds/E_img196.png,thick_dark_clouds,1507,train,False
swimcat_ext,swimcat_ext/Swimcat-extend/E-Thick Dark Clouds/E_img197.png,thick_dark_clouds,1508,val,False
swimcat_ext,swimcat_ext/Swimcat-extend/E-Thick Dark Clouds/E_img198.png,thick_dark_clouds,1509,train,False
swimcat_ext,swimcat_ext/Swimcat-extend/E-Thick Dark Clouds/E_img199.png,thick_dark_clouds,1510,val,False
swimcat_ext,swimcat_ext/Swimcat-extend/E-Thick Dark Clouds/E_img2.png,thick_dark_clouds,1511,train,False
swimcat_ext,swimcat_ext/Swimcat-extend/E-Thick Dark Clouds/E_img20.png,thick_dark_clouds,1512,train,False
swimcat_ext,swimcat_ext/Swimcat-extend/E-Thick Dark Clouds/E_img200.png,thick_dark_clouds,1513,train,False
swimcat_ext,swimcat_ext/Swimcat-extend/E-Thick Dark Clouds/E_img201.png,thick_dark_clouds,1514,train,False
swimcat_ext,swimcat_ext/Swimcat-extend/E-Thick Dark Clouds/E_img202.png,thick_dark_clouds,1513,train,False
swimcat_ext,swimcat_ext/Swimcat-extend/E-Thick Dark Clouds/E_img203.png,thick_dark_clouds,1516,val,False
swimcat_ext,swimcat_ext/Swimcat-extend/E-Thick Dark Clouds/E_img204.png,thick_dark_clouds,1517,val,False
swimcat_ext,swimcat_ext/Swimcat-extend/E-Thick Dark Clouds/E_img205.png,thick_dark_clouds,1518,train,False
swimcat_ext,swimcat_ext/Swimcat-extend/E-Thick Dark Clouds/E_img206.png,thick_dark_clouds,1519,train,False
swimcat_ext,swimcat_ext/Swimcat-extend/E-Thick Dark Clouds/E_img207.png,thick_dark_clouds,1517,val,False
swimcat_ext,swimcat_ext/Swimcat-extend/E-Thick Dark Clouds/E_img208.png,thick_dark_clouds,1521,train,False
swimcat_ext,swimcat_ext/Swimcat-extend/E-Thick Dark Clouds/E_img209.png,thick_dark_clouds,1519,train,False
swimcat_ext,swimcat_ext/Swimcat-extend/E-Thick Dark Clouds/E_img21.png,thick_dark_clouds,1523,train,False
swimcat_ext,swimcat_ext/Swimcat-extend/E-Thick Dark Clouds/E_img210.png,thick_dark_clouds,1524,val,False
swimcat_ext,swimcat_ext/Swimcat-extend/E-Thick Dark Clouds/E_img211.png,thick_dark_clouds,1525,train,False
swimcat_ext,swimcat_ext/Swimcat-extend/E-Thick Dark Clouds/E_img212.png,thick_dark_clouds,1526,train,False
swimcat_ext,swimcat_ext/Swimcat-extend/E-Thick Dark Clouds/E_img213.png,thick_dark_clouds,1527,train,False
swimcat_ext,swimcat_ext/Swimcat-extend/E-Thick Dark Clouds/E_img214.png,thick_dark_clouds,1527,train,False
swimcat_ext,swimcat_ext/Swimcat-extend/E-Thick Dark Clouds/E_img215.png,thick_dark_clouds,1529,test,False
swimcat_ext,swimcat_ext/Swimcat-extend/E-Thick Dark Clouds/E_img216.png,thick_dark_clouds,1530,train,False
swimcat_ext,swimcat_ext/Swimcat-extend/E-Thick Dark Clouds/E_img217.png,thick_dark_clouds,1531,val,False
swimcat_ext,swimcat_ext/Swimcat-extend/E-Thick Dark Clouds/E_img218.png,thick_dark_clouds,1531,val,False
swimcat_ext,swimcat_ext/Swimcat-extend/E-Thick Dark Clouds/E_img219.png,thick_dark_clouds,1533,train,False
swimcat_ext,swimcat_ext/Swimcat-extend/E-Thick Dark Clouds/E_img22.png,thick_dark_clouds,1534,train,False
swimcat_ext,swimcat_ext/Swimcat-extend/E-Thick Dark Clouds/E_img220.png,thick_dark_clouds,1535,train,False
swimcat_ext,swimcat_ext/Swimcat-extend/E-Thick Dark Clouds/E_img221.png,thick_dark_clouds,1536,train,False
swimcat_ext,swimcat_ext/Swimcat-extend/E-Thick Dark Clouds/E_img222.png,thick_dark_clouds,1537,train,False
swimcat_ext,swimcat_ext/Swimcat-extend/E-Thick Dark Clouds/E_img223.png,thick_dark_clouds,1538,train,False
swimcat_ext,swimcat_ext/Swimcat-extend/E-Thick Dark Clouds/E_img224.png,thick_dark_clouds,1539,val,False
swimcat_ext,swimcat_ext/Swimcat-extend/E-Thick Dark Clouds/E_img225.png,thick_dark_clouds,1537,train,False
swimcat_ext,swimcat_ext/Swimcat-extend/E-Thick Dark Clouds/E_img226.png,thick_dark_clouds,1541,train,False
swimcat_ext,swimcat_ext/Swimcat-extend/E-Thick Dark Clouds/E_img227.png,thick_dark_clouds,1541,train,False
swimcat_ext,swimcat_ext/Swimcat-extend/E-Thick Dark Clouds/E_img228.png,thick_dark_clouds,1543,train,False
swimcat_ext,swimcat_ext/Swimcat-extend/E-Thick Dark Clouds/E_img229.png,thick_dark_clouds,1543,train,False
swimcat_ext,swimcat_ext/Swimcat-extend/E-Thick Dark Clouds/E_img23.png,thick_dark_clouds,1545,train,False
swimcat_ext,swimcat_ext/Swimcat-extend/E-Thick Dark Clouds/E_img230.png,thick_dark_clouds,1546,train,False
swimcat_ext,swimcat_ext/Swimcat-extend/E-Thick Dark Clouds/E_img231.png,thick_dark_clouds,1546,train,False
swimcat_ext,swimcat_ext/Swimcat-extend/E-Thick Dark Clouds/E_img232.png,thick_dark_clouds,1548,train,False
swimcat_ext,swimcat_ext/Swimcat-extend/E-Thick Dark Clouds/E_img233.png,thick_dark_clouds,1549,val,False
swimcat_ext,swimcat_ext/Swimcat-extend/E-Thick Dark Clouds/E_img234.png,thick_dark_clouds,1549,val,False
swimcat_ext,swimcat_ext/Swimcat-extend/E-Thick Dark Clouds/E_img235.png,thick_dark_clouds,1539,val,False
swimcat_ext,swimcat_ext/Swimcat-extend/E-Thick Dark Clouds/E_img236.png,thick_dark_clouds,1447,train,False
swimcat_ext,swimcat_ext/Swimcat-extend/E-Thick Dark Clouds/E_img237.png,thick_dark_clouds,1448,test,False
swimcat_ext,swimcat_ext/Swimcat-extend/E-Thick Dark Clouds/E_img238.png,thick_dark_clouds,1448,test,False
swimcat_ext,swimcat_ext/Swimcat-extend/E-Thick Dark Clouds/E_img239.png,thick_dark_clouds,1450,train,False
swimcat_ext,swimcat_ext/Swimcat-extend/E-Thick Dark Clouds/E_img24.png,thick_dark_clouds,1556,train,False
swimcat_ext,swimcat_ext/Swimcat-extend/E-Thick Dark Clouds/E_img240.png,thick_dark_clouds,1510,val,False
swimcat_ext,swimcat_ext/Swimcat-extend/E-Thick Dark Clouds/E_img241.png,thick_dark_clouds,1513,train,False
swimcat_ext,swimcat_ext/Swimcat-extend/E-Thick Dark Clouds/E_img242.png,thick_dark_clouds,1513,train,False
swimcat_ext,swimcat_ext/Swimcat-extend/E-Thick Dark Clouds/E_img243.png,thick_dark_clouds,1516,val,False
swimcat_ext,swimcat_ext/Swimcat-extend/E-Thick Dark Clouds/E_img244.png,thick_dark_clouds,1561,train,False
swimcat_ext,swimcat_ext/Swimcat-extend/E-Thick Dark Clouds/E_img245.png,thick_dark_clouds,1562,train,False
swimcat_ext,swimcat_ext/Swimcat-extend/E-Thick Dark Clouds/E_img246.png,thick_dark_clouds,1563,train,False
swimcat_ext,swimcat_ext/Swimcat-extend/E-Thick Dark Clouds/E_img247.png,thick_dark_clouds,1562,train,False
swimcat_ext,swimcat_ext/Swimcat-extend/E-Thick Dark Clouds/E_img248.png,thick_dark_clouds,1565,train,False
swimcat_ext,swimcat_ext/Swimcat-extend/E-Thick Dark Clouds/E_img249.png,thick_dark_clouds,1565,train,False
swimcat_ext,swimcat_ext/Swimcat-extend/E-Thick Dark Clouds/E_img25.png,thick_dark_clouds,1454,train,False
swimcat_ext,swimcat_ext/Swimcat-extend/E-Thick Dark Clouds/E_img250.png,thick_dark_clouds,1568,train,False
swimcat_ext,swimcat_ext/Swimcat-extend/E-Thick Dark Clouds/E_img251.png,thick_dark_clouds,1569,train,False
swimcat_ext,swimcat_ext/Swimcat-extend/E-Thick Dark Clouds/E_img252.png,thick_dark_clouds,1447,train,False
swimcat_ext,swimcat_ext/Swimcat-extend/E-Thick Dark Clouds/E_img253.png,thick_dark_clouds,1447,train,False
swimcat_ext,swimcat_ext/Swimcat-extend/E-Thick Dark Clouds/E_img254.png,thick_dark_clouds,1488,val,False
swimcat_ext,swimcat_ext/Swimcat-extend/E-Thick Dark Clouds/E_img255.png,thick_dark_clouds,1447,train,False
swimcat_ext,swimcat_ext/Swimcat-extend/E-Thick Dark Clouds/E_img256.png,thick_dark_clouds,1561,train,False
swimcat_ext,swimcat_ext/Swimcat-extend/E-Thick Dark Clouds/E_img257.png,thick_dark_clouds,1447,train,False
swimcat_ext,swimcat_ext/Swimcat-extend/E-Thick Dark Clouds/E_img258.png,thick_dark_clouds,1576,train,False
swimcat_ext,swimcat_ext/Swimcat-extend/E-Thick Dark Clouds/E_img259.png,thick_dark_clouds,1576,train,False
swimcat_ext,swimcat_ext/Swimcat-extend/E-Thick Dark Clouds/E_img26.png,thick_dark_clouds,1454,train,False
swimcat_ext,swimcat_ext/Swimcat-extend/E-Thick Dark Clouds/E_img260.png,thick_dark_clouds,1579,train,False
swimcat_ext,swimcat_ext/Swimcat-extend/E-Thick Dark Clouds/E_img261.png,thick_dark_clouds,1580,train,False
swimcat_ext,swimcat_ext/Swimcat-extend/E-Thick Dark Clouds/E_img262.png,thick_dark_clouds,1581,test,False
swimcat_ext,swimcat_ext/Swimcat-extend/E-Thick Dark Clouds/E_img263.png,thick_dark_clouds,1582,train,False
swimcat_ext,swimcat_ext/Swimcat-extend/E-Thick Dark Clouds/E_img264.png,thick_dark_clouds,1582,train,False
swimcat_ext,swimcat_ext/Swimcat-extend/E-Thick Dark Clouds/E_img265.png,thick_dark_clouds,1584,train,False
swimcat_ext,swimcat_ext/Swimcat-extend/E-Thick Dark Clouds/E_img266.png,thick_dark_clouds,1584,train,False
swimcat_ext,swimcat_ext/Swimcat-extend/E-Thick Dark Clouds/E_img267.png,thick_dark_clouds,1447,train,False
swimcat_ext,swimcat_ext/Swimcat-extend/E-Thick Dark Clouds/E_img268.png,thick_dark_clouds,1587,train,False
swimcat_ext,swimcat_ext/Swimcat-extend/E-Thick Dark Clouds/E_img269.png,thick_dark_clouds,1588,train,False
swimcat_ext,swimcat_ext/Swimcat-extend/E-Thick Dark Clouds/E_img27.png,thick_dark_clouds,1457,train,False
swimcat_ext,swimcat_ext/Swimcat-extend/E-Thick Dark Clouds/E_img270.png,thick_dark_clouds,1590,test,False
swimcat_ext,swimcat_ext/Swimcat-extend/E-Thick Dark Clouds/E_img271.png,thick_dark_clouds,1590,test,False
swimcat_ext,swimcat_ext/Swimcat-extend/E-Thick Dark Clouds/E_img272.png,thick_dark_clouds,1590,test,False
swimcat_ext,swimcat_ext/Swimcat-extend/E-Thick Dark Clouds/E_img273.png,thick_dark_clouds,1590,test,False
swimcat_ext,swimcat_ext/Swimcat-extend/E-Thick Dark Clouds/E_img274.png,thick_dark_clouds,1594,train,False
swimcat_ext,swimcat_ext/Swimcat-extend/E-Thick Dark Clouds/E_img275.png,thick_dark_clouds,1595,train,False
swimcat_ext,swimcat_ext/Swimcat-extend/E-Thick Dark Clouds/E_img276.png,thick_dark_clouds,1596,val,False
swimcat_ext,swimcat_ext/Swimcat-extend/E-Thick Dark Clouds/E_img277.png,thick_dark_clouds,1596,val,False
swimcat_ext,swimcat_ext/Swimcat-extend/E-Thick Dark Clouds/E_img278.png,thick_dark_clouds,1596,val,False
swimcat_ext,swimcat_ext/Swimcat-extend/E-Thick Dark Clouds/E_img279.png,thick_dark_clouds,1599,train,False
swimcat_ext,swimcat_ext/Swimcat-extend/E-Thick Dark Clouds/E_img28.png,thick_dark_clouds,1600,train,False
swimcat_ext,swimcat_ext/Swimcat-extend/E-Thick Dark Clouds/E_img280.png,thick_dark_clouds,1601,train,False
swimcat_ext,swimcat_ext/Swimcat-extend/E-Thick Dark Clouds/E_img281.png,thick_dark_clouds,1587,train,False
swimcat_ext,swimcat_ext/Swimcat-extend/E-Thick Dark Clouds/E_img282.png,thick_dark_clouds,1603,train,False
swimcat_ext,swimcat_ext/Swimcat-extend/E-Thick Dark Clouds/E_img283.png,thick_dark_clouds,1603,train,False
swimcat_ext,swimcat_ext/Swimcat-extend/E-Thick Dark Clouds/E_img284.png,thick_dark_clouds,1538,train,False
swimcat_ext,swimcat_ext/Swimcat-extend/E-Thick Dark Clouds/E_img285.png,thick_dark_clouds,1606,train,False
swimcat_ext,swimcat_ext/Swimcat-extend/E-Thick Dark Clouds/E_img286.png,thick_dark_clouds,1606,train,False
swimcat_ext,swimcat_ext/Swimcat-extend/E-Thick Dark Clouds/E_img287.png,thick_dark_clouds,1608,train,False
swimcat_ext,swimcat_ext/Swimcat-extend/E-Thick Dark Clouds/E_img288.png,thick_dark_clouds,1609,train,False
swimcat_ext,swimcat_ext/Swimcat-extend/E-Thick Dark Clouds/E_img289.png,thick_dark_clouds,1610,train,False
swimcat_ext,swimcat_ext/Swimcat-extend/E-Thick Dark Clouds/E_img29.png,thick_dark_clouds,1457,train,False
swimcat_ext,swimcat_ext/Swimcat-extend/E-Thick Dark Clouds/E_img290.png,thick_dark_clouds,1612,test,False
swimcat_ext,swimcat_ext/Swimcat-extend/E-Thick Dark Clouds/E_img291.png,thick_dark_clouds,1612,test,False
swimcat_ext,swimcat_ext/Swimcat-extend/E-Thick Dark Clouds/E_img292.png,thick_dark_clouds,1614,train,False
swimcat_ext,swimcat_ext/Swimcat-extend/E-Thick Dark Clouds/E_img293.png,thick_dark_clouds,1615,train,False
swimcat_ext,swimcat_ext/Swimcat-extend/E-Thick Dark Clouds/E_img294.png,thick_dark_clouds,1616,val,False
swimcat_ext,swimcat_ext/Swimcat-extend/E-Thick Dark Clouds/E_img295.png,thick_dark_clouds,1617,train,False
swimcat_ext,swimcat_ext/Swimcat-extend/E-Thick Dark Clouds/E_img296.png,thick_dark_clouds,1618,train,False
swimcat_ext,swimcat_ext/Swimcat-extend/E-Thick Dark Clouds/E_img297.png,thick_dark_clouds,1619,val,False
swimcat_ext,swimcat_ext/Swimcat-extend/E-Thick Dark Clouds/E_img298.png,thick_dark_clouds,1619,val,False
swimcat_ext,swimcat_ext/Swimcat-extend/E-Thick Dark Clouds/E_img299.png,thick_dark_clouds,1621,train,False
swimcat_ext,swimcat_ext/Swimcat-extend/E-Thick Dark Clouds/E_img3.png,thick_dark_clouds,1622,val,False
swimcat_ext,swimcat_ext/Swimcat-extend/E-Thick Dark Clouds/E_img30.png,thick_dark_clouds,1459,train,False
swimcat_ext,swimcat_ext/Swimcat-extend/E-Thick Dark Clouds/E_img300.png,thick_dark_clouds,1624,train,False
swimcat_ext,swimcat_ext/Swimcat-extend/E-Thick Dark Clouds/E_img301.png,thick_dark_clouds,1610,train,False
swimcat_ext,swimcat_ext/Swimcat-extend/E-Thick Dark Clouds/E_img302.png,thick_dark_clouds,1612,test,False
swimcat_ext,swimcat_ext/Swimcat-extend/E-Thick Dark Clouds/E_img303.png,thick_dark_clouds,1612,test,False
swimcat_ext,swimcat_ext/Swimcat-extend/E-Thick Dark Clouds/E_img304.png,thick_dark_clouds,1628,train,False
swimcat_ext,swimcat_ext/Swimcat-extend/E-Thick Dark Clouds/E_img305.png,thick_dark_clouds,1629,train,False
swimcat_ext,swimcat_ext/Swimcat-extend/E-Thick Dark Clouds/E_img306.png,thick_dark_clouds,1630,test,False
swimcat_ext,swimcat_ext/Swimcat-extend/E-Thick Dark Clouds/E_img307.png,thick_dark_clouds,1631,test,False
swimcat_ext,swimcat_ext/Swimcat-extend/E-Thick Dark Clouds/E_img308.png,thick_dark_clouds,1615,train,False
swimcat_ext,swimcat_ext/Swimcat-extend/E-Thick Dark Clouds/E_img309.png,thick_dark_clouds,1616,val,False
swimcat_ext,swimcat_ext/Swimcat-extend/E-Thick Dark Clouds/E_img31.png,thick_dark_clouds,1512,train,False
swimcat_ext,swimcat_ext/Swimcat-extend/E-Thick Dark Clouds/E_img310.png,thick_dark_clouds,1447,train,False
swimcat_ext,swimcat_ext/Swimcat-extend/E-Thick Dark Clouds/E_img311.png,thick_dark_clouds,1636,val,False
swimcat_ext,swimcat_ext/Swimcat-extend/E-Thick Dark Clouds/E_img312.png,thick_dark_clouds,1488,val,False
swimcat_ext,swimcat_ext/Swimcat-extend/E-Thick Dark Clouds/E_img313.png,thick_dark_clouds,1638,train,False
swimcat_ext,swimcat_ext/Swimcat-extend/E-Thick Dark Clouds/E_img314.png,thick_dark_clouds,1639,val,False
swimcat_ext,swimcat_ext/Swimcat-extend/E-Thick Dark Clouds/E_img315.png,thick_dark_clouds,1640,train,False
swimcat_ext,swimcat_ext/Swimcat-extend/E-Thick Dark Clouds/E_img316.png,thick_dark_clouds,1628,train,False
swimcat_ext,swimcat_ext/Swimcat-extend/E-Thick Dark Clouds/E_img317.png,thick_dark_clouds,1640,train,False
swimcat_ext,swimcat_ext/Swimcat-extend/E-Thick Dark Clouds/E_img318.png,thick_dark_clouds,1501,train,False
swimcat_ext,swimcat_ext/Swimcat-extend/E-Thick Dark Clouds/E_img319.png,thick_dark_clouds,1644,test,False
swimcat_ext,swimcat_ext/Swimcat-extend/E-Thick Dark Clouds/E_img32.png,thick_dark_clouds,1622,val,False
swimcat_ext,swimcat_ext/Swimcat-extend/E-Thick Dark Clouds/E_img320.png,thick_dark_clouds,1646,train,False
swimcat_ext,swimcat_ext/Swimcat-extend/E-Thick Dark Clouds/E_img321.png,thick_dark_clouds,1647,test,False
swimcat_ext,swimcat_ext/Swimcat-extend/E-Thick Dark Clouds/E_img322.png,thick_dark_clouds,1648,val,False
swimcat_ext,swimcat_ext/Swimcat-extend/E-Thick Dark Clouds/E_img323.png,thick_dark_clouds,1649,train,False
swimcat_ext,swimcat_ext/Swimcat-extend/E-Thick Dark Clouds/E_img324.png,thick_dark_clouds,1650,train,False
swimcat_ext,swimcat_ext/Swimcat-extend/E-Thick Dark Clouds/E_img325.png,thick_dark_clouds,1651,val,False
swimcat_ext,swimcat_ext/Swimcat-extend/E-Thick Dark Clouds/E_img326.png,thick_dark_clouds,1652,test,False
swimcat_ext,swimcat_ext/Swimcat-extend/E-Thick Dark Clouds/E_img327.png,thick_dark_clouds,1653,train,False
swimcat_ext,swimcat_ext/Swimcat-extend/E-Thick Dark Clouds/E_img328.png,thick_dark_clouds,1654,train,False
swimcat_ext,swimcat_ext/Swimcat-extend/E-Thick Dark Clouds/E_img329.png,thick_dark_clouds,1514,train,False
swimcat_ext,swimcat_ext/Swimcat-extend/E-Thick Dark Clouds/E_img33.png,thick_dark_clouds,1656,train,False
swimcat_ext,swimcat_ext/Swimcat-extend/E-Thick Dark Clouds/E_img330.png,thick_dark_clouds,1657,train,False
swimcat_ext,swimcat_ext/Swimcat-extend/E-Thick Dark Clouds/E_img331.png,thick_dark_clouds,1658,train,False
swimcat_ext,swimcat_ext/Swimcat-extend/E-Thick Dark Clouds/E_img332.png,thick_dark_clouds,1659,train,False
swimcat_ext,swimcat_ext/Swimcat-extend/E-Thick Dark Clouds/E_img333.png,thick_dark_clouds,1660,train,False
swimcat_ext,swimcat_ext/Swimcat-extend/E-Thick Dark Clouds/E_img334.png,thick_dark_clouds,1661,test,False
swimcat_ext,swimcat_ext/Swimcat-extend/E-Thick Dark Clouds/E_img335.png,thick_dark_clouds,1661,test,False
swimcat_ext,swimcat_ext/Swimcat-extend/E-Thick Dark Clouds/E_img336.png,thick_dark_clouds,1661,test,False
swimcat_ext,swimcat_ext/Swimcat-extend/E-Thick Dark Clouds/E_img337.png,thick_dark_clouds,1661,test,False
swimcat_ext,swimcat_ext/Swimcat-extend/E-Thick Dark Clouds/E_img338.png,thick_dark_clouds,1665,train,False
swimcat_ext,swimcat_ext/Swimcat-extend/E-Thick Dark Clouds/E_img339.png,thick_dark_clouds,1666,val,False
swimcat_ext,swimcat_ext/Swimcat-extend/E-Thick Dark Clouds/E_img34.png,thick_dark_clouds,1656,train,False
swimcat_ext,swimcat_ext/Swimcat-extend/E-Thick Dark Clouds/E_img340.png,thick_dark_clouds,1668,val,False
swimcat_ext,swimcat_ext/Swimcat-extend/E-Thick Dark Clouds/E_img341.png,thick_dark_clouds,1654,train,False
swimcat_ext,swimcat_ext/Swimcat-extend/E-Thick Dark Clouds/E_img342.png,thick_dark_clouds,1670,train,False
swimcat_ext,swimcat_ext/Swimcat-extend/E-Thick Dark Clouds/E_img343.png,thick_dark_clouds,1670,train,False
swimcat_ext,swimcat_ext/Swimcat-extend/E-Thick Dark Clouds/E_img344.png,thick_dark_clouds,1672,train,False
swimcat_ext,swimcat_ext/Swimcat-extend/E-Thick Dark Clouds/E_img345.png,thick_dark_clouds,1673,train,False
swimcat_ext,swimcat_ext/Swimcat-extend/E-Thick Dark Clouds/E_img346.png,thick_dark_clouds,1674,train,False
swimcat_ext,swimcat_ext/Swimcat-extend/E-Thick Dark Clouds/E_img347.png,thick_dark_clouds,1675,train,False
swimcat_ext,swimcat_ext/Swimcat-extend/E-Thick Dark Clouds/E_img348.png,thick_dark_clouds,1676,train,False
swimcat_ext,swimcat_ext/Swimcat-extend/E-Thick Dark Clouds/E_img349.png,thick_dark_clouds,1677,val,False
swimcat_ext,swimcat_ext/Swimcat-extend/E-Thick Dark Clouds/E_img35.png,thick_dark_clouds,1678,train,False
swimcat_ext,swimcat_ext/Swimcat-extend/E-Thick Dark Clouds/E_img350.png,thick_dark_clouds,1679,train,False
swimcat_ext,swimcat_ext/Swimcat-extend/E-Thick Dark Clouds/E_img36.png,thick_dark_clouds,1680,val,False
swimcat_ext,swimcat_ext/Swimcat-extend/E-Thick Dark Clouds/E_img37.png,thick_dark_clouds,1681,test,False
swimcat_ext,swimcat_ext/Swimcat-extend/E-Thick Dark Clouds/E_img38.png,thick_dark_clouds,1682,test,False
swimcat_ext,swimcat_ext/Swimcat-extend/E-Thick Dark Clouds/E_img39.png,thick_dark_clouds,1465,test,False
swimcat_ext,swimcat_ext/Swimcat-extend/E-Thick Dark Clouds/E_img4.png,thick_dark_clouds,1680,val,False
swimcat_ext,swimcat_ext/Swimcat-extend/E-Thick Dark Clouds/E_img40.png,thick_dark_clouds,1685,train,False
swimcat_ext,swimcat_ext/Swimcat-extend/E-Thick Dark Clouds/E_img41.png,thick_dark_clouds,1686,train,False
swimcat_ext,swimcat_ext/Swimcat-extend/E-Thick Dark Clouds/E_img42.png,thick_dark_clouds,1687,train,False
swimcat_ext,swimcat_ext/Swimcat-extend/E-Thick Dark Clouds/E_img43.png,thick_dark_clouds,1687,train,False
swimcat_ext,swimcat_ext/Swimcat-extend/E-Thick Dark Clouds/E_img44.png,thick_dark_clouds,1689,test,False
swimcat_ext,swimcat_ext/Swimcat-extend/E-Thick Dark Clouds/E_img45.png,thick_dark_clouds,1690,train,False
swimcat_ext,swimcat_ext/Swimcat-extend/E-Thick Dark Clouds/E_img46.png,thick_dark_clouds,1537,train,False
swimcat_ext,swimcat_ext/Swimcat-extend/E-Thick Dark Clouds/E_img47.png,thick_dark_clouds,1537,train,False
swimcat_ext,swimcat_ext/Swimcat-extend/E-Thick Dark Clouds/E_img48.png,thick_dark_clouds,1693,train,False
swimcat_ext,swimcat_ext/Swimcat-extend/E-Thick Dark Clouds/E_img49.png,thick_dark_clouds,1694,val,False
swimcat_ext,swimcat_ext/Swimcat-extend/E-Thick Dark Clouds/E_img5.png,thick_dark_clouds,1568,train,False
swimcat_ext,swimcat_ext/Swimcat-extend/E-Thick Dark Clouds/E_img50.png,thick_dark_clouds,1600,train,False
swimcat_ext,swimcat_ext/Swimcat-extend/E-Thick Dark Clouds/E_img51.png,thick_dark_clouds,1697,val,False
swimcat_ext,swimcat_ext/Swimcat-extend/E-Thick Dark Clouds/E_img52.png,thick_dark_clouds,1698,train,False
swimcat_ext,swimcat_ext/Swimcat-extend/E-Thick Dark Clouds/E_img53.png,thick_dark_clouds,1699,train,False
swimcat_ext,swimcat_ext/Swimcat-extend/E-Thick Dark Clouds/E_img54.png,thick_dark_clouds,1700,train,False
swimcat_ext,swimcat_ext/Swimcat-extend/E-Thick Dark Clouds/E_img55.png,thick_dark_clouds,1700,train,False
swimcat_ext,swimcat_ext/Swimcat-extend/E-Thick Dark Clouds/E_img56.png,thick_dark_clouds,1702,train,False
swimcat_ext,swimcat_ext/Swimcat-extend/E-Thick Dark Clouds/E_img57.png,thick_dark_clouds,1698,train,False
swimcat_ext,swimcat_ext/Swimcat-extend/E-Thick Dark Clouds/E_img58.png,thick_dark_clouds,1704,test,False
swimcat_ext,swimcat_ext/Swimcat-extend/E-Thick Dark Clouds/E_img59.png,thick_dark_clouds,1705,train,False
swimcat_ext,swimcat_ext/Swimcat-extend/E-Thick Dark Clouds/E_img6.png,thick_dark_clouds,1706,train,False
swimcat_ext,swimcat_ext/Swimcat-extend/E-Thick Dark Clouds/E_img60.png,thick_dark_clouds,1707,test,False
swimcat_ext,swimcat_ext/Swimcat-extend/E-Thick Dark Clouds/E_img61.png,thick_dark_clouds,1708,train,False
swimcat_ext,swimcat_ext/Swimcat-extend/E-Thick Dark Clouds/E_img62.png,thick_dark_clouds,1709,train,False
swimcat_ext,swimcat_ext/Swimcat-extend/E-Thick Dark Clouds/E_img63.png,thick_dark_clouds,1710,train,False
swimcat_ext,swimcat_ext/Swimcat-extend/E-Thick Dark Clouds/E_img64.png,thick_dark_clouds,1711,test,False
swimcat_ext,swimcat_ext/Swimcat-extend/E-Thick Dark Clouds/E_img65.png,thick_dark_clouds,1710,train,False
swimcat_ext,swimcat_ext/Swimcat-extend/E-Thick Dark Clouds/E_img66.png,thick_dark_clouds,1713,val,False
swimcat_ext,swimcat_ext/Swimcat-extend/E-Thick Dark Clouds/E_img67.png,thick_dark_clouds,1714,test,False
swimcat_ext,swimcat_ext/Swimcat-extend/E-Thick Dark Clouds/E_img68.png,thick_dark_clouds,1715,test,False
swimcat_ext,swimcat_ext/Swimcat-extend/E-Thick Dark Clouds/E_img69.png,thick_dark_clouds,1716,train,False
swimcat_ext,swimcat_ext/Swimcat-extend/E-Thick Dark Clouds/E_img7.png,thick_dark_clouds,1717,train,False
swimcat_ext,swimcat_ext/Swimcat-extend/E-Thick Dark Clouds/E_img70.png,thick_dark_clouds,1718,train,False
swimcat_ext,swimcat_ext/Swimcat-extend/E-Thick Dark Clouds/E_img71.png,thick_dark_clouds,1718,train,False
swimcat_ext,swimcat_ext/Swimcat-extend/E-Thick Dark Clouds/E_img72.png,thick_dark_clouds,1720,val,False
swimcat_ext,swimcat_ext/Swimcat-extend/E-Thick Dark Clouds/E_img73.png,thick_dark_clouds,1721,train,False
swimcat_ext,swimcat_ext/Swimcat-extend/E-Thick Dark Clouds/E_img74.png,thick_dark_clouds,1722,train,False
swimcat_ext,swimcat_ext/Swimcat-extend/E-Thick Dark Clouds/E_img75.png,thick_dark_clouds,1723,train,False
swimcat_ext,swimcat_ext/Swimcat-extend/E-Thick Dark Clouds/E_img76.png,thick_dark_clouds,1724,train,False
swimcat_ext,swimcat_ext/Swimcat-extend/E-Thick Dark Clouds/E_img77.png,thick_dark_clouds,1724,train,False
swimcat_ext,swimcat_ext/Swimcat-extend/E-Thick Dark Clouds/E_img78.png,thick_dark_clouds,1726,train,False
swimcat_ext,swimcat_ext/Swimcat-extend/E-Thick Dark Clouds/E_img79.png,thick_dark_clouds,1726,train,False
swimcat_ext,swimcat_ext/Swimcat-extend/E-Thick Dark Clouds/E_img8.png,thick_dark_clouds,1728,train,False
swimcat_ext,swimcat_ext/Swimcat-extend/E-Thick Dark Clouds/E_img80.png,thick_dark_clouds,1726,train,False
swimcat_ext,swimcat_ext/Swimcat-extend/E-Thick Dark Clouds/E_img81.png,thick_dark_clouds,1730,train,False
swimcat_ext,swimcat_ext/Swimcat-extend/E-Thick Dark Clouds/E_img82.png,thick_dark_clouds,1731,train,False
swimcat_ext,swimcat_ext/Swimcat-extend/E-Thick Dark Clouds/E_img83.png,thick_dark_clouds,1501,train,False
swimcat_ext,swimcat_ext/Swimcat-extend/E-Thick Dark Clouds/E_img84.png,thick_dark_clouds,1733,test,False
swimcat_ext,swimcat_ext/Swimcat-extend/E-Thick Dark Clouds/E_img85.png,thick_dark_clouds,1733,test,False
swimcat_ext,swimcat_ext/Swimcat-extend/E-Thick Dark Clouds/E_img86.png,thick_dark_clouds,1735,train,False
swimcat_ext,swimcat_ext/Swimcat-extend/E-Thick Dark Clouds/E_img87.png,thick_dark_clouds,1736,train,False
swimcat_ext,swimcat_ext/Swimcat-extend/E-Thick Dark Clouds/E_img88.png,thick_dark_clouds,1737,train,False
swimcat_ext,swimcat_ext/Swimcat-extend/E-Thick Dark Clouds/E_img89.png,thick_dark_clouds,1658,train,False
swimcat_ext,swimcat_ext/Swimcat-extend/E-Thick Dark Clouds/E_img9.png,thick_dark_clouds,1728,train,False
swimcat_ext,swimcat_ext/Swimcat-extend/E-Thick Dark Clouds/E_img90.png,thick_dark_clouds,1740,train,False
swimcat_ext,swimcat_ext/Swimcat-extend/E-Thick Dark Clouds/E_img91.png,thick_dark_clouds,1741,test,False
swimcat_ext,swimcat_ext/Swimcat-extend/E-Thick Dark Clouds/E_img92.png,thick_dark_clouds,1741,test,False
swimcat_ext,swimcat_ext/Swimcat-extend/E-Thick Dark Clouds/E_img93.png,thick_dark_clouds,1743,train,False
swimcat_ext,swimcat_ext/Swimcat-extend/E-Thick Dark Clouds/E_img94.png,thick_dark_clouds,1514,train,False
swimcat_ext,swimcat_ext/Swimcat-extend/E-Thick Dark Clouds/E_img95.png,thick_dark_clouds,1710,train,False
swimcat_ext,swimcat_ext/Swimcat-extend/E-Thick Dark Clouds/E_img96.png,thick_dark_clouds,1710,train,False
swimcat_ext,swimcat_ext/Swimcat-extend/E-Thick Dark Clouds/E_img97.png,thick_dark_clouds,1518,train,False
swimcat_ext,swimcat_ext/Swimcat-extend/E-Thick Dark Clouds/E_img98.png,thick_dark_clouds,1447,train,False
swimcat_ext,swimcat_ext/Swimcat-extend/E-Thick Dark Clouds/E_img99.png,thick_dark_clouds,1713,val,False
swimcat_ext,swimcat_ext/Swimcat-extend/F-Veil Clouds/F_img1.png,veil_clouds,1750,val,False
swimcat_ext,swimcat_ext/Swimcat-extend/F-Veil Clouds/F_img10.png,veil_clouds,1752,train,False
swimcat_ext,swimcat_ext/Swimcat-extend/F-Veil Clouds/F_img100.png,veil_clouds,1752,train,False
swimcat_ext,swimcat_ext/Swimcat-extend/F-Veil Clouds/F_img101.png,veil_clouds,1753,val,False
swimcat_ext,swimcat_ext/Swimcat-extend/F-Veil Clouds/F_img102.png,veil_clouds,1752,train,False
swimcat_ext,swimcat_ext/Swimcat-extend/F-Veil Clouds/F_img103.png,veil_clouds,1755,val,False
swimcat_ext,swimcat_ext/Swimcat-extend/F-Veil Clouds/F_img104.png,veil_clouds,1756,train,False
swimcat_ext,swimcat_ext/Swimcat-extend/F-Veil Clouds/F_img105.png,veil_clouds,1752,train,False
swimcat_ext,swimcat_ext/Swimcat-extend/F-Veil Clouds/F_img106.png,veil_clouds,1752,train,False
swimcat_ext,swimcat_ext/Swimcat-extend/F-Veil Clouds/F_img107.png,veil_clouds,1752,train,False
swimcat_ext,swimcat_ext/Swimcat-extend/F-Veil Clouds/F_img108.png,veil_clouds,1760,val,False
swimcat_ext,swimcat_ext/Swimcat-extend/F-Veil Clouds/F_img109.png,veil_clouds,1761,test,False
swimcat_ext,swimcat_ext/Swimcat-extend/F-Veil Clouds/F_img11.png,veil_clouds,1762,train,False
swimcat_ext,swimcat_ext/Swimcat-extend/F-Veil Clouds/F_img110.png,veil_clouds,1752,train,False
swimcat_ext,swimcat_ext/Swimcat-extend/F-Veil Clouds/F_img111.png,veil_clouds,1761,test,False
swimcat_ext,swimcat_ext/Swimcat-extend/F-Veil Clouds/F_img112.png,veil_clouds,1761,test,False
swimcat_ext,swimcat_ext/Swimcat-extend/F-Veil Clouds/F_img113.png,veil_clouds,1766,val,False
swimcat_ext,swimcat_ext/Swimcat-extend/F-Veil Clouds/F_img114.png,veil_clouds,1752,train,False
swimcat_ext,swimcat_ext/Swimcat-extend/F-Veil Clouds/F_img115.png,veil_clouds,1752,train,False
swimcat_ext,swimcat_ext/Swimcat-extend/F-Veil Clouds/F_img116.png,veil_clouds,1769,val,False
swimcat_ext,swimcat_ext/Swimcat-extend/F-Veil Clouds/F_img117.png,veil_clouds,1752,train,False
swimcat_ext,swimcat_ext/Swimcat-extend/F-Veil Clouds/F_img118.png,veil_clouds,1752,train,False
swimcat_ext,swimcat_ext/Swimcat-extend/F-Veil Clouds/F_img119.png,veil_clouds,1752,train,False
swimcat_ext,swimcat_ext/Swimcat-extend/F-Veil Clouds/F_img12.png,veil_clouds,1872,train,False
swimcat_ext,swimcat_ext/Swimcat-extend/F-Veil Clouds/F_img120.png,veil_clouds,1752,train,False
swimcat_ext,swimcat_ext/Swimcat-extend/F-Veil Clouds/F_img121.png,veil_clouds,1752,train,False
swimcat_ext,swimcat_ext/Swimcat-extend/F-Veil Clouds/F_img122.png,veil_clouds,1776,train,False
swimcat_ext,swimcat_ext/Swimcat-extend/F-Veil Clouds/F_img123.png,veil_clouds,1752,train,False
swimcat_ext,swimcat_ext/Swimcat-extend/F-Veil Clouds/F_img124.png,veil_clouds,1778,val,False
swimcat_ext,swimcat_ext/Swimcat-extend/F-Veil Clouds/F_img125.png,veil_clouds,1752,train,False
swimcat_ext,swimcat_ext/Swimcat-extend/F-Veil Clouds/F_img126.png,veil_clouds,1780,test,False
swimcat_ext,swimcat_ext/Swimcat-extend/F-Veil Clouds/F_img127.png,veil_clouds,1780,test,False
swimcat_ext,swimcat_ext/Swimcat-extend/F-Veil Clouds/F_img128.png,veil_clouds,1782,test,False
swimcat_ext,swimcat_ext/Swimcat-extend/F-Veil Clouds/F_img129.png,veil_clouds,1769,val,False
swimcat_ext,swimcat_ext/Swimcat-extend/F-Veil Clouds/F_img13.png,veil_clouds,1752,train,False
swimcat_ext,swimcat_ext/Swimcat-extend/F-Veil Clouds/F_img130.png,veil_clouds,1752,train,False
swimcat_ext,swimcat_ext/Swimcat-extend/F-Veil Clouds/F_img131.png,veil_clouds,1776,train,False
swimcat_ext,swimcat_ext/Swimcat-extend/F-Veil Clouds/F_img132.png,veil_clouds,1776,train,False
swimcat_ext,swimcat_ext/Swimcat-extend/F-Veil Clouds/F_img133.png,veil_clouds,1788,val,False
swimcat_ext,swimcat_ext/Swimcat-extend/F-Veil Clouds/F_img134.png,veil_clouds,1789,val,False
swimcat_ext,swimcat_ext/Swimcat-extend/F-Veil Clouds/F_img135.png,veil_clouds,1752,train,False
swimcat_ext,swimcat_ext/Swimcat-extend/F-Veil Clouds/F_img136.png,veil_clouds,1752,train,False
swimcat_ext,swimcat_ext/Swimcat-extend/F-Veil Clouds/F_img137.png,veil_clouds,1789,val,False
swimcat_ext,swimcat_ext/Swimcat-extend/F-Veil Clouds/F_img138.png,veil_clouds,1793,train,False
swimcat_ext,swimcat_ext/Swimcat-extend/F-Veil Clouds/F_img139.png,veil_clouds,1794,val,False
swimcat_ext,swimcat_ext/Swimcat-extend/F-Veil Clouds/F_img14.png,veil_clouds,1872,train,False
swimcat_ext,swimcat_ext/Swimcat-extend/F-Veil Clouds/F_img140.png,veil_clouds,1752,train,False
swimcat_ext,swimcat_ext/Swimcat-extend/F-Veil Clouds/F_img141.png,veil_clouds,1797,train,False
swimcat_ext,swimcat_ext/Swimcat-extend/F-Veil Clouds/F_img142.png,veil_clouds,1798,train,False
swimcat_ext,swimcat_ext/Swimcat-extend/F-Veil Clouds/F_img143.png,veil_clouds,1797,train,False
swimcat_ext,swimcat_ext/Swimcat-extend/F-Veil Clouds/F_img144.png,veil_clouds,1800,train,False
swimcat_ext,swimcat_ext/Swimcat-extend/F-Veil Clouds/F_img145.png,veil_clouds,1800,train,False
swimcat_ext,swimcat_ext/Swimcat-extend/F-Veil Clouds/F_img146.png,veil_clouds,1800,train,False
swimcat_ext,swimcat_ext/Swimcat-extend/F-Veil Clouds/F_img147.png,veil_clouds,1803,test,False
swimcat_ext,swimcat_ext/Swimcat-extend/F-Veil Clouds/F_img148.png,veil_clouds,1804,train,False
swimcat_ext,swimcat_ext/Swimcat-extend/F-Veil Clouds/F_img149.png,veil_clouds,1805,train,False
swimcat_ext,swimcat_ext/Swimcat-extend/F-Veil Clouds/F_img15.png,veil_clouds,1872,train,False
swimcat_ext,swimcat_ext/Swimcat-extend/F-Veil Clouds/F_img150.png,veil_clouds,1805,train,False
swimcat_ext,swimcat_ext/Swimcat-extend/F-Veil Clouds/F_img151.png,veil_clouds,1808,train,False
swimcat_ext,swimcat_ext/Swimcat-extend/F-Veil Clouds/F_img152.png,veil_clouds,1808,train,False
swimcat_ext,swimcat_ext/Swimcat-extend/F-Veil Clouds/F_img153.png,veil_clouds,1810,val,False
swimcat_ext,swimcat_ext/Swimcat-extend/F-Veil Clouds/F_img154.png,veil_clouds,1877,train,False
swimcat_ext,swimcat_ext/Swimcat-extend/F-Veil Clouds/F_img155.png,veil_clouds,1812,train,False
swimcat_ext,swimcat_ext/Swimcat-extend/F-Veil Clouds/F_img156.png,veil_clouds,1813,train,False
swimcat_ext,swimcat_ext/Swimcat-extend/F-Veil Clouds/F_img157.png,veil_clouds,1813,train,False
swimcat_ext,swimcat_ext/Swimcat-extend/F-Veil Clouds/F_img158.png,veil_clouds,1815,test,False
swimcat_ext,swimcat_ext/Swimcat-extend/F-Veil Clouds/F_img159.png,veil_clouds,1816,val,False
swimcat_ext,swimcat_ext/Swimcat-extend/F-Veil Clouds/F_img16.png,veil_clouds,1752,train,False
swimcat_ext,swimcat_ext/Swimcat-extend/F-Veil Clouds/F_img160.png,veil_clouds,1818,val,False
swimcat_ext,swimcat_ext/Swimcat-extend/F-Veil Clouds/F_img161.png,veil_clouds,1819,train,False
swimcat_ext,swimcat_ext/Swimcat-extend/F-Veil Clouds/F_img162.png,veil_clouds,1819,train,False
swimcat_ext,swimcat_ext/Swimcat-extend/F-Veil Clouds/F_img163.png,veil_clouds,1821,train,False
swimcat_ext,swimcat_ext/Swimcat-extend/F-Veil Clouds/F_img164.png,veil_clouds,1822,test,False
swimcat_ext,swimcat_ext/Swimcat-extend/F-Veil Clouds/F_img165.png,veil_clouds,1823,val,False
swimcat_ext,swimcat_ext/Swimcat-extend/F-Veil Clouds/F_img166.png,veil_clouds,1824,test,False
swimcat_ext,swimcat_ext/Swimcat-extend/F-Veil Clouds/F_img167.png,veil_clouds,1825,val,False
swimcat_ext,swimcat_ext/Swimcat-extend/F-Veil Clouds/F_img168.png,veil_clouds,1877,train,False
swimcat_ext,swimcat_ext/Swimcat-extend/F-Veil Clouds/F_img169.png,veil_clouds,1752,train,False
swimcat_ext,swimcat_ext/Swimcat-extend/F-Veil Clouds/F_img17.png,veil_clouds,1828,train,False
swimcat_ext,swimcat_ext/Swimcat-extend/F-Veil Clouds/F_img170.png,veil_clouds,1823,val,False
swimcat_ext,swimcat_ext/Swimcat-extend/F-Veil Clouds/F_img171.png,veil_clouds,1830,train,False
swimcat_ext,swimcat_ext/Swimcat-extend/F-Veil Clouds/F_img172.png,veil_clouds,1831,train,False
swimcat_ext,swimcat_ext/Swimcat-extend/F-Veil Clouds/F_img173.png,veil_clouds,1831,train,False
swimcat_ext,swimcat_ext/Swimcat-extend/F-Veil Clouds/F_img174.png,veil_clouds,1831,train,False
swimcat_ext,swimcat_ext/Swimcat-extend/F-Veil Clouds/F_img175.png,veil_clouds,1834,train,False
swimcat_ext,swimcat_ext/Swimcat-extend/F-Veil Clouds/F_img176.png,veil_clouds,1752,train,False
swimcat_ext,swimcat_ext/Swimcat-extend/F-Veil Clouds/F_img177.png,veil_clouds,1752,train,False
swimcat_ext,swimcat_ext/Swimcat-extend/F-Veil Clouds/F_img178.png,veil_clouds,1752,train,False
swimcat_ext,swimcat_ext/Swimcat-extend/F-Veil Clouds/F_img179.png,veil_clouds,1752,train,False
swimcat_ext,swimcat_ext/Swimcat-extend/F-Veil Clouds/F_img18.png,veil_clouds,1839,val,False
swimcat_ext,swimcat_ext/Swimcat-extend/F-Veil Clouds/F_img180.png,veil_clouds,1752,train,False
swimcat_ext,swimcat_ext/Swimcat-extend/F-Veil Clouds/F_img181.png,veil_clouds,1877,train,False
swimcat_ext,swimcat_ext/Swimcat-extend/F-Veil Clouds/F_img182.png,veil_clouds,1842,val,False
swimcat_ext,swimcat_ext/Swimcat-extend/F-Veil Clouds/F_img183.png,veil_clouds,1843,train,False
swimcat_ext,swimcat_ext/Swimcat-extend/F-Veil Clouds/F_img184.png,veil_clouds,1844,train,False
swimcat_ext,swimcat_ext/Swimcat-extend/F-Veil Clouds/F_img185.png,veil_clouds,1844,train,False
swimcat_ext,swimcat_ext/Swimcat-extend/F-Veil Clouds/F_img186.png,veil_clouds,1846,train,False
swimcat_ext,swimcat_ext/Swimcat-extend/F-Veil Clouds/F_img187.png,veil_clouds,1847,train,False
swimcat_ext,swimcat_ext/Swimcat-extend/F-Veil Clouds/F_img188.png,veil_clouds,1848,val,False
swimcat_ext,swimcat_ext/Swimcat-extend/F-Veil Clouds/F_img189.png,veil_clouds,1848,val,False
swimcat_ext,swimcat_ext/Swimcat-extend/F-Veil Clouds/F_img19.png,veil_clouds,1850,test,False
swimcat_ext,swimcat_ext/Swimcat-extend/F-Veil Clouds/F_img190.png,veil_clouds,1851,val,False
swimcat_ext,swimcat_ext/Swimcat-extend/F-Veil Clouds/F_img191.png,veil_clouds,1752,train,False
swimcat_ext,swimcat_ext/Swimcat-extend/F-Veil Clouds/F_img192.png,veil_clouds,1853,train,False
swimcat_ext,swimcat_ext/Swimcat-extend/F-Veil Clouds/F_img193.png,veil_clouds,1877,train,False
swimcat_ext,swimcat_ext/Swimcat-extend/F-Veil Clouds/F_img194.png,veil_clouds,1872,train,False
swimcat_ext,swimcat_ext/Swimcat-extend/F-Veil Clouds/F_img195.png,veil_clouds,1752,train,False
swimcat_ext,swimcat_ext/Swimcat-extend/F-Veil Clouds/F_img196.png,veil_clouds,1752,train,False
swimcat_ext,swimcat_ext/Swimcat-extend/F-Veil Clouds/F_img197.png,veil_clouds,1803,test,False
swimcat_ext,swimcat_ext/Swimcat-extend/F-Veil Clouds/F_img198.png,veil_clouds,1803,test,False
swimcat_ext,swimcat_ext/Swimcat-extend/F-Veil Clouds/F_img199.png,veil_clouds,1752,train,False
swimcat_ext,swimcat_ext/Swimcat-extend/F-Veil Clouds/F_img2.png,veil_clouds,1752,train,False
swimcat_ext,swimcat_ext/Swimcat-extend/F-Veil Clouds/F_img20.png,veil_clouds,1862,test,False
swimcat_ext,swimcat_ext/Swimcat-extend/F-Veil Clouds/F_img200.png,veil_clouds,1752,train,False
swimcat_ext,swimcat_ext/Swimcat-extend/F-Veil Clouds/F_img201.png,veil_clouds,1752,train,False
swimcat_ext,swimcat_ext/Swimcat-extend/F-Veil Clouds/F_img202.png,veil_clouds,1752,train,False
swimcat_ext,swimcat_ext/Swimcat-extend/F-Veil Clouds/F_img203.png,veil_clouds,1866,train,False
swimcat_ext,swimcat_ext/Swimcat-extend/F-Veil Clouds/F_img204.png,veil_clouds,1803,test,False
swimcat_ext,swimcat_ext/Swimcat-extend/F-Veil Clouds/F_img205.png,veil_clouds,1877,train,False
swimcat_ext,swimcat_ext/Swimcat-extend/F-Veil Clouds/F_img206.png,veil_clouds,1752,train,False
swimcat_ext,swimcat_ext/Swimcat-extend/F-Veil Clouds/F_img207.png,veil_clouds,1752,train,False
swimcat_ext,swimcat_ext/Swimcat-extend/F-Veil Clouds/F_img208.png,veil_clouds,1752,train,False
swimcat_ext,swimcat_ext/Swimcat-extend/F-Veil Clouds/F_img209.png,veil_clouds,1872,train,False
swimcat_ext,swimcat_ext/Swimcat-extend/F-Veil Clouds/F_img21.png,veil_clouds,1873,train,False
swimcat_ext,swimcat_ext/Swimcat-extend/F-Veil Clouds/F_img210.png,veil_clouds,1872,train,False
swimcat_ext,swimcat_ext/Swimcat-extend/F-Veil Clouds/F_img211.png,veil_clouds,1875,test,False
swimcat_ext,swimcat_ext/Swimcat-extend/F-Veil Clouds/F_img212.png,veil_clouds,1872,train,False
swimcat_ext,swimcat_ext/Swimcat-extend/F-Veil Clouds/F_img213.png,veil_clouds,1877,train,False
swimcat_ext,swimcat_ext/Swimcat-extend/F-Veil Clouds/F_img214.png,veil_clouds,1877,train,False
swimcat_ext,swimcat_ext/Swimcat-extend/F-Veil Clouds/F_img215.png,veil_clouds,1879,train,False
swimcat_ext,swimcat_ext/Swimcat-extend/F-Veil Clouds/F_img216.png,veil_clouds,1879,train,False
swimcat_ext,swimcat_ext/Swimcat-extend/F-Veil Clouds/F_img217.png,veil_clouds,1881,train,False
swimcat_ext,swimcat_ext/Swimcat-extend/F-Veil Clouds/F_img218.png,veil_clouds,1882,test,False
swimcat_ext,swimcat_ext/Swimcat-extend/F-Veil Clouds/F_img219.png,veil_clouds,1883,train,False
swimcat_ext,swimcat_ext/Swimcat-extend/F-Veil Clouds/F_img22.png,veil_clouds,1884,val,False
swimcat_ext,swimcat_ext/Swimcat-extend/F-Veil Clouds/F_img220.png,veil_clouds,1885,train,False
swimcat_ext,swimcat_ext/Swimcat-extend/F-Veil Clouds/F_img221.png,veil_clouds,1886,test,False
swimcat_ext,swimcat_ext/Swimcat-extend/F-Veil Clouds/F_img222.png,veil_clouds,1766,val,False
swimcat_ext,swimcat_ext/Swimcat-extend/F-Veil Clouds/F_img223.png,veil_clouds,1875,test,False
swimcat_ext,swimcat_ext/Swimcat-extend/F-Veil Clouds/F_img224.png,veil_clouds,1886,test,False
swimcat_ext,swimcat_ext/Swimcat-extend/F-Veil Clouds/F_img225.png,veil_clouds,1890,val,False
swimcat_ext,swimcat_ext/Swimcat-extend/F-Veil Clouds/F_img226.png,veil_clouds,1891,train,False
swimcat_ext,swimcat_ext/Swimcat-extend/F-Veil Clouds/F_img227.png,veil_clouds,1752,train,False
swimcat_ext,swimcat_ext/Swimcat-extend/F-Veil Clouds/F_img228.png,veil_clouds,1893,train,False
swimcat_ext,swimcat_ext/Swimcat-extend/F-Veil Clouds/F_img229.png,veil_clouds,1894,val,False
swimcat_ext,swimcat_ext/Swimcat-extend/F-Veil Clouds/F_img23.png,veil_clouds,1884,val,False
swimcat_ext,swimcat_ext/Swimcat-extend/F-Veil Clouds/F_img230.png,veil_clouds,1894,val,False
swimcat_ext,swimcat_ext/Swimcat-extend/F-Veil Clouds/F_img231.png,veil_clouds,1897,val,False
swimcat_ext,swimcat_ext/Swimcat-extend/F-Veil Clouds/F_img232.png,veil_clouds,1752,train,False
swimcat_ext,swimcat_ext/Swimcat-extend/F-Veil Clouds/F_img233.png,veil_clouds,1899,train,False
swimcat_ext,swimcat_ext/Swimcat-extend/F-Veil Clouds/F_img234.png,veil_clouds,1875,test,False
swimcat_ext,swimcat_ext/Swimcat-extend/F-Veil Clouds/F_img235.png,veil_clouds,1890,val,False
swimcat_ext,swimcat_ext/Swimcat-extend/F-Veil Clouds/F_img236.png,veil_clouds,1902,train,False
swimcat_ext,swimcat_ext/Swimcat-extend/F-Veil Clouds/F_img237.png,veil_clouds,1903,test,False
swimcat_ext,swimcat_ext/Swimcat-extend/F-Veil Clouds/F_img238.png,veil_clouds,1903,test,False
swimcat_ext,swimcat_ext/Swimcat-extend/F-Veil Clouds/F_img239.png,veil_clouds,1903,test,False
swimcat_ext,swimcat_ext/Swimcat-extend/F-Veil Clouds/F_img24.png,veil_clouds,1752,train,False
swimcat_ext,swimcat_ext/Swimcat-extend/F-Veil Clouds/F_img240.png,veil_clouds,1907,train,False
swimcat_ext,swimcat_ext/Swimcat-extend/F-Veil Clouds/F_img241.png,veil_clouds,1825,val,False
swimcat_ext,swimcat_ext/Swimcat-extend/F-Veil Clouds/F_img242.png,veil_clouds,1752,train,False
swimcat_ext,swimcat_ext/Swimcat-extend/F-Veil Clouds/F_img243.png,veil_clouds,1752,train,False
swimcat_ext,swimcat_ext/Swimcat-extend/F-Veil Clouds/F_img244.png,veil_clouds,1752,train,False
swimcat_ext,swimcat_ext/Swimcat-extend/F-Veil Clouds/F_img245.png,veil_clouds,1912,test,False
swimcat_ext,swimcat_ext/Swimcat-extend/F-Veil Clouds/F_img246.png,veil_clouds,1782,test,False
swimcat_ext,swimcat_ext/Swimcat-extend/F-Veil Clouds/F_img247.png,veil_clouds,1782,test,False
swimcat_ext,swimcat_ext/Swimcat-extend/F-Veil Clouds/F_img248.png,veil_clouds,1872,train,False
swimcat_ext,swimcat_ext/Swimcat-extend/F-Veil Clouds/F_img249.png,veil_clouds,1877,train,False
swimcat_ext,swimcat_ext/Swimcat-extend/F-Veil Clouds/F_img25.png,veil_clouds,1917,train,False
swimcat_ext,swimcat_ext/Swimcat-extend/F-Veil Clouds/F_img250.png,veil_clouds,1877,train,False
swimcat_ext,swimcat_ext/Swimcat-extend/F-Veil Clouds/F_img251.png,veil_clouds,1872,train,False
swimcat_ext,swimcat_ext/Swimcat-extend/F-Veil Clouds/F_img252.png,veil_clouds,1872,train,False
swimcat_ext,swimcat_ext/Swimcat-extend/F-Veil Clouds/F_img253.png,veil_clouds,1825,val,False
swimcat_ext,swimcat_ext/Swimcat-extend/F-Veil Clouds/F_img254.png,veil_clouds,1922,test,False
swimcat_ext,swimcat_ext/Swimcat-extend/F-Veil Clouds/F_img255.png,veil_clouds,1922,test,False
swimcat_ext,swimcat_ext/Swimcat-extend/F-Veil Clouds/F_img256.png,veil_clouds,1924,val,False
swimcat_ext,swimcat_ext/Swimcat-extend/F-Veil Clouds/F_img257.png,veil_clouds,1922,test,False
swimcat_ext,swimcat_ext/Swimcat-extend/F-Veil Clouds/F_img258.png,veil_clouds,1752,train,False
swimcat_ext,swimcat_ext/Swimcat-extend/F-Veil Clouds/F_img259.png,veil_clouds,1752,train,False
swimcat_ext,swimcat_ext/Swimcat-extend/F-Veil Clouds/F_img26.png,veil_clouds,1877,train,False
swimcat_ext,swimcat_ext/Swimcat-extend/F-Veil Clouds/F_img260.png,veil_clouds,1752,train,False
swimcat_ext,swimcat_ext/Swimcat-extend/F-Veil Clouds/F_img261.png,veil_clouds,1752,train,False
swimcat_ext,swimcat_ext/Swimcat-extend/F-Veil Clouds/F_img262.png,veil_clouds,1752,train,False
swimcat_ext,swimcat_ext/Swimcat-extend/F-Veil Clouds/F_img263.png,veil_clouds,1752,train,False
swimcat_ext,swimcat_ext/Swimcat-extend/F-Veil Clouds/F_img264.png,veil_clouds,1752,train,False
swimcat_ext,swimcat_ext/Swimcat-extend/F-Veil Clouds/F_img265.png,veil_clouds,1934,train,False
swimcat_ext,swimcat_ext/Swimcat-extend/F-Veil Clouds/F_img266.png,veil_clouds,1752,train,False
swimcat_ext,swimcat_ext/Swimcat-extend/F-Veil Clouds/F_img267.png,veil_clouds,1752,train,False
swimcat_ext,swimcat_ext/Swimcat-extend/F-Veil Clouds/F_img268.png,veil_clouds,1752,train,False
swimcat_ext,swimcat_ext/Swimcat-extend/F-Veil Clouds/F_img269.png,veil_clouds,1938,train,False
swimcat_ext,swimcat_ext/Swimcat-extend/F-Veil Clouds/F_img27.png,veil_clouds,1752,train,False
swimcat_ext,swimcat_ext/Swimcat-extend/F-Veil Clouds/F_img270.png,veil_clouds,1752,train,False
swimcat_ext,swimcat_ext/Swimcat-extend/F-Veil Clouds/F_img271.png,veil_clouds,1752,train,False
swimcat_ext,swimcat_ext/Swimcat-extend/F-Veil Clouds/F_img272.png,veil_clouds,1752,train,False
swimcat_ext,swimcat_ext/Swimcat-extend/F-Veil Clouds/F_img273.png,veil_clouds,1752,train,False
swimcat_ext,swimcat_ext/Swimcat-extend/F-Veil Clouds/F_img274.png,veil_clouds,1752,train,False
swimcat_ext,swimcat_ext/Swimcat-extend/F-Veil Clouds/F_img275.png,veil_clouds,1752,train,False
swimcat_ext,swimcat_ext/Swimcat-extend/F-Veil Clouds/F_img276.png,veil_clouds,1752,train,False
swimcat_ext,swimcat_ext/Swimcat-extend/F-Veil Clouds/F_img277.png,veil_clouds,1947,train,False
swimcat_ext,swimcat_ext/Swimcat-extend/F-Veil Clouds/F_img278.png,veil_clouds,1948,train,False
swimcat_ext,swimcat_ext/Swimcat-extend/F-Veil Clouds/F_img279.png,veil_clouds,1947,train,False
swimcat_ext,swimcat_ext/Swimcat-extend/F-Veil Clouds/F_img28.png,veil_clouds,1752,train,False
swimcat_ext,swimcat_ext/Swimcat-extend/F-Veil Clouds/F_img280.png,veil_clouds,1752,train,False
swimcat_ext,swimcat_ext/Swimcat-extend/F-Veil Clouds/F_img281.png,veil_clouds,1752,train,False
swimcat_ext,swimcat_ext/Swimcat-extend/F-Veil Clouds/F_img282.png,veil_clouds,1752,train,False
swimcat_ext,swimcat_ext/Swimcat-extend/F-Veil Clouds/F_img283.png,veil_clouds,1752,train,False
swimcat_ext,swimcat_ext/Swimcat-extend/F-Veil Clouds/F_img284.png,veil_clouds,1752,train,False
swimcat_ext,swimcat_ext/Swimcat-extend/F-Veil Clouds/F_img285.png,veil_clouds,1956,train,False
swimcat_ext,swimcat_ext/Swimcat-extend/F-Veil Clouds/F_img286.png,veil_clouds,1956,train,False
swimcat_ext,swimcat_ext/Swimcat-extend/F-Veil Clouds/F_img287.png,veil_clouds,1956,train,False
swimcat_ext,swimcat_ext/Swimcat-extend/F-Veil Clouds/F_img288.png,veil_clouds,1959,test,False
swimcat_ext,swimcat_ext/Swimcat-extend/F-Veil Clouds/F_img289.png,veil_clouds,1866,train,False
swimcat_ext,swimcat_ext/Swimcat-extend/F-Veil Clouds/F_img29.png,veil_clouds,1917,train,False
swimcat_ext,swimcat_ext/Swimcat-extend/F-Veil Clouds/F_img290.png,veil_clouds,1752,train,False
swimcat_ext,swimcat_ext/Swimcat-extend/F-Veil Clouds/F_img291.png,veil_clouds,1963,train,False
swimcat_ext,swimcat_ext/Swimcat-extend/F-Veil Clouds/F_img292.png,veil_clouds,1948,train,False
swimcat_ext,swimcat_ext/Swimcat-extend/F-Veil Clouds/F_img293.png,veil_clouds,1752,train,False
swimcat_ext,swimcat_ext/Swimcat-extend/F-Veil Clouds/F_img294.png,veil_clouds,1752,train,False
swimcat_ext,swimcat_ext/Swimcat-extend/F-Veil Clouds/F_img295.png,veil_clouds,1752,train,False
swimcat_ext,swimcat_ext/Swimcat-extend/F-Veil Clouds/F_img296.png,veil_clouds,1752,train,False
swimcat_ext,swimcat_ext/Swimcat-extend/F-Veil Clouds/F_img297.png,veil_clouds,1752,train,False
swimcat_ext,swimcat_ext/Swimcat-extend/F-Veil Clouds/F_img298.png,veil_clouds,1752,train,False
swimcat_ext,swimcat_ext/Swimcat-extend/F-Veil Clouds/F_img299.png,veil_clouds,1752,train,False
swimcat_ext,swimcat_ext/Swimcat-extend/F-Veil Clouds/F_img3.png,veil_clouds,1752,train,False
swimcat_ext,swimcat_ext/Swimcat-extend/F-Veil Clouds/F_img30.png,veil_clouds,1973,train,False
swimcat_ext,swimcat_ext/Swimcat-extend/F-Veil Clouds/F_img300.png,veil_clouds,1752,train,False
swimcat_ext,swimcat_ext/Swimcat-extend/F-Veil Clouds/F_img301.png,veil_clouds,1872,train,False
swimcat_ext,swimcat_ext/Swimcat-extend/F-Veil Clouds/F_img302.png,veil_clouds,1872,train,False
swimcat_ext,swimcat_ext/Swimcat-extend/F-Veil Clouds/F_img303.png,veil_clouds,1752,train,False
swimcat_ext,swimcat_ext/Swimcat-extend/F-Veil Clouds/F_img304.png,veil_clouds,1978,train,False
swimcat_ext,swimcat_ext/Swimcat-extend/F-Veil Clouds/F_img305.png,veil_clouds,1752,train,False
swimcat_ext,swimcat_ext/Swimcat-extend/F-Veil Clouds/F_img306.png,veil_clouds,1752,train,False
swimcat_ext,swimcat_ext/Swimcat-extend/F-Veil Clouds/F_img307.png,veil_clouds,1752,train,False
swimcat_ext,swimcat_ext/Swimcat-extend/F-Veil Clouds/F_img308.png,veil_clouds,1752,train,False
swimcat_ext,swimcat_ext/Swimcat-extend/F-Veil Clouds/F_img309.png,veil_clouds,1752,train,False
swimcat_ext,swimcat_ext/Swimcat-extend/F-Veil Clouds/F_img31.png,veil_clouds,1984,train,False
swimcat_ext,swimcat_ext/Swimcat-extend/F-Veil Clouds/F_img310.png,veil_clouds,1752,train,False
swimcat_ext,swimcat_ext/Swimcat-extend/F-Veil Clouds/F_img311.png,veil_clouds,1752,train,False
swimcat_ext,swimcat_ext/Swimcat-extend/F-Veil Clouds/F_img312.png,veil_clouds,1752,train,False
swimcat_ext,swimcat_ext/Swimcat-extend/F-Veil Clouds/F_img313.png,veil_clouds,1752,train,False
swimcat_ext,swimcat_ext/Swimcat-extend/F-Veil Clouds/F_img314.png,veil_clouds,1752,train,False
swimcat_ext,swimcat_ext/Swimcat-extend/F-Veil Clouds/F_img315.png,veil_clouds,1752,train,False
swimcat_ext,swimcat_ext/Swimcat-extend/F-Veil Clouds/F_img316.png,veil_clouds,1978,train,False
swimcat_ext,swimcat_ext/Swimcat-extend/F-Veil Clouds/F_img317.png,veil_clouds,1884,val,False
swimcat_ext,swimcat_ext/Swimcat-extend/F-Veil Clouds/F_img318.png,veil_clouds,1752,train,False
swimcat_ext,swimcat_ext/Swimcat-extend/F-Veil Clouds/F_img319.png,veil_clouds,1884,val,False
swimcat_ext,swimcat_ext/Swimcat-extend/F-Veil Clouds/F_img32.png,veil_clouds,1995,train,False
swimcat_ext,swimcat_ext/Swimcat-extend/F-Veil Clouds/F_img320.png,veil_clouds,1996,val,False
swimcat_ext,swimcat_ext/Swimcat-extend/F-Veil Clouds/F_img321.png,veil_clouds,1997,test,False
swimcat_ext,swimcat_ext/Swimcat-extend/F-Veil Clouds/F_img322.png,veil_clouds,1997,test,False
swimcat_ext,swimcat_ext/Swimcat-extend/F-Veil Clouds/F_img323.png,veil_clouds,1752,train,False
swimcat_ext,swimcat_ext/Swimcat-extend/F-Veil Clouds/F_img324.png,veil_clouds,1752,train,False
swimcat_ext,swimcat_ext/Swimcat-extend/F-Veil Clouds/F_img325.png,veil_clouds,1752,train,False
swimcat_ext,swimcat_ext/Swimcat-extend/F-Veil Clouds/F_img326.png,veil_clouds,1752,train,False
swimcat_ext,swimcat_ext/Swimcat-extend/F-Veil Clouds/F_img327.png,veil_clouds,1752,train,False
swimcat_ext,swimcat_ext/Swimcat-extend/F-Veil Clouds/F_img328.png,veil_clouds,1978,train,False
swimcat_ext,swimcat_ext/Swimcat-extend/F-Veil Clouds/F_img329.png,veil_clouds,1752,train,False
swimcat_ext,swimcat_ext/Swimcat-extend/F-Veil Clouds/F_img33.png,veil_clouds,2006,train,False
swimcat_ext,swimcat_ext/Swimcat-extend/F-Veil Clouds/F_img330.png,veil_clouds,1752,train,False
swimcat_ext,swimcat_ext/Swimcat-extend/F-Veil Clouds/F_img331.png,veil_clouds,1752,train,False
swimcat_ext,swimcat_ext/Swimcat-extend/F-Veil Clouds/F_img332.png,veil_clouds,1752,train,False
swimcat_ext,swimcat_ext/Swimcat-extend/F-Veil Clouds/F_img333.png,veil_clouds,1752,train,False
swimcat_ext,swimcat_ext/Swimcat-extend/F-Veil Clouds/F_img334.png,veil_clouds,1752,train,False
swimcat_ext,swimcat_ext/Swimcat-extend/F-Veil Clouds/F_img335.png,veil_clouds,1752,train,False
swimcat_ext,swimcat_ext/Swimcat-extend/F-Veil Clouds/F_img336.png,veil_clouds,1884,val,False
swimcat_ext,swimcat_ext/Swimcat-extend/F-Veil Clouds/F_img337.png,veil_clouds,1884,val,False
swimcat_ext,swimcat_ext/Swimcat-extend/F-Veil Clouds/F_img338.png,veil_clouds,1828,train,False
swimcat_ext,swimcat_ext/Swimcat-extend/F-Veil Clouds/F_img339.png,veil_clouds,1839,val,False
swimcat_ext,swimcat_ext/Swimcat-extend/F-Veil Clouds/F_img34.png,veil_clouds,1752,train,False
swimcat_ext,swimcat_ext/Swimcat-extend/F-Veil Clouds/F_img340.png,veil_clouds,1752,train,False
swimcat_ext,swimcat_ext/Swimcat-extend/F-Veil Clouds/F_img341.png,veil_clouds,1752,train,False
swimcat_ext,swimcat_ext/Swimcat-extend/F-Veil Clouds/F_img342.png,veil_clouds,1752,train,False
swimcat_ext,swimcat_ext/Swimcat-extend/F-Veil Clouds/F_img343.png,veil_clouds,1750,val,False
swimcat_ext,swimcat_ext/Swimcat-extend/F-Veil Clouds/F_img344.png,veil_clouds,2022,test,False
swimcat_ext,swimcat_ext/Swimcat-extend/F-Veil Clouds/F_img345.png,veil_clouds,2022,test,False
swimcat_ext,swimcat_ext/Swimcat-extend/F-Veil Clouds/F_img346.png,veil_clouds,2022,test,False
swimcat_ext,swimcat_ext/Swimcat-extend/F-Veil Clouds/F_img347.png,veil_clouds,2025,train,False
swimcat_ext,swimcat_ext/Swimcat-extend/F-Veil Clouds/F_img348.png,veil_clouds,1752,train,False
swimcat_ext,swimcat_ext/Swimcat-extend/F-Veil Clouds/F_img349.png,veil_clouds,2025,train,False
swimcat_ext,swimcat_ext/Swimcat-extend/F-Veil Clouds/F_img35.png,veil_clouds,2028,test,False
swimcat_ext,swimcat_ext/Swimcat-extend/F-Veil Clouds/F_img350.png,veil_clouds,1752,train,False
swimcat_ext,swimcat_ext/Swimcat-extend/F-Veil Clouds/F_img36.png,veil_clouds,1766,val,False
swimcat_ext,swimcat_ext/Swimcat-extend/F-Veil Clouds/F_img37.png,veil_clouds,2006,train,False
swimcat_ext,swimcat_ext/Swimcat-extend/F-Veil Clouds/F_img38.png,veil_clouds,2032,train,False
swimcat_ext,swimcat_ext/Swimcat-extend/F-Veil Clouds/F_img39.png,veil_clouds,2033,train,False
swimcat_ext,swimcat_ext/Swimcat-extend/F-Veil Clouds/F_img4.png,veil_clouds,1752,train,False
swimcat_ext,swimcat_ext/Swimcat-extend/F-Veil Clouds/F_img40.png,veil_clouds,2033,train,False
swimcat_ext,swimcat_ext/Swimcat-extend/F-Veil Clouds/F_img41.png,veil_clouds,2036,val,False
swimcat_ext,swimcat_ext/Swimcat-extend/F-Veil Clouds/F_img42.png,veil_clouds,1776,train,False
swimcat_ext,swimcat_ext/Swimcat-extend/F-Veil Clouds/F_img43.png,veil_clouds,2038,test,False
swimcat_ext,swimcat_ext/Swimcat-extend/F-Veil Clouds/F_img44.png,veil_clouds,2038,test,False
swimcat_ext,swimcat_ext/Swimcat-extend/F-Veil Clouds/F_img45.png,veil_clouds,1984,train,False
swimcat_ext,swimcat_ext/Swimcat-extend/F-Veil Clouds/F_img46.png,veil_clouds,1762,train,False
swimcat_ext,swimcat_ext/Swimcat-extend/F-Veil Clouds/F_img47.png,veil_clouds,1752,train,False
swimcat_ext,swimcat_ext/Swimcat-extend/F-Veil Clouds/F_img48.png,veil_clouds,1824,test,False
swimcat_ext,swimcat_ext/Swimcat-extend/F-Veil Clouds/F_img49.png,veil_clouds,1750,val,False
swimcat_ext,swimcat_ext/Swimcat-extend/F-Veil Clouds/F_img5.png,veil_clouds,1752,train,False
swimcat_ext,swimcat_ext/Swimcat-extend/F-Veil Clouds/F_img50.png,veil_clouds,1752,train,False
swimcat_ext,swimcat_ext/Swimcat-extend/F-Veil Clouds/F_img51.png,veil_clouds,2047,test,False
swimcat_ext,swimcat_ext/Swimcat-extend/F-Veil Clouds/F_img52.png,veil_clouds,1752,train,False
swimcat_ext,swimcat_ext/Swimcat-extend/F-Veil Clouds/F_img53.png,veil_clouds,1752,train,False
swimcat_ext,swimcat_ext/Swimcat-extend/F-Veil Clouds/F_img54.png,veil_clouds,1752,train,False
swimcat_ext,swimcat_ext/Swimcat-extend/F-Veil Clouds/F_img55.png,veil_clouds,2051,val,False
swimcat_ext,swimcat_ext/Swimcat-extend/F-Veil Clouds/F_img56.png,veil_clouds,2052,val,False
swimcat_ext,swimcat_ext/Swimcat-extend/F-Veil Clouds/F_img57.png,veil_clouds,2053,test,False
swimcat_ext,swimcat_ext/Swimcat-extend/F-Veil Clouds/F_img58.png,veil_clouds,1752,train,False
swimcat_ext,swimcat_ext/Swimcat-extend/F-Veil Clouds/F_img59.png,veil_clouds,2053,test,False
swimcat_ext,swimcat_ext/Swimcat-extend/F-Veil Clouds/F_img6.png,veil_clouds,1752,train,False
swimcat_ext,swimcat_ext/Swimcat-extend/F-Veil Clouds/F_img60.png,veil_clouds,2057,train,False
swimcat_ext,swimcat_ext/Swimcat-extend/F-Veil Clouds/F_img61.png,veil_clouds,2058,train,False
swimcat_ext,swimcat_ext/Swimcat-extend/F-Veil Clouds/F_img62.png,veil_clouds,1752,train,False
swimcat_ext,swimcat_ext/Swimcat-extend/F-Veil Clouds/F_img63.png,veil_clouds,2058,train,False
swimcat_ext,swimcat_ext/Swimcat-extend/F-Veil Clouds/F_img64.png,veil_clouds,2061,train,False
swimcat_ext,swimcat_ext/Swimcat-extend/F-Veil Clouds/F_img65.png,veil_clouds,2061,train,False
swimcat_ext,swimcat_ext/Swimcat-extend/F-Veil Clouds/F_img66.png,veil_clouds,2063,val,False
swimcat_ext,swimcat_ext/Swimcat-extend/F-Veil Clouds/F_img67.png,veil_clouds,2064,test,False
swimcat_ext,swimcat_ext/Swimcat-extend/F-Veil Clouds/F_img68.png,veil_clouds,2065,train,False
swimcat_ext,swimcat_ext/Swimcat-extend/F-Veil Clouds/F_img69.png,veil_clouds,1752,train,False
swimcat_ext,swimcat_ext/Swimcat-extend/F-Veil Clouds/F_img7.png,veil_clouds,1752,train,False
swimcat_ext,swimcat_ext/Swimcat-extend/F-Veil Clouds/F_img70.png,veil_clouds,1756,train,False
swimcat_ext,swimcat_ext/Swimcat-extend/F-Veil Clouds/F_img71.png,veil_clouds,1756,train,False
swimcat_ext,swimcat_ext/Swimcat-extend/F-Veil Clouds/F_img72.png,veil_clouds,2070,test,False
swimcat_ext,swimcat_ext/Swimcat-extend/F-Veil Clouds/F_img73.png,veil_clouds,2071,train,False
swimcat_ext,swimcat_ext/Swimcat-extend/F-Veil Clouds/F_img74.png,veil_clouds,1752,train,False
swimcat_ext,swimcat_ext/Swimcat-extend/F-Veil Clouds/F_img75.png,veil_clouds,2073,train,False
swimcat_ext,swimcat_ext/Swimcat-extend/F-Veil Clouds/F_img76.png,veil_clouds,2073,train,False
swimcat_ext,swimcat_ext/Swimcat-extend/F-Veil Clouds/F_img77.png,veil_clouds,2075,val,False
swimcat_ext,swimcat_ext/Swimcat-extend/F-Veil Clouds/F_img78.png,veil_clouds,2076,val,False
swimcat_ext,swimcat_ext/Swimcat-extend/F-Veil Clouds/F_img79.png,veil_clouds,2077,test,False
swimcat_ext,swimcat_ext/Swimcat-extend/F-Veil Clouds/F_img8.png,veil_clouds,1884,val,False
swimcat_ext,swimcat_ext/Swimcat-extend/F-Veil Clouds/F_img80.png,veil_clouds,1752,train,False
swimcat_ext,swimcat_ext/Swimcat-extend/F-Veil Clouds/F_img81.png,veil_clouds,2080,train,False
swimcat_ext,swimcat_ext/Swimcat-extend/F-Veil Clouds/F_img82.png,veil_clouds,2080,train,False
swimcat_ext,swimcat_ext/Swimcat-extend/F-Veil Clouds/F_img83.png,veil_clouds,2082,train,False
swimcat_ext,swimcat_ext/Swimcat-extend/F-Veil Clouds/F_img84.png,veil_clouds,2082,train,False
swimcat_ext,swimcat_ext/Swimcat-extend/F-Veil Clouds/F_img85.png,veil_clouds,2028,test,False
swimcat_ext,swimcat_ext/Swimcat-extend/F-Veil Clouds/F_img86.png,veil_clouds,1752,train,False
swimcat_ext,swimcat_ext/Swimcat-extend/F-Veil Clouds/F_img87.png,veil_clouds,2086,val,False
swimcat_ext,swimcat_ext/Swimcat-extend/F-Veil Clouds/F_img88.png,veil_clouds,1752,train,False
swimcat_ext,swimcat_ext/Swimcat-extend/F-Veil Clouds/F_img89.png,veil_clouds,1752,train,False
swimcat_ext,swimcat_ext/Swimcat-extend/F-Veil Clouds/F_img9.png,veil_clouds,1752,train,False
swimcat_ext,swimcat_ext/Swimcat-extend/F-Veil Clouds/F_img90.png,veil_clouds,2090,train,False
swimcat_ext,swimcat_ext/Swimcat-extend/F-Veil Clouds/F_img91.png,veil_clouds,1752,train,False
swimcat_ext,swimcat_ext/Swimcat-extend/F-Veil Clouds/F_img92.png,veil_clouds,2092,test,False
swimcat_ext,swimcat_ext/Swimcat-extend/F-Veil Clouds/F_img93.png,veil_clouds,2093,test,False
swimcat_ext,swimcat_ext/Swimcat-extend/F-Veil Clouds/F_img94.png,veil_clouds,2093,test,False
swimcat_ext,swimcat_ext/Swimcat-extend/F-Veil Clouds/F_img95.png,veil_clouds,2093,test,False
swimcat_ext,swimcat_ext/Swimcat-extend/F-Veil Clouds/F_img96.png,veil_clouds,2096,test,False
swimcat_ext,swimcat_ext/Swimcat-extend/F-Veil Clouds/F_img97.png,veil_clouds,1752,train,False
swimcat_ext,swimcat_ext/Swimcat-extend/F-Veil Clouds/F_img98.png,veil_clouds,1752,train,False
swimcat_ext,swimcat_ext/Swimcat-extend/F-Veil Clouds/F_img99.png,veil_clouds,2099,train,False
