filepath,label
PetImages/Cat/0.jpg,Cat
PetImages/Cat/1.jpg,Cat
PetImages/Cat/2.jpg,Cat
PetImages/Cat/3.jpg,Cat
PetImages/Cat/4.jpg,Cat
PetImages/Cat/5.jpg,Cat
PetImages/Cat/6.jpg,Cat
PetImages/Cat/7.jpg,Cat
PetImages/Cat/8.jpg,Cat
PetImages/Cat/9.jpg,Cat
PetImages/Cat/10.jpg,Cat
PetImages/Cat/11.jpg,Cat
PetImages/Cat/12.jpg,Cat
PetImages/Cat/13.jpg,Cat
PetImages/Cat/14.jpg,Cat
PetImages/Cat/15.jpg,Cat
PetImages/Cat/16.jpg,Cat
PetImages/Cat/17.jpg,Cat
PetImages/Cat/18.jpg,Cat
PetImages/Cat/19.jpg,Cat
PetImages/Cat/20.jpg,Cat
PetImages/Cat/21.jpg,Cat
PetImages/Cat/22.jpg,Cat
PetImages/Cat/23.jpg,Cat
PetImages/Cat/24.jpg,Cat
PetImages/Cat/25.jpg,Cat
PetImages/Cat/26.jpg,Cat
PetImages/Cat/27.jpg,Cat
PetImages/Cat/28.jpg,Cat
PetImages/Cat/29.jpg,Cat
PetImages/Cat/30.jpg,Cat
PetImages/Cat/31.jpg,Cat
PetImages/Cat/32.jpg,Cat
PetImages/Cat/33.jpg,Cat
PetImages/Cat/34.jpg,Cat
PetImages/Cat/35.jpg,Cat
PetImages/Cat/36.jpg,Cat
PetImages/Cat/37.jpg,Cat
PetImages/Cat/38.jpg,Cat
PetImages/Cat/39.jpg,Cat
PetImages/Cat/40.jpg,Cat
PetImages/Cat/41.jpg,Cat
PetImages/Cat/42.jpg,Cat
PetImages/Cat/43.jpg,Cat
PetImages/Cat/44.jpg,Cat
PetImages/Cat/45.jpg,Cat
PetImages/Cat/46.jpg,Cat
PetImages/Cat/47.jpg,Cat
PetImages/Cat/48.jpg,Cat
PetImages/Cat/49.jpg,Cat
PetImages/Cat/50.jpg,Cat
PetImages/Cat/51.jpg,Cat
PetImages/Cat/52.jpg,Cat
PetImages/Cat/53.jpg,Cat
PetImages/Cat/54.jpg,Cat
PetImages/Cat/55.jpg,Cat
PetImages/Cat/56.jpg,Cat
PetImages/Cat/57.jpg,Cat
PetImages/Cat/58.jpg,Cat
PetImages/Cat/59.jpg,Cat
PetImages/Cat/60.jpg,Cat
PetImages/Cat/61.jpg,Cat
PetImages/Cat/62.jpg,Cat
PetImages/Cat/63.jpg,Cat
PetImages/Cat/64.jpg,Cat
PetImages/Cat/65.jpg,Cat
PetImages/Cat/66.jpg,Cat
PetImages/Cat/67.jpg,Cat
PetImages/Cat/68.jpg,Cat
PetImages/Cat/69.jpg,Cat
PetImages/Cat/70.jpg,Cat
PetImages/Cat/71.jpg,Cat
PetImages/Cat/72.jpg,Cat
PetImages/Cat/73.jpg,Cat
PetImages/Cat/74.jpg,Cat
PetImages/Cat/75.jpg,Cat
PetImages/Cat/76.jpg,Cat
PetImages/Cat/77.jpg,Cat
PetImages/Cat/78.jpg,Cat
PetImages/Cat/79.jpg,Cat
PetImages/Cat/80.jpg,Cat
PetImages/Cat/81.jpg,Cat
PetImages/Cat/82.jpg,Cat
PetImages/Cat/83.jpg,Cat
PetImages/Cat/84.jpg,Cat
PetImages/Cat/85.jpg,Cat
PetImages/Cat/86.jpg,Cat
PetImages/Cat/87.jpg,Cat
PetImages/Cat/88.jpg,Cat
PetImages/Cat/89.jpg,Cat
PetImages/Cat/90.jpg,Cat
PetImages/Cat/91.jpg,Cat
PetImages/Cat/92.jpg,Cat
PetImages/Cat/93.jpg,Cat
PetImages/Cat/94.jpg,Cat
PetImages/Cat/95.jpg,Cat
PetImages/Cat/96.jpg,Cat
PetImages/Cat/97.jpg,Cat
PetImages/Cat/98.jpg,Cat
PetImages/Cat/99.jpg,Cat
PetImages/Cat/100.jpg,Cat
PetImages/Cat/101.jpg,Cat
PetImages/Cat/102.jpg,Cat
PetImages/Cat/103.jpg,Cat
PetImages/Cat/104.jpg,Cat
PetImages/Cat/105.jpg,Cat
PetImages/Cat/106.jpg,Cat
PetImages/Cat/107.jpg,Cat
PetImages/Cat/108.jpg,Cat
PetImages/Cat/109.jpg,Cat
PetImages/Cat/110.jpg,Cat
PetImages/Cat/111.jpg,Cat
PetImages/Cat/112.jpg,Cat
PetImages/Cat/113.jpg,Cat
PetImages/Cat/114.jpg,Cat
PetImages/Cat/115.jpg,Cat
PetImages/Cat/116.jpg,Cat
PetImages/Cat/117.jpg,Cat
PetImages/Cat/118.jpg,Cat
PetImages/Cat/119.jpg,Cat
PetImages/Cat/120.jpg,Cat
PetImages/Cat/121.jpg,Cat
PetImages/Cat/122.jpg,Cat
PetImages/Cat/123.jpg,Cat
PetImages/Cat/124.jpg,Cat
PetImages/Cat/125.jpg,Cat
PetImages/Cat/126.jpg,Cat
PetImages/Cat/127.jpg,Cat
PetImages/Cat/128.jpg,Cat
PetImages/Cat/129.jpg,Cat
PetImages/Cat/130.jpg,Cat
PetImages/Cat/131.jpg,Cat
PetImages/Cat/132.jpg,Cat
PetImages/Cat/133.jpg,Cat
PetImages/Cat/134.jpg,Cat
PetImages/Cat/135.jpg,Cat
PetImages/Cat/136.jpg,Cat
PetImages/Cat/137.jpg,Cat
PetImages/Cat/138.jpg,Cat
PetImages/Cat/139.jpg,Cat
PetImages/Cat/140.jpg,Cat
PetImages/Cat/141.jpg,Cat
PetImages/Cat/142.jpg,Cat
PetImages/Cat/143.jpg,Cat
PetImages/Cat/144.jpg,Cat
PetImages/Cat/145.jpg,Cat
PetImages/Cat/146.jpg,Cat
PetImages/Cat/147.jpg,Cat
PetImages/Cat/148.jpg,Cat
PetImages/Cat/149.jpg,Cat
PetImages/Cat/150.jpg,Cat
PetImages/Cat/151.jpg,Cat
PetImages/Cat/152.jpg,Cat
PetImages/Cat/153.jpg,Cat
PetImages/Cat/154.jpg,Cat
PetImages/Cat/155.jpg,Cat
PetImages/Cat/156.jpg,Cat
PetImages/Cat/157.jpg,Cat
PetImages/Cat/158.jpg,Cat
PetImages/Cat/159.jpg,Cat
PetImages/Cat/160.jpg,Cat
PetImages/Cat/161.jpg,Cat
PetImages/Cat/162.jpg,Cat
PetImages/Cat/163.jpg,Cat
PetImages/Cat/164.jpg,Cat
PetImages/Cat/165.jpg,Cat
PetImages/Cat/166.jpg,Cat
PetImages/Cat/167.jpg,Cat
PetImages/Cat/168.jpg,Cat
PetImages/Cat/169.jpg,Cat
PetImages/Cat/170.jpg,Cat
PetImages/Cat/171.jpg,Cat
PetImages/Cat/172.jpg,Cat
PetImages/Cat/173.jpg,Cat
PetImages/Cat/174.jpg,Cat
PetImages/Cat/175.jpg,Cat
PetImages/Cat/176.jpg,Cat
PetImages/Cat/177.jpg,Cat
PetImages/Cat/178.jpg,Cat
PetImages/Cat/179.jpg,Cat
PetImages/Cat/180.jpg,Cat
PetImages/Cat/181.jpg,Cat
PetImages/Cat/182.jpg,Cat
PetImages/Cat/183.jpg,Cat
PetImages/Cat/184.jpg,Cat
PetImages/Cat/185.jpg,Cat
PetImages/Cat/186.jpg,Cat
PetImages/Cat/187.jpg,Cat
PetImages/Cat/188.jpg,Cat
PetImages/Cat/189.jpg,Cat
PetImages/Cat/190.jpg,Cat
PetImages/Cat/191.jpg,Cat
PetImages/Cat/192.jpg,Cat
PetImages/Cat/193.jpg,Cat
PetImages/Cat/194.jpg,Cat
PetImages/Cat/195.jpg,Cat
PetImages/Cat/196.jpg,Cat
PetImages/Cat/197.jpg,Cat
PetImages/Cat/198.jpg,Cat
PetImages/Cat/199.jpg,Cat
PetImages/Cat/200.jpg,Cat
PetImages/Cat/201.jpg,Cat
PetImages/Cat/202.jpg,Cat
PetImages/Cat/203.jpg,Cat
PetImages/Cat/204.jpg,Cat
PetImages/Cat/205.jpg,Cat
PetImages/Cat/206.jpg,Cat
PetImages/Cat/207.jpg,Cat
PetImages/Cat/208.jpg,Cat
PetImages/Cat/209.jpg,Cat
PetImages/Cat/210.jpg,Cat
PetImages/Cat/211.jpg,Cat
PetImages/Cat/212.jpg,Cat
PetImages/Cat/213.jpg,Cat
PetImages/Cat/214.jpg,Cat
PetImages/Cat/215.jpg,Cat
PetImages/Cat/216.jpg,Cat
PetImages/Cat/217.jpg,Cat
PetImages/Cat/218.jpg,Cat
PetImages/Cat/219.jpg,Cat
PetImages/Cat/220.jpg,Cat
PetImages/Cat/221.jpg,Cat
PetImages/Cat/222.jpg,Cat
PetImages/Cat/223.jpg,Cat
PetImages/Cat/224.jpg,Cat
PetImages/Cat/225.jpg,Cat
PetImages/Cat/226.jpg,Cat
PetImages/Cat/227.jpg,Cat
PetImages/Cat/228.jpg,Cat
PetImages/Cat/229.jpg,Cat
PetImages/Cat/230.jpg,Cat
PetImages/Cat/231.jpg,Cat
PetImages/Cat/232.jpg,Cat
PetImages/Cat/233.jpg,Cat
PetImages/Cat/234.jpg,Cat
PetImages/Cat/235.jpg,Cat
PetImages/Cat/236.jpg,Cat
PetImages/Cat/237.jpg,Cat
PetImages/Cat/238.jpg,Cat
PetImages/Cat/239.jpg,Cat
PetImages/Cat/240.jpg,Cat
PetImages/Cat/241.jpg,Cat
PetImages/Cat/242.jpg,Cat
PetImages/Cat/243.jpg,Cat
PetImages/Cat/244.jpg,Cat
PetImages/Cat/245.jpg,Cat
PetImages/Cat/246.jpg,Cat
PetImages/Cat/247.jpg,Cat
PetImages/Cat/248.jpg,Cat
PetImages/Cat/249.jpg,Cat
PetImages/Cat/250.jpg,Cat
PetImages/Cat/251.jpg,Cat
PetImages/Cat/252.jpg,Cat
PetImages/Cat/253.jpg,Cat
PetImages/Cat/254.jpg,Cat
PetImages/Cat/255.jpg,Cat
PetImages/Cat/256.jpg,Cat
PetImages/Cat/257.jpg,Cat
PetImages/Cat/258.jpg,Cat
PetImages/Cat/259.jpg,Cat
PetImages/Cat/260.jpg,Cat
PetImages/Cat/261.jpg,Cat
PetImages/Cat/262.jpg,Cat
PetImages/Cat/263.jpg,Cat
PetImages/Cat/264.jpg,Cat
PetImages/Cat/265.jpg,Cat
PetImages/Cat/266.jpg,Cat
PetImages/Cat/267.jpg,Cat
PetImages/Cat/268.jpg,Cat
PetImages/Cat/269.jpg,Cat
PetImages/Cat/270.jpg,Cat
PetImages/Cat/271.jpg,Cat
PetImages/Cat/272.jpg,Cat
PetImages/Cat/273.jpg,Cat
PetImages/Cat/274.jpg,Cat
PetImages/Cat/275.jpg,Cat
PetImages/Cat/276.jpg,Cat
PetImages/Cat/277.jpg,Cat
PetImages/Cat/278.jpg,Cat
PetImages/Cat/279.jpg,Cat
PetImages/Cat/280.jpg,Cat
PetImages/Cat/281.jpg,Cat
PetImages/Cat/282.jpg,Cat
PetImages/Cat/283.jpg,Cat
PetImages/Cat/284.jpg,Cat
PetImages/Cat/285.jpg,Cat
PetImages/Cat/286.jpg,Cat
PetImages/Cat/287.jpg,Cat
PetImages/Cat/288.jpg,Cat
PetImages/Cat/289.jpg,Cat
PetImages/Cat/290.jpg,Cat
PetImages/Cat/291.jpg,Cat
PetImages/Cat/292.jpg,Cat
PetImages/Cat/293.jpg,Cat
PetImages/Cat/294.jpg,Cat
PetImages/Cat/295.jpg,Cat
PetImages/Cat/296.jpg,Cat
PetImages/Cat/297.jpg,Cat
PetImages/Cat/298.jpg,Cat
PetImages/Cat/299.jpg,Cat
PetImages/Cat/300.jpg,Cat
PetImages/Cat/301.jpg,Cat
PetImages/Cat/302.jpg,Cat
PetImages/Cat/303.jpg,Cat
PetImages/Cat/304.jpg,Cat
PetImages/Cat/305.jpg,Cat
PetImages/Cat/306.jpg,Cat
PetImages/Cat/307.jpg,Cat
PetImages/Cat/308.jpg,Cat
PetImages/Cat/309.jpg,Cat
PetImages/Cat/310.jpg,Cat
PetImages/Cat/311.jpg,Cat
PetImages/Cat/312.jpg,Cat
PetImages/Cat/313.jpg,Cat
PetImages/Cat/314.jpg,Cat
PetImages/Cat/315.jpg,Cat
PetImages/Cat/316.jpg,Cat
PetImages/Cat/317.jpg,Cat
PetImages/Cat/318.jpg,Cat
PetImages/Cat/319.jpg,Cat
PetImages/Cat/320.jpg,Cat
PetImages/Cat/321.jpg,Cat
PetImages/Cat/322.jpg,Cat
PetImages/Cat/323.jpg,Cat
PetImages/Cat/324.jpg,Cat
PetImages/Cat/325.jpg,Cat
PetImages/Cat/326.jpg,Cat
PetImages/Cat/327.jpg,Cat
PetImages/Cat/328.jpg,Cat
PetImages/Cat/329.jpg,Cat
PetImages/Cat/330.jpg,Cat
PetImages/Cat/331.jpg,Cat
PetImages/Cat/332.jpg,Cat
PetImages/Cat/333.jpg,Cat
PetImages/Cat/334.jpg,Cat
PetImages/Cat/335.jpg,Cat
PetImages/Cat/336.jpg,Cat
PetImages/Cat/337.jpg,Cat
PetImages/Cat/338.jpg,Cat
PetImages/Cat/339.jpg,Cat
PetImages/Cat/340.jpg,Cat
PetImages/Cat/341.jpg,Cat
PetImages/Cat/342.jpg,Cat
PetImages/Cat/343.jpg,Cat
PetImages/Cat/344.jpg,Cat
PetImages/Cat/345.jpg,Cat
PetImages/Cat/346.jpg,Cat
PetImages/Cat/347.jpg,Cat
PetImages/Cat/348.jpg,Cat
PetImages/Cat/349.jpg,Cat
PetImages/Cat/350.jpg,Cat
PetImages/Cat/351.jpg,Cat
PetImages/Cat/352.jpg,Cat
PetImages/Cat/353.jpg,Cat
PetImages/Cat/354.jpg,Cat
PetImages/Cat/355.jpg,Cat
PetImages/Cat/356.jpg,Cat
PetImages/Cat/357.jpg,Cat
PetImages/Cat/358.jpg,Cat
PetImages/Cat/359.jpg,Cat
PetImages/Cat/360.jpg,Cat
PetImages/Cat/361.jpg,Cat
PetImages/Cat/362.jpg,Cat
PetImages/Cat/363.jpg,Cat
PetImages/Cat/364.jpg,Cat
PetImages/Cat/365.jpg,Cat
PetImages/Cat/366.jpg,Cat
PetImages/Cat/367.jpg,Cat
PetImages/Cat/368.jpg,Cat
PetImages/Cat/369.jpg,Cat
PetImages/Cat/370.jpg,Cat
PetImages/Cat/371.jpg,Cat
PetImages/Cat/372.jpg,Cat
PetImages/Cat/373.jpg,Cat
PetImages/Cat/374.jpg,Cat
PetImages/Cat/375.jpg,Cat
PetImages/Cat/376.jpg,Cat
PetImages/Cat/377.jpg,Cat
PetImages/Cat/378.jpg,Cat
PetImages/Cat/379.jpg,Cat
PetImages/Cat/380.jpg,Cat
PetImages/Cat/381.jpg,Cat
PetImages/Cat/382.jpg,Cat
PetImages/Cat/383.jpg,Cat
PetImages/Cat/384.jpg,Cat
PetImages/Cat/385.jpg,Cat
PetImages/Cat/386.jpg,Cat
PetImages/Cat/387.jpg,Cat
PetImages/Cat/388.jpg,Cat
PetImages/Cat/389.jpg,Cat
PetImages/Cat/390.jpg,Cat
PetImages/Cat/391.jpg,Cat
PetImages/Cat/392.jpg,Cat
PetImages/Cat/393.jpg,Cat
PetImages/Cat/394.jpg,Cat
PetImages/Cat/395.jpg,Cat
PetImages/Cat/396.jpg,Cat
PetImages/Cat/397.jpg,Cat
PetImages/Cat/398.jpg,Cat
PetImages/Cat/399.jpg,Cat
PetImages/Cat/400.jpg,Cat
PetImages/Cat/401.jpg,Cat
PetImages/Cat/402.jpg,Cat
PetImages/Cat/403.jpg,Cat
PetImages/Cat/404.jpg,Cat
PetImages/Cat/405.jpg,Cat
PetImages/Cat/406.jpg,Cat
PetImages/Cat/407.jpg,Cat
PetImages/Cat/408.jpg,Cat
PetImages/Cat/409.jpg,Cat
PetImages/Cat/410.jpg,Cat
PetImages/Cat/411.jpg,Cat
PetImages/Cat/412.jpg,Cat
PetImages/Cat/413.jpg,Cat
PetImages/Cat/414.jpg,Cat
PetImages/Cat/415.jpg,Cat
PetImages/Cat/416.jpg,Cat
PetImages/Cat/417.jpg,Cat
PetImages/Cat/418.jpg,Cat
PetImages/Cat/419.jpg,Cat
PetImages/Cat/420.jpg,Cat
PetImages/Cat/421.jpg,Cat
PetImages/Cat/422.jpg,Cat
PetImages/Cat/423.jpg,Cat
PetImages/Cat/424.jpg,Cat
PetImages/Cat/425.jpg,Cat
PetImages/Cat/426.jpg,Cat
PetImages/Cat/427.jpg,Cat
PetImages/Cat/428.jpg,Cat
PetImages/Cat/429.jpg,Cat
PetImages/Cat/430.jpg,Cat
PetImages/Cat/431.jpg,Cat
PetImages/Cat/432.jpg,Cat
PetImages/Cat/433.jpg,Cat
PetImages/Cat/434.jpg,Cat
PetImages/Cat/435.jpg,Cat
PetImages/Cat/436.jpg,Cat
PetImages/Cat/437.jpg,Cat
PetImages/Cat/438.jpg,Cat
PetImages/Cat/439.jpg,Cat
PetImages/Cat/440.jpg,Cat
PetImages/Cat/441.jpg,Cat
PetImages/Cat/442.jpg,Cat
PetImages/Cat/443.jpg,Cat
PetImages/Cat/444.jpg,Cat
PetImages/Cat/445.jpg,Cat
PetImages/Cat/446.jpg,Cat
PetImages/Cat/447.jpg,Cat
PetImages/Cat/448.jpg,Cat
PetImages/Cat/449.jpg,Cat
PetImages/Cat/450.jpg,Cat
PetImages/Cat/451.jpg,Cat
PetImages/Cat/452.jpg,Cat
PetImages/Cat/453.jpg,Cat
PetImages/Cat/454.jpg,Cat
PetImages/Cat/455.jpg,Cat
PetImages/Cat/456.jpg,Cat
PetImages/Cat/457.jpg,Cat
PetImages/Cat/458.jpg,Cat
PetImages/Cat/459.jpg,Cat
PetImages/Cat/460.jpg,Cat
PetImages/Cat/461.jpg,Cat
PetImages/Cat/462.jpg,Cat
PetImages/Cat/463.jpg,Cat
PetImages/Cat/464.jpg,Cat
PetImages/Cat/465.jpg,Cat
PetImages/Cat/466.jpg,Cat
PetImages/Cat/467.jpg,Cat
PetImages/Cat/468.jpg,Cat
PetImages/Cat/469.jpg,Cat
PetImages/Cat/470.jpg,Cat
PetImages/Cat/471.jpg,Cat
PetImages/Cat/472.jpg,Cat
PetImages/Cat/473.jpg,Cat
PetImages/Cat/474.jpg,Cat
PetImages/Cat/475.jpg,Cat
PetImages/Cat/476.jpg,Cat
PetImages/Cat/477.jpg,Cat
PetImages/Cat/478.jpg,Cat
PetImages/Cat/479.jpg,Cat
PetImages/Cat/480.jpg,Cat
PetImages/Cat/481.jpg,Cat
PetImages/Cat/482.jpg,Cat
PetImages/Cat/483.jpg,Cat
PetImages/Cat/484.jpg,Cat
PetImages/Cat/485.jpg,Cat
PetImages/Cat/486.jpg,Cat
PetImages/Cat/487.jpg,Cat
PetImages/Cat/488.jpg,Cat
PetImages/Cat/489.jpg,Cat
PetImages/Cat/490.jpg,Cat
PetImages/Cat/491.jpg,Cat
PetImages/Cat/492.jpg,Cat
PetImages/Cat/493.jpg,Cat
PetImages/Cat/494.jpg,Cat
PetImages/Cat/495.jpg,Cat
PetImages/Cat/496.jpg,Cat
PetImages/Cat/497.jpg,Cat
PetImages/Cat/498.jpg,Cat
PetImages/Cat/499.jpg,Cat
PetImages/Cat/500.jpg,Cat
PetImages/Cat/501.jpg,Cat
PetImages/Cat/502.jpg,Cat
PetImages/Cat/503.jpg,Cat
PetImages/Cat/504.jpg,Cat
PetImages/Cat/505.jpg,Cat
PetImages/Cat/506.jpg,Cat
PetImages/Cat/507.jpg,Cat
PetImages/Cat/508.jpg,Cat
PetImages/Cat/509.jpg,Cat
PetImages/Cat/510.jpg,Cat
PetImages/Cat/511.jpg,Cat
PetImages/Cat/512.jpg,Cat
PetImages/Cat/513.jpg,Cat
PetImages/Cat/514.jpg,Cat
PetImages/Cat/515.jpg,Cat
PetImages/Cat/516.jpg,Cat
PetImages/Cat/517.jpg,Cat
PetImages/Cat/518.jpg,Cat
PetImages/Cat/519.jpg,Cat
PetImages/Cat/520.jpg,Cat
PetImages/Cat/521.jpg,Cat
PetImages/Cat/522.jpg,Cat
PetImages/Cat/523.jpg,Cat
PetImages/Cat/524.jpg,Cat
PetImages/Cat/525.jpg,Cat
PetImages/Cat/526.jpg,Cat
PetImages/Cat/527.jpg,Cat
PetImages/Cat/528.jpg,Cat
PetImages/Cat/529.jpg,Cat
PetImages/Cat/530.jpg,Cat
PetImages/Cat/531.jpg,Cat
PetImages/Cat/532.jpg,Cat
PetImages/Cat/533.jpg,Cat
PetImages/Cat/534.jpg,Cat
PetImages/Cat/535.jpg,Cat
PetImages/Cat/536.jpg,Cat
PetImages/Cat/537.jpg,Cat
PetImages/Cat/538.jpg,Cat
PetImages/Cat/539.jpg,Cat
PetImages/Cat/540.jpg,Cat
PetImages/Cat/541.jpg,Cat
PetImages/Cat/542.jpg,Cat
PetImages/Cat/543.jpg,Cat
PetImages/Cat/544.jpg,Cat
PetImages/Cat/545.jpg,Cat
PetImages/Cat/546.jpg,Cat
PetImages/Cat/547.jpg,Cat
PetImages/Cat/548.jpg,Cat
PetImages/Cat/549.jpg,Cat
PetImages/Cat/550.jpg,Cat
PetImages/Cat/551.jpg,Cat
PetImages/Cat/552.jpg,Cat
PetImages/Cat/553.jpg,Cat
PetImages/Cat/554.jpg,Cat
PetImages/Cat/555.jpg,Cat
PetImages/Cat/556.jpg,Cat
PetImages/Cat/557.jpg,Cat
PetImages/Cat/558.jpg,Cat
PetImages/Cat/559.jpg,Cat
PetImages/Cat/560.jpg,Cat
PetImages/Cat/561.jpg,Cat
PetImages/Cat/562.jpg,Cat
PetImages/Cat/563.jpg,Cat
PetImages/Cat/564.jpg,Cat
PetImages/Cat/565.jpg,Cat
PetImages/Cat/566.jpg,Cat
PetImages/Cat/567.jpg,Cat
PetImages/Cat/568.jpg,Cat
PetImages/Cat/569.jpg,Cat
PetImages/Cat/570.jpg,Cat
PetImages/Cat/571.jpg,Cat
PetImages/Cat/572.jpg,Cat
PetImages/Cat/573.jpg,Cat
PetImages/Cat/574.jpg,Cat
PetImages/Cat/575.jpg,Cat
PetImages/Cat/576.jpg,Cat
PetImages/Cat/577.jpg,Cat
PetImages/Cat/578.jpg,Cat
PetImages/Cat/579.jpg,Cat
PetImages/Cat/580.jpg,Cat
PetImages/Cat/581.jpg,Cat
PetImages/Cat/582.jpg,Cat
PetImages/Cat/583.jpg,Cat
PetImages/Cat/584.jpg,Cat
PetImages/Cat/585.jpg,Cat
PetImages/Cat/586.jpg,Cat
PetImages/Cat/587.jpg,Cat
PetImages/Cat/588.jpg,Cat
PetImages/Cat/589.jpg,Cat
PetImages/Cat/590.jpg,Cat
PetImages/Cat/591.jpg,Cat
PetImages/Cat/592.jpg,Cat
PetImages/Cat/593.jpg,Cat
PetImages/Cat/594.jpg,Cat
PetImages/Cat/595.jpg,Cat
PetImages/Cat/596.jpg,Cat
PetImages/Cat/597.jpg,Cat
PetImages/Cat/598.jpg,Cat
PetImages/Cat/599.jpg,Cat
PetImages/Cat/600.jpg,Cat
PetImages/Cat/601.jpg,Cat
PetImages/Cat/602.jpg,Cat
PetImages/Cat/603.jpg,Cat
PetImages/Cat/604.jpg,Cat
PetImages/Cat/605.jpg,Cat
PetImages/Cat/606.jpg,Cat
PetImages/Cat/607.jpg,Cat
PetImages/Cat/608.jpg,Cat
PetImages/Cat/609.jpg,Cat
PetImages/Cat/610.jpg,Cat
PetImages/Cat/611.jpg,Cat
PetImages/Cat/612.jpg,Cat
PetImages/Cat/613.jpg,Cat
PetImages/Cat/614.jpg,Cat
PetImages/Cat/615.jpg,Cat
PetImages/Cat/616.jpg,Cat
PetImages/Cat/617.jpg,Cat
PetImages/Cat/618.jpg,Cat
PetImages/Cat/619.jpg,Cat
PetImages/Cat/620.jpg,Cat
PetImages/Cat/621.jpg,Cat
PetImages/Cat/622.jpg,Cat
PetImages/Cat/623.jpg,Cat
PetImages/Cat/624.jpg,Cat
PetImages/Cat/625.jpg,Cat
PetImages/Cat/626.jpg,Cat
PetImages/Cat/627.jpg,Cat
PetImages/Cat/628.jpg,Cat
PetImages/Cat/629.jpg,Cat
PetImages/Cat/630.jpg,Cat
PetImages/Cat/631.jpg,Cat
PetImages/Cat/632.jpg,Cat
PetImages/Cat/633.jpg,Cat
PetImages/Cat/634.jpg,Cat
PetImages/Cat/635.jpg,Cat
PetImages/Cat/636.jpg,Cat
PetImages/Cat/637.jpg,Cat
PetImages/Cat/638.jpg,Cat
PetImages/Cat/639.jpg,Cat
PetImages/Cat/640.jpg,Cat
PetImages/Cat/641.jpg,Cat
PetImages/Cat/642.jpg,Cat
PetImages/Cat/643.jpg,Cat
PetImages/Cat/644.jpg,Cat
PetImages/Cat/645.jpg,Cat
PetImages/Cat/646.jpg,Cat
PetImages/Cat/647.jpg,Cat
PetImages/Cat/648.jpg,Cat
PetImages/Cat/649.jpg,Cat
PetImages/Cat/650.jpg,Cat
PetImages/Cat/651.jpg,Cat
PetImages/Cat/652.jpg,Cat
PetImages/Cat/653.jpg,Cat
PetImages/Cat/654.jpg,Cat
PetImages/Cat/655.jpg,Cat
PetImages/Cat/656.jpg,Cat
PetImages/Cat/657.jpg,Cat
PetImages/Cat/658.jpg,Cat
PetImages/Cat/659.jpg,Cat
PetImages/Cat/660.jpg,Cat
PetImages/Cat/661.jpg,Cat
PetImages/Cat/662.jpg,Cat
PetImages/Cat/663.jpg,Cat
PetImages/Cat/664.jpg,Cat
PetImages/Cat/665.jpg,Cat
PetImages/Cat/666.jpg,Cat
PetImages/Cat/667.jpg,Cat
PetImages/Cat/668.jpg,Cat
PetImages/Cat/669.jpg,Cat
PetImages/Cat/670.jpg,Cat
PetImages/Cat/671.jpg,Cat
PetImages/Cat/672.jpg,Cat
PetImages/Cat/673.jpg,Cat
PetImages/Cat/674.jpg,Cat
PetImages/Cat/675.jpg,Cat
PetImages/Cat/676.jpg,Cat
PetImages/Cat/677.jpg,Cat
PetImages/Cat/678.jpg,Cat
PetImages/Cat/679.jpg,Cat
PetImages/Cat/680.jpg,Cat
PetImages/Cat/681.jpg,Cat
PetImages/Cat/682.jpg,Cat
PetImages/Cat/683.jpg,Cat
PetImages/Cat/684.jpg,Cat
PetImages/Cat/685.jpg,Cat
PetImages/Cat/686.jpg,Cat
PetImages/Cat/687.jpg,Cat
PetImages/Cat/688.jpg,Cat
PetImages/Cat/689.jpg,Cat
PetImages/Cat/690.jpg,Cat
PetImages/Cat/691.jpg,Cat
PetImages/Cat/692.jpg,Cat
PetImages/Cat/693.jpg,Cat
PetImages/Cat/694.jpg,Cat
PetImages/Cat/695.jpg,Cat
PetImages/Cat/696.jpg,Cat
PetImages/Cat/697.jpg,Cat
PetImages/Cat/698.jpg,Cat
PetImages/Cat/699.jpg,Cat
PetImages/Cat/700.jpg,Cat
PetImages/Cat/701.jpg,Cat
PetImages/Cat/702.jpg,Cat
PetImages/Cat/703.jpg,Cat
PetImages/Cat/704.jpg,Cat
PetImages/Cat/705.jpg,Cat
PetImages/Cat/706.jpg,Cat
PetImages/Cat/707.jpg,Cat
PetImages/Cat/708.jpg,Cat
PetImages/Cat/709.jpg,Cat
PetImages/Cat/710.jpg,Cat
PetImages/Cat/711.jpg,Cat
PetImages/Cat/712.jpg,Cat
PetImages/Cat/713.jpg,Cat
PetImages/Cat/714.jpg,Cat
PetImages/Cat/715.jpg,Cat
PetImages/Cat/716.jpg,Cat
PetImages/Cat/717.jpg,Cat
PetImages/Cat/718.jpg,Cat
PetImages/Cat/719.jpg,Cat
PetImages/Cat/720.jpg,Cat
PetImages/Cat/721.jpg,Cat
PetImages/Cat/722.jpg,Cat
PetImages/Cat/723.jpg,Cat
PetImages/Cat/724.jpg,Cat
PetImages/Cat/725.jpg,Cat
PetImages/Cat/726.jpg,Cat
PetImages/Cat/727.jpg,Cat
PetImages/Cat/728.jpg,Cat
PetImages/Cat/729.jpg,Cat
PetImages/Cat/730.jpg,Cat
PetImages/Cat/731.jpg,Cat
PetImages/Cat/732.jpg,Cat
PetImages/Cat/733.jpg,Cat
PetImages/Cat/734.jpg,Cat
PetImages/Cat/735.jpg,Cat
PetImages/Cat/736.jpg,Cat
PetImages/Cat/737.jpg,Cat
PetImages/Cat/738.jpg,Cat
PetImages/Cat/739.jpg,Cat
PetImages/Cat/740.jpg,Cat
PetImages/Cat/741.jpg,Cat
PetImages/Cat/742.jpg,Cat
PetImages/Cat/743.jpg,Cat
PetImages/Cat/744.jpg,Cat
PetImages/Cat/745.jpg,Cat
PetImages/Cat/746.jpg,Cat
PetImages/Cat/747.jpg,Cat
PetImages/Cat/748.jpg,Cat
PetImages/Cat/749.jpg,Cat
PetImages/Cat/750.jpg,Cat
PetImages/Cat/751.jpg,Cat
PetImages/Cat/752.jpg,Cat
PetImages/Cat/753.jpg,Cat
PetImages/Cat/754.jpg,Cat
PetImages/Cat/755.jpg,Cat
PetImages/Cat/756.jpg,Cat
PetImages/Cat/757.jpg,Cat
PetImages/Cat/758.jpg,Cat
PetImages/Cat/759.jpg,Cat
PetImages/Cat/760.jpg,Cat
PetImages/Cat/761.jpg,Cat
PetImages/Cat/762.jpg,Cat
PetImages/Cat/763.jpg,Cat
PetImages/Cat/764.jpg,Cat
PetImages/Cat/765.jpg,Cat
PetImages/Cat/766.jpg,Cat
PetImages/Cat/767.jpg,Cat
PetImages/Cat/768.jpg,Cat
PetImages/Cat/769.jpg,Cat
PetImages/Cat/770.jpg,Cat
PetImages/Cat/771.jpg,Cat
PetImages/Cat/772.jpg,Cat
PetImages/Cat/773.jpg,Cat
PetImages/Cat/774.jpg,Cat
PetImages/Cat/775.jpg,Cat
PetImages/Cat/776.jpg,Cat
PetImages/Cat/777.jpg,Cat
PetImages/Cat/778.jpg,Cat
PetImages/Cat/779.jpg,Cat
PetImages/Cat/780.jpg,Cat
PetImages/Cat/781.jpg,Cat
PetImages/Cat/782.jpg,Cat
PetImages/Cat/783.jpg,Cat
PetImages/Cat/784.jpg,Cat
PetImages/Cat/785.jpg,Cat
PetImages/Cat/786.jpg,Cat
PetImages/Cat/787.jpg,Cat
PetImages/Cat/788.jpg,Cat
PetImages/Cat/789.jpg,Cat
PetImages/Cat/790.jpg,Cat
PetImages/Cat/791.jpg,Cat
PetImages/Cat/792.jpg,Cat
PetImages/Cat/793.jpg,Cat
PetImages/Cat/794.jpg,Cat
PetImages/Cat/795.jpg,Cat
PetImages/Cat/796.jpg,Cat
PetImages/Cat/797.jpg,Cat
PetImages/Cat/798.jpg,Cat
PetImages/Cat/799.jpg,Cat
PetImages/Cat/800.jpg,Cat
PetImages/Cat/801.jpg,Cat
PetImages/Cat/802.jpg,Cat
PetImages/Cat/803.jpg,Cat
PetImages/Cat/804.jpg,Cat
PetImages/Cat/805.jpg,Cat
PetImages/Cat/806.jpg,Cat
PetImages/Cat/807.jpg,Cat
PetImages/Cat/808.jpg,Cat
PetImages/Cat/809.jpg,Cat
PetImages/Cat/810.jpg,Cat
PetImages/Cat/811.jpg,Cat
PetImages/Cat/812.jpg,Cat
PetImages/Cat/813.jpg,Cat
PetImages/Cat/814.jpg,Cat
PetImages/Cat/815.jpg,Cat
PetImages/Cat/816.jpg,Cat
PetImages/Cat/817.jpg,Cat
PetImages/Cat/818.jpg,Cat
PetImages/Cat/819.jpg,Cat
PetImages/Cat/820.jpg,Cat
PetImages/Cat/821.jpg,Cat
PetImages/Cat/822.jpg,Cat
PetImages/Cat/823.jpg,Cat
PetImages/Cat/824.jpg,Cat
PetImages/Cat/825.jpg,Cat
PetImages/Cat/826.jpg,Cat
PetImages/Cat/827.jpg,Cat
PetImages/Cat/828.jpg,Cat
PetImages/Cat/829.jpg,Cat
PetImages/Cat/830.jpg,Cat
PetImages/Cat/831.jpg,Cat
PetImages/Cat/832.jpg,Cat
PetImages/Cat/833.jpg,Cat
PetImages/Cat/834.jpg,Cat
PetImages/Cat/835.jpg,Cat
PetImages/Cat/836.jpg,Cat
PetImages/Cat/837.jpg,Cat
PetImages/Cat/838.jpg,Cat
PetImages/Cat/839.jpg,Cat
PetImages/Cat/840.jpg,Cat
PetImages/Cat/841.jpg,Cat
PetImages/Cat/842.jpg,Cat
PetImages/Cat/843.jpg,Cat
PetImages/Cat/844.jpg,Cat
PetImages/Cat/845.jpg,Cat
PetImages/Cat/846.jpg,Cat
PetImages/Cat/847.jpg,Cat
PetImages/Cat/848.jpg,Cat
PetImages/Cat/849.jpg,Cat
PetImages/Cat/850.jpg,Cat
PetImages/Cat/851.jpg,Cat
PetImages/Cat/852.jpg,Cat
PetImages/Cat/853.jpg,Cat
PetImages/Cat/854.jpg,Cat
PetImages/Cat/855.jpg,Cat
PetImages/Cat/856.jpg,Cat
PetImages/Cat/857.jpg,Cat
PetImages/Cat/858.jpg,Cat
PetImages/Cat/859.jpg,Cat
PetImages/Cat/860.jpg,Cat
PetImages/Cat/861.jpg,Cat
PetImages/Cat/862.jpg,Cat
PetImages/Cat/863.jpg,Cat
PetImages/Cat/864.jpg,Cat
PetImages/Cat/865.jpg,Cat
PetImages/Cat/866.jpg,Cat
PetImages/Cat/867.jpg,Cat
PetImages/Cat/868.jpg,Cat
PetImages/Cat/869.jpg,Cat
PetImages/Cat/870.jpg,Cat
PetImages/Cat/871.jpg,Cat
PetImages/Cat/872.jpg,Cat
PetImages/Cat/873.jpg,Cat
PetImages/Cat/874.jpg,Cat
PetImages/Cat/875.jpg,Cat
PetImages/Cat/876.jpg,Cat
PetImages/Cat/877.jpg,Cat
PetImages/Cat/878.jpg,Cat
PetImages/Cat/879.jpg,Cat
PetImages/Cat/880.jpg,Cat
PetImages/Cat/881.jpg,Cat
PetImages/Cat/882.jpg,Cat
PetImages/Cat/883.jpg,Cat
PetImages/Cat/884.jpg,Cat
PetImages/Cat/885.jpg,Cat
PetImages/Cat/886.jpg,Cat
PetImages/Cat/887.jpg,Cat
PetImages/Cat/888.jpg,Cat
PetImages/Cat/889.jpg,Cat
PetImages/Cat/890.jpg,Cat
PetImages/Cat/891.jpg,Cat
PetImages/Cat/892.jpg,Cat
PetImages/Cat/893.jpg,Cat
PetImages/Cat/894.jpg,Cat
PetImages/Cat/895.jpg,Cat
PetImages/Cat/896.jpg,Cat
PetImages/Cat/897.jpg,Cat
PetImages/Cat/898.jpg,Cat
PetImages/Cat/899.jpg,Cat
PetImages/Cat/900.jpg,Cat
PetImages/Cat/901.jpg,Cat
PetImages/Cat/902.jpg,Cat
PetImages/Cat/903.jpg,Cat
PetImages/Cat/904.jpg,Cat
PetImages/Cat/905.jpg,Cat
PetImages/Cat/906.jpg,Cat
PetImages/Cat/907.jpg,Cat
PetImages/Cat/908.jpg,Cat
PetImages/Cat/909.jpg,Cat
PetImages/Cat/910.jpg,Cat
PetImages/Cat/911.jpg,Cat
PetImages/Cat/912.jpg,Cat
PetImages/Cat/913.jpg,Cat
PetImages/Cat/914.jpg,Cat
PetImages/Cat/915.jpg,Cat
PetImages/Cat/916.jpg,Cat
PetImages/Cat/917.jpg,Cat
PetImages/Cat/918.jpg,Cat
PetImages/Cat/919.jpg,Cat
PetImages/Cat/920.jpg,Cat
PetImages/Cat/921.jpg,Cat
PetImages/Cat/922.jpg,Cat
PetImages/Cat/923.jpg,Cat
PetImages/Cat/924.jpg,Cat
PetImages/Cat/925.jpg,Cat
PetImages/Cat/926.jpg,Cat
PetImages/Cat/927.jpg,Cat
PetImages/Cat/928.jpg,Cat
PetImages/Cat/929.jpg,Cat
PetImages/Cat/930.jpg,Cat
PetImages/Cat/931.jpg,Cat
PetImages/Cat/932.jpg,Cat
PetImages/Cat/933.jpg,Cat
PetImages/Cat/934.jpg,Cat
PetImages/Cat/935.jpg,Cat
PetImages/Cat/936.jpg,Cat
PetImages/Cat/937.jpg,Cat
PetImages/Cat/938.jpg,Cat
PetImages/Cat/939.jpg,Cat
PetImages/Cat/940.jpg,Cat
PetImages/Cat/941.jpg,Cat
PetImages/Cat/942.jpg,Cat
PetImages/Cat/943.jpg,Cat
PetImages/Cat/944.jpg,Cat
PetImages/Cat/945.jpg,Cat
PetImages/Cat/946.jpg,Cat
PetImages/Cat/947.jpg,Cat
PetImages/Cat/948.jpg,Cat
PetImages/Cat/949.jpg,Cat
PetImages/Cat/950.jpg,Cat
PetImages/Cat/951.jpg,Cat
PetImages/Cat/952.jpg,Cat
PetImages/Cat/953.jpg,Cat
PetImages/Cat/954.jpg,Cat
PetImages/Cat/955.jpg,Cat
PetImages/Cat/956.jpg,Cat
PetImages/Cat/957.jpg,Cat
PetImages/Cat/958.jpg,Cat
PetImages/Cat/959.jpg,Cat
PetImages/Cat/960.jpg,Cat
PetImages/Cat/961.jpg,Cat
PetImages/Cat/962.jpg,Cat
PetImages/Cat/963.jpg,Cat
PetImages/Cat/964.jpg,Cat
PetImages/Cat/965.jpg,Cat
PetImages/Cat/966.jpg,Cat
PetImages/Cat/967.jpg,Cat
PetImages/Cat/968.jpg,Cat
PetImages/Cat/969.jpg,Cat
PetImages/Cat/970.jpg,Cat
PetImages/Cat/971.jpg,Cat
PetImages/Cat/972.jpg,Cat
PetImages/Cat/973.jpg,Cat
PetImages/Cat/974.jpg,Cat
PetImages/Cat/975.jpg,Cat
PetImages/Cat/976.jpg,Cat
PetImages/Cat/977.jpg,Cat
PetImages/Cat/978.jpg,Cat
PetImages/Cat/979.jpg,Cat
PetImages/Cat/980.jpg,Cat
PetImages/Cat/981.jpg,Cat
PetImages/Cat/982.jpg,Cat
PetImages/Cat/983.jpg,Cat
PetImages/Cat/984.jpg,Cat
PetImages/Cat/985.jpg,Cat
PetImages/Cat/986.jpg,Cat
PetImages/Cat/987.jpg,Cat
PetImages/Cat/988.jpg,Cat
PetImages/Cat/989.jpg,Cat
PetImages/Cat/990.jpg,Cat
PetImages/Cat/991.jpg,Cat
PetImages/Cat/992.jpg,Cat
PetImages/Cat/993.jpg,Cat
PetImages/Cat/994.jpg,Cat
PetImages/Cat/995.jpg,Cat
PetImages/Cat/996.jpg,Cat
PetImages/Cat/997.jpg,Cat
PetImages/Cat/998.jpg,Cat
PetImages/Cat/999.jpg,Cat
PetImages/Cat/1000.jpg,Cat
PetImages/Cat/1001.jpg,Cat
PetImages/Cat/1002.jpg,Cat
PetImages/Cat/1003.jpg,Cat
PetImages/Cat/1004.jpg,Cat
PetImages/Cat/1005.jpg,Cat
PetImages/Cat/1006.jpg,Cat
PetImages/Cat/1007.jpg,Cat
PetImages/Cat/1008.jpg,Cat
PetImages/Cat/1009.jpg,Cat
PetImages/Cat/1010.jpg,Cat
PetImages/Cat/1011.jpg,Cat
PetImages/Cat/1012.jpg,Cat
PetImages/Cat/1013.jpg,Cat
PetImages/Cat/1014.jpg,Cat
PetImages/Cat/1015.jpg,Cat
PetImages/Cat/1016.jpg,Cat
PetImages/Cat/1017.jpg,Cat
PetImages/Cat/1018.jpg,Cat
PetImages/Cat/1019.jpg,Cat
PetImages/Cat/1020.jpg,Cat
PetImages/Cat/1021.jpg,Cat
PetImages/Cat/1022.jpg,Cat
PetImages/Cat/1023.jpg,Cat
PetImages/Cat/1024.jpg,Cat
PetImages/Cat/1025.jpg,Cat
PetImages/Cat/1026.jpg,Cat
PetImages/Cat/1027.jpg,Cat
PetImages/Cat/1028.jpg,Cat
PetImages/Cat/1029.jpg,Cat
PetImages/Cat/1030.jpg,Cat
PetImages/Cat/1031.jpg,Cat
PetImages/Cat/1032.jpg,Cat
PetImages/Cat/1033.jpg,Cat
PetImages/Cat/1034.jpg,Cat
PetImages/Cat/1035.jpg,Cat
PetImages/Cat/1036.jpg,Cat
PetImages/Cat/1037.jpg,Cat
PetImages/Cat/1038.jpg,Cat
PetImages/Cat/1039.jpg,Cat
PetImages/Cat/1040.jpg,Cat
PetImages/Cat/1041.jpg,Cat
PetImages/Cat/1042.jpg,Cat
PetImages/Cat/1043.jpg,Cat
PetImages/Cat/1044.jpg,Cat
PetImages/Cat/1045.jpg,Cat
PetImages/Cat/1046.jpg,Cat
PetImages/Cat/1047.jpg,Cat
PetImages/Cat/1048.jpg,Cat
PetImages/Cat/1049.jpg,Cat
PetImages/Cat/1050.jpg,Cat
PetImages/Cat/1051.jpg,Cat
PetImages/Cat/1052.jpg,Cat
PetImages/Cat/1053.jpg,Cat
PetImages/Cat/1054.jpg,Cat
PetImages/Cat/1055.jpg,Cat
PetImages/Cat/1056.jpg,Cat
PetImages/Cat/1057.jpg,Cat
PetImages/Cat/1058.jpg,Cat
PetImages/Cat/1059.jpg,Cat
PetImages/Cat/1060.jpg,Cat
PetImages/Cat/1061.jpg,Cat
PetImages/Cat/1062.jpg,Cat
PetImages/Cat/1063.jpg,Cat
PetImages/Cat/1064.jpg,Cat
PetImages/Cat/1065.jpg,Cat
PetImages/Cat/1066.jpg,Cat
PetImages/Cat/1067.jpg,Cat
PetImages/Cat/1068.jpg,Cat
PetImages/Cat/1069.jpg,Cat
PetImages/Cat/1070.jpg,Cat
PetImages/Cat/1071.jpg,Cat
PetImages/Cat/1072.jpg,Cat
PetImages/Cat/1073.jpg,Cat
PetImages/Cat/1074.jpg,Cat
PetImages/Cat/1075.jpg,Cat
PetImages/Cat/1076.jpg,Cat
PetImages/Cat/1077.jpg,Cat
PetImages/Cat/1078.jpg,Cat
PetImages/Cat/1079.jpg,Cat
PetImages/Cat/1080.jpg,Cat
PetImages/Cat/1081.jpg,Cat
PetImages/Cat/1082.jpg,Cat
PetImages/Cat/1083.jpg,Cat
PetImages/Cat/1084.jpg,Cat
PetImages/Cat/1085.jpg,Cat
PetImages/Cat/1086.jpg,Cat
PetImages/Cat/1087.jpg,Cat
PetImages/Cat/1088.jpg,Cat
PetImages/Cat/1089.jpg,Cat
PetImages/Cat/1090.jpg,Cat
PetImages/Cat/1091.jpg,Cat
PetImages/Cat/1092.jpg,Cat
PetImages/Cat/1093.jpg,Cat
PetImages/Cat/1094.jpg,Cat
PetImages/Cat/1095.jpg,Cat
PetImages/Cat/1096.jpg,Cat
PetImages/Cat/1097.jpg,Cat
PetImages/Cat/1098.jpg,Cat
PetImages/Cat/1099.jpg,Cat
PetImages/Cat/1100.jpg,Cat
PetImages/Cat/1101.jpg,Cat
PetImages/Cat/1102.jpg,Cat
PetImages/Cat/1103.jpg,Cat
PetImages/Cat/1104.jpg,Cat
PetImages/Cat/1105.jpg,Cat
PetImages/Cat/1106.jpg,Cat
PetImages/Cat/1107.jpg,Cat
PetImages/Cat/1108.jpg,Cat
PetImages/Cat/1109.jpg,Cat
PetImages/Cat/1110.jpg,Cat
PetImages/Cat/1111.jpg,Cat
PetImages/Cat/1112.jpg,Cat
PetImages/Cat/1113.jpg,Cat
PetImages/Cat/1114.jpg,Cat
PetImages/Cat/1115.jpg,Cat
PetImages/Cat/1116.jpg,Cat
PetImages/Cat/1117.jpg,Cat
PetImages/Cat/1118.jpg,Cat
PetImages/Cat/1119.jpg,Cat
PetImages/Cat/1120.jpg,Cat
PetImages/Cat/1121.jpg,Cat
PetImages/Cat/1122.jpg,Cat
PetImages/Cat/1123.jpg,Cat
PetImages/Cat/1124.jpg,Cat
PetImages/Cat/1125.jpg,Cat
PetImages/Cat/1126.jpg,Cat
PetImages/Cat/1127.jpg,Cat
PetImages/Cat/1128.jpg,Cat
PetImages/Cat/1129.jpg,Cat
PetImages/Cat/1130.jpg,Cat
PetImages/Cat/1131.jpg,Cat
PetImages/Cat/1132.jpg,Cat
PetImages/Cat/1133.jpg,Cat
PetImages/Cat/1134.jpg,Cat
PetImages/Cat/1135.jpg,Cat
PetImages/Cat/1136.jpg,Cat
PetImages/Cat/1137.jpg,Cat
PetImages/Cat/1138.jpg,Cat
PetImages/Cat/1139.jpg,Cat
PetImages/Cat/1140.jpg,Cat
PetImages/Cat/1141.jpg,Cat
PetImages/Cat/1142.jpg,Cat
PetImages/Cat/1143.jpg,Cat
PetImages/Cat/1144.jpg,Cat
PetImages/Cat/1145.jpg,Cat
PetImages/Cat/1146.jpg,Cat
PetImages/Cat/1147.jpg,Cat
PetImages/Cat/1148.jpg,Cat
PetImages/Cat/1149.jpg,Cat
PetImages/Cat/1150.jpg,Cat
PetImages/Cat/1151.jpg,Cat
PetImages/Cat/1152.jpg,Cat
PetImages/Cat/1153.jpg,Cat
PetImages/Cat/1154.jpg,Cat
PetImages/Cat/1155.jpg,Cat
PetImages/Cat/1156.jpg,Cat
PetImages/Cat/1157.jpg,Cat
PetImages/Cat/1158.jpg,Cat
PetImages/Cat/1159.jpg,Cat
PetImages/Cat/1160.jpg,Cat
PetImages/Cat/1161.jpg,Cat
PetImages/Cat/1162.jpg,Cat
PetImages/Cat/1163.jpg,Cat
PetImages/Cat/1164.jpg,Cat
PetImages/Cat/1165.jpg,Cat
PetImages/Cat/1166.jpg,Cat
PetImages/Cat/1167.jpg,Cat
PetImages/Cat/1168.jpg,Cat
PetImages/Cat/1169.jpg,Cat
PetImages/Cat/1170.jpg,Cat
PetImages/Cat/1171.jpg,Cat
PetImages/Cat/1172.jpg,Cat
PetImages/Cat/1173.jpg,Cat
PetImages/Cat/1174.jpg,Cat
PetImages/Cat/1175.jpg,Cat
PetImages/Cat/1176.jpg,Cat
PetImages/Cat/1177.jpg,Cat
PetImages/Cat/1178.jpg,Cat
PetImages/Cat/1179.jpg,Cat
PetImages/Cat/1180.jpg,Cat
PetImages/Cat/1181.jpg,Cat
PetImages/Cat/1182.jpg,Cat
PetImages/Cat/1183.jpg,Cat
PetImages/Cat/1184.jpg,Cat
PetImages/Cat/1185.jpg,Cat
PetImages/Cat/1186.jpg,Cat
PetImages/Cat/1187.jpg,Cat
PetImages/Cat/1188.jpg,Cat
PetImages/Cat/1189.jpg,Cat
PetImages/Cat/1190.jpg,Cat
PetImages/Cat/1191.jpg,Cat
PetImages/Cat/1192.jpg,Cat
PetImages/Cat/1193.jpg,Cat
PetImages/Cat/1194.jpg,Cat
PetImages/Cat/1195.jpg,Cat
PetImages/Cat/1196.jpg,Cat
PetImages/Cat/1197.jpg,Cat
PetImages/Cat/1198.jpg,Cat
PetImages/Cat/1199.jpg,Cat
PetImages/Cat/1200.jpg,Cat
PetImages/Cat/1201.jpg,Cat
PetImages/Cat/1202.jpg,Cat
PetImages/Cat/1203.jpg,Cat
PetImages/Cat/1204.jpg,Cat
PetImages/Cat/1205.jpg,Cat
PetImages/Cat/1206.jpg,Cat
PetImages/Cat/1207.jpg,Cat
PetImages/Cat/1208.jpg,Cat
PetImages/Cat/1209.jpg,Cat
PetImages/Cat/1210.jpg,Cat
PetImages/Cat/1211.jpg,Cat
PetImages/Cat/1212.jpg,Cat
PetImages/Cat/1213.jpg,Cat
PetImages/Cat/1214.jpg,Cat
PetImages/Cat/1215.jpg,Cat
PetImages/Cat/1216.jpg,Cat
PetImages/Cat/1217.jpg,Cat
PetImages/Cat/1218.jpg,Cat
PetImages/Cat/1219.jpg,Cat
PetImages/Cat/1220.jpg,Cat
PetImages/Cat/1221.jpg,Cat
PetImages/Cat/1222.jpg,Cat
PetImages/Cat/1223.jpg,Cat
PetImages/Cat/1224.jpg,Cat
PetImages/Cat/1225.jpg,Cat
PetImages/Cat/1226.jpg,Cat
PetImages/Cat/1227.jpg,Cat
PetImages/Cat/1228.jpg,Cat
PetImages/Cat/1229.jpg,Cat
PetImages/Cat/1230.jpg,Cat
PetImages/Cat/1231.jpg,Cat
PetImages/Cat/1232.jpg,Cat
PetImages/Cat/1233.jpg,Cat
PetImages/Cat/1234.jpg,Cat
PetImages/Cat/1235.jpg,Cat
PetImages/Cat/1236.jpg,Cat
PetImages/Cat/1237.jpg,Cat
PetImages/Cat/1238.jpg,Cat
PetImages/Cat/1239.jpg,Cat
PetImages/Cat/1240.jpg,Cat
PetImages/Cat/1241.jpg,Cat
PetImages/Cat/1242.jpg,Cat
PetImages/Cat/1243.jpg,Cat
PetImages/Cat/1244.jpg,Cat
PetImages/Cat/1245.jpg,Cat
PetImages/Cat/1246.jpg,Cat
PetImages/Cat/1247.jpg,Cat
PetImages/Cat/1248.jpg,Cat
PetImages/Cat/1249.jpg,Cat
PetImages/Cat/1250.jpg,Cat
PetImages/Cat/1251.jpg,Cat
PetImages/Cat/1252.jpg,Cat
PetImages/Cat/1253.jpg,Cat
PetImages/Cat/1254.jpg,Cat
PetImages/Cat/1255.jpg,Cat
PetImages/Cat/1256.jpg,Cat
PetImages/Cat/1257.jpg,Cat
PetImages/Cat/1258.jpg,Cat
PetImages/Cat/1259.jpg,Cat
PetImages/Cat/1260.jpg,Cat
PetImages/Cat/1261.jpg,Cat
PetImages/Cat/1262.jpg,Cat
PetImages/Cat/1263.jpg,Cat
PetImages/Cat/1264.jpg,Cat
PetImages/Cat/1265.jpg,Cat
PetImages/Cat/1266.jpg,Cat
PetImages/Cat/1267.jpg,Cat
PetImages/Cat/1268.jpg,Cat
PetImages/Cat/1269.jpg,Cat
PetImages/Cat/1270.jpg,Cat
PetImages/Cat/1271.jpg,Cat
PetImages/Cat/1272.jpg,Cat
PetImages/Cat/1273.jpg,Cat
PetImages/Cat/1274.jpg,Cat
PetImages/Cat/1275.jpg,Cat
PetImages/Cat/1276.jpg,Cat
PetImages/Cat/1277.jpg,Cat
PetImages/Cat/1278.jpg,Cat
PetImages/Cat/1279.jpg,Cat
PetImages/Cat/1280.jpg,Cat
PetImages/Cat/1281.jpg,Cat
PetImages/Cat/1282.jpg,Cat
PetImages/Cat/1283.jpg,Cat
PetImages/Cat/1284.jpg,Cat
PetImages/Cat/1285.jpg,Cat
PetImages/Cat/1286.jpg,Cat
PetImages/Cat/1287.jpg,Cat
PetImages/Cat/1288.jpg,Cat
PetImages/Cat/1289.jpg,Cat
PetImages/Cat/1290.jpg,Cat
PetImages/Cat/1291.jpg,Cat
PetImages/Cat/1292.jpg,Cat
PetImages/Cat/1293.jpg,Cat
PetImages/Cat/1294.jpg,Cat
PetImages/Cat/1295.jpg,Cat
PetImages/Cat/1296.jpg,Cat
PetImages/Cat/1297.jpg,Cat
PetImages/Cat/1298.jpg,Cat
PetImages/Cat/1299.jpg,Cat
PetImages/Cat/1300.jpg,Cat
PetImages/Cat/1301.jpg,Cat
PetImages/Cat/1302.jpg,Cat
PetImages/Cat/1303.jpg,Cat
PetImages/Cat/1304.jpg,Cat
PetImages/Cat/1305.jpg,Cat
PetImages/Cat/1306.jpg,Cat
PetImages/Cat/1307.jpg,Cat
PetImages/Cat/1308.jpg,Cat
PetImages/Cat/1309.jpg,Cat
PetImages/Cat/1310.jpg,Cat
PetImages/Cat/1311.jpg,Cat
PetImages/Cat/1312.jpg,Cat
PetImages/Cat/1313.jpg,Cat
PetImages/Cat/1314.jpg,Cat
PetImages/Cat/1315.jpg,Cat
PetImages/Cat/1316.jpg,Cat
PetImages/Cat/1317.jpg,Cat
PetImages/Cat/1318.jpg,Cat
PetImages/Cat/1319.jpg,Cat
PetImages/Cat/1320.jpg,Cat
PetImages/Cat/1321.jpg,Cat
PetImages/Cat/1322.jpg,Cat
PetImages/Cat/1323.jpg,Cat
PetImages/Cat/1324.jpg,Cat
PetImages/Cat/1325.jpg,Cat
PetImages/Cat/1326.jpg,Cat
PetImages/Cat/1327.jpg,Cat
PetImages/Cat/1328.jpg,Cat
PetImages/Cat/1329.jpg,Cat
PetImages/Cat/1330.jpg,Cat
PetImages/Cat/1331.jpg,Cat
PetImages/Cat/1332.jpg,Cat
PetImages/Cat/1333.jpg,Cat
PetImages/Cat/1334.jpg,Cat
PetImages/Cat/1335.jpg,Cat
PetImages/Cat/1336.jpg,Cat
PetImages/Cat/1337.jpg,Cat
PetImages/Cat/1338.jpg,Cat
PetImages/Cat/1339.jpg,Cat
PetImages/Cat/1340.jpg,Cat
PetImages/Cat/1341.jpg,Cat
PetImages/Cat/1342.jpg,Cat
PetImages/Cat/1343.jpg,Cat
PetImages/Cat/1344.jpg,Cat
PetImages/Cat/1345.jpg,Cat
PetImages/Cat/1346.jpg,Cat
PetImages/Cat/1347.jpg,Cat
PetImages/Cat/1348.jpg,Cat
PetImages/Cat/1349.jpg,Cat
PetImages/Cat/1350.jpg,Cat
PetImages/Cat/1351.jpg,Cat
PetImages/Cat/1352.jpg,Cat
PetImages/Cat/1353.jpg,Cat
PetImages/Cat/1354.jpg,Cat
PetImages/Cat/1355.jpg,Cat
PetImages/Cat/1356.jpg,Cat
PetImages/Cat/1357.jpg,Cat
PetImages/Cat/1358.jpg,Cat
PetImages/Cat/1359.jpg,Cat
PetImages/Cat/1360.jpg,Cat
PetImages/Cat/1361.jpg,Cat
PetImages/Cat/1362.jpg,Cat
PetImages/Cat/1363.jpg,Cat
PetImages/Cat/1364.jpg,Cat
PetImages/Cat/1365.jpg,Cat
PetImages/Cat/1366.jpg,Cat
PetImages/Cat/1367.jpg,Cat
PetImages/Cat/1368.jpg,Cat
PetImages/Cat/1369.jpg,Cat
PetImages/Cat/1370.jpg,Cat
PetImages/Cat/1371.jpg,Cat
PetImages/Cat/1372.jpg,Cat
PetImages/Cat/1373.jpg,Cat
PetImages/Cat/1374.jpg,Cat
PetImages/Cat/1375.jpg,Cat
PetImages/Cat/1376.jpg,Cat
PetImages/Cat/1377.jpg,Cat
PetImages/Cat/1378.jpg,Cat
PetImages/Cat/1379.jpg,Cat
PetImages/Cat/1380.jpg,Cat
PetImages/Cat/1381.jpg,Cat
PetImages/Cat/1382.jpg,Cat
PetImages/Cat/1383.jpg,Cat
PetImages/Cat/1384.jpg,Cat
PetImages/Cat/1385.jpg,Cat
PetImages/Cat/1386.jpg,Cat
PetImages/Cat/1387.jpg,Cat
PetImages/Cat/1388.jpg,Cat
PetImages/Cat/1389.jpg,Cat
PetImages/Cat/1390.jpg,Cat
PetImages/Cat/1391.jpg,Cat
PetImages/Cat/1392.jpg,Cat
PetImages/Cat/1393.jpg,Cat
PetImages/Cat/1394.jpg,Cat
PetImages/Cat/1395.jpg,Cat
PetImages/Cat/1396.jpg,Cat
PetImages/Cat/1397.jpg,Cat
PetImages/Cat/1398.jpg,Cat
PetImages/Cat/1399.jpg,Cat
PetImages/Cat/1400.jpg,Cat
PetImages/Cat/1401.jpg,Cat
PetImages/Cat/1402.jpg,Cat
PetImages/Cat/1403.jpg,Cat
PetImages/Cat/1404.jpg,Cat
PetImages/Cat/1405.jpg,Cat
PetImages/Cat/1406.jpg,Cat
PetImages/Cat/1407.jpg,Cat
PetImages/Cat/1408.jpg,Cat
PetImages/Cat/1409.jpg,Cat
PetImages/Cat/1410.jpg,Cat
PetImages/Cat/1411.jpg,Cat
PetImages/Cat/1412.jpg,Cat
PetImages/Cat/1413.jpg,Cat
PetImages/Cat/1414.jpg,Cat
PetImages/Cat/1415.jpg,Cat
PetImages/Cat/1416.jpg,Cat
PetImages/Cat/1417.jpg,Cat
PetImages/Cat/1418.jpg,Cat
PetImages/Cat/1419.jpg,Cat
PetImages/Cat/1420.jpg,Cat
PetImages/Cat/1421.jpg,Cat
PetImages/Cat/1422.jpg,Cat
PetImages/Cat/1423.jpg,Cat
PetImages/Cat/1424.jpg,Cat
PetImages/Cat/1425.jpg,Cat
PetImages/Cat/1426.jpg,Cat
PetImages/Cat/1427.jpg,Cat
PetImages/Cat/1428.jpg,Cat
PetImages/Cat/1429.jpg,Cat
PetImages/Cat/1430.jpg,Cat
PetImages/Cat/1431.jpg,Cat
PetImages/Cat/1432.jpg,Cat
PetImages/Cat/1433.jpg,Cat
PetImages/Cat/1434.jpg,Cat
PetImages/Cat/1435.jpg,Cat
PetImages/Cat/1436.jpg,Cat
PetImages/Cat/1437.jpg,Cat
PetImages/Cat/1438.jpg,Cat
PetImages/Cat/1439.jpg,Cat
PetImages/Cat/1440.jpg,Cat
PetImages/Cat/1441.jpg,Cat
PetImages/Cat/1442.jpg,Cat
PetImages/Cat/1443.jpg,Cat
PetImages/Cat/1444.jpg,Cat
PetImages/Cat/1445.jpg,Cat
PetImages/Cat/1446.jpg,Cat
PetImages/Cat/1447.jpg,Cat
PetImages/Cat/1448.jpg,Cat
PetImages/Cat/1449.jpg,Cat
PetImages/Cat/1450.jpg,Cat
PetImages/Cat/1451.jpg,Cat
PetImages/Cat/1452.jpg,Cat
PetImages/Cat/1453.jpg,Cat
PetImages/Cat/1454.jpg,Cat
PetImages/Cat/1455.jpg,Cat
PetImages/Cat/1456.jpg,Cat
PetImages/Cat/1457.jpg,Cat
PetImages/Cat/1458.jpg,Cat
PetImages/Cat/1459.jpg,Cat
PetImages/Cat/1460.jpg,Cat
PetImages/Cat/1461.jpg,Cat
PetImages/Cat/1462.jpg,Cat
PetImages/Cat/1463.jpg,Cat
PetImages/Cat/1464.jpg,Cat
PetImages/Cat/1465.jpg,Cat
PetImages/Cat/1466.jpg,Cat
PetImages/Cat/1467.jpg,Cat
PetImages/Cat/1468.jpg,Cat
PetImages/Cat/1469.jpg,Cat
PetImages/Cat/1470.jpg,Cat
PetImages/Cat/1471.jpg,Cat
PetImages/Cat/1472.jpg,Cat
PetImages/Cat/1473.jpg,Cat
PetImages/Cat/1474.jpg,Cat
PetImages/Cat/1475.jpg,Cat
PetImages/Cat/1476.jpg,Cat
PetImages/Cat/1477.jpg,Cat
PetImages/Cat/1478.jpg,Cat
PetImages/Cat/1479.jpg,Cat
PetImages/Cat/1480.jpg,Cat
PetImages/Cat/1481.jpg,Cat
PetImages/Cat/1482.jpg,Cat
PetImages/Cat/1483.jpg,Cat
PetImages/Cat/1484.jpg,Cat
PetImages/Cat/1485.jpg,Cat
PetImages/Cat/1486.jpg,Cat
PetImages/Cat/1487.jpg,Cat
PetImages/Cat/1488.jpg,Cat
PetImages/Cat/1489.jpg,Cat
PetImages/Cat/1490.jpg,Cat
PetImages/Cat/1491.jpg,Cat
PetImages/Cat/1492.jpg,Cat
PetImages/Cat/1493.jpg,Cat
PetImages/Cat/1494.jpg,Cat
PetImages/Cat/1495.jpg,Cat
PetImages/Cat/1496.jpg,Cat
PetImages/Cat/1497.jpg,Cat
PetImages/Cat/1498.jpg,Cat
PetImages/Cat/1499.jpg,Cat
PetImages/Cat/1500.jpg,Cat
PetImages/Cat/1501.jpg,Cat
PetImages/Cat/1502.jpg,Cat
PetImages/Cat/1503.jpg,Cat
PetImages/Cat/1504.jpg,Cat
PetImages/Cat/1505.jpg,Cat
PetImages/Cat/1506.jpg,Cat
PetImages/Cat/1507.jpg,Cat
PetImages/Cat/1508.jpg,Cat
PetImages/Cat/1509.jpg,Cat
PetImages/Cat/1510.jpg,Cat
PetImages/Cat/1511.jpg,Cat
PetImages/Cat/1512.jpg,Cat
PetImages/Cat/1513.jpg,Cat
PetImages/Cat/1514.jpg,Cat
PetImages/Cat/1515.jpg,Cat
PetImages/Cat/1516.jpg,Cat
PetImages/Cat/1517.jpg,Cat
PetImages/Cat/1518.jpg,Cat
PetImages/Cat/1519.jpg,Cat
PetImages/Cat/1520.jpg,Cat
PetImages/Cat/1521.jpg,Cat
PetImages/Cat/1522.jpg,Cat
PetImages/Cat/1523.jpg,Cat
PetImages/Cat/1524.jpg,Cat
PetImages/Cat/1525.jpg,Cat
PetImages/Cat/1526.jpg,Cat
PetImages/Cat/1527.jpg,Cat
PetImages/Cat/1528.jpg,Cat
PetImages/Cat/1529.jpg,Cat
PetImages/Cat/1530.jpg,Cat
PetImages/Cat/1531.jpg,Cat
PetImages/Cat/1532.jpg,Cat
PetImages/Cat/1533.jpg,Cat
PetImages/Cat/1534.jpg,Cat
PetImages/Cat/1535.jpg,Cat
PetImages/Cat/1536.jpg,Cat
PetImages/Cat/1537.jpg,Cat
PetImages/Cat/1538.jpg,Cat
PetImages/Cat/1539.jpg,Cat
PetImages/Cat/1540.jpg,Cat
PetImages/Cat/1541.jpg,Cat
PetImages/Cat/1542.jpg,Cat
PetImages/Cat/1543.jpg,Cat
PetImages/Cat/1544.jpg,Cat
PetImages/Cat/1545.jpg,Cat
PetImages/Cat/1546.jpg,Cat
PetImages/Cat/1547.jpg,Cat
PetImages/Cat/1548.jpg,Cat
PetImages/Cat/1549.jpg,Cat
PetImages/Cat/1550.jpg,Cat
PetImages/Cat/1551.jpg,Cat
PetImages/Cat/1552.jpg,Cat
PetImages/Cat/1553.jpg,Cat
PetImages/Cat/1554.jpg,Cat
PetImages/Cat/1555.jpg,Cat
PetImages/Cat/1556.jpg,Cat
PetImages/Cat/1557.jpg,Cat
PetImages/Cat/1558.jpg,Cat
PetImages/Cat/1559.jpg,Cat
PetImages/Cat/1560.jpg,Cat
PetImages/Cat/1561.jpg,Cat
PetImages/Cat/1562.jpg,Cat
PetImages/Cat/1563.jpg,Cat
PetImages/Cat/1564.jpg,Cat
PetImages/Cat/1565.jpg,Cat
PetImages/Cat/1566.jpg,Cat
PetImages/Cat/1567.jpg,Cat
PetImages/Cat/1568.jpg,Cat
PetImages/Cat/1569.jpg,Cat
PetImages/Cat/1570.jpg,Cat
PetImages/Cat/1571.jpg,Cat
PetImages/Cat/1572.jpg,Cat
PetImages/Cat/1573.jpg,Cat
PetImages/Cat/1574.jpg,Cat
PetImages/Cat/1575.jpg,Cat
PetImages/Cat/1576.jpg,Cat
PetImages/Cat/1577.jpg,Cat
PetImages/Cat/1578.jpg,Cat
PetImages/Cat/1579.jpg,Cat
PetImages/Cat/1580.jpg,Cat
PetImages/Cat/1581.jpg,Cat
PetImages/Cat/1582.jpg,Cat
PetImages/Cat/1583.jpg,Cat
PetImages/Cat/1584.jpg,Cat
PetImages/Cat/1585.jpg,Cat
PetImages/Cat/1586.jpg,Cat
PetImages/Cat/1587.jpg,Cat
PetImages/Cat/1588.jpg,Cat
PetImages/Cat/1589.jpg,Cat
PetImages/Cat/1590.jpg,Cat
PetImages/Cat/1591.jpg,Cat
PetImages/Cat/1592.jpg,Cat
PetImages/Cat/1593.jpg,Cat
PetImages/Cat/1594.jpg,Cat
PetImages/Cat/1595.jpg,Cat
PetImages/Cat/1596.jpg,Cat
PetImages/Cat/1597.jpg,Cat
PetImages/Cat/1598.jpg,Cat
PetImages/Cat/1599.jpg,Cat
PetImages/Cat/1600.jpg,Cat
PetImages/Cat/1601.jpg,Cat
PetImages/Cat/1602.jpg,Cat
PetImages/Cat/1603.jpg,Cat
PetImages/Cat/1604.jpg,Cat
PetImages/Cat/1605.jpg,Cat
PetImages/Cat/1606.jpg,Cat
PetImages/Cat/1607.jpg,Cat
PetImages/Cat/1608.jpg,Cat
PetImages/Cat/1609.jpg,Cat
PetImages/Cat/1610.jpg,Cat
PetImages/Cat/1611.jpg,Cat
PetImages/Cat/1612.jpg,Cat
PetImages/Cat/1613.jpg,Cat
PetImages/Cat/1614.jpg,Cat
PetImages/Cat/1615.jpg,Cat
PetImages/Cat/1616.jpg,Cat
PetImages/Cat/1617.jpg,Cat
PetImages/Cat/1618.jpg,Cat
PetImages/Cat/1619.jpg,Cat
PetImages/Cat/1620.jpg,Cat
PetImages/Cat/1621.jpg,Cat
PetImages/Cat/1622.jpg,Cat
PetImages/Cat/1623.jpg,Cat
PetImages/Cat/1624.jpg,Cat
PetImages/Cat/1625.jpg,Cat
PetImages/Cat/1626.jpg,Cat
PetImages/Cat/1627.jpg,Cat
PetImages/Cat/1628.jpg,Cat
PetImages/Cat/1629.jpg,Cat
PetImages/Cat/1630.jpg,Cat
PetImages/Cat/1631.jpg,Cat
PetImages/Cat/1632.jpg,Cat
PetImages/Cat/1633.jpg,Cat
PetImages/Cat/1634.jpg,Cat
PetImages/Cat/1635.jpg,Cat
PetImages/Cat/1636.jpg,Cat
PetImages/Cat/1637.jpg,Cat
PetImages/Cat/1638.jpg,Cat
PetImages/Cat/1639.jpg,Cat
PetImages/Cat/1640.jpg,Cat
PetImages/Cat/1641.jpg,Cat
PetImages/Cat/1642.jpg,Cat
PetImages/Cat/1643.jpg,Cat
PetImages/Cat/1644.jpg,Cat
PetImages/Cat/1645.jpg,Cat
PetImages/Cat/1646.jpg,Cat
PetImages/Cat/1647.jpg,Cat
PetImages/Cat/1648.jpg,Cat
PetImages/Cat/1649.jpg,Cat
PetImages/Cat/1650.jpg,Cat
PetImages/Cat/1651.jpg,Cat
PetImages/Cat/1652.jpg,Cat
PetImages/Cat/1653.jpg,Cat
PetImages/Cat/1654.jpg,Cat
PetImages/Cat/1655.jpg,Cat
PetImages/Cat/1656.jpg,Cat
PetImages/Cat/1657.jpg,Cat
PetImages/Cat/1658.jpg,Cat
PetImages/Cat/1659.jpg,Cat
PetImages/Cat/1660.jpg,Cat
PetImages/Cat/1661.jpg,Cat
PetImages/Cat/1662.jpg,Cat
PetImages/Cat/1663.jpg,Cat
PetImages/Cat/1664.jpg,Cat
PetImages/Cat/1665.jpg,Cat
PetImages/Cat/1666.jpg,Cat
PetImages/Cat/1667.jpg,Cat
PetImages/Cat/1668.jpg,Cat
PetImages/Cat/1669.jpg,Cat
PetImages/Cat/1670.jpg,Cat
PetImages/Cat/1671.jpg,Cat
PetImages/Cat/1672.jpg,Cat
PetImages/Cat/1673.jpg,Cat
PetImages/Cat/1674.jpg,Cat
PetImages/Cat/1675.jpg,Cat
PetImages/Cat/1676.jpg,Cat
PetImages/Cat/1677.jpg,Cat
PetImages/Cat/1678.jpg,Cat
PetImages/Cat/1679.jpg,Cat
PetImages/Cat/1680.jpg,Cat
PetImages/Cat/1681.jpg,Cat
PetImages/Cat/1682.jpg,Cat
PetImages/Cat/1683.jpg,Cat
PetImages/Cat/1684.jpg,Cat
PetImages/Cat/1685.jpg,Cat
PetImages/Cat/1686.jpg,Cat
PetImages/Cat/1687.jpg,Cat
PetImages/Cat/1688.jpg,Cat
PetImages/Cat/1689.jpg,Cat
PetImages/Cat/1690.jpg,Cat
PetImages/Cat/1691.jpg,Cat
PetImages/Cat/1692.jpg,Cat
PetImages/Cat/1693.jpg,Cat
PetImages/Cat/1694.jpg,Cat
PetImages/Cat/1695.jpg,Cat
PetImages/Cat/1696.jpg,Cat
PetImages/Cat/1697.jpg,Cat
PetImages/Cat/1698.jpg,Cat
PetImages/Cat/1699.jpg,Cat
PetImages/Cat/1700.jpg,Cat
PetImages/Cat/1701.jpg,Cat
PetImages/Cat/1702.jpg,Cat
PetImages/Cat/1703.jpg,Cat
PetImages/Cat/1704.jpg,Cat
PetImages/Cat/1705.jpg,Cat
PetImages/Cat/1706.jpg,Cat
PetImages/Cat/1707.jpg,Cat
PetImages/Cat/1708.jpg,Cat
PetImages/Cat/1709.jpg,Cat
PetImages/Cat/1710.jpg,Cat
PetImages/Cat/1711.jpg,Cat
PetImages/Cat/1712.jpg,Cat
PetImages/Cat/1713.jpg,Cat
PetImages/Cat/1714.jpg,Cat
PetImages/Cat/1715.jpg,Cat
PetImages/Cat/1716.jpg,Cat
PetImages/Cat/1717.jpg,Cat
PetImages/Cat/1718.jpg,Cat
PetImages/Cat/1719.jpg,Cat
PetImages/Cat/1720.jpg,Cat
PetImages/Cat/1721.jpg,Cat
PetImages/Cat/1722.jpg,Cat
PetImages/Cat/1723.jpg,Cat
PetImages/Cat/1724.jpg,Cat
PetImages/Cat/1725.jpg,Cat
PetImages/Cat/1726.jpg,Cat
PetImages/Cat/1727.jpg,Cat
PetImages/Cat/1728.jpg,Cat
PetImages/Cat/1729.jpg,Cat
PetImages/Cat/1730.jpg,Cat
PetImages/Cat/1731.jpg,Cat
PetImages/Cat/1732.jpg,Cat
PetImages/Cat/1733.jpg,Cat
PetImages/Cat/1734.jpg,Cat
PetImages/Cat/1735.jpg,Cat
PetImages/Cat/1736.jpg,Cat
PetImages/Cat/1737.jpg,Cat
PetImages/Cat/1738.jpg,Cat
PetImages/Cat/1739.jpg,Cat
PetImages/Cat/1740.jpg,Cat
PetImages/Cat/1741.jpg,Cat
PetImages/Cat/1742.jpg,Cat
PetImages/Cat/1743.jpg,Cat
PetImages/Cat/1744.jpg,Cat
PetImages/Cat/1745.jpg,Cat
PetImages/Cat/1746.jpg,Cat
PetImages/Cat/1747.jpg,Cat
PetImages/Cat/1748.jpg,Cat
PetImages/Cat/1749.jpg,Cat
PetImages/Cat/1750.jpg,Cat
PetImages/Cat/1751.jpg,Cat
PetImages/Cat/1752.jpg,Cat
PetImages/Cat/1753.jpg,Cat
PetImages/Cat/1754.jpg,Cat
PetImages/Cat/1755.jpg,Cat
PetImages/Cat/1756.jpg,Cat
PetImages/Cat/1757.jpg,Cat
PetImages/Cat/1758.jpg,Cat
PetImages/Cat/1759.jpg,Cat
PetImages/Cat/1760.jpg,Cat
PetImages/Cat/1761.jpg,Cat
PetImages/Cat/1762.jpg,Cat
PetImages/Cat/1763.jpg,Cat
PetImages/Cat/1764.jpg,Cat
PetImages/Cat/1765.jpg,Cat
PetImages/Cat/1766.jpg,Cat
PetImages/Cat/1767.jpg,Cat
PetImages/Cat/1768.jpg,Cat
PetImages/Cat/1769.jpg,Cat
PetImages/Cat/1770.jpg,Cat
PetImages/Cat/1771.jpg,Cat
PetImages/Cat/1772.jpg,Cat
PetImages/Cat/1773.jpg,Cat
PetImages/Cat/1774.jpg,Cat
PetImages/Cat/1775.jpg,Cat
PetImages/Cat/1776.jpg,Cat
PetImages/Cat/1777.jpg,Cat
PetImages/Cat/1778.jpg,Cat
PetImages/Cat/1779.jpg,Cat
PetImages/Cat/1780.jpg,Cat
PetImages/Cat/1781.jpg,Cat
PetImages/Cat/1782.jpg,Cat
PetImages/Cat/1783.jpg,Cat
PetImages/Cat/1784.jpg,Cat
PetImages/Cat/1785.jpg,Cat
PetImages/Cat/1786.jpg,Cat
PetImages/Cat/1787.jpg,Cat
PetImages/Cat/1788.jpg,Cat
PetImages/Cat/1789.jpg,Cat
PetImages/Cat/1790.jpg,Cat
PetImages/Cat/1791.jpg,Cat
PetImages/Cat/1792.jpg,Cat
PetImages/Cat/1793.jpg,Cat
PetImages/Cat/1794.jpg,Cat
PetImages/Cat/1795.jpg,Cat
PetImages/Cat/1796.jpg,Cat
PetImages/Cat/1797.jpg,Cat
PetImages/Cat/1798.jpg,Cat
PetImages/Cat/1799.jpg,Cat
PetImages/Cat/1800.jpg,Cat
PetImages/Cat/1801.jpg,Cat
PetImages/Cat/1802.jpg,Cat
PetImages/Cat/1803.jpg,Cat
PetImages/Cat/1804.jpg,Cat
PetImages/Cat/1805.jpg,Cat
PetImages/Cat/1806.jpg,Cat
PetImages/Cat/1807.jpg,Cat
PetImages/Cat/1808.jpg,Cat
PetImages/Cat/1809.jpg,Cat
PetImages/Cat/1810.jpg,Cat
PetImages/Cat/1811.jpg,Cat
PetImages/Cat/1812.jpg,Cat
PetImages/Cat/1813.jpg,Cat
PetImages/Cat/1814.jpg,Cat
PetImages/Cat/1815.jpg,Cat
PetImages/Cat/1816.jpg,Cat
PetImages/Cat/1817.jpg,Cat
PetImages/Cat/1818.jpg,Cat
PetImages/Cat/1819.jpg,Cat
PetImages/Cat/1820.jpg,Cat
PetImages/Cat/1821.jpg,Cat
PetImages/Cat/1822.jpg,Cat
PetImages/Cat/1823.jpg,Cat
PetImages/Cat/1824.jpg,Cat
PetImages/Cat/1825.jpg,Cat
PetImages/Cat/1826.jpg,Cat
PetImages/Cat/1827.jpg,Cat
PetImages/Cat/1828.jpg,Cat
PetImages/Cat/1829.jpg,Cat
PetImages/Cat/1830.jpg,Cat
PetImages/Cat/1831.jpg,Cat
PetImages/Cat/1832.jpg,Cat
PetImages/Cat/1833.jpg,Cat
PetImages/Cat/1834.jpg,Cat
PetImages/Cat/1835.jpg,Cat
PetImages/Cat/1836.jpg,Cat
PetImages/Cat/1837.jpg,Cat
PetImages/Cat/1838.jpg,Cat
PetImages/Cat/1839.jpg,Cat
PetImages/Cat/1840.jpg,Cat
PetImages/Cat/1841.jpg,Cat
PetImages/Cat/1842.jpg,Cat
PetImages/Cat/1843.jpg,Cat
PetImages/Cat/1844.jpg,Cat
PetImages/Cat/1845.jpg,Cat
PetImages/Cat/1846.jpg,Cat
PetImages/Cat/1847.jpg,Cat
PetImages/Cat/1848.jpg,Cat
PetImages/Cat/1849.jpg,Cat
PetImages/Cat/1850.jpg,Cat
PetImages/Cat/1851.jpg,Cat
PetImages/Cat/1852.jpg,Cat
PetImages/Cat/1853.jpg,Cat
PetImages/Cat/1854.jpg,Cat
PetImages/Cat/1855.jpg,Cat
PetImages/Cat/1856.jpg,Cat
PetImages/Cat/1857.jpg,Cat
PetImages/Cat/1858.jpg,Cat
PetImages/Cat/1859.jpg,Cat
PetImages/Cat/1860.jpg,Cat
PetImages/Cat/1861.jpg,Cat
PetImages/Cat/1862.jpg,Cat
PetImages/Cat/1863.jpg,Cat
PetImages/Cat/1864.jpg,Cat
PetImages/Cat/1865.jpg,Cat
PetImages/Cat/1866.jpg,Cat
PetImages/Cat/1867.jpg,Cat
PetImages/Cat/1868.jpg,Cat
PetImages/Cat/1869.jpg,Cat
PetImages/Cat/1870.jpg,Cat
PetImages/Cat/1871.jpg,Cat
PetImages/Cat/1872.jpg,Cat
PetImages/Cat/1873.jpg,Cat
PetImages/Cat/1874.jpg,Cat
PetImages/Cat/1875.jpg,Cat
PetImages/Cat/1876.jpg,Cat
PetImages/Cat/1877.jpg,Cat
PetImages/Cat/1878.jpg,Cat
PetImages/Cat/1879.jpg,Cat
PetImages/Cat/1880.jpg,Cat
PetImages/Cat/1881.jpg,Cat
PetImages/Cat/1882.jpg,Cat
PetImages/Cat/1883.jpg,Cat
PetImages/Cat/1884.jpg,Cat
PetImages/Cat/1885.jpg,Cat
PetImages/Cat/1886.jpg,Cat
PetImages/Cat/1887.jpg,Cat
PetImages/Cat/1888.jpg,Cat
PetImages/Cat/1889.jpg,Cat
PetImages/Cat/1890.jpg,Cat
PetImages/Cat/1891.jpg,Cat
PetImages/Cat/1892.jpg,Cat
PetImages/Cat/1893.jpg,Cat
PetImages/Cat/1894.jpg,Cat
PetImages/Cat/1895.jpg,Cat
PetImages/Cat/1896.jpg,Cat
PetImages/Cat/1897.jpg,Cat
PetImages/Cat/1898.jpg,Cat
PetImages/Cat/1899.jpg,Cat
PetImages/Cat/1900.jpg,Cat
PetImages/Cat/1901.jpg,Cat
PetImages/Cat/1902.jpg,Cat
PetImages/Cat/1903.jpg,Cat
PetImages/Cat/1904.jpg,Cat
PetImages/Cat/1905.jpg,Cat
PetImages/Cat/1906.jpg,Cat
PetImages/Cat/1907.jpg,Cat
PetImages/Cat/1908.jpg,Cat
PetImages/Cat/1909.jpg,Cat
PetImages/Cat/1910.jpg,Cat
PetImages/Cat/1911.jpg,Cat
PetImages/Cat/1912.jpg,Cat
PetImages/Cat/1913.jpg,Cat
PetImages/Cat/1914.jpg,Cat
PetImages/Cat/1915.jpg,Cat
PetImages/Cat/1916.jpg,Cat
PetImages/Cat/1917.jpg,Cat
PetImages/Cat/1918.jpg,Cat
PetImages/Cat/1919.jpg,Cat
PetImages/Cat/1920.jpg,Cat
PetImages/Cat/1921.jpg,Cat
PetImages/Cat/1922.jpg,Cat
PetImages/Cat/1923.jpg,Cat
PetImages/Cat/1924.jpg,Cat
PetImages/Cat/1925.jpg,Cat
PetImages/Cat/1926.jpg,Cat
PetImages/Cat/1927.jpg,Cat
PetImages/Cat/1928.jpg,Cat
PetImages/Cat/1929.jpg,Cat
PetImages/Cat/1930.jpg,Cat
PetImages/Cat/1931.jpg,Cat
PetImages/Cat/1932.jpg,Cat
PetImages/Cat/1933.jpg,Cat
PetImages/Cat/1934.jpg,Cat
PetImages/Cat/1935.jpg,Cat
PetImages/Cat/1936.jpg,Cat
PetImages/Cat/1937.jpg,Cat
PetImages/Cat/1938.jpg,Cat
PetImages/Cat/1939.jpg,Cat
PetImages/Cat/1940.jpg,Cat
PetImages/Cat/1941.jpg,Cat
PetImages/Cat/1942.jpg,Cat
PetImages/Cat/1943.jpg,Cat
PetImages/Cat/1944.jpg,Cat
PetImages/Cat/1945.jpg,Cat
PetImages/Cat/1946.jpg,Cat
PetImages/Cat/1947.jpg,Cat
PetImages/Cat/1948.jpg,Cat
PetImages/Cat/1949.jpg,Cat
PetImages/Cat/1950.jpg,Cat
PetImages/Cat/1951.jpg,Cat
PetImages/Cat/1952.jpg,Cat
PetImages/Cat/1953.jpg,Cat
PetImages/Cat/1954.jpg,Cat
PetImages/Cat/1955.jpg,Cat
PetImages/Cat/1956.jpg,Cat
PetImages/Cat/1957.jpg,Cat
PetImages/Cat/1958.jpg,Cat
PetImages/Cat/1959.jpg,Cat
PetImages/Cat/1960.jpg,Cat
PetImages/Cat/1961.jpg,Cat
PetImages/Cat/1962.jpg,Cat
PetImages/Cat/1963.jpg,Cat
PetImages/Cat/1964.jpg,Cat
PetImages/Cat/1965.jpg,Cat
PetImages/Cat/1966.jpg,Cat
PetImages/Cat/1967.jpg,Cat
PetImages/Cat/1968.jpg,Cat
PetImages/Cat/1969.jpg,Cat
PetImages/Cat/1970.jpg,Cat
PetImages/Cat/1971.jpg,Cat
PetImages/Cat/1972.jpg,Cat
PetImages/Cat/1973.jpg,Cat
PetImages/Cat/1974.jpg,Cat
PetImages/Cat/1975.jpg,Cat
PetImages/Cat/1976.jpg,Cat
PetImages/Cat/1977.jpg,Cat
PetImages/Cat/1978.jpg,Cat
PetImages/Cat/1979.jpg,Cat
PetImages/Cat/1980.jpg,Cat
PetImages/Cat/1981.jpg,Cat
PetImages/Cat/1982.jpg,Cat
PetImages/Cat/1983.jpg,Cat
PetImages/Cat/1984.jpg,Cat
PetImages/Cat/1985.jpg,Cat
PetImages/Cat/1986.jpg,Cat
PetImages/Cat/1987.jpg,Cat
PetImages/Cat/1988.jpg,Cat
PetImages/Cat/1989.jpg,Cat
PetImages/Cat/1990.jpg,Cat
PetImages/Cat/1991.jpg,Cat
PetImages/Cat/1992.jpg,Cat
PetImages/Cat/1993.jpg,Cat
PetImages/Cat/1994.jpg,Cat
PetImages/Cat/1995.jpg,Cat
PetImages/Cat/1996.jpg,Cat
PetImages/Cat/1997.jpg,Cat
PetImages/Cat/1998.jpg,Cat
PetImages/Cat/1999.jpg,Cat
PetImages/Cat/2000.jpg,Cat
PetImages/Cat/2001.jpg,Cat
PetImages/Cat/2002.jpg,Cat
PetImages/Cat/2003.jpg,Cat
PetImages/Cat/2004.jpg,Cat
PetImages/Cat/2005.jpg,Cat
PetImages/Cat/2006.jpg,Cat
PetImages/Cat/2007.jpg,Cat
PetImages/Cat/2008.jpg,Cat
PetImages/Cat/2009.jpg,Cat
PetImages/Cat/2010.jpg,Cat
PetImages/Cat/2011.jpg,Cat
PetImages/Cat/2012.jpg,Cat
PetImages/Cat/2013.jpg,Cat
PetImages/Cat/2014.jpg,Cat
PetImages/Cat/2015.jpg,Cat
PetImages/Cat/2016.jpg,Cat
PetImages/Cat/2017.jpg,Cat
PetImages/Cat/2018.jpg,Cat
PetImages/Cat/2019.jpg,Cat
PetImages/Cat/2020.jpg,Cat
PetImages/Cat/2021.jpg,Cat
PetImages/Cat/2022.jpg,Cat
PetImages/Cat/2023.jpg,Cat
PetImages/Cat/2024.jpg,Cat
PetImages/Cat/2025.jpg,Cat
PetImages/Cat/2026.jpg,Cat
PetImages/Cat/2027.jpg,Cat
PetImages/Cat/2028.jpg,Cat
PetImages/Cat/2029.jpg,Cat
PetImages/Cat/2030.jpg,Cat
PetImages/Cat/2031.jpg,Cat
PetImages/Cat/2032.jpg,Cat
PetImages/Cat/2033.jpg,Cat
PetImages/Cat/2034.jpg,Cat
PetImages/Cat/2035.jpg,Cat
PetImages/Cat/2036.jpg,Cat
PetImages/Cat/2037.jpg,Cat
PetImages/Cat/2038.jpg,Cat
PetImages/Cat/2039.jpg,Cat
PetImages/Cat/2040.jpg,Cat
PetImages/Cat/2041.jpg,Cat
PetImages/Cat/2042.jpg,Cat
PetImages/Cat/2043.jpg,Cat
PetImages/Cat/2044.jpg,Cat
PetImages/Cat/2045.jpg,Cat
PetImages/Cat/2046.jpg,Cat
PetImages/Cat/2047.jpg,Cat
PetImages/Cat/2048.jpg,Cat
PetImages/Cat/2049.jpg,Cat
PetImages/Cat/2050.jpg,Cat
PetImages/Cat/2051.jpg,Cat
PetImages/Cat/2052.jpg,Cat
PetImages/Cat/2053.jpg,Cat
PetImages/Cat/2054.jpg,Cat
PetImages/Cat/2055.jpg,Cat
PetImages/Cat/2056.jpg,Cat
PetImages/Cat/2057.jpg,Cat
PetImages/Cat/2058.jpg,Cat
PetImages/Cat/2059.jpg,Cat
PetImages/Cat/2060.jpg,Cat
PetImages/Cat/2061.jpg,Cat
PetImages/Cat/2062.jpg,Cat
PetImages/Cat/2063.jpg,Cat
PetImages/Cat/2064.jpg,Cat
PetImages/Cat/2065.jpg,Cat
PetImages/Cat/2066.jpg,Cat
PetImages/Cat/2067.jpg,Cat
PetImages/Cat/2068.jpg,Cat
PetImages/Cat/2069.jpg,Cat
PetImages/Cat/2070.jpg,Cat
PetImages/Cat/2071.jpg,Cat
PetImages/Cat/2072.jpg,Cat
PetImages/Cat/2073.jpg,Cat
PetImages/Cat/2074.jpg,Cat
PetImages/Cat/2075.jpg,Cat
PetImages/Cat/2076.jpg,Cat
PetImages/Cat/2077.jpg,Cat
PetImages/Cat/2078.jpg,Cat
PetImages/Cat/2079.jpg,Cat
PetImages/Cat/2080.jpg,Cat
PetImages/Cat/2081.jpg,Cat
PetImages/Cat/2082.jpg,Cat
PetImages/Cat/2083.jpg,Cat
PetImages/Cat/2084.jpg,Cat
PetImages/Cat/2085.jpg,Cat
PetImages/Cat/2086.jpg,Cat
PetImages/Cat/2087.jpg,Cat
PetImages/Cat/2088.jpg,Cat
PetImages/Cat/2089.jpg,Cat
PetImages/Cat/2090.jpg,Cat
PetImages/Cat/2091.jpg,Cat
PetImages/Cat/2092.jpg,Cat
PetImages/Cat/2093.jpg,Cat
PetImages/Cat/2094.jpg,Cat
PetImages/Cat/2095.jpg,Cat
PetImages/Cat/2096.jpg,Cat
PetImages/Cat/2097.jpg,Cat
PetImages/Cat/2098.jpg,Cat
PetImages/Cat/2099.jpg,Cat
PetImages/Cat/2100.jpg,Cat
PetImages/Cat/2101.jpg,Cat
PetImages/Cat/2102.jpg,Cat
PetImages/Cat/2103.jpg,Cat
PetImages/Cat/2104.jpg,Cat
PetImages/Cat/2105.jpg,Cat
PetImages/Cat/2106.jpg,Cat
PetImages/Cat/2107.jpg,Cat
PetImages/Cat/2108.jpg,Cat
PetImages/Cat/2109.jpg,Cat
PetImages/Cat/2110.jpg,Cat
PetImages/Cat/2111.jpg,Cat
PetImages/Cat/2112.jpg,Cat
PetImages/Cat/2113.jpg,Cat
PetImages/Cat/2114.jpg,Cat
PetImages/Cat/2115.jpg,Cat
PetImages/Cat/2116.jpg,Cat
PetImages/Cat/2117.jpg,Cat
PetImages/Cat/2118.jpg,Cat
PetImages/Cat/2119.jpg,Cat
PetImages/Cat/2120.jpg,Cat
PetImages/Cat/2121.jpg,Cat
PetImages/Cat/2122.jpg,Cat
PetImages/Cat/2123.jpg,Cat
PetImages/Cat/2124.jpg,Cat
PetImages/Cat/2125.jpg,Cat
PetImages/Cat/2126.jpg,Cat
PetImages/Cat/2127.jpg,Cat
PetImages/Cat/2128.jpg,Cat
PetImages/Cat/2129.jpg,Cat
PetImages/Cat/2130.jpg,Cat
PetImages/Cat/2131.jpg,Cat
PetImages/Cat/2132.jpg,Cat
PetImages/Cat/2133.jpg,Cat
PetImages/Cat/2134.jpg,Cat
PetImages/Cat/2135.jpg,Cat
PetImages/Cat/2136.jpg,Cat
PetImages/Cat/2137.jpg,Cat
PetImages/Cat/2138.jpg,Cat
PetImages/Cat/2139.jpg,Cat
PetImages/Cat/2140.jpg,Cat
PetImages/Cat/2141.jpg,Cat
PetImages/Cat/2142.jpg,Cat
PetImages/Cat/2143.jpg,Cat
PetImages/Cat/2144.jpg,Cat
PetImages/Cat/2145.jpg,Cat
PetImages/Cat/2146.jpg,Cat
PetImages/Cat/2147.jpg,Cat
PetImages/Cat/2148.jpg,Cat
PetImages/Cat/2149.jpg,Cat
PetImages/Cat/2150.jpg,Cat
PetImages/Cat/2151.jpg,Cat
PetImages/Cat/2152.jpg,Cat
PetImages/Cat/2153.jpg,Cat
PetImages/Cat/2154.jpg,Cat
PetImages/Cat/2155.jpg,Cat
PetImages/Cat/2156.jpg,Cat
PetImages/Cat/2157.jpg,Cat
PetImages/Cat/2158.jpg,Cat
PetImages/Cat/2159.jpg,Cat
PetImages/Cat/2160.jpg,Cat
PetImages/Cat/2161.jpg,Cat
PetImages/Cat/2162.jpg,Cat
PetImages/Cat/2163.jpg,Cat
PetImages/Cat/2164.jpg,Cat
PetImages/Cat/2165.jpg,Cat
PetImages/Cat/2166.jpg,Cat
PetImages/Cat/2167.jpg,Cat
PetImages/Cat/2168.jpg,Cat
PetImages/Cat/2169.jpg,Cat
PetImages/Cat/2170.jpg,Cat
PetImages/Cat/2171.jpg,Cat
PetImages/Cat/2172.jpg,Cat
PetImages/Cat/2173.jpg,Cat
PetImages/Cat/2174.jpg,Cat
PetImages/Cat/2175.jpg,Cat
PetImages/Cat/2176.jpg,Cat
PetImages/Cat/2177.jpg,Cat
PetImages/Cat/2178.jpg,Cat
PetImages/Cat/2179.jpg,Cat
PetImages/Cat/2180.jpg,Cat
PetImages/Cat/2181.jpg,Cat
PetImages/Cat/2182.jpg,Cat
PetImages/Cat/2183.jpg,Cat
PetImages/Cat/2184.jpg,Cat
PetImages/Cat/2185.jpg,Cat
PetImages/Cat/2186.jpg,Cat
PetImages/Cat/2187.jpg,Cat
PetImages/Cat/2188.jpg,Cat
PetImages/Cat/2189.jpg,Cat
PetImages/Cat/2190.jpg,Cat
PetImages/Cat/2191.jpg,Cat
PetImages/Cat/2192.jpg,Cat
PetImages/Cat/2193.jpg,Cat
PetImages/Cat/2194.jpg,Cat
PetImages/Cat/2195.jpg,Cat
PetImages/Cat/2196.jpg,Cat
PetImages/Cat/2197.jpg,Cat
PetImages/Cat/2198.jpg,Cat
PetImages/Cat/2199.jpg,Cat
PetImages/Cat/2200.jpg,Cat
PetImages/Cat/2201.jpg,Cat
PetImages/Cat/2202.jpg,Cat
PetImages/Cat/2203.jpg,Cat
PetImages/Cat/2204.jpg,Cat
PetImages/Cat/2205.jpg,Cat
PetImages/Cat/2206.jpg,Cat
PetImages/Cat/2207.jpg,Cat
PetImages/Cat/2208.jpg,Cat
PetImages/Cat/2209.jpg,Cat
PetImages/Cat/2210.jpg,Cat
PetImages/Cat/2211.jpg,Cat
PetImages/Cat/2212.jpg,Cat
PetImages/Cat/2213.jpg,Cat
PetImages/Cat/2214.jpg,Cat
PetImages/Cat/2215.jpg,Cat
PetImages/Cat/2216.jpg,Cat
PetImages/Cat/2217.jpg,Cat
PetImages/Cat/2218.jpg,Cat
PetImages/Cat/2219.jpg,Cat
PetImages/Cat/2220.jpg,Cat
PetImages/Cat/2221.jpg,Cat
PetImages/Cat/2222.jpg,Cat
PetImages/Cat/2223.jpg,Cat
PetImages/Cat/2224.jpg,Cat
PetImages/Cat/2225.jpg,Cat
PetImages/Cat/2226.jpg,Cat
PetImages/Cat/2227.jpg,Cat
PetImages/Cat/2228.jpg,Cat
PetImages/Cat/2229.jpg,Cat
PetImages/Cat/2230.jpg,Cat
PetImages/Cat/2231.jpg,Cat
PetImages/Cat/2232.jpg,Cat
PetImages/Cat/2233.jpg,Cat
PetImages/Cat/2234.jpg,Cat
PetImages/Cat/2235.jpg,Cat
PetImages/Cat/2236.jpg,Cat
PetImages/Cat/2237.jpg,Cat
PetImages/Cat/2238.jpg,Cat
PetImages/Cat/2239.jpg,Cat
PetImages/Cat/2240.jpg,Cat
PetImages/Cat/2241.jpg,Cat
PetImages/Cat/2242.jpg,Cat
PetImages/Cat/2243.jpg,Cat
PetImages/Cat/2244.jpg,Cat
PetImages/Cat/2245.jpg,Cat
PetImages/Cat/2246.jpg,Cat
PetImages/Cat/2247.jpg,Cat
PetImages/Cat/2248.jpg,Cat
PetImages/Cat/2249.jpg,Cat
PetImages/Cat/2250.jpg,Cat
PetImages/Cat/2251.jpg,Cat
PetImages/Cat/2252.jpg,Cat
PetImages/Cat/2253.jpg,Cat
PetImages/Cat/2254.jpg,Cat
PetImages/Cat/2255.jpg,Cat
PetImages/Cat/2256.jpg,Cat
PetImages/Cat/2257.jpg,Cat
PetImages/Cat/2258.jpg,Cat
PetImages/Cat/2259.jpg,Cat
PetImages/Cat/2260.jpg,Cat
PetImages/Cat/2261.jpg,Cat
PetImages/Cat/2262.jpg,Cat
PetImages/Cat/2263.jpg,Cat
PetImages/Cat/2264.jpg,Cat
PetImages/Cat/2265.jpg,Cat
PetImages/Cat/2266.jpg,Cat
PetImages/Cat/2267.jpg,Cat
PetImages/Cat/2268.jpg,Cat
PetImages/Cat/2269.jpg,Cat
PetImages/Cat/2270.jpg,Cat
PetImages/Cat/2271.jpg,Cat
PetImages/Cat/2272.jpg,Cat
PetImages/Cat/2273.jpg,Cat
PetImages/Cat/2274.jpg,Cat
PetImages/Cat/2275.jpg,Cat
PetImages/Cat/2276.jpg,Cat
PetImages/Cat/2277.jpg,Cat
PetImages/Cat/2278.jpg,Cat
PetImages/Cat/2279.jpg,Cat
PetImages/Cat/2280.jpg,Cat
PetImages/Cat/2281.jpg,Cat
PetImages/Cat/2282.jpg,Cat
PetImages/Cat/2283.jpg,Cat
PetImages/Cat/2284.jpg,Cat
PetImages/Cat/2285.jpg,Cat
PetImages/Cat/2286.jpg,Cat
PetImages/Cat/2287.jpg,Cat
PetImages/Cat/2288.jpg,Cat
PetImages/Cat/2289.jpg,Cat
PetImages/Cat/2290.jpg,Cat
PetImages/Cat/2291.jpg,Cat
PetImages/Cat/2292.jpg,Cat
PetImages/Cat/2293.jpg,Cat
PetImages/Cat/2294.jpg,Cat
PetImages/Cat/2295.jpg,Cat
PetImages/Cat/2296.jpg,Cat
PetImages/Cat/2297.jpg,Cat
PetImages/Cat/2298.jpg,Cat
PetImages/Cat/2299.jpg,Cat
PetImages/Cat/2300.jpg,Cat
PetImages/Cat/2301.jpg,Cat
PetImages/Cat/2302.jpg,Cat
PetImages/Cat/2303.jpg,Cat
PetImages/Cat/2304.jpg,Cat
PetImages/Cat/2305.jpg,Cat
PetImages/Cat/2306.jpg,Cat
PetImages/Cat/2307.jpg,Cat
PetImages/Cat/2308.jpg,Cat
PetImages/Cat/2309.jpg,Cat
PetImages/Cat/2310.jpg,Cat
PetImages/Cat/2311.jpg,Cat
PetImages/Cat/2312.jpg,Cat
PetImages/Cat/2313.jpg,Cat
PetImages/Cat/2314.jpg,Cat
PetImages/Cat/2315.jpg,Cat
PetImages/Cat/2316.jpg,Cat
PetImages/Cat/2317.jpg,Cat
PetImages/Cat/2318.jpg,Cat
PetImages/Cat/2319.jpg,Cat
PetImages/Cat/2320.jpg,Cat
PetImages/Cat/2321.jpg,Cat
PetImages/Cat/2322.jpg,Cat
PetImages/Cat/2323.jpg,Cat
PetImages/Cat/2324.jpg,Cat
PetImages/Cat/2325.jpg,Cat
PetImages/Cat/2326.jpg,Cat
PetImages/Cat/2327.jpg,Cat
PetImages/Cat/2328.jpg,Cat
PetImages/Cat/2329.jpg,Cat
PetImages/Cat/2330.jpg,Cat
PetImages/Cat/2331.jpg,Cat
PetImages/Cat/2332.jpg,Cat
PetImages/Cat/2333.jpg,Cat
PetImages/Cat/2334.jpg,Cat
PetImages/Cat/2335.jpg,Cat
PetImages/Cat/2336.jpg,Cat
PetImages/Cat/2337.jpg,Cat
PetImages/Cat/2338.jpg,Cat
PetImages/Cat/2339.jpg,Cat
PetImages/Cat/2340.jpg,Cat
PetImages/Cat/2341.jpg,Cat
PetImages/Cat/2342.jpg,Cat
PetImages/Cat/2343.jpg,Cat
PetImages/Cat/2344.jpg,Cat
PetImages/Cat/2345.jpg,Cat
PetImages/Cat/2346.jpg,Cat
PetImages/Cat/2347.jpg,Cat
PetImages/Cat/2348.jpg,Cat
PetImages/Cat/2349.jpg,Cat
PetImages/Cat/2350.jpg,Cat
PetImages/Cat/2351.jpg,Cat
PetImages/Cat/2352.jpg,Cat
PetImages/Cat/2353.jpg,Cat
PetImages/Cat/2354.jpg,Cat
PetImages/Cat/2355.jpg,Cat
PetImages/Cat/2356.jpg,Cat
PetImages/Cat/2357.jpg,Cat
PetImages/Cat/2358.jpg,Cat
PetImages/Cat/2359.jpg,Cat
PetImages/Cat/2360.jpg,Cat
PetImages/Cat/2361.jpg,Cat
PetImages/Cat/2362.jpg,Cat
PetImages/Cat/2363.jpg,Cat
PetImages/Cat/2364.jpg,Cat
PetImages/Cat/2365.jpg,Cat
PetImages/Cat/2366.jpg,Cat
PetImages/Cat/2367.jpg,Cat
PetImages/Cat/2368.jpg,Cat
PetImages/Cat/2369.jpg,Cat
PetImages/Cat/2370.jpg,Cat
PetImages/Cat/2371.jpg,Cat
PetImages/Cat/2372.jpg,Cat
PetImages/Cat/2373.jpg,Cat
PetImages/Cat/2374.jpg,Cat
PetImages/Cat/2375.jpg,Cat
PetImages/Cat/2376.jpg,Cat
PetImages/Cat/2377.jpg,Cat
PetImages/Cat/2378.jpg,Cat
PetImages/Cat/2379.jpg,Cat
PetImages/Cat/2380.jpg,Cat
PetImages/Cat/2381.jpg,Cat
PetImages/Cat/2382.jpg,Cat
PetImages/Cat/2383.jpg,Cat
PetImages/Cat/2384.jpg,Cat
PetImages/Cat/2385.jpg,Cat
PetImages/Cat/2386.jpg,Cat
PetImages/Cat/2387.jpg,Cat
PetImages/Cat/2388.jpg,Cat
PetImages/Cat/2389.jpg,Cat
PetImages/Cat/2390.jpg,Cat
PetImages/Cat/2391.jpg,Cat
PetImages/Cat/2392.jpg,Cat
PetImages/Cat/2393.jpg,Cat
PetImages/Cat/2394.jpg,Cat
PetImages/Cat/2395.jpg,Cat
PetImages/Cat/2396.jpg,Cat
PetImages/Cat/2397.jpg,Cat
PetImages/Cat/2398.jpg,Cat
PetImages/Cat/2399.jpg,Cat
PetImages/Cat/2400.jpg,Cat
PetImages/Cat/2401.jpg,Cat
PetImages/Cat/2402.jpg,Cat
PetImages/Cat/2403.jpg,Cat
PetImages/Cat/2404.jpg,Cat
PetImages/Cat/2405.jpg,Cat
PetImages/Cat/2406.jpg,Cat
PetImages/Cat/2407.jpg,Cat
PetImages/Cat/2408.jpg,Cat
PetImages/Cat/2409.jpg,Cat
PetImages/Cat/2410.jpg,Cat
PetImages/Cat/2411.jpg,Cat
PetImages/Cat/2412.jpg,Cat
PetImages/Cat/2413.jpg,Cat
PetImages/Cat/2414.jpg,Cat
PetImages/Cat/2415.jpg,Cat
PetImages/Cat/2416.jpg,Cat
PetImages/Cat/2417.jpg,Cat
PetImages/Cat/2418.jpg,Cat
PetImages/Cat/2419.jpg,Cat
PetImages/Cat/2420.jpg,Cat
PetImages/Cat/2421.jpg,Cat
PetImages/Cat/2422.jpg,Cat
PetImages/Cat/2423.jpg,Cat
PetImages/Cat/2424.jpg,Cat
PetImages/Cat/2425.jpg,Cat
PetImages/Cat/2426.jpg,Cat
PetImages/Cat/2427.jpg,Cat
PetImages/Cat/2428.jpg,Cat
PetImages/Cat/2429.jpg,Cat
PetImages/Cat/2430.jpg,Cat
PetImages/Cat/2431.jpg,Cat
PetImages/Cat/2432.jpg,Cat
PetImages/Cat/2433.jpg,Cat
PetImages/Cat/2434.jpg,Cat
PetImages/Cat/2435.jpg,Cat
PetImages/Cat/2436.jpg,Cat
PetImages/Cat/2437.jpg,Cat
PetImages/Cat/2438.jpg,Cat
PetImages/Cat/2439.jpg,Cat
PetImages/Cat/2440.jpg,Cat
PetImages/Cat/2441.jpg,Cat
PetImages/Cat/2442.jpg,Cat
PetImages/Cat/2443.jpg,Cat
PetImages/Cat/2444.jpg,Cat
PetImages/Cat/2445.jpg,Cat
PetImages/Cat/2446.jpg,Cat
PetImages/Cat/2447.jpg,Cat
PetImages/Cat/2448.jpg,Cat
PetImages/Cat/2449.jpg,Cat
PetImages/Cat/2450.jpg,Cat
PetImages/Cat/2451.jpg,Cat
PetImages/Cat/2452.jpg,Cat
PetImages/Cat/2453.jpg,Cat
PetImages/Cat/2454.jpg,Cat
PetImages/Cat/2455.jpg,Cat
PetImages/Cat/2456.jpg,Cat
PetImages/Cat/2457.jpg,Cat
PetImages/Cat/2458.jpg,Cat
PetImages/Cat/2459.jpg,Cat
PetImages/Cat/2460.jpg,Cat
PetImages/Cat/2461.jpg,Cat
PetImages/Cat/2462.jpg,Cat
PetImages/Cat/2463.jpg,Cat
PetImages/Cat/2464.jpg,Cat
PetImages/Cat/2465.jpg,Cat
PetImages/Cat/2466.jpg,Cat
PetImages/Cat/2467.jpg,Cat
PetImages/Cat/2468.jpg,Cat
PetImages/Cat/2469.jpg,Cat
PetImages/Cat/2470.jpg,Cat
PetImages/Cat/2471.jpg,Cat
PetImages/Cat/2472.jpg,Cat
PetImages/Cat/2473.jpg,Cat
PetImages/Cat/2474.jpg,Cat
PetImages/Cat/2475.jpg,Cat
PetImages/Cat/2476.jpg,Cat
PetImages/Cat/2477.jpg,Cat
PetImages/Cat/2478.jpg,Cat
PetImages/Cat/2479.jpg,Cat
PetImages/Cat/2480.jpg,Cat
PetImages/Cat/2481.jpg,Cat
PetImages/Cat/2482.jpg,Cat
PetImages/Cat/2483.jpg,Cat
PetImages/Cat/2484.jpg,Cat
PetImages/Cat/2485.jpg,Cat
PetImages/Cat/2486.jpg,Cat
PetImages/Cat/2487.jpg,Cat
PetImages/Cat/2488.jpg,Cat
PetImages/Cat/2489.jpg,Cat
PetImages/Cat/2490.jpg,Cat
PetImages/Cat/2491.jpg,Cat
PetImages/Cat/2492.jpg,Cat
PetImages/Cat/2493.jpg,Cat
PetImages/Cat/2494.jpg,Cat
PetImages/Cat/2495.jpg,Cat
PetImages/Cat/2496.jpg,Cat
PetImages/Cat/2497.jpg,Cat
PetImages/Cat/2498.jpg,Cat
PetImages/Cat/2499.jpg,Cat
PetImages/Cat/2500.jpg,Cat
PetImages/Cat/2501.jpg,Cat
PetImages/Cat/2502.jpg,Cat
PetImages/Cat/2503.jpg,Cat
PetImages/Cat/2504.jpg,Cat
PetImages/Cat/2505.jpg,Cat
PetImages/Cat/2506.jpg,Cat
PetImages/Cat/2507.jpg,Cat
PetImages/Cat/2508.jpg,Cat
PetImages/Cat/2509.jpg,Cat
PetImages/Cat/2510.jpg,Cat
PetImages/Cat/2511.jpg,Cat
PetImages/Cat/2512.jpg,Cat
PetImages/Cat/2513.jpg,Cat
PetImages/Cat/2514.jpg,Cat
PetImages/Cat/2515.jpg,Cat
PetImages/Cat/2516.jpg,Cat
PetImages/Cat/2517.jpg,Cat
PetImages/Cat/2518.jpg,Cat
PetImages/Cat/2519.jpg,Cat
PetImages/Cat/2520.jpg,Cat
PetImages/Cat/2521.jpg,Cat
PetImages/Cat/2522.jpg,Cat
PetImages/Cat/2523.jpg,Cat
PetImages/Cat/2524.jpg,Cat
PetImages/Cat/2525.jpg,Cat
PetImages/Cat/2526.jpg,Cat
PetImages/Cat/2527.jpg,Cat
PetImages/Cat/2528.jpg,Cat
PetImages/Cat/2529.jpg,Cat
PetImages/Cat/2530.jpg,Cat
PetImages/Cat/2531.jpg,Cat
PetImages/Cat/2532.jpg,Cat
PetImages/Cat/2533.jpg,Cat
PetImages/Cat/2534.jpg,Cat
PetImages/Cat/2535.jpg,Cat
PetImages/Cat/2536.jpg,Cat
PetImages/Cat/2537.jpg,Cat
PetImages/Cat/2538.jpg,Cat
PetImages/Cat/2539.jpg,Cat
PetImages/Cat/2540.jpg,Cat
PetImages/Cat/2541.jpg,Cat
PetImages/Cat/2542.jpg,Cat
PetImages/Cat/2543.jpg,Cat
PetImages/Cat/2544.jpg,Cat
PetImages/Cat/2545.jpg,Cat
PetImages/Cat/2546.jpg,Cat
PetImages/Cat/2547.jpg,Cat
PetImages/Cat/2548.jpg,Cat
PetImages/Cat/2549.jpg,Cat
PetImages/Cat/2550.jpg,Cat
PetImages/Cat/2551.jpg,Cat
PetImages/Cat/2552.jpg,Cat
PetImages/Cat/2553.jpg,Cat
PetImages/Cat/2554.jpg,Cat
PetImages/Cat/2555.jpg,Cat
PetImages/Cat/2556.jpg,Cat
PetImages/Cat/2557.jpg,Cat
PetImages/Cat/2558.jpg,Cat
PetImages/Cat/2559.jpg,Cat
PetImages/Cat/2560.jpg,Cat
PetImages/Cat/2561.jpg,Cat
PetImages/Cat/2562.jpg,Cat
PetImages/Cat/2563.jpg,Cat
PetImages/Cat/2564.jpg,Cat
PetImages/Cat/2565.jpg,Cat
PetImages/Cat/2566.jpg,Cat
PetImages/Cat/2567.jpg,Cat
PetImages/Cat/2568.jpg,Cat
PetImages/Cat/2569.jpg,Cat
PetImages/Cat/2570.jpg,Cat
PetImages/Cat/2571.jpg,Cat
PetImages/Cat/2572.jpg,Cat
PetImages/Cat/2573.jpg,Cat
PetImages/Cat/2574.jpg,Cat
PetImages/Cat/2575.jpg,Cat
PetImages/Cat/2576.jpg,Cat
PetImages/Cat/2577.jpg,Cat
PetImages/Cat/2578.jpg,Cat
PetImages/Cat/2579.jpg,Cat
PetImages/Cat/2580.jpg,Cat
PetImages/Cat/2581.jpg,Cat
PetImages/Cat/2582.jpg,Cat
PetImages/Cat/2583.jpg,Cat
PetImages/Cat/2584.jpg,Cat
PetImages/Cat/2585.jpg,Cat
PetImages/Cat/2586.jpg,Cat
PetImages/Cat/2587.jpg,Cat
PetImages/Cat/2588.jpg,Cat
PetImages/Cat/2589.jpg,Cat
PetImages/Cat/2590.jpg,Cat
PetImages/Cat/2591.jpg,Cat
PetImages/Cat/2592.jpg,Cat
PetImages/Cat/2593.jpg,Cat
PetImages/Cat/2594.jpg,Cat
PetImages/Cat/2595.jpg,Cat
PetImages/Cat/2596.jpg,Cat
PetImages/Cat/2597.jpg,Cat
PetImages/Cat/2598.jpg,Cat
PetImages/Cat/2599.jpg,Cat
PetImages/Cat/2600.jpg,Cat
PetImages/Cat/2601.jpg,Cat
PetImages/Cat/2602.jpg,Cat
PetImages/Cat/2603.jpg,Cat
PetImages/Cat/2604.jpg,Cat
PetImages/Cat/2605.jpg,Cat
PetImages/Cat/2606.jpg,Cat
PetImages/Cat/2607.jpg,Cat
PetImages/Cat/2608.jpg,Cat
PetImages/Cat/2609.jpg,Cat
PetImages/Cat/2610.jpg,Cat
PetImages/Cat/2611.jpg,Cat
PetImages/Cat/2612.jpg,Cat
PetImages/Cat/2613.jpg,Cat
PetImages/Cat/2614.jpg,Cat
PetImages/Cat/2615.jpg,Cat
PetImages/Cat/2616.jpg,Cat
PetImages/Cat/2617.jpg,Cat
PetImages/Cat/2618.jpg,Cat
PetImages/Cat/2619.jpg,Cat
PetImages/Cat/2620.jpg,Cat
PetImages/Cat/2621.jpg,Cat
PetImages/Cat/2622.jpg,Cat
PetImages/Cat/2623.jpg,Cat
PetImages/Cat/2624.jpg,Cat
PetImages/Cat/2625.jpg,Cat
PetImages/Cat/2626.jpg,Cat
PetImages/Cat/2627.jpg,Cat
PetImages/Cat/2628.jpg,Cat
PetImages/Cat/2629.jpg,Cat
PetImages/Cat/2630.jpg,Cat
PetImages/Cat/2631.jpg,Cat
PetImages/Cat/2632.jpg,Cat
PetImages/Cat/2633.jpg,Cat
PetImages/Cat/2634.jpg,Cat
PetImages/Cat/2635.jpg,Cat
PetImages/Cat/2636.jpg,Cat
PetImages/Cat/2637.jpg,Cat
PetImages/Cat/2638.jpg,Cat
PetImages/Cat/2639.jpg,Cat
PetImages/Cat/2640.jpg,Cat
PetImages/Cat/2641.jpg,Cat
PetImages/Cat/2642.jpg,Cat
PetImages/Cat/2643.jpg,Cat
PetImages/Cat/2644.jpg,Cat
PetImages/Cat/2645.jpg,Cat
PetImages/Cat/2646.jpg,Cat
PetImages/Cat/2647.jpg,Cat
PetImages/Cat/2648.jpg,Cat
PetImages/Cat/2649.jpg,Cat
PetImages/Cat/2650.jpg,Cat
PetImages/Cat/2651.jpg,Cat
PetImages/Cat/2652.jpg,Cat
PetImages/Cat/2653.jpg,Cat
PetImages/Cat/2654.jpg,Cat
PetImages/Cat/2655.jpg,Cat
PetImages/Cat/2656.jpg,Cat
PetImages/Cat/2657.jpg,Cat
PetImages/Cat/2658.jpg,Cat
PetImages/Cat/2659.jpg,Cat
PetImages/Cat/2660.jpg,Cat
PetImages/Cat/2661.jpg,Cat
PetImages/Cat/2662.jpg,Cat
PetImages/Cat/2663.jpg,Cat
PetImages/Cat/2664.jpg,Cat
PetImages/Cat/2665.jpg,Cat
PetImages/Cat/2666.jpg,Cat
PetImages/Cat/2667.jpg,Cat
PetImages/Cat/2668.jpg,Cat
PetImages/Cat/2669.jpg,Cat
PetImages/Cat/2670.jpg,Cat
PetImages/Cat/2671.jpg,Cat
PetImages/Cat/2672.jpg,Cat
PetImages/Cat/2673.jpg,Cat
PetImages/Cat/2674.jpg,Cat
PetImages/Cat/2675.jpg,Cat
PetImages/Cat/2676.jpg,Cat
PetImages/Cat/2677.jpg,Cat
PetImages/Cat/2678.jpg,Cat
PetImages/Cat/2679.jpg,Cat
PetImages/Cat/2680.jpg,Cat
PetImages/Cat/2681.jpg,Cat
PetImages/Cat/2682.jpg,Cat
PetImages/Cat/2683.jpg,Cat
PetImages/Cat/2684.jpg,Cat
PetImages/Cat/2685.jpg,Cat
PetImages/Cat/2686.jpg,Cat
PetImages/Cat/2687.jpg,Cat
PetImages/Cat/2688.jpg,Cat
PetImages/Cat/2689.jpg,Cat
PetImages/Cat/2690.jpg,Cat
PetImages/Cat/2691.jpg,Cat
PetImages/Cat/2692.jpg,Cat
PetImages/Cat/2693.jpg,Cat
PetImages/Cat/2694.jpg,Cat
PetImages/Cat/2695.jpg,Cat
PetImages/Cat/2696.jpg,Cat
PetImages/Cat/2697.jpg,Cat
PetImages/Cat/2698.jpg,Cat
PetImages/Cat/2699.jpg,Cat
PetImages/Cat/2700.jpg,Cat
PetImages/Cat/2701.jpg,Cat
PetImages/Cat/2702.jpg,Cat
PetImages/Cat/2703.jpg,Cat
PetImages/Cat/2704.jpg,Cat
PetImages/Cat/2705.jpg,Cat
PetImages/Cat/2706.jpg,Cat
PetImages/Cat/2707.jpg,Cat
PetImages/Cat/2708.jpg,Cat
PetImages/Cat/2709.jpg,Cat
PetImages/Cat/2710.jpg,Cat
PetImages/Cat/2711.jpg,Cat
PetImages/Cat/2712.jpg,Cat
PetImages/Cat/2713.jpg,Cat
PetImages/Cat/2714.jpg,Cat
PetImages/Cat/2715.jpg,Cat
PetImages/Cat/2716.jpg,Cat
PetImages/Cat/2717.jpg,Cat
PetImages/Cat/2718.jpg,Cat
PetImages/Cat/2719.jpg,Cat
PetImages/Cat/2720.jpg,Cat
PetImages/Cat/2721.jpg,Cat
PetImages/Cat/2722.jpg,Cat
PetImages/Cat/2723.jpg,Cat
PetImages/Cat/2724.jpg,Cat
PetImages/Cat/2725.jpg,Cat
PetImages/Cat/2726.jpg,Cat
PetImages/Cat/2727.jpg,Cat
PetImages/Cat/2728.jpg,Cat
PetImages/Cat/2729.jpg,Cat
PetImages/Cat/2730.jpg,Cat
PetImages/Cat/2731.jpg,Cat
PetImages/Cat/2732.jpg,Cat
PetImages/Cat/2733.jpg,Cat
PetImages/Cat/2734.jpg,Cat
PetImages/Cat/2735.jpg,Cat
PetImages/Cat/2736.jpg,Cat
PetImages/Cat/2737.jpg,Cat
PetImages/Cat/2738.jpg,Cat
PetImages/Cat/2739.jpg,Cat
PetImages/Cat/2740.jpg,Cat
PetImages/Cat/2741.jpg,Cat
PetImages/Cat/2742.jpg,Cat
PetImages/Cat/2743.jpg,Cat
PetImages/Cat/2744.jpg,Cat
PetImages/Cat/2745.jpg,Cat
PetImages/Cat/2746.jpg,Cat
PetImages/Cat/2747.jpg,Cat
PetImages/Cat/2748.jpg,Cat
PetImages/Cat/2749.jpg,Cat
PetImages/Cat/2750.jpg,Cat
PetImages/Cat/2751.jpg,Cat
PetImages/Cat/2752.jpg,Cat
PetImages/Cat/2753.jpg,Cat
PetImages/Cat/2754.jpg,Cat
PetImages/Cat/2755.jpg,Cat
PetImages/Cat/2756.jpg,Cat
PetImages/Cat/2757.jpg,Cat
PetImages/Cat/2758.jpg,Cat
PetImages/Cat/2759.jpg,Cat
PetImages/Cat/2760.jpg,Cat
PetImages/Cat/2761.jpg,Cat
PetImages/Cat/2762.jpg,Cat
PetImages/Cat/2763.jpg,Cat
PetImages/Cat/2764.jpg,Cat
PetImages/Cat/2765.jpg,Cat
PetImages/Cat/2766.jpg,Cat
PetImages/Cat/2767.jpg,Cat
PetImages/Cat/2768.jpg,Cat
PetImages/Cat/2769.jpg,Cat
PetImages/Cat/2770.jpg,Cat
PetImages/Cat/2771.jpg,Cat
PetImages/Cat/2772.jpg,Cat
PetImages/Cat/2773.jpg,Cat
PetImages/Cat/2774.jpg,Cat
PetImages/Cat/2775.jpg,Cat
PetImages/Cat/2776.jpg,Cat
PetImages/Cat/2777.jpg,Cat
PetImages/Cat/2778.jpg,Cat
PetImages/Cat/2779.jpg,Cat
PetImages/Cat/2780.jpg,Cat
PetImages/Cat/2781.jpg,Cat
PetImages/Cat/2782.jpg,Cat
PetImages/Cat/2783.jpg,Cat
PetImages/Cat/2784.jpg,Cat
PetImages/Cat/2785.jpg,Cat
PetImages/Cat/2786.jpg,Cat
PetImages/Cat/2787.jpg,Cat
PetImages/Cat/2788.jpg,Cat
PetImages/Cat/2789.jpg,Cat
PetImages/Cat/2790.jpg,Cat
PetImages/Cat/2791.jpg,Cat
PetImages/Cat/2792.jpg,Cat
PetImages/Cat/2793.jpg,Cat
PetImages/Cat/2794.jpg,Cat
PetImages/Cat/2795.jpg,Cat
PetImages/Cat/2796.jpg,Cat
PetImages/Cat/2797.jpg,Cat
PetImages/Cat/2798.jpg,Cat
PetImages/Cat/2799.jpg,Cat
PetImages/Cat/2800.jpg,Cat
PetImages/Cat/2801.jpg,Cat
PetImages/Cat/2802.jpg,Cat
PetImages/Cat/2803.jpg,Cat
PetImages/Cat/2804.jpg,Cat
PetImages/Cat/2805.jpg,Cat
PetImages/Cat/2806.jpg,Cat
PetImages/Cat/2807.jpg,Cat
PetImages/Cat/2808.jpg,Cat
PetImages/Cat/2809.jpg,Cat
PetImages/Cat/2810.jpg,Cat
PetImages/Cat/2811.jpg,Cat
PetImages/Cat/2812.jpg,Cat
PetImages/Cat/2813.jpg,Cat
PetImages/Cat/2814.jpg,Cat
PetImages/Cat/2815.jpg,Cat
PetImages/Cat/2816.jpg,Cat
PetImages/Cat/2817.jpg,Cat
PetImages/Cat/2818.jpg,Cat
PetImages/Cat/2819.jpg,Cat
PetImages/Cat/2820.jpg,Cat
PetImages/Cat/2821.jpg,Cat
PetImages/Cat/2822.jpg,Cat
PetImages/Cat/2823.jpg,Cat
PetImages/Cat/2824.jpg,Cat
PetImages/Cat/2825.jpg,Cat
PetImages/Cat/2826.jpg,Cat
PetImages/Cat/2827.jpg,Cat
PetImages/Cat/2828.jpg,Cat
PetImages/Cat/2829.jpg,Cat
PetImages/Cat/2830.jpg,Cat
PetImages/Cat/2831.jpg,Cat
PetImages/Cat/2832.jpg,Cat
PetImages/Cat/2833.jpg,Cat
PetImages/Cat/2834.jpg,Cat
PetImages/Cat/2835.jpg,Cat
PetImages/Cat/2836.jpg,Cat
PetImages/Cat/2837.jpg,Cat
PetImages/Cat/2838.jpg,Cat
PetImages/Cat/2839.jpg,Cat
PetImages/Cat/2840.jpg,Cat
PetImages/Cat/2841.jpg,Cat
PetImages/Cat/2842.jpg,Cat
PetImages/Cat/2843.jpg,Cat
PetImages/Cat/2844.jpg,Cat
PetImages/Cat/2845.jpg,Cat
PetImages/Cat/2846.jpg,Cat
PetImages/Cat/2847.jpg,Cat
PetImages/Cat/2848.jpg,Cat
PetImages/Cat/2849.jpg,Cat
PetImages/Cat/2850.jpg,Cat
PetImages/Cat/2851.jpg,Cat
PetImages/Cat/2852.jpg,Cat
PetImages/Cat/2853.jpg,Cat
PetImages/Cat/2854.jpg,Cat
PetImages/Cat/2855.jpg,Cat
PetImages/Cat/2856.jpg,Cat
PetImages/Cat/2857.jpg,Cat
PetImages/Cat/2858.jpg,Cat
PetImages/Cat/2859.jpg,Cat
PetImages/Cat/2860.jpg,Cat
PetImages/Cat/2861.jpg,Cat
PetImages/Cat/2862.jpg,Cat
PetImages/Cat/2863.jpg,Cat
PetImages/Cat/2864.jpg,Cat
PetImages/Cat/2865.jpg,Cat
PetImages/Cat/2866.jpg,Cat
PetImages/Cat/2867.jpg,Cat
PetImages/Cat/2868.jpg,Cat
PetImages/Cat/2869.jpg,Cat
PetImages/Cat/2870.jpg,Cat
PetImages/Cat/2871.jpg,Cat
PetImages/Cat/2872.jpg,Cat
PetImages/Cat/2873.jpg,Cat
PetImages/Cat/2874.jpg,Cat
PetImages/Cat/2875.jpg,Cat
PetImages/Cat/2876.jpg,Cat
PetImages/Cat/2877.jpg,Cat
PetImages/Cat/2878.jpg,Cat
PetImages/Cat/2879.jpg,Cat
PetImages/Cat/2880.jpg,Cat
PetImages/Cat/2881.jpg,Cat
PetImages/Cat/2882.jpg,Cat
PetImages/Cat/2883.jpg,Cat
PetImages/Cat/2884.jpg,Cat
PetImages/Cat/2885.jpg,Cat
PetImages/Cat/2886.jpg,Cat
PetImages/Cat/2887.jpg,Cat
PetImages/Cat/2888.jpg,Cat
PetImages/Cat/2889.jpg,Cat
PetImages/Cat/2890.jpg,Cat
PetImages/Cat/2891.jpg,Cat
PetImages/Cat/2892.jpg,Cat
PetImages/Cat/2893.jpg,Cat
PetImages/Cat/2894.jpg,Cat
PetImages/Cat/2895.jpg,Cat
PetImages/Cat/2896.jpg,Cat
PetImages/Cat/2897.jpg,Cat
PetImages/Cat/2898.jpg,Cat
PetImages/Cat/2899.jpg,Cat
PetImages/Cat/2900.jpg,Cat
PetImages/Cat/2901.jpg,Cat
PetImages/Cat/2902.jpg,Cat
PetImages/Cat/2903.jpg,Cat
PetImages/Cat/2904.jpg,Cat
PetImages/Cat/2905.jpg,Cat
PetImages/Cat/2906.jpg,Cat
PetImages/Cat/2907.jpg,Cat
PetImages/Cat/2908.jpg,Cat
PetImages/Cat/2909.jpg,Cat
PetImages/Cat/2910.jpg,Cat
PetImages/Cat/2911.jpg,Cat
PetImages/Cat/2912.jpg,Cat
PetImages/Cat/2913.jpg,Cat
PetImages/Cat/2914.jpg,Cat
PetImages/Cat/2915.jpg,Cat
PetImages/Cat/2916.jpg,Cat
PetImages/Cat/2917.jpg,Cat
PetImages/Cat/2918.jpg,Cat
PetImages/Cat/2919.jpg,Cat
PetImages/Cat/2920.jpg,Cat
PetImages/Cat/2921.jpg,Cat
PetImages/Cat/2922.jpg,Cat
PetImages/Cat/2923.jpg,Cat
PetImages/Cat/2924.jpg,Cat
PetImages/Cat/2925.jpg,Cat
PetImages/Cat/2926.jpg,Cat
PetImages/Cat/2927.jpg,Cat
PetImages/Cat/2928.jpg,Cat
PetImages/Cat/2929.jpg,Cat
PetImages/Cat/2930.jpg,Cat
PetImages/Cat/2931.jpg,Cat
PetImages/Cat/2932.jpg,Cat
PetImages/Cat/2933.jpg,Cat
PetImages/Cat/2934.jpg,Cat
PetImages/Cat/2935.jpg,Cat
PetImages/Cat/2936.jpg,Cat
PetImages/Cat/2937.jpg,Cat
PetImages/Cat/2938.jpg,Cat
PetImages/Cat/2939.jpg,Cat
PetImages/Cat/2940.jpg,Cat
PetImages/Cat/2941.jpg,Cat
PetImages/Cat/2942.jpg,Cat
PetImages/Cat/2943.jpg,Cat
PetImages/Cat/2944.jpg,Cat
PetImages/Cat/2945.jpg,Cat
PetImages/Cat/2946.jpg,Cat
PetImages/Cat/2947.jpg,Cat
PetImages/Cat/2948.jpg,Cat
PetImages/Cat/2949.jpg,Cat
PetImages/Cat/2950.jpg,Cat
PetImages/Cat/2951.jpg,Cat
PetImages/Cat/2952.jpg,Cat
PetImages/Cat/2953.jpg,Cat
PetImages/Cat/2954.jpg,Cat
PetImages/Cat/2955.jpg,Cat
PetImages/Cat/2956.jpg,Cat
PetImages/Cat/2957.jpg,Cat
PetImages/Cat/2958.jpg,Cat
PetImages/Cat/2959.jpg,Cat
PetImages/Cat/2960.jpg,Cat
PetImages/Cat/2961.jpg,Cat
PetImages/Cat/2962.jpg,Cat
PetImages/Cat/2963.jpg,Cat
PetImages/Cat/2964.jpg,Cat
PetImages/Cat/2965.jpg,Cat
PetImages/Cat/2966.jpg,Cat
PetImages/Cat/2967.jpg,Cat
PetImages/Cat/2968.jpg,Cat
PetImages/Cat/2969.jpg,Cat
PetImages/Cat/2970.jpg,Cat
PetImages/Cat/2971.jpg,Cat
PetImages/Cat/2972.jpg,Cat
PetImages/Cat/2973.jpg,Cat
PetImages/Cat/2974.jpg,Cat
PetImages/Cat/2975.jpg,Cat
PetImages/Cat/2976.jpg,Cat
PetImages/Cat/2977.jpg,Cat
PetImages/Cat/2978.jpg,Cat
PetImages/Cat/2979.jpg,Cat
PetImages/Cat/2980.jpg,Cat
PetImages/Cat/2981.jpg,Cat
PetImages/Cat/2982.jpg,Cat
PetImages/Cat/2983.jpg,Cat
PetImages/Cat/2984.jpg,Cat
PetImages/Cat/2985.jpg,Cat
PetImages/Cat/2986.jpg,Cat
PetImages/Cat/2987.jpg,Cat
PetImages/Cat/2988.jpg,Cat
PetImages/Cat/2989.jpg,Cat
PetImages/Cat/2990.jpg,Cat
PetImages/Cat/2991.jpg,Cat
PetImages/Cat/2992.jpg,Cat
PetImages/Cat/2993.jpg,Cat
PetImages/Cat/2994.jpg,Cat
PetImages/Cat/2995.jpg,Cat
PetImages/Cat/2996.jpg,Cat
PetImages/Cat/2997.jpg,Cat
PetImages/Cat/2998.jpg,Cat
PetImages/Cat/2999.jpg,Cat
PetImages/Cat/3000.jpg,Cat
PetImages/Cat/3001.jpg,Cat
PetImages/Cat/3002.jpg,Cat
PetImages/Cat/3003.jpg,Cat
PetImages/Cat/3004.jpg,Cat
PetImages/Cat/3005.jpg,Cat
PetImages/Cat/3006.jpg,Cat
PetImages/Cat/3007.jpg,Cat
PetImages/Cat/3008.jpg,Cat
PetImages/Cat/3009.jpg,Cat
PetImages/Cat/3010.jpg,Cat
PetImages/Cat/3011.jpg,Cat
PetImages/Cat/3012.jpg,Cat
PetImages/Cat/3013.jpg,Cat
PetImages/Cat/3014.jpg,Cat
PetImages/Cat/3015.jpg,Cat
PetImages/Cat/3016.jpg,Cat
PetImages/Cat/3017.jpg,Cat
PetImages/Cat/3018.jpg,Cat
PetImages/Cat/3019.jpg,Cat
PetImages/Cat/3020.jpg,Cat
PetImages/Cat/3021.jpg,Cat
PetImages/Cat/3022.jpg,Cat
PetImages/Cat/3023.jpg,Cat
PetImages/Cat/3024.jpg,Cat
PetImages/Cat/3025.jpg,Cat
PetImages/Cat/3026.jpg,Cat
PetImages/Cat/3027.jpg,Cat
PetImages/Cat/3028.jpg,Cat
PetImages/Cat/3029.jpg,Cat
PetImages/Cat/3030.jpg,Cat
PetImages/Cat/3031.jpg,Cat
PetImages/Cat/3032.jpg,Cat
PetImages/Cat/3033.jpg,Cat
PetImages/Cat/3034.jpg,Cat
PetImages/Cat/3035.jpg,Cat
PetImages/Cat/3036.jpg,Cat
PetImages/Cat/3037.jpg,Cat
PetImages/Cat/3038.jpg,Cat
PetImages/Cat/3039.jpg,Cat
PetImages/Cat/3040.jpg,Cat
PetImages/Cat/3041.jpg,Cat
PetImages/Cat/3042.jpg,Cat
PetImages/Cat/3043.jpg,Cat
PetImages/Cat/3044.jpg,Cat
PetImages/Cat/3045.jpg,Cat
PetImages/Cat/3046.jpg,Cat
PetImages/Cat/3047.jpg,Cat
PetImages/Cat/3048.jpg,Cat
PetImages/Cat/3049.jpg,Cat
PetImages/Cat/3050.jpg,Cat
PetImages/Cat/3051.jpg,Cat
PetImages/Cat/3052.jpg,Cat
PetImages/Cat/3053.jpg,Cat
PetImages/Cat/3054.jpg,Cat
PetImages/Cat/3055.jpg,Cat
PetImages/Cat/3056.jpg,Cat
PetImages/Cat/3057.jpg,Cat
PetImages/Cat/3058.jpg,Cat
PetImages/Cat/3059.jpg,Cat
PetImages/Cat/3060.jpg,Cat
PetImages/Cat/3061.jpg,Cat
PetImages/Cat/3062.jpg,Cat
PetImages/Cat/3063.jpg,Cat
PetImages/Cat/3064.jpg,Cat
PetImages/Cat/3065.jpg,Cat
PetImages/Cat/3066.jpg,Cat
PetImages/Cat/3067.jpg,Cat
PetImages/Cat/3068.jpg,Cat
PetImages/Cat/3069.jpg,Cat
PetImages/Cat/3070.jpg,Cat
PetImages/Cat/3071.jpg,Cat
PetImages/Cat/3072.jpg,Cat
PetImages/Cat/3073.jpg,Cat
PetImages/Cat/3074.jpg,Cat
PetImages/Cat/3075.jpg,Cat
PetImages/Cat/3076.jpg,Cat
PetImages/Cat/3077.jpg,Cat
PetImages/Cat/3078.jpg,Cat
PetImages/Cat/3079.jpg,Cat
PetImages/Cat/3080.jpg,Cat
PetImages/Cat/3081.jpg,Cat
PetImages/Cat/3082.jpg,Cat
PetImages/Cat/3083.jpg,Cat
PetImages/Cat/3084.jpg,Cat
PetImages/Cat/3085.jpg,Cat
PetImages/Cat/3086.jpg,Cat
PetImages/Cat/3087.jpg,Cat
PetImages/Cat/3088.jpg,Cat
PetImages/Cat/3089.jpg,Cat
PetImages/Cat/3090.jpg,Cat
PetImages/Cat/3091.jpg,Cat
PetImages/Cat/3092.jpg,Cat
PetImages/Cat/3093.jpg,Cat
PetImages/Cat/3094.jpg,Cat
PetImages/Cat/3095.jpg,Cat
PetImages/Cat/3096.jpg,Cat
PetImages/Cat/3097.jpg,Cat
PetImages/Cat/3098.jpg,Cat
PetImages/Cat/3099.jpg,Cat
PetImages/Cat/3100.jpg,Cat
PetImages/Cat/3101.jpg,Cat
PetImages/Cat/3102.jpg,Cat
PetImages/Cat/3103.jpg,Cat
PetImages/Cat/3104.jpg,Cat
PetImages/Cat/3105.jpg,Cat
PetImages/Cat/3106.jpg,Cat
PetImages/Cat/3107.jpg,Cat
PetImages/Cat/3108.jpg,Cat
PetImages/Cat/3109.jpg,Cat
PetImages/Cat/3110.jpg,Cat
PetImages/Cat/3111.jpg,Cat
PetImages/Cat/3112.jpg,Cat
PetImages/Cat/3113.jpg,Cat
PetImages/Cat/3114.jpg,Cat
PetImages/Cat/3115.jpg,Cat
PetImages/Cat/3116.jpg,Cat
PetImages/Cat/3117.jpg,Cat
PetImages/Cat/3118.jpg,Cat
PetImages/Cat/3119.jpg,Cat
PetImages/Cat/3120.jpg,Cat
PetImages/Cat/3121.jpg,Cat
PetImages/Cat/3122.jpg,Cat
PetImages/Cat/3123.jpg,Cat
PetImages/Cat/3124.jpg,Cat
PetImages/Cat/3125.jpg,Cat
PetImages/Cat/3126.jpg,Cat
PetImages/Cat/3127.jpg,Cat
PetImages/Cat/3128.jpg,Cat
PetImages/Cat/3129.jpg,Cat
PetImages/Cat/3130.jpg,Cat
PetImages/Cat/3131.jpg,Cat
PetImages/Cat/3132.jpg,Cat
PetImages/Cat/3133.jpg,Cat
PetImages/Cat/3134.jpg,Cat
PetImages/Cat/3135.jpg,Cat
PetImages/Cat/3136.jpg,Cat
PetImages/Cat/3137.jpg,Cat
PetImages/Cat/3138.jpg,Cat
PetImages/Cat/3139.jpg,Cat
PetImages/Cat/3140.jpg,Cat
PetImages/Cat/3141.jpg,Cat
PetImages/Cat/3142.jpg,Cat
PetImages/Cat/3143.jpg,Cat
PetImages/Cat/3144.jpg,Cat
PetImages/Cat/3145.jpg,Cat
PetImages/Cat/3146.jpg,Cat
PetImages/Cat/3147.jpg,Cat
PetImages/Cat/3148.jpg,Cat
PetImages/Cat/3149.jpg,Cat
PetImages/Cat/3150.jpg,Cat
PetImages/Cat/3151.jpg,Cat
PetImages/Cat/3152.jpg,Cat
PetImages/Cat/3153.jpg,Cat
PetImages/Cat/3154.jpg,Cat
PetImages/Cat/3155.jpg,Cat
PetImages/Cat/3156.jpg,Cat
PetImages/Cat/3157.jpg,Cat
PetImages/Cat/3158.jpg,Cat
PetImages/Cat/3159.jpg,Cat
PetImages/Cat/3160.jpg,Cat
PetImages/Cat/3161.jpg,Cat
PetImages/Cat/3162.jpg,Cat
PetImages/Cat/3163.jpg,Cat
PetImages/Cat/3164.jpg,Cat
PetImages/Cat/3165.jpg,Cat
PetImages/Cat/3166.jpg,Cat
PetImages/Cat/3167.jpg,Cat
PetImages/Cat/3168.jpg,Cat
PetImages/Cat/3169.jpg,Cat
PetImages/Cat/3170.jpg,Cat
PetImages/Cat/3171.jpg,Cat
PetImages/Cat/3172.jpg,Cat
PetImages/Cat/3173.jpg,Cat
PetImages/Cat/3174.jpg,Cat
PetImages/Cat/3175.jpg,Cat
PetImages/Cat/3176.jpg,Cat
PetImages/Cat/3177.jpg,Cat
PetImages/Cat/3178.jpg,Cat
PetImages/Cat/3179.jpg,Cat
PetImages/Cat/3180.jpg,Cat
PetImages/Cat/3181.jpg,Cat
PetImages/Cat/3182.jpg,Cat
PetImages/Cat/3183.jpg,Cat
PetImages/Cat/3184.jpg,Cat
PetImages/Cat/3185.jpg,Cat
PetImages/Cat/3186.jpg,Cat
PetImages/Cat/3187.jpg,Cat
PetImages/Cat/3188.jpg,Cat
PetImages/Cat/3189.jpg,Cat
PetImages/Cat/3190.jpg,Cat
PetImages/Cat/3191.jpg,Cat
PetImages/Cat/3192.jpg,Cat
PetImages/Cat/3193.jpg,Cat
PetImages/Cat/3194.jpg,Cat
PetImages/Cat/3195.jpg,Cat
PetImages/Cat/3196.jpg,Cat
PetImages/Cat/3197.jpg,Cat
PetImages/Cat/3198.jpg,Cat
PetImages/Cat/3199.jpg,Cat
PetImages/Cat/3200.jpg,Cat
PetImages/Cat/3201.jpg,Cat
PetImages/Cat/3202.jpg,Cat
PetImages/Cat/3203.jpg,Cat
PetImages/Cat/3204.jpg,Cat
PetImages/Cat/3205.jpg,Cat
PetImages/Cat/3206.jpg,Cat
PetImages/Cat/3207.jpg,Cat
PetImages/Cat/3208.jpg,Cat
PetImages/Cat/3209.jpg,Cat
PetImages/Cat/3210.jpg,Cat
PetImages/Cat/3211.jpg,Cat
PetImages/Cat/3212.jpg,Cat
PetImages/Cat/3213.jpg,Cat
PetImages/Cat/3214.jpg,Cat
PetImages/Cat/3215.jpg,Cat
PetImages/Cat/3216.jpg,Cat
PetImages/Cat/3217.jpg,Cat
PetImages/Cat/3218.jpg,Cat
PetImages/Cat/3219.jpg,Cat
PetImages/Cat/3220.jpg,Cat
PetImages/Cat/3221.jpg,Cat
PetImages/Cat/3222.jpg,Cat
PetImages/Cat/3223.jpg,Cat
PetImages/Cat/3224.jpg,Cat
PetImages/Cat/3225.jpg,Cat
PetImages/Cat/3226.jpg,Cat
PetImages/Cat/3227.jpg,Cat
PetImages/Cat/3228.jpg,Cat
PetImages/Cat/3229.jpg,Cat
PetImages/Cat/3230.jpg,Cat
PetImages/Cat/3231.jpg,Cat
PetImages/Cat/3232.jpg,Cat
PetImages/Cat/3233.jpg,Cat
PetImages/Cat/3234.jpg,Cat
PetImages/Cat/3235.jpg,Cat
PetImages/Cat/3236.jpg,Cat
PetImages/Cat/3237.jpg,Cat
PetImages/Cat/3238.jpg,Cat
PetImages/Cat/3239.jpg,Cat
PetImages/Cat/3240.jpg,Cat
PetImages/Cat/3241.jpg,Cat
PetImages/Cat/3242.jpg,Cat
PetImages/Cat/3243.jpg,Cat
PetImages/Cat/3244.jpg,Cat
PetImages/Cat/3245.jpg,Cat
PetImages/Cat/3246.jpg,Cat
PetImages/Cat/3247.jpg,Cat
PetImages/Cat/3248.jpg,Cat
PetImages/Cat/3249.jpg,Cat
PetImages/Cat/3250.jpg,Cat
PetImages/Cat/3251.jpg,Cat
PetImages/Cat/3252.jpg,Cat
PetImages/Cat/3253.jpg,Cat
PetImages/Cat/3254.jpg,Cat
PetImages/Cat/3255.jpg,Cat
PetImages/Cat/3256.jpg,Cat
PetImages/Cat/3257.jpg,Cat
PetImages/Cat/3258.jpg,Cat
PetImages/Cat/3259.jpg,Cat
PetImages/Cat/3260.jpg,Cat
PetImages/Cat/3261.jpg,Cat
PetImages/Cat/3262.jpg,Cat
PetImages/Cat/3263.jpg,Cat
PetImages/Cat/3264.jpg,Cat
PetImages/Cat/3265.jpg,Cat
PetImages/Cat/3266.jpg,Cat
PetImages/Cat/3267.jpg,Cat
PetImages/Cat/3268.jpg,Cat
PetImages/Cat/3269.jpg,Cat
PetImages/Cat/3270.jpg,Cat
PetImages/Cat/3271.jpg,Cat
PetImages/Cat/3272.jpg,Cat
PetImages/Cat/3273.jpg,Cat
PetImages/Cat/3274.jpg,Cat
PetImages/Cat/3275.jpg,Cat
PetImages/Cat/3276.jpg,Cat
PetImages/Cat/3277.jpg,Cat
PetImages/Cat/3278.jpg,Cat
PetImages/Cat/3279.jpg,Cat
PetImages/Cat/3280.jpg,Cat
PetImages/Cat/3281.jpg,Cat
PetImages/Cat/3282.jpg,Cat
PetImages/Cat/3283.jpg,Cat
PetImages/Cat/3284.jpg,Cat
PetImages/Cat/3285.jpg,Cat
PetImages/Cat/3286.jpg,Cat
PetImages/Cat/3287.jpg,Cat
PetImages/Cat/3288.jpg,Cat
PetImages/Cat/3289.jpg,Cat
PetImages/Cat/3290.jpg,Cat
PetImages/Cat/3291.jpg,Cat
PetImages/Cat/3292.jpg,Cat
PetImages/Cat/3293.jpg,Cat
PetImages/Cat/3294.jpg,Cat
PetImages/Cat/3295.jpg,Cat
PetImages/Cat/3296.jpg,Cat
PetImages/Cat/3297.jpg,Cat
PetImages/Cat/3298.jpg,Cat
PetImages/Cat/3299.jpg,Cat
PetImages/Cat/3300.jpg,Cat
PetImages/Cat/3301.jpg,Cat
PetImages/Cat/3302.jpg,Cat
PetImages/Cat/3303.jpg,Cat
PetImages/Cat/3304.jpg,Cat
PetImages/Cat/3305.jpg,Cat
PetImages/Cat/3306.jpg,Cat
PetImages/Cat/3307.jpg,Cat
PetImages/Cat/3308.jpg,Cat
PetImages/Cat/3309.jpg,Cat
PetImages/Cat/3310.jpg,Cat
PetImages/Cat/3311.jpg,Cat
PetImages/Cat/3312.jpg,Cat
PetImages/Cat/3313.jpg,Cat
PetImages/Cat/3314.jpg,Cat
PetImages/Cat/3315.jpg,Cat
PetImages/Cat/3316.jpg,Cat
PetImages/Cat/3317.jpg,Cat
PetImages/Cat/3318.jpg,Cat
PetImages/Cat/3319.jpg,Cat
PetImages/Cat/3320.jpg,Cat
PetImages/Cat/3321.jpg,Cat
PetImages/Cat/3322.jpg,Cat
PetImages/Cat/3323.jpg,Cat
PetImages/Cat/3324.jpg,Cat
PetImages/Cat/3325.jpg,Cat
PetImages/Cat/3326.jpg,Cat
PetImages/Cat/3327.jpg,Cat
PetImages/Cat/3328.jpg,Cat
PetImages/Cat/3329.jpg,Cat
PetImages/Cat/3330.jpg,Cat
PetImages/Cat/3331.jpg,Cat
PetImages/Cat/3332.jpg,Cat
PetImages/Cat/3333.jpg,Cat
PetImages/Cat/3334.jpg,Cat
PetImages/Cat/3335.jpg,Cat
PetImages/Cat/3336.jpg,Cat
PetImages/Cat/3337.jpg,Cat
PetImages/Cat/3338.jpg,Cat
PetImages/Cat/3339.jpg,Cat
PetImages/Cat/3340.jpg,Cat
PetImages/Cat/3341.jpg,Cat
PetImages/Cat/3342.jpg,Cat
PetImages/Cat/3343.jpg,Cat
PetImages/Cat/3344.jpg,Cat
PetImages/Cat/3345.jpg,Cat
PetImages/Cat/3346.jpg,Cat
PetImages/Cat/3347.jpg,Cat
PetImages/Cat/3348.jpg,Cat
PetImages/Cat/3349.jpg,Cat
PetImages/Cat/3350.jpg,Cat
PetImages/Cat/3351.jpg,Cat
PetImages/Cat/3352.jpg,Cat
PetImages/Cat/3353.jpg,Cat
PetImages/Cat/3354.jpg,Cat
PetImages/Cat/3355.jpg,Cat
PetImages/Cat/3356.jpg,Cat
PetImages/Cat/3357.jpg,Cat
PetImages/Cat/3358.jpg,Cat
PetImages/Cat/3359.jpg,Cat
PetImages/Cat/3360.jpg,Cat
PetImages/Cat/3361.jpg,Cat
PetImages/Cat/3362.jpg,Cat
PetImages/Cat/3363.jpg,Cat
PetImages/Cat/3364.jpg,Cat
PetImages/Cat/3365.jpg,Cat
PetImages/Cat/3366.jpg,Cat
PetImages/Cat/3367.jpg,Cat
PetImages/Cat/3368.jpg,Cat
PetImages/Cat/3369.jpg,Cat
PetImages/Cat/3370.jpg,Cat
PetImages/Cat/3371.jpg,Cat
PetImages/Cat/3372.jpg,Cat
PetImages/Cat/3373.jpg,Cat
PetImages/Cat/3374.jpg,Cat
PetImages/Cat/3375.jpg,Cat
PetImages/Cat/3376.jpg,Cat
PetImages/Cat/3377.jpg,Cat
PetImages/Cat/3378.jpg,Cat
PetImages/Cat/3379.jpg,Cat
PetImages/Cat/3380.jpg,Cat
PetImages/Cat/3381.jpg,Cat
PetImages/Cat/3382.jpg,Cat
PetImages/Cat/3383.jpg,Cat
PetImages/Cat/3384.jpg,Cat
PetImages/Cat/3385.jpg,Cat
PetImages/Cat/3386.jpg,Cat
PetImages/Cat/3387.jpg,Cat
PetImages/Cat/3388.jpg,Cat
PetImages/Cat/3389.jpg,Cat
PetImages/Cat/3390.jpg,Cat
PetImages/Cat/3391.jpg,Cat
PetImages/Cat/3392.jpg,Cat
PetImages/Cat/3393.jpg,Cat
PetImages/Cat/3394.jpg,Cat
PetImages/Cat/3395.jpg,Cat
PetImages/Cat/3396.jpg,Cat
PetImages/Cat/3397.jpg,Cat
PetImages/Cat/3398.jpg,Cat
PetImages/Cat/3399.jpg,Cat
PetImages/Cat/3400.jpg,Cat
PetImages/Cat/3401.jpg,Cat
PetImages/Cat/3402.jpg,Cat
PetImages/Cat/3403.jpg,Cat
PetImages/Cat/3404.jpg,Cat
PetImages/Cat/3405.jpg,Cat
PetImages/Cat/3406.jpg,Cat
PetImages/Cat/3407.jpg,Cat
PetImages/Cat/3408.jpg,Cat
PetImages/Cat/3409.jpg,Cat
PetImages/Cat/3410.jpg,Cat
PetImages/Cat/3411.jpg,Cat
PetImages/Cat/3412.jpg,Cat
PetImages/Cat/3413.jpg,Cat
PetImages/Cat/3414.jpg,Cat
PetImages/Cat/3415.jpg,Cat
PetImages/Cat/3416.jpg,Cat
PetImages/Cat/3417.jpg,Cat
PetImages/Cat/3418.jpg,Cat
PetImages/Cat/3419.jpg,Cat
PetImages/Cat/3420.jpg,Cat
PetImages/Cat/3421.jpg,Cat
PetImages/Cat/3422.jpg,Cat
PetImages/Cat/3423.jpg,Cat
PetImages/Cat/3424.jpg,Cat
PetImages/Cat/3425.jpg,Cat
PetImages/Cat/3426.jpg,Cat
PetImages/Cat/3427.jpg,Cat
PetImages/Cat/3428.jpg,Cat
PetImages/Cat/3429.jpg,Cat
PetImages/Cat/3430.jpg,Cat
PetImages/Cat/3431.jpg,Cat
PetImages/Cat/3432.jpg,Cat
PetImages/Cat/3433.jpg,Cat
PetImages/Cat/3434.jpg,Cat
PetImages/Cat/3435.jpg,Cat
PetImages/Cat/3436.jpg,Cat
PetImages/Cat/3437.jpg,Cat
PetImages/Cat/3438.jpg,Cat
PetImages/Cat/3439.jpg,Cat
PetImages/Cat/3440.jpg,Cat
PetImages/Cat/3441.jpg,Cat
PetImages/Cat/3442.jpg,Cat
PetImages/Cat/3443.jpg,Cat
PetImages/Cat/3444.jpg,Cat
PetImages/Cat/3445.jpg,Cat
PetImages/Cat/3446.jpg,Cat
PetImages/Cat/3447.jpg,Cat
PetImages/Cat/3448.jpg,Cat
PetImages/Cat/3449.jpg,Cat
PetImages/Cat/3450.jpg,Cat
PetImages/Cat/3451.jpg,Cat
PetImages/Cat/3452.jpg,Cat
PetImages/Cat/3453.jpg,Cat
PetImages/Cat/3454.jpg,Cat
PetImages/Cat/3455.jpg,Cat
PetImages/Cat/3456.jpg,Cat
PetImages/Cat/3457.jpg,Cat
PetImages/Cat/3458.jpg,Cat
PetImages/Cat/3459.jpg,Cat
PetImages/Cat/3460.jpg,Cat
PetImages/Cat/3461.jpg,Cat
PetImages/Cat/3462.jpg,Cat
PetImages/Cat/3463.jpg,Cat
PetImages/Cat/3464.jpg,Cat
PetImages/Cat/3465.jpg,Cat
PetImages/Cat/3466.jpg,Cat
PetImages/Cat/3467.jpg,Cat
PetImages/Cat/3468.jpg,Cat
PetImages/Cat/3469.jpg,Cat
PetImages/Cat/3470.jpg,Cat
PetImages/Cat/3471.jpg,Cat
PetImages/Cat/3472.jpg,Cat
PetImages/Cat/3473.jpg,Cat
PetImages/Cat/3474.jpg,Cat
PetImages/Cat/3475.jpg,Cat
PetImages/Cat/3476.jpg,Cat
PetImages/Cat/3477.jpg,Cat
PetImages/Cat/3478.jpg,Cat
PetImages/Cat/3479.jpg,Cat
PetImages/Cat/3480.jpg,Cat
PetImages/Cat/3481.jpg,Cat
PetImages/Cat/3482.jpg,Cat
PetImages/Cat/3483.jpg,Cat
PetImages/Cat/3484.jpg,Cat
PetImages/Cat/3485.jpg,Cat
PetImages/Cat/3486.jpg,Cat
PetImages/Cat/3487.jpg,Cat
PetImages/Cat/3488.jpg,Cat
PetImages/Cat/3489.jpg,Cat
PetImages/Cat/3490.jpg,Cat
PetImages/Cat/3491.jpg,Cat
PetImages/Cat/3492.jpg,Cat
PetImages/Cat/3493.jpg,Cat
PetImages/Cat/3494.jpg,Cat
PetImages/Cat/3495.jpg,Cat
PetImages/Cat/3496.jpg,Cat
PetImages/Cat/3497.jpg,Cat
PetImages/Cat/3498.jpg,Cat
PetImages/Cat/3499.jpg,Cat
PetImages/Cat/3500.jpg,Cat
PetImages/Cat/3501.jpg,Cat
PetImages/Cat/3502.jpg,Cat
PetImages/Cat/3503.jpg,Cat
PetImages/Cat/3504.jpg,Cat
PetImages/Cat/3505.jpg,Cat
PetImages/Cat/3506.jpg,Cat
PetImages/Cat/3507.jpg,Cat
PetImages/Cat/3508.jpg,Cat
PetImages/Cat/3509.jpg,Cat
PetImages/Cat/3510.jpg,Cat
PetImages/Cat/3511.jpg,Cat
PetImages/Cat/3512.jpg,Cat
PetImages/Cat/3513.jpg,Cat
PetImages/Cat/3514.jpg,Cat
PetImages/Cat/3515.jpg,Cat
PetImages/Cat/3516.jpg,Cat
PetImages/Cat/3517.jpg,Cat
PetImages/Cat/3518.jpg,Cat
PetImages/Cat/3519.jpg,Cat
PetImages/Cat/3520.jpg,Cat
PetImages/Cat/3521.jpg,Cat
PetImages/Cat/3522.jpg,Cat
PetImages/Cat/3523.jpg,Cat
PetImages/Cat/3524.jpg,Cat
PetImages/Cat/3525.jpg,Cat
PetImages/Cat/3526.jpg,Cat
PetImages/Cat/3527.jpg,Cat
PetImages/Cat/3528.jpg,Cat
PetImages/Cat/3529.jpg,Cat
PetImages/Cat/3530.jpg,Cat
PetImages/Cat/3531.jpg,Cat
PetImages/Cat/3532.jpg,Cat
PetImages/Cat/3533.jpg,Cat
PetImages/Cat/3534.jpg,Cat
PetImages/Cat/3535.jpg,Cat
PetImages/Cat/3536.jpg,Cat
PetImages/Cat/3537.jpg,Cat
PetImages/Cat/3538.jpg,Cat
PetImages/Cat/3539.jpg,Cat
PetImages/Cat/3540.jpg,Cat
PetImages/Cat/3541.jpg,Cat
PetImages/Cat/3542.jpg,Cat
PetImages/Cat/3543.jpg,Cat
PetImages/Cat/3544.jpg,Cat
PetImages/Cat/3545.jpg,Cat
PetImages/Cat/3546.jpg,Cat
PetImages/Cat/3547.jpg,Cat
PetImages/Cat/3548.jpg,Cat
PetImages/Cat/3549.jpg,Cat
PetImages/Cat/3550.jpg,Cat
PetImages/Cat/3551.jpg,Cat
PetImages/Cat/3552.jpg,Cat
PetImages/Cat/3553.jpg,Cat
PetImages/Cat/3554.jpg,Cat
PetImages/Cat/3555.jpg,Cat
PetImages/Cat/3556.jpg,Cat
PetImages/Cat/3557.jpg,Cat
PetImages/Cat/3558.jpg,Cat
PetImages/Cat/3559.jpg,Cat
PetImages/Cat/3560.jpg,Cat
PetImages/Cat/3561.jpg,Cat
PetImages/Cat/3562.jpg,Cat
PetImages/Cat/3563.jpg,Cat
PetImages/Cat/3564.jpg,Cat
PetImages/Cat/3565.jpg,Cat
PetImages/Cat/3566.jpg,Cat
PetImages/Cat/3567.jpg,Cat
PetImages/Cat/3568.jpg,Cat
PetImages/Cat/3569.jpg,Cat
PetImages/Cat/3570.jpg,Cat
PetImages/Cat/3571.jpg,Cat
PetImages/Cat/3572.jpg,Cat
PetImages/Cat/3573.jpg,Cat
PetImages/Cat/3574.jpg,Cat
PetImages/Cat/3575.jpg,Cat
PetImages/Cat/3576.jpg,Cat
PetImages/Cat/3577.jpg,Cat
PetImages/Cat/3578.jpg,Cat
PetImages/Cat/3579.jpg,Cat
PetImages/Cat/3580.jpg,Cat
PetImages/Cat/3581.jpg,Cat
PetImages/Cat/3582.jpg,Cat
PetImages/Cat/3583.jpg,Cat
PetImages/Cat/3584.jpg,Cat
PetImages/Cat/3585.jpg,Cat
PetImages/Cat/3586.jpg,Cat
PetImages/Cat/3587.jpg,Cat
PetImages/Cat/3588.jpg,Cat
PetImages/Cat/3589.jpg,Cat
PetImages/Cat/3590.jpg,Cat
PetImages/Cat/3591.jpg,Cat
PetImages/Cat/3592.jpg,Cat
PetImages/Cat/3593.jpg,Cat
PetImages/Cat/3594.jpg,Cat
PetImages/Cat/3595.jpg,Cat
PetImages/Cat/3596.jpg,Cat
PetImages/Cat/3597.jpg,Cat
PetImages/Cat/3598.jpg,Cat
PetImages/Cat/3599.jpg,Cat
PetImages/Cat/3600.jpg,Cat
PetImages/Cat/3601.jpg,Cat
PetImages/Cat/3602.jpg,Cat
PetImages/Cat/3603.jpg,Cat
PetImages/Cat/3604.jpg,Cat
PetImages/Cat/3605.jpg,Cat
PetImages/Cat/3606.jpg,Cat
PetImages/Cat/3607.jpg,Cat
PetImages/Cat/3608.jpg,Cat
PetImages/Cat/3609.jpg,Cat
PetImages/Cat/3610.jpg,Cat
PetImages/Cat/3611.jpg,Cat
PetImages/Cat/3612.jpg,Cat
PetImages/Cat/3613.jpg,Cat
PetImages/Cat/3614.jpg,Cat
PetImages/Cat/3615.jpg,Cat
PetImages/Cat/3616.jpg,Cat
PetImages/Cat/3617.jpg,Cat
PetImages/Cat/3618.jpg,Cat
PetImages/Cat/3619.jpg,Cat
PetImages/Cat/3620.jpg,Cat
PetImages/Cat/3621.jpg,Cat
PetImages/Cat/3622.jpg,Cat
PetImages/Cat/3623.jpg,Cat
PetImages/Cat/3624.jpg,Cat
PetImages/Cat/3625.jpg,Cat
PetImages/Cat/3626.jpg,Cat
PetImages/Cat/3627.jpg,Cat
PetImages/Cat/3628.jpg,Cat
PetImages/Cat/3629.jpg,Cat
PetImages/Cat/3630.jpg,Cat
PetImages/Cat/3631.jpg,Cat
PetImages/Cat/3632.jpg,Cat
PetImages/Cat/3633.jpg,Cat
PetImages/Cat/3634.jpg,Cat
PetImages/Cat/3635.jpg,Cat
PetImages/Cat/3636.jpg,Cat
PetImages/Cat/3637.jpg,Cat
PetImages/Cat/3638.jpg,Cat
PetImages/Cat/3639.jpg,Cat
PetImages/Cat/3640.jpg,Cat
PetImages/Cat/3641.jpg,Cat
PetImages/Cat/3642.jpg,Cat
PetImages/Cat/3643.jpg,Cat
PetImages/Cat/3644.jpg,Cat
PetImages/Cat/3645.jpg,Cat
PetImages/Cat/3646.jpg,Cat
PetImages/Cat/3647.jpg,Cat
PetImages/Cat/3648.jpg,Cat
PetImages/Cat/3649.jpg,Cat
PetImages/Cat/3650.jpg,Cat
PetImages/Cat/3651.jpg,Cat
PetImages/Cat/3652.jpg,Cat
PetImages/Cat/3653.jpg,Cat
PetImages/Cat/3654.jpg,Cat
PetImages/Cat/3655.jpg,Cat
PetImages/Cat/3656.jpg,Cat
PetImages/Cat/3657.jpg,Cat
PetImages/Cat/3658.jpg,Cat
PetImages/Cat/3659.jpg,Cat
PetImages/Cat/3660.jpg,Cat
PetImages/Cat/3661.jpg,Cat
PetImages/Cat/3662.jpg,Cat
PetImages/Cat/3663.jpg,Cat
PetImages/Cat/3664.jpg,Cat
PetImages/Cat/3665.jpg,Cat
PetImages/Cat/3666.jpg,Cat
PetImages/Cat/3667.jpg,Cat
PetImages/Cat/3668.jpg,Cat
PetImages/Cat/3669.jpg,Cat
PetImages/Cat/3670.jpg,Cat
PetImages/Cat/3671.jpg,Cat
PetImages/Cat/3672.jpg,Cat
PetImages/Cat/3673.jpg,Cat
PetImages/Cat/3674.jpg,Cat
PetImages/Cat/3675.jpg,Cat
PetImages/Cat/3676.jpg,Cat
PetImages/Cat/3677.jpg,Cat
PetImages/Cat/3678.jpg,Cat
PetImages/Cat/3679.jpg,Cat
PetImages/Cat/3680.jpg,Cat
PetImages/Cat/3681.jpg,Cat
PetImages/Cat/3682.jpg,Cat
PetImages/Cat/3683.jpg,Cat
PetImages/Cat/3684.jpg,Cat
PetImages/Cat/3685.jpg,Cat
PetImages/Cat/3686.jpg,Cat
PetImages/Cat/3687.jpg,Cat
PetImages/Cat/3688.jpg,Cat
PetImages/Cat/3689.jpg,Cat
PetImages/Cat/3690.jpg,Cat
PetImages/Cat/3691.jpg,Cat
PetImages/Cat/3692.jpg,Cat
PetImages/Cat/3693.jpg,Cat
PetImages/Cat/3694.jpg,Cat
PetImages/Cat/3695.jpg,Cat
PetImages/Cat/3696.jpg,Cat
PetImages/Cat/3697.jpg,Cat
PetImages/Cat/3698.jpg,Cat
PetImages/Cat/3699.jpg,Cat
PetImages/Cat/3700.jpg,Cat
PetImages/Cat/3701.jpg,Cat
PetImages/Cat/3702.jpg,Cat
PetImages/Cat/3703.jpg,Cat
PetImages/Cat/3704.jpg,Cat
PetImages/Cat/3705.jpg,Cat
PetImages/Cat/3706.jpg,Cat
PetImages/Cat/3707.jpg,Cat
PetImages/Cat/3708.jpg,Cat
PetImages/Cat/3709.jpg,Cat
PetImages/Cat/3710.jpg,Cat
PetImages/Cat/3711.jpg,Cat
PetImages/Cat/3712.jpg,Cat
PetImages/Cat/3713.jpg,Cat
PetImages/Cat/3714.jpg,Cat
PetImages/Cat/3715.jpg,Cat
PetImages/Cat/3716.jpg,Cat
PetImages/Cat/3717.jpg,Cat
PetImages/Cat/3718.jpg,Cat
PetImages/Cat/3719.jpg,Cat
PetImages/Cat/3720.jpg,Cat
PetImages/Cat/3721.jpg,Cat
PetImages/Cat/3722.jpg,Cat
PetImages/Cat/3723.jpg,Cat
PetImages/Cat/3724.jpg,Cat
PetImages/Cat/3725.jpg,Cat
PetImages/Cat/3726.jpg,Cat
PetImages/Cat/3727.jpg,Cat
PetImages/Cat/3728.jpg,Cat
PetImages/Cat/3729.jpg,Cat
PetImages/Cat/3730.jpg,Cat
PetImages/Cat/3731.jpg,Cat
PetImages/Cat/3732.jpg,Cat
PetImages/Cat/3733.jpg,Cat
PetImages/Cat/3734.jpg,Cat
PetImages/Cat/3735.jpg,Cat
PetImages/Cat/3736.jpg,Cat
PetImages/Cat/3737.jpg,Cat
PetImages/Cat/3738.jpg,Cat
PetImages/Cat/3739.jpg,Cat
PetImages/Cat/3740.jpg,Cat
PetImages/Cat/3741.jpg,Cat
PetImages/Cat/3742.jpg,Cat
PetImages/Cat/3743.jpg,Cat
PetImages/Cat/3744.jpg,Cat
PetImages/Cat/3745.jpg,Cat
PetImages/Cat/3746.jpg,Cat
PetImages/Cat/3747.jpg,Cat
PetImages/Cat/3748.jpg,Cat
PetImages/Cat/3749.jpg,Cat
PetImages/Cat/3750.jpg,Cat
PetImages/Cat/3751.jpg,Cat
PetImages/Cat/3752.jpg,Cat
PetImages/Cat/3753.jpg,Cat
PetImages/Cat/3754.jpg,Cat
PetImages/Cat/3755.jpg,Cat
PetImages/Cat/3756.jpg,Cat
PetImages/Cat/3757.jpg,Cat
PetImages/Cat/3758.jpg,Cat
PetImages/Cat/3759.jpg,Cat
PetImages/Cat/3760.jpg,Cat
PetImages/Cat/3761.jpg,Cat
PetImages/Cat/3762.jpg,Cat
PetImages/Cat/3763.jpg,Cat
PetImages/Cat/3764.jpg,Cat
PetImages/Cat/3765.jpg,Cat
PetImages/Cat/3766.jpg,Cat
PetImages/Cat/3767.jpg,Cat
PetImages/Cat/3768.jpg,Cat
PetImages/Cat/3769.jpg,Cat
PetImages/Cat/3770.jpg,Cat
PetImages/Cat/3771.jpg,Cat
PetImages/Cat/3772.jpg,Cat
PetImages/Cat/3773.jpg,Cat
PetImages/Cat/3774.jpg,Cat
PetImages/Cat/3775.jpg,Cat
PetImages/Cat/3776.jpg,Cat
PetImages/Cat/3777.jpg,Cat
PetImages/Cat/3778.jpg,Cat
PetImages/Cat/3779.jpg,Cat
PetImages/Cat/3780.jpg,Cat
PetImages/Cat/3781.jpg,Cat
PetImages/Cat/3782.jpg,Cat
PetImages/Cat/3783.jpg,Cat
PetImages/Cat/3784.jpg,Cat
PetImages/Cat/3785.jpg,Cat
PetImages/Cat/3786.jpg,Cat
PetImages/Cat/3787.jpg,Cat
PetImages/Cat/3788.jpg,Cat
PetImages/Cat/3789.jpg,Cat
PetImages/Cat/3790.jpg,Cat
PetImages/Cat/3791.jpg,Cat
PetImages/Cat/3792.jpg,Cat
PetImages/Cat/3793.jpg,Cat
PetImages/Cat/3794.jpg,Cat
PetImages/Cat/3795.jpg,Cat
PetImages/Cat/3796.jpg,Cat
PetImages/Cat/3797.jpg,Cat
PetImages/Cat/3798.jpg,Cat
PetImages/Cat/3799.jpg,Cat
PetImages/Cat/3800.jpg,Cat
PetImages/Cat/3801.jpg,Cat
PetImages/Cat/3802.jpg,Cat
PetImages/Cat/3803.jpg,Cat
PetImages/Cat/3804.jpg,Cat
PetImages/Cat/3805.jpg,Cat
PetImages/Cat/3806.jpg,Cat
PetImages/Cat/3807.jpg,Cat
PetImages/Cat/3808.jpg,Cat
PetImages/Cat/3809.jpg,Cat
PetImages/Cat/3810.jpg,Cat
PetImages/Cat/3811.jpg,Cat
PetImages/Cat/3812.jpg,Cat
PetImages/Cat/3813.jpg,Cat
PetImages/Cat/3814.jpg,Cat
PetImages/Cat/3815.jpg,Cat
PetImages/Cat/3816.jpg,Cat
PetImages/Cat/3817.jpg,Cat
PetImages/Cat/3818.jpg,Cat
PetImages/Cat/3819.jpg,Cat
PetImages/Cat/3820.jpg,Cat
PetImages/Cat/3821.jpg,Cat
PetImages/Cat/3822.jpg,Cat
PetImages/Cat/3823.jpg,Cat
PetImages/Cat/3824.jpg,Cat
PetImages/Cat/3825.jpg,Cat
PetImages/Cat/3826.jpg,Cat
PetImages/Cat/3827.jpg,Cat
PetImages/Cat/3828.jpg,Cat
PetImages/Cat/3829.jpg,Cat
PetImages/Cat/3830.jpg,Cat
PetImages/Cat/3831.jpg,Cat
PetImages/Cat/3832.jpg,Cat
PetImages/Cat/3833.jpg,Cat
PetImages/Cat/3834.jpg,Cat
PetImages/Cat/3835.jpg,Cat
PetImages/Cat/3836.jpg,Cat
PetImages/Cat/3837.jpg,Cat
PetImages/Cat/3838.jpg,Cat
PetImages/Cat/3839.jpg,Cat
PetImages/Cat/3840.jpg,Cat
PetImages/Cat/3841.jpg,Cat
PetImages/Cat/3842.jpg,Cat
PetImages/Cat/3843.jpg,Cat
PetImages/Cat/3844.jpg,Cat
PetImages/Cat/3845.jpg,Cat
PetImages/Cat/3846.jpg,Cat
PetImages/Cat/3847.jpg,Cat
PetImages/Cat/3848.jpg,Cat
PetImages/Cat/3849.jpg,Cat
PetImages/Cat/3850.jpg,Cat
PetImages/Cat/3851.jpg,Cat
PetImages/Cat/3852.jpg,Cat
PetImages/Cat/3853.jpg,Cat
PetImages/Cat/3854.jpg,Cat
PetImages/Cat/3855.jpg,Cat
PetImages/Cat/3856.jpg,Cat
PetImages/Cat/3857.jpg,Cat
PetImages/Cat/3858.jpg,Cat
PetImages/Cat/3859.jpg,Cat
PetImages/Cat/3860.jpg,Cat
PetImages/Cat/3861.jpg,Cat
PetImages/Cat/3862.jpg,Cat
PetImages/Cat/3863.jpg,Cat
PetImages/Cat/3864.jpg,Cat
PetImages/Cat/3865.jpg,Cat
PetImages/Cat/3866.jpg,Cat
PetImages/Cat/3867.jpg,Cat
PetImages/Cat/3868.jpg,Cat
PetImages/Cat/3869.jpg,Cat
PetImages/Cat/3870.jpg,Cat
PetImages/Cat/3871.jpg,Cat
PetImages/Cat/3872.jpg,Cat
PetImages/Cat/3873.jpg,Cat
PetImages/Cat/3874.jpg,Cat
PetImages/Cat/3875.jpg,Cat
PetImages/Cat/3876.jpg,Cat
PetImages/Cat/3877.jpg,Cat
PetImages/Cat/3878.jpg,Cat
PetImages/Cat/3879.jpg,Cat
PetImages/Cat/3880.jpg,Cat
PetImages/Cat/3881.jpg,Cat
PetImages/Cat/3882.jpg,Cat
PetImages/Cat/3883.jpg,Cat
PetImages/Cat/3884.jpg,Cat
PetImages/Cat/3885.jpg,Cat
PetImages/Cat/3886.jpg,Cat
PetImages/Cat/3887.jpg,Cat
PetImages/Cat/3888.jpg,Cat
PetImages/Cat/3889.jpg,Cat
PetImages/Cat/3890.jpg,Cat
PetImages/Cat/3891.jpg,Cat
PetImages/Cat/3892.jpg,Cat
PetImages/Cat/3893.jpg,Cat
PetImages/Cat/3894.jpg,Cat
PetImages/Cat/3895.jpg,Cat
PetImages/Cat/3896.jpg,Cat
PetImages/Cat/3897.jpg,Cat
PetImages/Cat/3898.jpg,Cat
PetImages/Cat/3899.jpg,Cat
PetImages/Cat/3900.jpg,Cat
PetImages/Cat/3901.jpg,Cat
PetImages/Cat/3902.jpg,Cat
PetImages/Cat/3903.jpg,Cat
PetImages/Cat/3904.jpg,Cat
PetImages/Cat/3905.jpg,Cat
PetImages/Cat/3906.jpg,Cat
PetImages/Cat/3907.jpg,Cat
PetImages/Cat/3908.jpg,Cat
PetImages/Cat/3909.jpg,Cat
PetImages/Cat/3910.jpg,Cat
PetImages/Cat/3911.jpg,Cat
PetImages/Cat/3912.jpg,Cat
PetImages/Cat/3913.jpg,Cat
PetImages/Cat/3914.jpg,Cat
PetImages/Cat/3915.jpg,Cat
PetImages/Cat/3916.jpg,Cat
PetImages/Cat/3917.jpg,Cat
PetImages/Cat/3918.jpg,Cat
PetImages/Cat/3919.jpg,Cat
PetImages/Cat/3920.jpg,Cat
PetImages/Cat/3921.jpg,Cat
PetImages/Cat/3922.jpg,Cat
PetImages/Cat/3923.jpg,Cat
PetImages/Cat/3924.jpg,Cat
PetImages/Cat/3925.jpg,Cat
PetImages/Cat/3926.jpg,Cat
PetImages/Cat/3927.jpg,Cat
PetImages/Cat/3928.jpg,Cat
PetImages/Cat/3929.jpg,Cat
PetImages/Cat/3930.jpg,Cat
PetImages/Cat/3931.jpg,Cat
PetImages/Cat/3932.jpg,Cat
PetImages/Cat/3933.jpg,Cat
PetImages/Cat/3934.jpg,Cat
PetImages/Cat/3935.jpg,Cat
PetImages/Cat/3936.jpg,Cat
PetImages/Cat/3937.jpg,Cat
PetImages/Cat/3938.jpg,Cat
PetImages/Cat/3939.jpg,Cat
PetImages/Cat/3940.jpg,Cat
PetImages/Cat/3941.jpg,Cat
PetImages/Cat/3942.jpg,Cat
PetImages/Cat/3943.jpg,Cat
PetImages/Cat/3944.jpg,Cat
PetImages/Cat/3945.jpg,Cat
PetImages/Cat/3946.jpg,Cat
PetImages/Cat/3947.jpg,Cat
PetImages/Cat/3948.jpg,Cat
PetImages/Cat/3949.jpg,Cat
PetImages/Cat/3950.jpg,Cat
PetImages/Cat/3951.jpg,Cat
PetImages/Cat/3952.jpg,Cat
PetImages/Cat/3953.jpg,Cat
PetImages/Cat/3954.jpg,Cat
PetImages/Cat/3955.jpg,Cat
PetImages/Cat/3956.jpg,Cat
PetImages/Cat/3957.jpg,Cat
PetImages/Cat/3958.jpg,Cat
PetImages/Cat/3959.jpg,Cat
PetImages/Cat/3960.jpg,Cat
PetImages/Cat/3961.jpg,Cat
PetImages/Cat/3962.jpg,Cat
PetImages/Cat/3963.jpg,Cat
PetImages/Cat/3964.jpg,Cat
PetImages/Cat/3965.jpg,Cat
PetImages/Cat/3966.jpg,Cat
PetImages/Cat/3967.jpg,Cat
PetImages/Cat/3968.jpg,Cat
PetImages/Cat/3969.jpg,Cat
PetImages/Cat/3970.jpg,Cat
PetImages/Cat/3971.jpg,Cat
PetImages/Cat/3972.jpg,Cat
PetImages/Cat/3973.jpg,Cat
PetImages/Cat/3974.jpg,Cat
PetImages/Cat/3975.jpg,Cat
PetImages/Cat/3976.jpg,Cat
PetImages/Cat/3977.jpg,Cat
PetImages/Cat/3978.jpg,Cat
PetImages/Cat/3979.jpg,Cat
PetImages/Cat/3980.jpg,Cat
PetImages/Cat/3981.jpg,Cat
PetImages/Cat/3982.jpg,Cat
PetImages/Cat/3983.jpg,Cat
PetImages/Cat/3984.jpg,Cat
PetImages/Cat/3985.jpg,Cat
PetImages/Cat/3986.jpg,Cat
PetImages/Cat/3987.jpg,Cat
PetImages/Cat/3988.jpg,Cat
PetImages/Cat/3989.jpg,Cat
PetImages/Cat/3990.jpg,Cat
PetImages/Cat/3991.jpg,Cat
PetImages/Cat/3992.jpg,Cat
PetImages/Cat/3993.jpg,Cat
PetImages/Cat/3994.jpg,Cat
PetImages/Cat/3995.jpg,Cat
PetImages/Cat/3996.jpg,Cat
PetImages/Cat/3997.jpg,Cat
PetImages/Cat/3998.jpg,Cat
PetImages/Cat/3999.jpg,Cat
PetImages/Cat/4000.jpg,Cat
PetImages/Cat/4001.jpg,Cat
PetImages/Cat/4002.jpg,Cat
PetImages/Cat/4003.jpg,Cat
PetImages/Cat/4004.jpg,Cat
PetImages/Cat/4005.jpg,Cat
PetImages/Cat/4006.jpg,Cat
PetImages/Cat/4007.jpg,Cat
PetImages/Cat/4008.jpg,Cat
PetImages/Cat/4009.jpg,Cat
PetImages/Cat/4010.jpg,Cat
PetImages/Cat/4011.jpg,Cat
PetImages/Cat/4012.jpg,Cat
PetImages/Cat/4013.jpg,Cat
PetImages/Cat/4014.jpg,Cat
PetImages/Cat/4015.jpg,Cat
PetImages/Cat/4016.jpg,Cat
PetImages/Cat/4017.jpg,Cat
PetImages/Cat/4018.jpg,Cat
PetImages/Cat/4019.jpg,Cat
PetImages/Cat/4020.jpg,Cat
PetImages/Cat/4021.jpg,Cat
PetImages/Cat/4022.jpg,Cat
PetImages/Cat/4023.jpg,Cat
PetImages/Cat/4024.jpg,Cat
PetImages/Cat/4025.jpg,Cat
PetImages/Cat/4026.jpg,Cat
PetImages/Cat/4027.jpg,Cat
PetImages/Cat/4028.jpg,Cat
PetImages/Cat/4029.jpg,Cat
PetImages/Cat/4030.jpg,Cat
PetImages/Cat/4031.jpg,Cat
PetImages/Cat/4032.jpg,Cat
PetImages/Cat/4033.jpg,Cat
PetImages/Cat/4034.jpg,Cat
PetImages/Cat/4035.jpg,Cat
PetImages/Cat/4036.jpg,Cat
PetImages/Cat/4037.jpg,Cat
PetImages/Cat/4038.jpg,Cat
PetImages/Cat/4039.jpg,Cat
PetImages/Cat/4040.jpg,Cat
PetImages/Cat/4041.jpg,Cat
PetImages/Cat/4042.jpg,Cat
PetImages/Cat/4043.jpg,Cat
PetImages/Cat/4044.jpg,Cat
PetImages/Cat/4045.jpg,Cat
PetImages/Cat/4046.jpg,Cat
PetImages/Cat/4047.jpg,Cat
PetImages/Cat/4048.jpg,Cat
PetImages/Cat/4049.jpg,Cat
PetImages/Cat/4050.jpg,Cat
PetImages/Cat/4051.jpg,Cat
PetImages/Cat/4052.jpg,Cat
PetImages/Cat/4053.jpg,Cat
PetImages/Cat/4054.jpg,Cat
PetImages/Cat/4055.jpg,Cat
PetImages/Cat/4056.jpg,Cat
PetImages/Cat/4057.jpg,Cat
PetImages/Cat/4058.jpg,Cat
PetImages/Cat/4059.jpg,Cat
PetImages/Cat/4060.jpg,Cat
PetImages/Cat/4061.jpg,Cat
PetImages/Cat/4062.jpg,Cat
PetImages/Cat/4063.jpg,Cat
PetImages/Cat/4064.jpg,Cat
PetImages/Cat/4065.jpg,Cat
PetImages/Cat/4066.jpg,Cat
PetImages/Cat/4067.jpg,Cat
PetImages/Cat/4068.jpg,Cat
PetImages/Cat/4069.jpg,Cat
PetImages/Cat/4070.jpg,Cat
PetImages/Cat/4071.jpg,Cat
PetImages/Cat/4072.jpg,Cat
PetImages/Cat/4073.jpg,Cat
PetImages/Cat/4074.jpg,Cat
PetImages/Cat/4075.jpg,Cat
PetImages/Cat/4076.jpg,Cat
PetImages/Cat/4077.jpg,Cat
PetImages/Cat/4078.jpg,Cat
PetImages/Cat/4079.jpg,Cat
PetImages/Cat/4080.jpg,Cat
PetImages/Cat/4081.jpg,Cat
PetImages/Cat/4082.jpg,Cat
PetImages/Cat/4083.jpg,Cat
PetImages/Cat/4084.jpg,Cat
PetImages/Cat/4085.jpg,Cat
PetImages/Cat/4086.jpg,Cat
PetImages/Cat/4087.jpg,Cat
PetImages/Cat/4088.jpg,Cat
PetImages/Cat/4089.jpg,Cat
PetImages/Cat/4090.jpg,Cat
PetImages/Cat/4091.jpg,Cat
PetImages/Cat/4092.jpg,Cat
PetImages/Cat/4093.jpg,Cat
PetImages/Cat/4094.jpg,Cat
PetImages/Cat/4095.jpg,Cat
PetImages/Cat/4096.jpg,Cat
PetImages/Cat/4097.jpg,Cat
PetImages/Cat/4098.jpg,Cat
PetImages/Cat/4099.jpg,Cat
PetImages/Cat/4100.jpg,Cat
PetImages/Cat/4101.jpg,Cat
PetImages/Cat/4102.jpg,Cat
PetImages/Cat/4103.jpg,Cat
PetImages/Cat/4104.jpg,Cat
PetImages/Cat/4105.jpg,Cat
PetImages/Cat/4106.jpg,Cat
PetImages/Cat/4107.jpg,Cat
PetImages/Cat/4108.jpg,Cat
PetImages/Cat/4109.jpg,Cat
PetImages/Cat/4110.jpg,Cat
PetImages/Cat/4111.jpg,Cat
PetImages/Cat/4112.jpg,Cat
PetImages/Cat/4113.jpg,Cat
PetImages/Cat/4114.jpg,Cat
PetImages/Cat/4115.jpg,Cat
PetImages/Cat/4116.jpg,Cat
PetImages/Cat/4117.jpg,Cat
PetImages/Cat/4118.jpg,Cat
PetImages/Cat/4119.jpg,Cat
PetImages/Cat/4120.jpg,Cat
PetImages/Cat/4121.jpg,Cat
PetImages/Cat/4122.jpg,Cat
PetImages/Cat/4123.jpg,Cat
PetImages/Cat/4124.jpg,Cat
PetImages/Cat/4125.jpg,Cat
PetImages/Cat/4126.jpg,Cat
PetImages/Cat/4127.jpg,Cat
PetImages/Cat/4128.jpg,Cat
PetImages/Cat/4129.jpg,Cat
PetImages/Cat/4130.jpg,Cat
PetImages/Cat/4131.jpg,Cat
PetImages/Cat/4132.jpg,Cat
PetImages/Cat/4133.jpg,Cat
PetImages/Cat/4134.jpg,Cat
PetImages/Cat/4135.jpg,Cat
PetImages/Cat/4136.jpg,Cat
PetImages/Cat/4137.jpg,Cat
PetImages/Cat/4138.jpg,Cat
PetImages/Cat/4139.jpg,Cat
PetImages/Cat/4140.jpg,Cat
PetImages/Cat/4141.jpg,Cat
PetImages/Cat/4142.jpg,Cat
PetImages/Cat/4143.jpg,Cat
PetImages/Cat/4144.jpg,Cat
PetImages/Cat/4145.jpg,Cat
PetImages/Cat/4146.jpg,Cat
PetImages/Cat/4147.jpg,Cat
PetImages/Cat/4148.jpg,Cat
PetImages/Cat/4149.jpg,Cat
PetImages/Cat/4150.jpg,Cat
PetImages/Cat/4151.jpg,Cat
PetImages/Cat/4152.jpg,Cat
PetImages/Cat/4153.jpg,Cat
PetImages/Cat/4154.jpg,Cat
PetImages/Cat/4155.jpg,Cat
PetImages/Cat/4156.jpg,Cat
PetImages/Cat/4157.jpg,Cat
PetImages/Cat/4158.jpg,Cat
PetImages/Cat/4159.jpg,Cat
PetImages/Cat/4160.jpg,Cat
PetImages/Cat/4161.jpg,Cat
PetImages/Cat/4162.jpg,Cat
PetImages/Cat/4163.jpg,Cat
PetImages/Cat/4164.jpg,Cat
PetImages/Cat/4165.jpg,Cat
PetImages/Cat/4166.jpg,Cat
PetImages/Cat/4167.jpg,Cat
PetImages/Cat/4168.jpg,Cat
PetImages/Cat/4169.jpg,Cat
PetImages/Cat/4170.jpg,Cat
PetImages/Cat/4171.jpg,Cat
PetImages/Cat/4172.jpg,Cat
PetImages/Cat/4173.jpg,Cat
PetImages/Cat/4174.jpg,Cat
PetImages/Cat/4175.jpg,Cat
PetImages/Cat/4176.jpg,Cat
PetImages/Cat/4177.jpg,Cat
PetImages/Cat/4178.jpg,Cat
PetImages/Cat/4179.jpg,Cat
PetImages/Cat/4180.jpg,Cat
PetImages/Cat/4181.jpg,Cat
PetImages/Cat/4182.jpg,Cat
PetImages/Cat/4183.jpg,Cat
PetImages/Cat/4184.jpg,Cat
PetImages/Cat/4185.jpg,Cat
PetImages/Cat/4186.jpg,Cat
PetImages/Cat/4187.jpg,Cat
PetImages/Cat/4188.jpg,Cat
PetImages/Cat/4189.jpg,Cat
PetImages/Cat/4190.jpg,Cat
PetImages/Cat/4191.jpg,Cat
PetImages/Cat/4192.jpg,Cat
PetImages/Cat/4193.jpg,Cat
PetImages/Cat/4194.jpg,Cat
PetImages/Cat/4195.jpg,Cat
PetImages/Cat/4196.jpg,Cat
PetImages/Cat/4197.jpg,Cat
PetImages/Cat/4198.jpg,Cat
PetImages/Cat/4199.jpg,Cat
PetImages/Cat/4200.jpg,Cat
PetImages/Cat/4201.jpg,Cat
PetImages/Cat/4202.jpg,Cat
PetImages/Cat/4203.jpg,Cat
PetImages/Cat/4204.jpg,Cat
PetImages/Cat/4205.jpg,Cat
PetImages/Cat/4206.jpg,Cat
PetImages/Cat/4207.jpg,Cat
PetImages/Cat/4208.jpg,Cat
PetImages/Cat/4209.jpg,Cat
PetImages/Cat/4210.jpg,Cat
PetImages/Cat/4211.jpg,Cat
PetImages/Cat/4212.jpg,Cat
PetImages/Cat/4213.jpg,Cat
PetImages/Cat/4214.jpg,Cat
PetImages/Cat/4215.jpg,Cat
PetImages/Cat/4216.jpg,Cat
PetImages/Cat/4217.jpg,Cat
PetImages/Cat/4218.jpg,Cat
PetImages/Cat/4219.jpg,Cat
PetImages/Cat/4220.jpg,Cat
PetImages/Cat/4221.jpg,Cat
PetImages/Cat/4222.jpg,Cat
PetImages/Cat/4223.jpg,Cat
PetImages/Cat/4224.jpg,Cat
PetImages/Cat/4225.jpg,Cat
PetImages/Cat/4226.jpg,Cat
PetImages/Cat/4227.jpg,Cat
PetImages/Cat/4228.jpg,Cat
PetImages/Cat/4229.jpg,Cat
PetImages/Cat/4230.jpg,Cat
PetImages/Cat/4231.jpg,Cat
PetImages/Cat/4232.jpg,Cat
PetImages/Cat/4233.jpg,Cat
PetImages/Cat/4234.jpg,Cat
PetImages/Cat/4235.jpg,Cat
PetImages/Cat/4236.jpg,Cat
PetImages/Cat/4237.jpg,Cat
PetImages/Cat/4238.jpg,Cat
PetImages/Cat/4239.jpg,Cat
PetImages/Cat/4240.jpg,Cat
PetImages/Cat/4241.jpg,Cat
PetImages/Cat/4242.jpg,Cat
PetImages/Cat/4243.jpg,Cat
PetImages/Cat/4244.jpg,Cat
PetImages/Cat/4245.jpg,Cat
PetImages/Cat/4246.jpg,Cat
PetImages/Cat/4247.jpg,Cat
PetImages/Cat/4248.jpg,Cat
PetImages/Cat/4249.jpg,Cat
PetImages/Cat/4250.jpg,Cat
PetImages/Cat/4251.jpg,Cat
PetImages/Cat/4252.jpg,Cat
PetImages/Cat/4253.jpg,Cat
PetImages/Cat/4254.jpg,Cat
PetImages/Cat/4255.jpg,Cat
PetImages/Cat/4256.jpg,Cat
PetImages/Cat/4257.jpg,Cat
PetImages/Cat/4258.jpg,Cat
PetImages/Cat/4259.jpg,Cat
PetImages/Cat/4260.jpg,Cat
PetImages/Cat/4261.jpg,Cat
PetImages/Cat/4262.jpg,Cat
PetImages/Cat/4263.jpg,Cat
PetImages/Cat/4264.jpg,Cat
PetImages/Cat/4265.jpg,Cat
PetImages/Cat/4266.jpg,Cat
PetImages/Cat/4267.jpg,Cat
PetImages/Cat/4268.jpg,Cat
PetImages/Cat/4269.jpg,Cat
PetImages/Cat/4270.jpg,Cat
PetImages/Cat/4271.jpg,Cat
PetImages/Cat/4272.jpg,Cat
PetImages/Cat/4273.jpg,Cat
PetImages/Cat/4274.jpg,Cat
PetImages/Cat/4275.jpg,Cat
PetImages/Cat/4276.jpg,Cat
PetImages/Cat/4277.jpg,Cat
PetImages/Cat/4278.jpg,Cat
PetImages/Cat/4279.jpg,Cat
PetImages/Cat/4280.jpg,Cat
PetImages/Cat/4281.jpg,Cat
PetImages/Cat/4282.jpg,Cat
PetImages/Cat/4283.jpg,Cat
PetImages/Cat/4284.jpg,Cat
PetImages/Cat/4285.jpg,Cat
PetImages/Cat/4286.jpg,Cat
PetImages/Cat/4287.jpg,Cat
PetImages/Cat/4288.jpg,Cat
PetImages/Cat/4289.jpg,Cat
PetImages/Cat/4290.jpg,Cat
PetImages/Cat/4291.jpg,Cat
PetImages/Cat/4292.jpg,Cat
PetImages/Cat/4293.jpg,Cat
PetImages/Cat/4294.jpg,Cat
PetImages/Cat/4295.jpg,Cat
PetImages/Cat/4296.jpg,Cat
PetImages/Cat/4297.jpg,Cat
PetImages/Cat/4298.jpg,Cat
PetImages/Cat/4299.jpg,Cat
PetImages/Cat/4300.jpg,Cat
PetImages/Cat/4301.jpg,Cat
PetImages/Cat/4302.jpg,Cat
PetImages/Cat/4303.jpg,Cat
PetImages/Cat/4304.jpg,Cat
PetImages/Cat/4305.jpg,Cat
PetImages/Cat/4306.jpg,Cat
PetImages/Cat/4307.jpg,Cat
PetImages/Cat/4308.jpg,Cat
PetImages/Cat/4309.jpg,Cat
PetImages/Cat/4310.jpg,Cat
PetImages/Cat/4311.jpg,Cat
PetImages/Cat/4312.jpg,Cat
PetImages/Cat/4313.jpg,Cat
PetImages/Cat/4314.jpg,Cat
PetImages/Cat/4315.jpg,Cat
PetImages/Cat/4316.jpg,Cat
PetImages/Cat/4317.jpg,Cat
PetImages/Cat/4318.jpg,Cat
PetImages/Cat/4319.jpg,Cat
PetImages/Cat/4320.jpg,Cat
PetImages/Cat/4321.jpg,Cat
PetImages/Cat/4322.jpg,Cat
PetImages/Cat/4323.jpg,Cat
PetImages/Cat/4324.jpg,Cat
PetImages/Cat/4325.jpg,Cat
PetImages/Cat/4326.jpg,Cat
PetImages/Cat/4327.jpg,Cat
PetImages/Cat/4328.jpg,Cat
PetImages/Cat/4329.jpg,Cat
PetImages/Cat/4330.jpg,Cat
PetImages/Cat/4331.jpg,Cat
PetImages/Cat/4332.jpg,Cat
PetImages/Cat/4333.jpg,Cat
PetImages/Cat/4334.jpg,Cat
PetImages/Cat/4335.jpg,Cat
PetImages/Cat/4336.jpg,Cat
PetImages/Cat/4337.jpg,Cat
PetImages/Cat/4338.jpg,Cat
PetImages/Cat/4339.jpg,Cat
PetImages/Cat/4340.jpg,Cat
PetImages/Cat/4341.jpg,Cat
PetImages/Cat/4342.jpg,Cat
PetImages/Cat/4343.jpg,Cat
PetImages/Cat/4344.jpg,Cat
PetImages/Cat/4345.jpg,Cat
PetImages/Cat/4346.jpg,Cat
PetImages/Cat/4347.jpg,Cat
PetImages/Cat/4348.jpg,Cat
PetImages/Cat/4349.jpg,Cat
PetImages/Cat/4350.jpg,Cat
PetImages/Cat/4351.jpg,Cat
PetImages/Cat/4352.jpg,Cat
PetImages/Cat/4353.jpg,Cat
PetImages/Cat/4354.jpg,Cat
PetImages/Cat/4355.jpg,Cat
PetImages/Cat/4356.jpg,Cat
PetImages/Cat/4357.jpg,Cat
PetImages/Cat/4358.jpg,Cat
PetImages/Cat/4359.jpg,Cat
PetImages/Cat/4360.jpg,Cat
PetImages/Cat/4361.jpg,Cat
PetImages/Cat/4362.jpg,Cat
PetImages/Cat/4363.jpg,Cat
PetImages/Cat/4364.jpg,Cat
PetImages/Cat/4365.jpg,Cat
PetImages/Cat/4366.jpg,Cat
PetImages/Cat/4367.jpg,Cat
PetImages/Cat/4368.jpg,Cat
PetImages/Cat/4369.jpg,Cat
PetImages/Cat/4370.jpg,Cat
PetImages/Cat/4371.jpg,Cat
PetImages/Cat/4372.jpg,Cat
PetImages/Cat/4373.jpg,Cat
PetImages/Cat/4374.jpg,Cat
PetImages/Cat/4375.jpg,Cat
PetImages/Cat/4376.jpg,Cat
PetImages/Cat/4377.jpg,Cat
PetImages/Cat/4378.jpg,Cat
PetImages/Cat/4379.jpg,Cat
PetImages/Cat/4380.jpg,Cat
PetImages/Cat/4381.jpg,Cat
PetImages/Cat/4382.jpg,Cat
PetImages/Cat/4383.jpg,Cat
PetImages/Cat/4384.jpg,Cat
PetImages/Cat/4385.jpg,Cat
PetImages/Cat/4386.jpg,Cat
PetImages/Cat/4387.jpg,Cat
PetImages/Cat/4388.jpg,Cat
PetImages/Cat/4389.jpg,Cat
PetImages/Cat/4390.jpg,Cat
PetImages/Cat/4391.jpg,Cat
PetImages/Cat/4392.jpg,Cat
PetImages/Cat/4393.jpg,Cat
PetImages/Cat/4394.jpg,Cat
PetImages/Cat/4395.jpg,Cat
PetImages/Cat/4396.jpg,Cat
PetImages/Cat/4397.jpg,Cat
PetImages/Cat/4398.jpg,Cat
PetImages/Cat/4399.jpg,Cat
PetImages/Cat/4400.jpg,Cat
PetImages/Cat/4401.jpg,Cat
PetImages/Cat/4402.jpg,Cat
PetImages/Cat/4403.jpg,Cat
PetImages/Cat/4404.jpg,Cat
PetImages/Cat/4405.jpg,Cat
PetImages/Cat/4406.jpg,Cat
PetImages/Cat/4407.jpg,Cat
PetImages/Cat/4408.jpg,Cat
PetImages/Cat/4409.jpg,Cat
PetImages/Cat/4410.jpg,Cat
PetImages/Cat/4411.jpg,Cat
PetImages/Cat/4412.jpg,Cat
PetImages/Cat/4413.jpg,Cat
PetImages/Cat/4414.jpg,Cat
PetImages/Cat/4415.jpg,Cat
PetImages/Cat/4416.jpg,Cat
PetImages/Cat/4417.jpg,Cat
PetImages/Cat/4418.jpg,Cat
PetImages/Cat/4419.jpg,Cat
PetImages/Cat/4420.jpg,Cat
PetImages/Cat/4421.jpg,Cat
PetImages/Cat/4422.jpg,Cat
PetImages/Cat/4423.jpg,Cat
PetImages/Cat/4424.jpg,Cat
PetImages/Cat/4425.jpg,Cat
PetImages/Cat/4426.jpg,Cat
PetImages/Cat/4427.jpg,Cat
PetImages/Cat/4428.jpg,Cat
PetImages/Cat/4429.jpg,Cat
PetImages/Cat/4430.jpg,Cat
PetImages/Cat/4431.jpg,Cat
PetImages/Cat/4432.jpg,Cat
PetImages/Cat/4433.jpg,Cat
PetImages/Cat/4434.jpg,Cat
PetImages/Cat/4435.jpg,Cat
PetImages/Cat/4436.jpg,Cat
PetImages/Cat/4437.jpg,Cat
PetImages/Cat/4438.jpg,Cat
PetImages/Cat/4439.jpg,Cat
PetImages/Cat/4440.jpg,Cat
PetImages/Cat/4441.jpg,Cat
PetImages/Cat/4442.jpg,Cat
PetImages/Cat/4443.jpg,Cat
PetImages/Cat/4444.jpg,Cat
PetImages/Cat/4445.jpg,Cat
PetImages/Cat/4446.jpg,Cat
PetImages/Cat/4447.jpg,Cat
PetImages/Cat/4448.jpg,Cat
PetImages/Cat/4449.jpg,Cat
PetImages/Cat/4450.jpg,Cat
PetImages/Cat/4451.jpg,Cat
PetImages/Cat/4452.jpg,Cat
PetImages/Cat/4453.jpg,Cat
PetImages/Cat/4454.jpg,Cat
PetImages/Cat/4455.jpg,Cat
PetImages/Cat/4456.jpg,Cat
PetImages/Cat/4457.jpg,Cat
PetImages/Cat/4458.jpg,Cat
PetImages/Cat/4459.jpg,Cat
PetImages/Cat/4460.jpg,Cat
PetImages/Cat/4461.jpg,Cat
PetImages/Cat/4462.jpg,Cat
PetImages/Cat/4463.jpg,Cat
PetImages/Cat/4464.jpg,Cat
PetImages/Cat/4465.jpg,Cat
PetImages/Cat/4466.jpg,Cat
PetImages/Cat/4467.jpg,Cat
PetImages/Cat/4468.jpg,Cat
PetImages/Cat/4469.jpg,Cat
PetImages/Cat/4470.jpg,Cat
PetImages/Cat/4471.jpg,Cat
PetImages/Cat/4472.jpg,Cat
PetImages/Cat/4473.jpg,Cat
PetImages/Cat/4474.jpg,Cat
PetImages/Cat/4475.jpg,Cat
PetImages/Cat/4476.jpg,Cat
PetImages/Cat/4477.jpg,Cat
PetImages/Cat/4478.jpg,Cat
PetImages/Cat/4479.jpg,Cat
PetImages/Cat/4480.jpg,Cat
PetImages/Cat/4481.jpg,Cat
PetImages/Cat/4482.jpg,Cat
PetImages/Cat/4483.jpg,Cat
PetImages/Cat/4484.jpg,Cat
PetImages/Cat/4485.jpg,Cat
PetImages/Cat/4486.jpg,Cat
PetImages/Cat/4487.jpg,Cat
PetImages/Cat/4488.jpg,Cat
PetImages/Cat/4489.jpg,Cat
PetImages/Cat/4490.jpg,Cat
PetImages/Cat/4491.jpg,Cat
PetImages/Cat/4492.jpg,Cat
PetImages/Cat/4493.jpg,Cat
PetImages/Cat/4494.jpg,Cat
PetImages/Cat/4495.jpg,Cat
PetImages/Cat/4496.jpg,Cat
PetImages/Cat/4497.jpg,Cat
PetImages/Cat/4498.jpg,Cat
PetImages/Cat/4499.jpg,Cat
PetImages/Cat/4500.jpg,Cat
PetImages/Cat/4501.jpg,Cat
PetImages/Cat/4502.jpg,Cat
PetImages/Cat/4503.jpg,Cat
PetImages/Cat/4504.jpg,Cat
PetImages/Cat/4505.jpg,Cat
PetImages/Cat/4506.jpg,Cat
PetImages/Cat/4507.jpg,Cat
PetImages/Cat/4508.jpg,Cat
PetImages/Cat/4509.jpg,Cat
PetImages/Cat/4510.jpg,Cat
PetImages/Cat/4511.jpg,Cat
PetImages/Cat/4512.jpg,Cat
PetImages/Cat/4513.jpg,Cat
PetImages/Cat/4514.jpg,Cat
PetImages/Cat/4515.jpg,Cat
PetImages/Cat/4516.jpg,Cat
PetImages/Cat/4517.jpg,Cat
PetImages/Cat/4518.jpg,Cat
PetImages/Cat/4519.jpg,Cat
PetImages/Cat/4520.jpg,Cat
PetImages/Cat/4521.jpg,Cat
PetImages/Cat/4522.jpg,Cat
PetImages/Cat/4523.jpg,Cat
PetImages/Cat/4524.jpg,Cat
PetImages/Cat/4525.jpg,Cat
PetImages/Cat/4526.jpg,Cat
PetImages/Cat/4527.jpg,Cat
PetImages/Cat/4528.jpg,Cat
PetImages/Cat/4529.jpg,Cat
PetImages/Cat/4530.jpg,Cat
PetImages/Cat/4531.jpg,Cat
PetImages/Cat/4532.jpg,Cat
PetImages/Cat/4533.jpg,Cat
PetImages/Cat/4534.jpg,Cat
PetImages/Cat/4535.jpg,Cat
PetImages/Cat/4536.jpg,Cat
PetImages/Cat/4537.jpg,Cat
PetImages/Cat/4538.jpg,Cat
PetImages/Cat/4539.jpg,Cat
PetImages/Cat/4540.jpg,Cat
PetImages/Cat/4541.jpg,Cat
PetImages/Cat/4542.jpg,Cat
PetImages/Cat/4543.jpg,Cat
PetImages/Cat/4544.jpg,Cat
PetImages/Cat/4545.jpg,Cat
PetImages/Cat/4546.jpg,Cat
PetImages/Cat/4547.jpg,Cat
PetImages/Cat/4548.jpg,Cat
PetImages/Cat/4549.jpg,Cat
PetImages/Cat/4550.jpg,Cat
PetImages/Cat/4551.jpg,Cat
PetImages/Cat/4552.jpg,Cat
PetImages/Cat/4553.jpg,Cat
PetImages/Cat/4554.jpg,Cat
PetImages/Cat/4555.jpg,Cat
PetImages/Cat/4556.jpg,Cat
PetImages/Cat/4557.jpg,Cat
PetImages/Cat/4558.jpg,Cat
PetImages/Cat/4559.jpg,Cat
PetImages/Cat/4560.jpg,Cat
PetImages/Cat/4561.jpg,Cat
PetImages/Cat/4562.jpg,Cat
PetImages/Cat/4563.jpg,Cat
PetImages/Cat/4564.jpg,Cat
PetImages/Cat/4565.jpg,Cat
PetImages/Cat/4566.jpg,Cat
PetImages/Cat/4567.jpg,Cat
PetImages/Cat/4568.jpg,Cat
PetImages/Cat/4569.jpg,Cat
PetImages/Cat/4570.jpg,Cat
PetImages/Cat/4571.jpg,Cat
PetImages/Cat/4572.jpg,Cat
PetImages/Cat/4573.jpg,Cat
PetImages/Cat/4574.jpg,Cat
PetImages/Cat/4575.jpg,Cat
PetImages/Cat/4576.jpg,Cat
PetImages/Cat/4577.jpg,Cat
PetImages/Cat/4578.jpg,Cat
PetImages/Cat/4579.jpg,Cat
PetImages/Cat/4580.jpg,Cat
PetImages/Cat/4581.jpg,Cat
PetImages/Cat/4582.jpg,Cat
PetImages/Cat/4583.jpg,Cat
PetImages/Cat/4584.jpg,Cat
PetImages/Cat/4585.jpg,Cat
PetImages/Cat/4586.jpg,Cat
PetImages/Cat/4587.jpg,Cat
PetImages/Cat/4588.jpg,Cat
PetImages/Cat/4589.jpg,Cat
PetImages/Cat/4590.jpg,Cat
PetImages/Cat/4591.jpg,Cat
PetImages/Cat/4592.jpg,Cat
PetImages/Cat/4593.jpg,Cat
PetImages/Cat/4594.jpg,Cat
PetImages/Cat/4595.jpg,Cat
PetImages/Cat/4596.jpg,Cat
PetImages/Cat/4597.jpg,Cat
PetImages/Cat/4598.jpg,Cat
PetImages/Cat/4599.jpg,Cat
PetImages/Cat/4600.jpg,Cat
PetImages/Cat/4601.jpg,Cat
PetImages/Cat/4602.jpg,Cat
PetImages/Cat/4603.jpg,Cat
PetImages/Cat/4604.jpg,Cat
PetImages/Cat/4605.jpg,Cat
PetImages/Cat/4606.jpg,Cat
PetImages/Cat/4607.jpg,Cat
PetImages/Cat/4608.jpg,Cat
PetImages/Cat/4609.jpg,Cat
PetImages/Cat/4610.jpg,Cat
PetImages/Cat/4611.jpg,Cat
PetImages/Cat/4612.jpg,Cat
PetImages/Cat/4613.jpg,Cat
PetImages/Cat/4614.jpg,Cat
PetImages/Cat/4615.jpg,Cat
PetImages/Cat/4616.jpg,Cat
PetImages/Cat/4617.jpg,Cat
PetImages/Cat/4618.jpg,Cat
PetImages/Cat/4619.jpg,Cat
PetImages/Cat/4620.jpg,Cat
PetImages/Cat/4621.jpg,Cat
PetImages/Cat/4622.jpg,Cat
PetImages/Cat/4623.jpg,Cat
PetImages/Cat/4624.jpg,Cat
PetImages/Cat/4625.jpg,Cat
PetImages/Cat/4626.jpg,Cat
PetImages/Cat/4627.jpg,Cat
PetImages/Cat/4628.jpg,Cat
PetImages/Cat/4629.jpg,Cat
PetImages/Cat/4630.jpg,Cat
PetImages/Cat/4631.jpg,Cat
PetImages/Cat/4632.jpg,Cat
PetImages/Cat/4633.jpg,Cat
PetImages/Cat/4634.jpg,Cat
PetImages/Cat/4635.jpg,Cat
PetImages/Cat/4636.jpg,Cat
PetImages/Cat/4637.jpg,Cat
PetImages/Cat/4638.jpg,Cat
PetImages/Cat/4639.jpg,Cat
PetImages/Cat/4640.jpg,Cat
PetImages/Cat/4641.jpg,Cat
PetImages/Cat/4642.jpg,Cat
PetImages/Cat/4643.jpg,Cat
PetImages/Cat/4644.jpg,Cat
PetImages/Cat/4645.jpg,Cat
PetImages/Cat/4646.jpg,Cat
PetImages/Cat/4647.jpg,Cat
PetImages/Cat/4648.jpg,Cat
PetImages/Cat/4649.jpg,Cat
PetImages/Cat/4650.jpg,Cat
PetImages/Cat/4651.jpg,Cat
PetImages/Cat/4652.jpg,Cat
PetImages/Cat/4653.jpg,Cat
PetImages/Cat/4654.jpg,Cat
PetImages/Cat/4655.jpg,Cat
PetImages/Cat/4656.jpg,Cat
PetImages/Cat/4657.jpg,Cat
PetImages/Cat/4658.jpg,Cat
PetImages/Cat/4659.jpg,Cat
PetImages/Cat/4660.jpg,Cat
PetImages/Cat/4661.jpg,Cat
PetImages/Cat/4662.jpg,Cat
PetImages/Cat/4663.jpg,Cat
PetImages/Cat/4664.jpg,Cat
PetImages/Cat/4665.jpg,Cat
PetImages/Cat/4666.jpg,Cat
PetImages/Cat/4667.jpg,Cat
PetImages/Cat/4668.jpg,Cat
PetImages/Cat/4669.jpg,Cat
PetImages/Cat/4670.jpg,Cat
PetImages/Cat/4671.jpg,Cat
PetImages/Cat/4672.jpg,Cat
PetImages/Cat/4673.jpg,Cat
PetImages/Cat/4674.jpg,Cat
PetImages/Cat/4675.jpg,Cat
PetImages/Cat/4676.jpg,Cat
PetImages/Cat/4677.jpg,Cat
PetImages/Cat/4678.jpg,Cat
PetImages/Cat/4679.jpg,Cat
PetImages/Cat/4680.jpg,Cat
PetImages/Cat/4681.jpg,Cat
PetImages/Cat/4682.jpg,Cat
PetImages/Cat/4683.jpg,Cat
PetImages/Cat/4684.jpg,Cat
PetImages/Cat/4685.jpg,Cat
PetImages/Cat/4686.jpg,Cat
PetImages/Cat/4687.jpg,Cat
PetImages/Cat/4688.jpg,Cat
PetImages/Cat/4689.jpg,Cat
PetImages/Cat/4690.jpg,Cat
PetImages/Cat/4691.jpg,Cat
PetImages/Cat/4692.jpg,Cat
PetImages/Cat/4693.jpg,Cat
PetImages/Cat/4694.jpg,Cat
PetImages/Cat/4695.jpg,Cat
PetImages/Cat/4696.jpg,Cat
PetImages/Cat/4697.jpg,Cat
PetImages/Cat/4698.jpg,Cat
PetImages/Cat/4699.jpg,Cat
PetImages/Cat/4700.jpg,Cat
PetImages/Cat/4701.jpg,Cat
PetImages/Cat/4702.jpg,Cat
PetImages/Cat/4703.jpg,Cat
PetImages/Cat/4704.jpg,Cat
PetImages/Cat/4705.jpg,Cat
PetImages/Cat/4706.jpg,Cat
PetImages/Cat/4707.jpg,Cat
PetImages/Cat/4708.jpg,Cat
PetImages/Cat/4709.jpg,Cat
PetImages/Cat/4710.jpg,Cat
PetImages/Cat/4711.jpg,Cat
PetImages/Cat/4712.jpg,Cat
PetImages/Cat/4713.jpg,Cat
PetImages/Cat/4714.jpg,Cat
PetImages/Cat/4715.jpg,Cat
PetImages/Cat/4716.jpg,Cat
PetImages/Cat/4717.jpg,Cat
PetImages/Cat/4718.jpg,Cat
PetImages/Cat/4719.jpg,Cat
PetImages/Cat/4720.jpg,Cat
PetImages/Cat/4721.jpg,Cat
PetImages/Cat/4722.jpg,Cat
PetImages/Cat/4723.jpg,Cat
PetImages/Cat/4724.jpg,Cat
PetImages/Cat/4725.jpg,Cat
PetImages/Cat/4726.jpg,Cat
PetImages/Cat/4727.jpg,Cat
PetImages/Cat/4728.jpg,Cat
PetImages/Cat/4729.jpg,Cat
PetImages/Cat/4730.jpg,Cat
PetImages/Cat/4731.jpg,Cat
PetImages/Cat/4732.jpg,Cat
PetImages/Cat/4733.jpg,Cat
PetImages/Cat/4734.jpg,Cat
PetImages/Cat/4735.jpg,Cat
PetImages/Cat/4736.jpg,Cat
PetImages/Cat/4737.jpg,Cat
PetImages/Cat/4738.jpg,Cat
PetImages/Cat/4739.jpg,Cat
PetImages/Cat/4740.jpg,Cat
PetImages/Cat/4741.jpg,Cat
PetImages/Cat/4742.jpg,Cat
PetImages/Cat/4743.jpg,Cat
PetImages/Cat/4744.jpg,Cat
PetImages/Cat/4745.jpg,Cat
PetImages/Cat/4746.jpg,Cat
PetImages/Cat/4747.jpg,Cat
PetImages/Cat/4748.jpg,Cat
PetImages/Cat/4749.jpg,Cat
PetImages/Cat/4750.jpg,Cat
PetImages/Cat/4751.jpg,Cat
PetImages/Cat/4752.jpg,Cat
PetImages/Cat/4753.jpg,Cat
PetImages/Cat/4754.jpg,Cat
PetImages/Cat/4755.jpg,Cat
PetImages/Cat/4756.jpg,Cat
PetImages/Cat/4757.jpg,Cat
PetImages/Cat/4758.jpg,Cat
PetImages/Cat/4759.jpg,Cat
PetImages/Cat/4760.jpg,Cat
PetImages/Cat/4761.jpg,Cat
PetImages/Cat/4762.jpg,Cat
PetImages/Cat/4763.jpg,Cat
PetImages/Cat/4764.jpg,Cat
PetImages/Cat/4765.jpg,Cat
PetImages/Cat/4766.jpg,Cat
PetImages/Cat/4767.jpg,Cat
PetImages/Cat/4768.jpg,Cat
PetImages/Cat/4769.jpg,Cat
PetImages/Cat/4770.jpg,Cat
PetImages/Cat/4771.jpg,Cat
PetImages/Cat/4772.jpg,Cat
PetImages/Cat/4773.jpg,Cat
PetImages/Cat/4774.jpg,Cat
PetImages/Cat/4775.jpg,Cat
PetImages/Cat/4776.jpg,Cat
PetImages/Cat/4777.jpg,Cat
PetImages/Cat/4778.jpg,Cat
PetImages/Cat/4779.jpg,Cat
PetImages/Cat/4780.jpg,Cat
PetImages/Cat/4781.jpg,Cat
PetImages/Cat/4782.jpg,Cat
PetImages/Cat/4783.jpg,Cat
PetImages/Cat/4784.jpg,Cat
PetImages/Cat/4785.jpg,Cat
PetImages/Cat/4786.jpg,Cat
PetImages/Cat/4787.jpg,Cat
PetImages/Cat/4788.jpg,Cat
PetImages/Cat/4789.jpg,Cat
PetImages/Cat/4790.jpg,Cat
PetImages/Cat/4791.jpg,Cat
PetImages/Cat/4792.jpg,Cat
PetImages/Cat/4793.jpg,Cat
PetImages/Cat/4794.jpg,Cat
PetImages/Cat/4795.jpg,Cat
PetImages/Cat/4796.jpg,Cat
PetImages/Cat/4797.jpg,Cat
PetImages/Cat/4798.jpg,Cat
PetImages/Cat/4799.jpg,Cat
PetImages/Cat/4800.jpg,Cat
PetImages/Cat/4801.jpg,Cat
PetImages/Cat/4802.jpg,Cat
PetImages/Cat/4803.jpg,Cat
PetImages/Cat/4804.jpg,Cat
PetImages/Cat/4805.jpg,Cat
PetImages/Cat/4806.jpg,Cat
PetImages/Cat/4807.jpg,Cat
PetImages/Cat/4808.jpg,Cat
PetImages/Cat/4809.jpg,Cat
PetImages/Cat/4810.jpg,Cat
PetImages/Cat/4811.jpg,Cat
PetImages/Cat/4812.jpg,Cat
PetImages/Cat/4813.jpg,Cat
PetImages/Cat/4814.jpg,Cat
PetImages/Cat/4815.jpg,Cat
PetImages/Cat/4816.jpg,Cat
PetImages/Cat/4817.jpg,Cat
PetImages/Cat/4818.jpg,Cat
PetImages/Cat/4819.jpg,Cat
PetImages/Cat/4820.jpg,Cat
PetImages/Cat/4821.jpg,Cat
PetImages/Cat/4822.jpg,Cat
PetImages/Cat/4823.jpg,Cat
PetImages/Cat/4824.jpg,Cat
PetImages/Cat/4825.jpg,Cat
PetImages/Cat/4826.jpg,Cat
PetImages/Cat/4827.jpg,Cat
PetImages/Cat/4828.jpg,Cat
PetImages/Cat/4829.jpg,Cat
PetImages/Cat/4830.jpg,Cat
PetImages/Cat/4831.jpg,Cat
PetImages/Cat/4832.jpg,Cat
PetImages/Cat/4833.jpg,Cat
PetImages/Cat/4834.jpg,Cat
PetImages/Cat/4835.jpg,Cat
PetImages/Cat/4836.jpg,Cat
PetImages/Cat/4837.jpg,Cat
PetImages/Cat/4838.jpg,Cat
PetImages/Cat/4839.jpg,Cat
PetImages/Cat/4840.jpg,Cat
PetImages/Cat/4841.jpg,Cat
PetImages/Cat/4842.jpg,Cat
PetImages/Cat/4843.jpg,Cat
PetImages/Cat/4844.jpg,Cat
PetImages/Cat/4845.jpg,Cat
PetImages/Cat/4846.jpg,Cat
PetImages/Cat/4847.jpg,Cat
PetImages/Cat/4848.jpg,Cat
PetImages/Cat/4849.jpg,Cat
PetImages/Cat/4850.jpg,Cat
PetImages/Cat/4851.jpg,Cat
PetImages/Cat/4852.jpg,Cat
PetImages/Cat/4853.jpg,Cat
PetImages/Cat/4854.jpg,Cat
PetImages/Cat/4855.jpg,Cat
PetImages/Cat/4856.jpg,Cat
PetImages/Cat/4857.jpg,Cat
PetImages/Cat/4858.jpg,Cat
PetImages/Cat/4859.jpg,Cat
PetImages/Cat/4860.jpg,Cat
PetImages/Cat/4861.jpg,Cat
PetImages/Cat/4862.jpg,Cat
PetImages/Cat/4863.jpg,Cat
PetImages/Cat/4864.jpg,Cat
PetImages/Cat/4865.jpg,Cat
PetImages/Cat/4866.jpg,Cat
PetImages/Cat/4867.jpg,Cat
PetImages/Cat/4868.jpg,Cat
PetImages/Cat/4869.jpg,Cat
PetImages/Cat/4870.jpg,Cat
PetImages/Cat/4871.jpg,Cat
PetImages/Cat/4872.jpg,Cat
PetImages/Cat/4873.jpg,Cat
PetImages/Cat/4874.jpg,Cat
PetImages/Cat/4875.jpg,Cat
PetImages/Cat/4876.jpg,Cat
PetImages/Cat/4877.jpg,Cat
PetImages/Cat/4878.jpg,Cat
PetImages/Cat/4879.jpg,Cat
PetImages/Cat/4880.jpg,Cat
PetImages/Cat/4881.jpg,Cat
PetImages/Cat/4882.jpg,Cat
PetImages/Cat/4883.jpg,Cat
PetImages/Cat/4884.jpg,Cat
PetImages/Cat/4885.jpg,Cat
PetImages/Cat/4886.jpg,Cat
PetImages/Cat/4887.jpg,Cat
PetImages/Cat/4888.jpg,Cat
PetImages/Cat/4889.jpg,Cat
PetImages/Cat/4890.jpg,Cat
PetImages/Cat/4891.jpg,Cat
PetImages/Cat/4892.jpg,Cat
PetImages/Cat/4893.jpg,Cat
PetImages/Cat/4894.jpg,Cat
PetImages/Cat/4895.jpg,Cat
PetImages/Cat/4896.jpg,Cat
PetImages/Cat/4897.jpg,Cat
PetImages/Cat/4898.jpg,Cat
PetImages/Cat/4899.jpg,Cat
PetImages/Cat/4900.jpg,Cat
PetImages/Cat/4901.jpg,Cat
PetImages/Cat/4902.jpg,Cat
PetImages/Cat/4903.jpg,Cat
PetImages/Cat/4904.jpg,Cat
PetImages/Cat/4905.jpg,Cat
PetImages/Cat/4906.jpg,Cat
PetImages/Cat/4907.jpg,Cat
PetImages/Cat/4908.jpg,Cat
PetImages/Cat/4909.jpg,Cat
PetImages/Cat/4910.jpg,Cat
PetImages/Cat/4911.jpg,Cat
PetImages/Cat/4912.jpg,Cat
PetImages/Cat/4913.jpg,Cat
PetImages/Cat/4914.jpg,Cat
PetImages/Cat/4915.jpg,Cat
PetImages/Cat/4916.jpg,Cat
PetImages/Cat/4917.jpg,Cat
PetImages/Cat/4918.jpg,Cat
PetImages/Cat/4919.jpg,Cat
PetImages/Cat/4920.jpg,Cat
PetImages/Cat/4921.jpg,Cat
PetImages/Cat/4922.jpg,Cat
PetImages/Cat/4923.jpg,Cat
PetImages/Cat/4924.jpg,Cat
PetImages/Cat/4925.jpg,Cat
PetImages/Cat/4926.jpg,Cat
PetImages/Cat/4927.jpg,Cat
PetImages/Cat/4928.jpg,Cat
PetImages/Cat/4929.jpg,Cat
PetImages/Cat/4930.jpg,Cat
PetImages/Cat/4931.jpg,Cat
PetImages/Cat/4932.jpg,Cat
PetImages/Cat/4933.jpg,Cat
PetImages/Cat/4934.jpg,Cat
PetImages/Cat/4935.jpg,Cat
PetImages/Cat/4936.jpg,Cat
PetImages/Cat/4937.jpg,Cat
PetImages/Cat/4938.jpg,Cat
PetImages/Cat/4939.jpg,Cat
PetImages/Cat/4940.jpg,Cat
PetImages/Cat/4941.jpg,Cat
PetImages/Cat/4942.jpg,Cat
PetImages/Cat/4943.jpg,Cat
PetImages/Cat/4944.jpg,Cat
PetImages/Cat/4945.jpg,Cat
PetImages/Cat/4946.jpg,Cat
PetImages/Cat/4947.jpg,Cat
PetImages/Cat/4948.jpg,Cat
PetImages/Cat/4949.jpg,Cat
PetImages/Cat/4950.jpg,Cat
PetImages/Cat/4951.jpg,Cat
PetImages/Cat/4952.jpg,Cat
PetImages/Cat/4953.jpg,Cat
PetImages/Cat/4954.jpg,Cat
PetImages/Cat/4955.jpg,Cat
PetImages/Cat/4956.jpg,Cat
PetImages/Cat/4957.jpg,Cat
PetImages/Cat/4958.jpg,Cat
PetImages/Cat/4959.jpg,Cat
PetImages/Cat/4960.jpg,Cat
PetImages/Cat/4961.jpg,Cat
PetImages/Cat/4962.jpg,Cat
PetImages/Cat/4963.jpg,Cat
PetImages/Cat/4964.jpg,Cat
PetImages/Cat/4965.jpg,Cat
PetImages/Cat/4966.jpg,Cat
PetImages/Cat/4967.jpg,Cat
PetImages/Cat/4968.jpg,Cat
PetImages/Cat/4969.jpg,Cat
PetImages/Cat/4970.jpg,Cat
PetImages/Cat/4971.jpg,Cat
PetImages/Cat/4972.jpg,Cat
PetImages/Cat/4973.jpg,Cat
PetImages/Cat/4974.jpg,Cat
PetImages/Cat/4975.jpg,Cat
PetImages/Cat/4976.jpg,Cat
PetImages/Cat/4977.jpg,Cat
PetImages/Cat/4978.jpg,Cat
PetImages/Cat/4979.jpg,Cat
PetImages/Cat/4980.jpg,Cat
PetImages/Cat/4981.jpg,Cat
PetImages/Cat/4982.jpg,Cat
PetImages/Cat/4983.jpg,Cat
PetImages/Cat/4984.jpg,Cat
PetImages/Cat/4985.jpg,Cat
PetImages/Cat/4986.jpg,Cat
PetImages/Cat/4987.jpg,Cat
PetImages/Cat/4988.jpg,Cat
PetImages/Cat/4989.jpg,Cat
PetImages/Cat/4990.jpg,Cat
PetImages/Cat/4991.jpg,Cat
PetImages/Cat/4992.jpg,Cat
PetImages/Cat/4993.jpg,Cat
PetImages/Cat/4994.jpg,Cat
PetImages/Cat/4995.jpg,Cat
PetImages/Cat/4996.jpg,Cat
PetImages/Cat/4997.jpg,Cat
PetImages/Cat/4998.jpg,Cat
PetImages/Cat/4999.jpg,Cat
PetImages/Dog/0.jpg,Dog
PetImages/Dog/1.jpg,Dog
PetImages/Dog/2.jpg,Dog
PetImages/Dog/3.jpg,Dog
PetImages/Dog/4.jpg,Dog
PetImages/Dog/5.jpg,Dog
PetImages/Dog/6.jpg,Dog
PetImages/Dog/7.jpg,Dog
PetImages/Dog/8.jpg,Dog
PetImages/Dog/9.jpg,Dog
PetImages/Dog/10.jpg,Dog
PetImages/Dog/11.jpg,Dog
PetImages/Dog/12.jpg,Dog
PetImages/Dog/13.jpg,Dog
PetImages/Dog/14.jpg,Dog
PetImages/Dog/15.jpg,Dog
PetImages/Dog/16.jpg,Dog
PetImages/Dog/17.jpg,Dog
PetImages/Dog/18.jpg,Dog
PetImages/Dog/19.jpg,Dog
PetImages/Dog/20.jpg,Dog
PetImages/Dog/21.jpg,Dog
PetImages/Dog/22.jpg,Dog
PetImages/Dog/23.jpg,Dog
PetImages/Dog/24.jpg,Dog
PetImages/Dog/25.jpg,Dog
PetImages/Dog/26.jpg,Dog
PetImages/Dog/27.jpg,Dog
PetImages/Dog/28.jpg,Dog
PetImages/Dog/29.jpg,Dog
PetImages/Dog/30.jpg,Dog
PetImages/Dog/31.jpg,Dog
PetImages/Dog/32.jpg,Dog
PetImages/Dog/33.jpg,Dog
PetImages/Dog/34.jpg,Dog
PetImages/Dog/35.jpg,Dog
PetImages/Dog/36.jpg,Dog
PetImages/Dog/37.jpg,Dog
PetImages/Dog/38.jpg,Dog
PetImages/Dog/39.jpg,Dog
PetImages/Dog/40.jpg,Dog
PetImages/Dog/41.jpg,Dog
PetImages/Dog/42.jpg,Dog
PetImages/Dog/43.jpg,Dog
PetImages/Dog/44.jpg,Dog
PetImages/Dog/45.jpg,Dog
PetImages/Dog/46.jpg,Dog
PetImages/Dog/47.jpg,Dog
PetImages/Dog/48.jpg,Dog
PetImages/Dog/49.jpg,Dog
PetImages/Dog/50.jpg,Dog
PetImages/Dog/51.jpg,Dog
PetImages/Dog/52.jpg,Dog
PetImages/Dog/53.jpg,Dog
PetImages/Dog/54.jpg,Dog
PetImages/Dog/55.jpg,Dog
PetImages/Dog/56.jpg,Dog
PetImages/Dog/57.jpg,Dog
PetImages/Dog/58.jpg,Dog
PetImages/Dog/59.jpg,Dog
PetImages/Dog/60.jpg,Dog
PetImages/Dog/61.jpg,Dog
PetImages/Dog/62.jpg,Dog
PetImages/Dog/63.jpg,Dog
PetImages/Dog/64.jpg,Dog
PetImages/Dog/65.jpg,Dog
PetImages/Dog/66.jpg,Dog
PetImages/Dog/67.jpg,Dog
PetImages/Dog/68.jpg,Dog
PetImages/Dog/69.jpg,Dog
PetImages/Dog/70.jpg,Dog
PetImages/Dog/71.jpg,Dog
PetImages/Dog/72.jpg,Dog
PetImages/Dog/73.jpg,Dog
PetImages/Dog/74.jpg,Dog
PetImages/Dog/75.jpg,Dog
PetImages/Dog/76.jpg,Dog
PetImages/Dog/77.jpg,Dog
PetImages/Dog/78.jpg,Dog
PetImages/Dog/79.jpg,Dog
PetImages/Dog/80.jpg,Dog
PetImages/Dog/81.jpg,Dog
PetImages/Dog/82.jpg,Dog
PetImages/Dog/83.jpg,Dog
PetImages/Dog/84.jpg,Dog
PetImages/Dog/85.jpg,Dog
PetImages/Dog/86.jpg,Dog
PetImages/Dog/87.jpg,Dog
PetImages/Dog/88.jpg,Dog
PetImages/Dog/89.jpg,Dog
PetImages/Dog/90.jpg,Dog
PetImages/Dog/91.jpg,Dog
PetImages/Dog/92.jpg,Dog
PetImages/Dog/93.jpg,Dog
PetImages/Dog/94.jpg,Dog
PetImages/Dog/95.jpg,Dog
PetImages/Dog/96.jpg,Dog
PetImages/Dog/97.jpg,Dog
PetImages/Dog/98.jpg,Dog
PetImages/Dog/99.jpg,Dog
PetImages/Dog/100.jpg,Dog
PetImages/Dog/101.jpg,Dog
PetImages/Dog/102.jpg,Dog
PetImages/Dog/103.jpg,Dog
PetImages/Dog/104.jpg,Dog
PetImages/Dog/105.jpg,Dog
PetImages/Dog/106.jpg,Dog
PetImages/Dog/107.jpg,Dog
PetImages/Dog/108.jpg,Dog
PetImages/Dog/109.jpg,Dog
PetImages/Dog/110.jpg,Dog
PetImages/Dog/111.jpg,Dog
PetImages/Dog/112.jpg,Dog
PetImages/Dog/113.jpg,Dog
PetImages/Dog/114.jpg,Dog
PetImages/Dog/115.jpg,Dog
PetImages/Dog/116.jpg,Dog
PetImages/Dog/117.jpg,Dog
PetImages/Dog/118.jpg,Dog
PetImages/Dog/119.jpg,Dog
PetImages/Dog/120.jpg,Dog
PetImages/Dog/121.jpg,Dog
PetImages/Dog/122.jpg,Dog
PetImages/Dog/123.jpg,Dog
PetImages/Dog/124.jpg,Dog
PetImages/Dog/125.jpg,Dog
PetImages/Dog/126.jpg,Dog
PetImages/Dog/127.jpg,Dog
PetImages/Dog/128.jpg,Dog
PetImages/Dog/129.jpg,Dog
PetImages/Dog/130.jpg,Dog
PetImages/Dog/131.jpg,Dog
PetImages/Dog/132.jpg,Dog
PetImages/Dog/133.jpg,Dog
PetImages/Dog/134.jpg,Dog
PetImages/Dog/135.jpg,Dog
PetImages/Dog/136.jpg,Dog
PetImages/Dog/137.jpg,Dog
PetImages/Dog/138.jpg,Dog
PetImages/Dog/139.jpg,Dog
PetImages/Dog/140.jpg,Dog
PetImages/Dog/141.jpg,Dog
PetImages/Dog/142.jpg,Dog
PetImages/Dog/143.jpg,Dog
PetImages/Dog/144.jpg,Dog
PetImages/Dog/145.jpg,Dog
PetImages/Dog/146.jpg,Dog
PetImages/Dog/147.jpg,Dog
PetImages/Dog/148.jpg,Dog
PetImages/Dog/149.jpg,Dog
PetImages/Dog/150.jpg,Dog
PetImages/Dog/151.jpg,Dog
PetImages/Dog/152.jpg,Dog
PetImages/Dog/153.jpg,Dog
PetImages/Dog/154.jpg,Dog
PetImages/Dog/155.jpg,Dog
PetImages/Dog/156.jpg,Dog
PetImages/Dog/157.jpg,Dog
PetImages/Dog/158.jpg,Dog
PetImages/Dog/159.jpg,Dog
PetImages/Dog/160.jpg,Dog
PetImages/Dog/161.jpg,Dog
PetImages/Dog/162.jpg,Dog
PetImages/Dog/163.jpg,Dog
PetImages/Dog/164.jpg,Dog
PetImages/Dog/165.jpg,Dog
PetImages/Dog/166.jpg,Dog
PetImages/Dog/167.jpg,Dog
PetImages/Dog/168.jpg,Dog
PetImages/Dog/169.jpg,Dog
PetImages/Dog/170.jpg,Dog
PetImages/Dog/171.jpg,Dog
PetImages/Dog/172.jpg,Dog
PetImages/Dog/173.jpg,Dog
PetImages/Dog/174.jpg,Dog
PetImages/Dog/175.jpg,Dog
PetImages/Dog/176.jpg,Dog
PetImages/Dog/177.jpg,Dog
PetImages/Dog/178.jpg,Dog
PetImages/Dog/179.jpg,Dog
PetImages/Dog/180.jpg,Dog
PetImages/Dog/181.jpg,Dog
PetImages/Dog/182.jpg,Dog
PetImages/Dog/183.jpg,Dog
PetImages/Dog/184.jpg,Dog
PetImages/Dog/185.jpg,Dog
PetImages/Dog/186.jpg,Dog
PetImages/Dog/187.jpg,Dog
PetImages/Dog/188.jpg,Dog
PetImages/Dog/189.jpg,Dog
PetImages/Dog/190.jpg,Dog
PetImages/Dog/191.jpg,Dog
PetImages/Dog/192.jpg,Dog
PetImages/Dog/193.jpg,Dog
PetImages/Dog/194.jpg,Dog
PetImages/Dog/195.jpg,Dog
PetImages/Dog/196.jpg,Dog
PetImages/Dog/197.jpg,Dog
PetImages/Dog/198.jpg,Dog
PetImages/Dog/199.jpg,Dog
PetImages/Dog/200.jpg,Dog
PetImages/Dog/201.jpg,Dog
PetImages/Dog/202.jpg,Dog
PetImages/Dog/203.jpg,Dog
PetImages/Dog/204.jpg,Dog
PetImages/Dog/205.jpg,Dog
PetImages/Dog/206.jpg,Dog
PetImages/Dog/207.jpg,Dog
PetImages/Dog/208.jpg,Dog
PetImages/Dog/209.jpg,Dog
PetImages/Dog/210.jpg,Dog
PetImages/Dog/211.jpg,Dog
PetImages/Dog/212.jpg,Dog
PetImages/Dog/213.jpg,Dog
PetImages/Dog/214.jpg,Dog
PetImages/Dog/215.jpg,Dog
PetImages/Dog/216.jpg,Dog
PetImages/Dog/217.jpg,Dog
PetImages/Dog/218.jpg,Dog
PetImages/Dog/219.jpg,Dog
PetImages/Dog/220.jpg,Dog
PetImages/Dog/221.jpg,Dog
PetImages/Dog/222.jpg,Dog
PetImages/Dog/223.jpg,Dog
PetImages/Dog/224.jpg,Dog
PetImages/Dog/225.jpg,Dog
PetImages/Dog/226.jpg,Dog
PetImages/Dog/227.jpg,Dog
PetImages/Dog/228.jpg,Dog
PetImages/Dog/229.jpg,Dog
PetImages/Dog/230.jpg,Dog
PetImages/Dog/231.jpg,Dog
PetImages/Dog/232.jpg,Dog
PetImages/Dog/233.jpg,Dog
PetImages/Dog/234.jpg,Dog
PetImages/Dog/235.jpg,Dog
PetImages/Dog/236.jpg,Dog
PetImages/Dog/237.jpg,Dog
PetImages/Dog/238.jpg,Dog
PetImages/Dog/239.jpg,Dog
PetImages/Dog/240.jpg,Dog
PetImages/Dog/241.jpg,Dog
PetImages/Dog/242.jpg,Dog
PetImages/Dog/243.jpg,Dog
PetImages/Dog/244.jpg,Dog
PetImages/Dog/245.jpg,Dog
PetImages/Dog/246.jpg,Dog
PetImages/Dog/247.jpg,Dog
PetImages/Dog/248.jpg,Dog
PetImages/Dog/249.jpg,Dog
PetImages/Dog/250.jpg,Dog
PetImages/Dog/251.jpg,Dog
PetImages/Dog/252.jpg,Dog
PetImages/Dog/253.jpg,Dog
PetImages/Dog/254.jpg,Dog
PetImages/Dog/255.jpg,Dog
PetImages/Dog/256.jpg,Dog
PetImages/Dog/257.jpg,Dog
PetImages/Dog/258.jpg,Dog
PetImages/Dog/259.jpg,Dog
PetImages/Dog/260.jpg,Dog
PetImages/Dog/261.jpg,Dog
PetImages/Dog/262.jpg,Dog
PetImages/Dog/263.jpg,Dog
PetImages/Dog/264.jpg,Dog
PetImages/Dog/265.jpg,Dog
PetImages/Dog/266.jpg,Dog
PetImages/Dog/267.jpg,Dog
PetImages/Dog/268.jpg,Dog
PetImages/Dog/269.jpg,Dog
PetImages/Dog/270.jpg,Dog
PetImages/Dog/271.jpg,Dog
PetImages/Dog/272.jpg,Dog
PetImages/Dog/273.jpg,Dog
PetImages/Dog/274.jpg,Dog
PetImages/Dog/275.jpg,Dog
PetImages/Dog/276.jpg,Dog
PetImages/Dog/277.jpg,Dog
PetImages/Dog/278.jpg,Dog
PetImages/Dog/279.jpg,Dog
PetImages/Dog/280.jpg,Dog
PetImages/Dog/281.jpg,Dog
PetImages/Dog/282.jpg,Dog
PetImages/Dog/283.jpg,Dog
PetImages/Dog/284.jpg,Dog
PetImages/Dog/285.jpg,Dog
PetImages/Dog/286.jpg,Dog
PetImages/Dog/287.jpg,Dog
PetImages/Dog/288.jpg,Dog
PetImages/Dog/289.jpg,Dog
PetImages/Dog/290.jpg,Dog
PetImages/Dog/291.jpg,Dog
PetImages/Dog/292.jpg,Dog
PetImages/Dog/293.jpg,Dog
PetImages/Dog/294.jpg,Dog
PetImages/Dog/295.jpg,Dog
PetImages/Dog/296.jpg,Dog
PetImages/Dog/297.jpg,Dog
PetImages/Dog/298.jpg,Dog
PetImages/Dog/299.jpg,Dog
PetImages/Dog/300.jpg,Dog
PetImages/Dog/301.jpg,Dog
PetImages/Dog/302.jpg,Dog
PetImages/Dog/303.jpg,Dog
PetImages/Dog/304.jpg,Dog
PetImages/Dog/305.jpg,Dog
PetImages/Dog/306.jpg,Dog
PetImages/Dog/307.jpg,Dog
PetImages/Dog/308.jpg,Dog
PetImages/Dog/309.jpg,Dog
PetImages/Dog/310.jpg,Dog
PetImages/Dog/311.jpg,Dog
PetImages/Dog/312.jpg,Dog
PetImages/Dog/313.jpg,Dog
PetImages/Dog/314.jpg,Dog
PetImages/Dog/315.jpg,Dog
PetImages/Dog/316.jpg,Dog
PetImages/Dog/317.jpg,Dog
PetImages/Dog/318.jpg,Dog
PetImages/Dog/319.jpg,Dog
PetImages/Dog/320.jpg,Dog
PetImages/Dog/321.jpg,Dog
PetImages/Dog/322.jpg,Dog
PetImages/Dog/323.jpg,Dog
PetImages/Dog/324.jpg,Dog
PetImages/Dog/325.jpg,Dog
PetImages/Dog/326.jpg,Dog
PetImages/Dog/327.jpg,Dog
PetImages/Dog/328.jpg,Dog
PetImages/Dog/329.jpg,Dog
PetImages/Dog/330.jpg,Dog
PetImages/Dog/331.jpg,Dog
PetImages/Dog/332.jpg,Dog
PetImages/Dog/333.jpg,Dog
PetImages/Dog/334.jpg,Dog
PetImages/Dog/335.jpg,Dog
PetImages/Dog/336.jpg,Dog
PetImages/Dog/337.jpg,Dog
PetImages/Dog/338.jpg,Dog
PetImages/Dog/339.jpg,Dog
PetImages/Dog/340.jpg,Dog
PetImages/Dog/341.jpg,Dog
PetImages/Dog/342.jpg,Dog
PetImages/Dog/343.jpg,Dog
PetImages/Dog/344.jpg,Dog
PetImages/Dog/345.jpg,Dog
PetImages/Dog/346.jpg,Dog
PetImages/Dog/347.jpg,Dog
PetImages/Dog/348.jpg,Dog
PetImages/Dog/349.jpg,Dog
PetImages/Dog/350.jpg,Dog
PetImages/Dog/351.jpg,Dog
PetImages/Dog/352.jpg,Dog
PetImages/Dog/353.jpg,Dog
PetImages/Dog/354.jpg,Dog
PetImages/Dog/355.jpg,Dog
PetImages/Dog/356.jpg,Dog
PetImages/Dog/357.jpg,Dog
PetImages/Dog/358.jpg,Dog
PetImages/Dog/359.jpg,Dog
PetImages/Dog/360.jpg,Dog
PetImages/Dog/361.jpg,Dog
PetImages/Dog/362.jpg,Dog
PetImages/Dog/363.jpg,Dog
PetImages/Dog/364.jpg,Dog
PetImages/Dog/365.jpg,Dog
PetImages/Dog/366.jpg,Dog
PetImages/Dog/367.jpg,Dog
PetImages/Dog/368.jpg,Dog
PetImages/Dog/369.jpg,Dog
PetImages/Dog/370.jpg,Dog
PetImages/Dog/371.jpg,Dog
PetImages/Dog/372.jpg,Dog
PetImages/Dog/373.jpg,Dog
PetImages/Dog/374.jpg,Dog
PetImages/Dog/375.jpg,Dog
PetImages/Dog/376.jpg,Dog
PetImages/Dog/377.jpg,Dog
PetImages/Dog/378.jpg,Dog
PetImages/Dog/379.jpg,Dog
PetImages/Dog/380.jpg,Dog
PetImages/Dog/381.jpg,Dog
PetImages/Dog/382.jpg,Dog
PetImages/Dog/383.jpg,Dog
PetImages/Dog/384.jpg,Dog
PetImages/Dog/385.jpg,Dog
PetImages/Dog/386.jpg,Dog
PetImages/Dog/387.jpg,Dog
PetImages/Dog/388.jpg,Dog
PetImages/Dog/389.jpg,Dog
PetImages/Dog/390.jpg,Dog
PetImages/Dog/391.jpg,Dog
PetImages/Dog/392.jpg,Dog
PetImages/Dog/393.jpg,Dog
PetImages/Dog/394.jpg,Dog
PetImages/Dog/395.jpg,Dog
PetImages/Dog/396.jpg,Dog
PetImages/Dog/397.jpg,Dog
PetImages/Dog/398.jpg,Dog
PetImages/Dog/399.jpg,Dog
PetImages/Dog/400.jpg,Dog
PetImages/Dog/401.jpg,Dog
PetImages/Dog/402.jpg,Dog
PetImages/Dog/403.jpg,Dog
PetImages/Dog/404.jpg,Dog
PetImages/Dog/405.jpg,Dog
PetImages/Dog/406.jpg,Dog
PetImages/Dog/407.jpg,Dog
PetImages/Dog/408.jpg,Dog
PetImages/Dog/409.jpg,Dog
PetImages/Dog/410.jpg,Dog
PetImages/Dog/411.jpg,Dog
PetImages/Dog/412.jpg,Dog
PetImages/Dog/413.jpg,Dog
PetImages/Dog/414.jpg,Dog
PetImages/Dog/415.jpg,Dog
PetImages/Dog/416.jpg,Dog
PetImages/Dog/417.jpg,Dog
PetImages/Dog/418.jpg,Dog
PetImages/Dog/419.jpg,Dog
PetImages/Dog/420.jpg,Dog
PetImages/Dog/421.jpg,Dog
PetImages/Dog/422.jpg,Dog
PetImages/Dog/423.jpg,Dog
PetImages/Dog/424.jpg,Dog
PetImages/Dog/425.jpg,Dog
PetImages/Dog/426.jpg,Dog
PetImages/Dog/427.jpg,Dog
PetImages/Dog/428.jpg,Dog
PetImages/Dog/429.jpg,Dog
PetImages/Dog/430.jpg,Dog
PetImages/Dog/431.jpg,Dog
PetImages/Dog/432.jpg,Dog
PetImages/Dog/433.jpg,Dog
PetImages/Dog/434.jpg,Dog
PetImages/Dog/435.jpg,Dog
PetImages/Dog/436.jpg,Dog
PetImages/Dog/437.jpg,Dog
PetImages/Dog/438.jpg,Dog
PetImages/Dog/439.jpg,Dog
PetImages/Dog/440.jpg,Dog
PetImages/Dog/441.jpg,Dog
PetImages/Dog/442.jpg,Dog
PetImages/Dog/443.jpg,Dog
PetImages/Dog/444.jpg,Dog
PetImages/Dog/445.jpg,Dog
PetImages/Dog/446.jpg,Dog
PetImages/Dog/447.jpg,Dog
PetImages/Dog/448.jpg,Dog
PetImages/Dog/449.jpg,Dog
PetImages/Dog/450.jpg,Dog
PetImages/Dog/451.jpg,Dog
PetImages/Dog/452.jpg,Dog
PetImages/Dog/453.jpg,Dog
PetImages/Dog/454.jpg,Dog
PetImages/Dog/455.jpg,Dog
PetImages/Dog/456.jpg,Dog
PetImages/Dog/457.jpg,Dog
PetImages/Dog/458.jpg,Dog
PetImages/Dog/459.jpg,Dog
PetImages/Dog/460.jpg,Dog
PetImages/Dog/461.jpg,Dog
PetImages/Dog/462.jpg,Dog
PetImages/Dog/463.jpg,Dog
PetImages/Dog/464.jpg,Dog
PetImages/Dog/465.jpg,Dog
PetImages/Dog/466.jpg,Dog
PetImages/Dog/467.jpg,Dog
PetImages/Dog/468.jpg,Dog
PetImages/Dog/469.jpg,Dog
PetImages/Dog/470.jpg,Dog
PetImages/Dog/471.jpg,Dog
PetImages/Dog/472.jpg,Dog
PetImages/Dog/473.jpg,Dog
PetImages/Dog/474.jpg,Dog
PetImages/Dog/475.jpg,Dog
PetImages/Dog/476.jpg,Dog
PetImages/Dog/477.jpg,Dog
PetImages/Dog/478.jpg,Dog
PetImages/Dog/479.jpg,Dog
PetImages/Dog/480.jpg,Dog
PetImages/Dog/481.jpg,Dog
PetImages/Dog/482.jpg,Dog
PetImages/Dog/483.jpg,Dog
PetImages/Dog/484.jpg,Dog
PetImages/Dog/485.jpg,Dog
PetImages/Dog/486.jpg,Dog
PetImages/Dog/487.jpg,Dog
PetImages/Dog/488.jpg,Dog
PetImages/Dog/489.jpg,Dog
PetImages/Dog/490.jpg,Dog
PetImages/Dog/491.jpg,Dog
PetImages/Dog/492.jpg,Dog
PetImages/Dog/493.jpg,Dog
PetImages/Dog/494.jpg,Dog
PetImages/Dog/495.jpg,Dog
PetImages/Dog/496.jpg,Dog
PetImages/Dog/497.jpg,Dog
PetImages/Dog/498.jpg,Dog
PetImages/Dog/499.jpg,Dog
PetImages/Dog/500.jpg,Dog
PetImages/Dog/501.jpg,Dog
PetImages/Dog/502.jpg,Dog
PetImages/Dog/503.jpg,Dog
PetImages/Dog/504.jpg,Dog
PetImages/Dog/505.jpg,Dog
PetImages/Dog/506.jpg,Dog
PetImages/Dog/507.jpg,Dog
PetImages/Dog/508.jpg,Dog
PetImages/Dog/509.jpg,Dog
PetImages/Dog/510.jpg,Dog
PetImages/Dog/511.jpg,Dog
PetImages/Dog/512.jpg,Dog
PetImages/Dog/513.jpg,Dog
PetImages/Dog/514.jpg,Dog
PetImages/Dog/515.jpg,Dog
PetImages/Dog/516.jpg,Dog
PetImages/Dog/517.jpg,Dog
PetImages/Dog/518.jpg,Dog
PetImages/Dog/519.jpg,Dog
PetImages/Dog/520.jpg,Dog
PetImages/Dog/521.jpg,Dog
PetImages/Dog/522.jpg,Dog
PetImages/Dog/523.jpg,Dog
PetImages/Dog/524.jpg,Dog
PetImages/Dog/525.jpg,Dog
PetImages/Dog/526.jpg,Dog
PetImages/Dog/527.jpg,Dog
PetImages/Dog/528.jpg,Dog
PetImages/Dog/529.jpg,Dog
PetImages/Dog/530.jpg,Dog
PetImages/Dog/531.jpg,Dog
PetImages/Dog/532.jpg,Dog
PetImages/Dog/533.jpg,Dog
PetImages/Dog/534.jpg,Dog
PetImages/Dog/535.jpg,Dog
PetImages/Dog/536.jpg,Dog
PetImages/Dog/537.jpg,Dog
PetImages/Dog/538.jpg,Dog
PetImages/Dog/539.jpg,Dog
PetImages/Dog/540.jpg,Dog
PetImages/Dog/541.jpg,Dog
PetImages/Dog/542.jpg,Dog
PetImages/Dog/543.jpg,Dog
PetImages/Dog/544.jpg,Dog
PetImages/Dog/545.jpg,Dog
PetImages/Dog/546.jpg,Dog
PetImages/Dog/547.jpg,Dog
PetImages/Dog/548.jpg,Dog
PetImages/Dog/549.jpg,Dog
PetImages/Dog/550.jpg,Dog
PetImages/Dog/551.jpg,Dog
PetImages/Dog/552.jpg,Dog
PetImages/Dog/553.jpg,Dog
PetImages/Dog/554.jpg,Dog
PetImages/Dog/555.jpg,Dog
PetImages/Dog/556.jpg,Dog
PetImages/Dog/557.jpg,Dog
PetImages/Dog/558.jpg,Dog
PetImages/Dog/559.jpg,Dog
PetImages/Dog/560.jpg,Dog
PetImages/Dog/561.jpg,Dog
PetImages/Dog/562.jpg,Dog
PetImages/Dog/563.jpg,Dog
PetImages/Dog/564.jpg,Dog
PetImages/Dog/565.jpg,Dog
PetImages/Dog/566.jpg,Dog
PetImages/Dog/567.jpg,Dog
PetImages/Dog/568.jpg,Dog
PetImages/Dog/569.jpg,Dog
PetImages/Dog/570.jpg,Dog
PetImages/Dog/571.jpg,Dog
PetImages/Dog/572.jpg,Dog
PetImages/Dog/573.jpg,Dog
PetImages/Dog/574.jpg,Dog
PetImages/Dog/575.jpg,Dog
PetImages/Dog/576.jpg,Dog
PetImages/Dog/577.jpg,Dog
PetImages/Dog/578.jpg,Dog
PetImages/Dog/579.jpg,Dog
PetImages/Dog/580.jpg,Dog
PetImages/Dog/581.jpg,Dog
PetImages/Dog/582.jpg,Dog
PetImages/Dog/583.jpg,Dog
PetImages/Dog/584.jpg,Dog
PetImages/Dog/585.jpg,Dog
PetImages/Dog/586.jpg,Dog
PetImages/Dog/587.jpg,Dog
PetImages/Dog/588.jpg,Dog
PetImages/Dog/589.jpg,Dog
PetImages/Dog/590.jpg,Dog
PetImages/Dog/591.jpg,Dog
PetImages/Dog/592.jpg,Dog
PetImages/Dog/593.jpg,Dog
PetImages/Dog/594.jpg,Dog
PetImages/Dog/595.jpg,Dog
PetImages/Dog/596.jpg,Dog
PetImages/Dog/597.jpg,Dog
PetImages/Dog/598.jpg,Dog
PetImages/Dog/599.jpg,Dog
PetImages/Dog/600.jpg,Dog
PetImages/Dog/601.jpg,Dog
PetImages/Dog/602.jpg,Dog
PetImages/Dog/603.jpg,Dog
PetImages/Dog/604.jpg,Dog
PetImages/Dog/605.jpg,Dog
PetImages/Dog/606.jpg,Dog
PetImages/Dog/607.jpg,Dog
PetImages/Dog/608.jpg,Dog
PetImages/Dog/609.jpg,Dog
PetImages/Dog/610.jpg,Dog
PetImages/Dog/611.jpg,Dog
PetImages/Dog/612.jpg,Dog
PetImages/Dog/613.jpg,Dog
PetImages/Dog/614.jpg,Dog
PetImages/Dog/615.jpg,Dog
PetImages/Dog/616.jpg,Dog
PetImages/Dog/617.jpg,Dog
PetImages/Dog/618.jpg,Dog
PetImages/Dog/619.jpg,Dog
PetImages/Dog/620.jpg,Dog
PetImages/Dog/621.jpg,Dog
PetImages/Dog/622.jpg,Dog
PetImages/Dog/623.jpg,Dog
PetImages/Dog/624.jpg,Dog
PetImages/Dog/625.jpg,Dog
PetImages/Dog/626.jpg,Dog
PetImages/Dog/627.jpg,Dog
PetImages/Dog/628.jpg,Dog
PetImages/Dog/629.jpg,Dog
PetImages/Dog/630.jpg,Dog
PetImages/Dog/631.jpg,Dog
PetImages/Dog/632.jpg,Dog
PetImages/Dog/633.jpg,Dog
PetImages/Dog/634.jpg,Dog
PetImages/Dog/635.jpg,Dog
PetImages/Dog/636.jpg,Dog
PetImages/Dog/637.jpg,Dog
PetImages/Dog/638.jpg,Dog
PetImages/Dog/639.jpg,Dog
PetImages/Dog/640.jpg,Dog
PetImages/Dog/641.jpg,Dog
PetImages/Dog/642.jpg,Dog
PetImages/Dog/643.jpg,Dog
PetImages/Dog/644.jpg,Dog
PetImages/Dog/645.jpg,Dog
PetImages/Dog/646.jpg,Dog
PetImages/Dog/647.jpg,Dog
PetImages/Dog/648.jpg,Dog
PetImages/Dog/649.jpg,Dog
PetImages/Dog/650.jpg,Dog
PetImages/Dog/651.jpg,Dog
PetImages/Dog/652.jpg,Dog
PetImages/Dog/653.jpg,Dog
PetImages/Dog/654.jpg,Dog
PetImages/Dog/655.jpg,Dog
PetImages/Dog/656.jpg,Dog
PetImages/Dog/657.jpg,Dog
PetImages/Dog/658.jpg,Dog
PetImages/Dog/659.jpg,Dog
PetImages/Dog/660.jpg,Dog
PetImages/Dog/661.jpg,Dog
PetImages/Dog/662.jpg,Dog
PetImages/Dog/663.jpg,Dog
PetImages/Dog/664.jpg,Dog
PetImages/Dog/665.jpg,Dog
PetImages/Dog/666.jpg,Dog
PetImages/Dog/667.jpg,Dog
PetImages/Dog/668.jpg,Dog
PetImages/Dog/669.jpg,Dog
PetImages/Dog/670.jpg,Dog
PetImages/Dog/671.jpg,Dog
PetImages/Dog/672.jpg,Dog
PetImages/Dog/673.jpg,Dog
PetImages/Dog/674.jpg,Dog
PetImages/Dog/675.jpg,Dog
PetImages/Dog/676.jpg,Dog
PetImages/Dog/677.jpg,Dog
PetImages/Dog/678.jpg,Dog
PetImages/Dog/679.jpg,Dog
PetImages/Dog/680.jpg,Dog
PetImages/Dog/681.jpg,Dog
PetImages/Dog/682.jpg,Dog
PetImages/Dog/683.jpg,Dog
PetImages/Dog/684.jpg,Dog
PetImages/Dog/685.jpg,Dog
PetImages/Dog/686.jpg,Dog
PetImages/Dog/687.jpg,Dog
PetImages/Dog/688.jpg,Dog
PetImages/Dog/689.jpg,Dog
PetImages/Dog/690.jpg,Dog
PetImages/Dog/691.jpg,Dog
PetImages/Dog/692.jpg,Dog
PetImages/Dog/693.jpg,Dog
PetImages/Dog/694.jpg,Dog
PetImages/Dog/695.jpg,Dog
PetImages/Dog/696.jpg,Dog
PetImages/Dog/697.jpg,Dog
PetImages/Dog/698.jpg,Dog
PetImages/Dog/699.jpg,Dog
PetImages/Dog/700.jpg,Dog
PetImages/Dog/701.jpg,Dog
PetImages/Dog/702.jpg,Dog
PetImages/Dog/703.jpg,Dog
PetImages/Dog/704.jpg,Dog
PetImages/Dog/705.jpg,Dog
PetImages/Dog/706.jpg,Dog
PetImages/Dog/707.jpg,Dog
PetImages/Dog/708.jpg,Dog
PetImages/Dog/709.jpg,Dog
PetImages/Dog/710.jpg,Dog
PetImages/Dog/711.jpg,Dog
PetImages/Dog/712.jpg,Dog
PetImages/Dog/713.jpg,Dog
PetImages/Dog/714.jpg,Dog
PetImages/Dog/715.jpg,Dog
PetImages/Dog/716.jpg,Dog
PetImages/Dog/717.jpg,Dog
PetImages/Dog/718.jpg,Dog
PetImages/Dog/719.jpg,Dog
PetImages/Dog/720.jpg,Dog
PetImages/Dog/721.jpg,Dog
PetImages/Dog/722.jpg,Dog
PetImages/Dog/723.jpg,Dog
PetImages/Dog/724.jpg,Dog
PetImages/Dog/725.jpg,Dog
PetImages/Dog/726.jpg,Dog
PetImages/Dog/727.jpg,Dog
PetImages/Dog/728.jpg,Dog
PetImages/Dog/729.jpg,Dog
PetImages/Dog/730.jpg,Dog
PetImages/Dog/731.jpg,Dog
PetImages/Dog/732.jpg,Dog
PetImages/Dog/733.jpg,Dog
PetImages/Dog/734.jpg,Dog
PetImages/Dog/735.jpg,Dog
PetImages/Dog/736.jpg,Dog
PetImages/Dog/737.jpg,Dog
PetImages/Dog/738.jpg,Dog
PetImages/Dog/739.jpg,Dog
PetImages/Dog/740.jpg,Dog
PetImages/Dog/741.jpg,Dog
PetImages/Dog/742.jpg,Dog
PetImages/Dog/743.jpg,Dog
PetImages/Dog/744.jpg,Dog
PetImages/Dog/745.jpg,Dog
PetImages/Dog/746.jpg,Dog
PetImages/Dog/747.jpg,Dog
PetImages/Dog/748.jpg,Dog
PetImages/Dog/749.jpg,Dog
PetImages/Dog/750.jpg,Dog
PetImages/Dog/751.jpg,Dog
PetImages/Dog/752.jpg,Dog
PetImages/Dog/753.jpg,Dog
PetImages/Dog/754.jpg,Dog
PetImages/Dog/755.jpg,Dog
PetImages/Dog/756.jpg,Dog
PetImages/Dog/757.jpg,Dog
PetImages/Dog/758.jpg,Dog
PetImages/Dog/759.jpg,Dog
PetImages/Dog/760.jpg,Dog
PetImages/Dog/761.jpg,Dog
PetImages/Dog/762.jpg,Dog
PetImages/Dog/763.jpg,Dog
PetImages/Dog/764.jpg,Dog
PetImages/Dog/765.jpg,Dog
PetImages/Dog/766.jpg,Dog
PetImages/Dog/767.jpg,Dog
PetImages/Dog/768.jpg,Dog
PetImages/Dog/769.jpg,Dog
PetImages/Dog/770.jpg,Dog
PetImages/Dog/771.jpg,Dog
PetImages/Dog/772.jpg,Dog
PetImages/Dog/773.jpg,Dog
PetImages/Dog/774.jpg,Dog
PetImages/Dog/775.jpg,Dog
PetImages/Dog/776.jpg,Dog
PetImages/Dog/777.jpg,Dog
PetImages/Dog/778.jpg,Dog
PetImages/Dog/779.jpg,Dog
PetImages/Dog/780.jpg,Dog
PetImages/Dog/781.jpg,Dog
PetImages/Dog/782.jpg,Dog
PetImages/Dog/783.jpg,Dog
PetImages/Dog/784.jpg,Dog
PetImages/Dog/785.jpg,Dog
PetImages/Dog/786.jpg,Dog
PetImages/Dog/787.jpg,Dog
PetImages/Dog/788.jpg,Dog
PetImages/Dog/789.jpg,Dog
PetImages/Dog/790.jpg,Dog
PetImages/Dog/791.jpg,Dog
PetImages/Dog/792.jpg,Dog
PetImages/Dog/793.jpg,Dog
PetImages/Dog/794.jpg,Dog
PetImages/Dog/795.jpg,Dog
PetImages/Dog/796.jpg,Dog
PetImages/Dog/797.jpg,Dog
PetImages/Dog/798.jpg,Dog
PetImages/Dog/799.jpg,Dog
PetImages/Dog/800.jpg,Dog
PetImages/Dog/801.jpg,Dog
PetImages/Dog/802.jpg,Dog
PetImages/Dog/803.jpg,Dog
PetImages/Dog/804.jpg,Dog
PetImages/Dog/805.jpg,Dog
PetImages/Dog/806.jpg,Dog
PetImages/Dog/807.jpg,Dog
PetImages/Dog/808.jpg,Dog
PetImages/Dog/809.jpg,Dog
PetImages/Dog/810.jpg,Dog
PetImages/Dog/811.jpg,Dog
PetImages/Dog/812.jpg,Dog
PetImages/Dog/813.jpg,Dog
PetImages/Dog/814.jpg,Dog
PetImages/Dog/815.jpg,Dog
PetImages/Dog/816.jpg,Dog
PetImages/Dog/817.jpg,Dog
PetImages/Dog/818.jpg,Dog
PetImages/Dog/819.jpg,Dog
PetImages/Dog/820.jpg,Dog
PetImages/Dog/821.jpg,Dog
PetImages/Dog/822.jpg,Dog
PetImages/Dog/823.jpg,Dog
PetImages/Dog/824.jpg,Dog
PetImages/Dog/825.jpg,Dog
PetImages/Dog/826.jpg,Dog
PetImages/Dog/827.jpg,Dog
PetImages/Dog/828.jpg,Dog
PetImages/Dog/829.jpg,Dog
PetImages/Dog/830.jpg,Dog
PetImages/Dog/831.jpg,Dog
PetImages/Dog/832.jpg,Dog
PetImages/Dog/833.jpg,Dog
PetImages/Dog/834.jpg,Dog
PetImages/Dog/835.jpg,Dog
PetImages/Dog/836.jpg,Dog
PetImages/Dog/837.jpg,Dog
PetImages/Dog/838.jpg,Dog
PetImages/Dog/839.jpg,Dog
PetImages/Dog/840.jpg,Dog
PetImages/Dog/841.jpg,Dog
PetImages/Dog/842.jpg,Dog
PetImages/Dog/843.jpg,Dog
PetImages/Dog/844.jpg,Dog
PetImages/Dog/845.jpg,Dog
PetImages/Dog/846.jpg,Dog
PetImages/Dog/847.jpg,Dog
PetImages/Dog/848.jpg,Dog
PetImages/Dog/849.jpg,Dog
PetImages/Dog/850.jpg,Dog
PetImages/Dog/851.jpg,Dog
PetImages/Dog/852.jpg,Dog
PetImages/Dog/853.jpg,Dog
PetImages/Dog/854.jpg,Dog
PetImages/Dog/855.jpg,Dog
PetImages/Dog/856.jpg,Dog
PetImages/Dog/857.jpg,Dog
PetImages/Dog/858.jpg,Dog
PetImages/Dog/859.jpg,Dog
PetImages/Dog/860.jpg,Dog
PetImages/Dog/861.jpg,Dog
PetImages/Dog/862.jpg,Dog
PetImages/Dog/863.jpg,Dog
PetImages/Dog/864.jpg,Dog
PetImages/Dog/865.jpg,Dog
PetImages/Dog/866.jpg,Dog
PetImages/Dog/867.jpg,Dog
PetImages/Dog/868.jpg,Dog
PetImages/Dog/869.jpg,Dog
PetImages/Dog/870.jpg,Dog
PetImages/Dog/871.jpg,Dog
PetImages/Dog/872.jpg,Dog
PetImages/Dog/873.jpg,Dog
PetImages/Dog/874.jpg,Dog
PetImages/Dog/875.jpg,Dog
PetImages/Dog/876.jpg,Dog
PetImages/Dog/877.jpg,Dog
PetImages/Dog/878.jpg,Dog
PetImages/Dog/879.jpg,Dog
PetImages/Dog/880.jpg,Dog
PetImages/Dog/881.jpg,Dog
PetImages/Dog/882.jpg,Dog
PetImages/Dog/883.jpg,Dog
PetImages/Dog/884.jpg,Dog
PetImages/Dog/885.jpg,Dog
PetImages/Dog/886.jpg,Dog
PetImages/Dog/887.jpg,Dog
PetImages/Dog/888.jpg,Dog
PetImages/Dog/889.jpg,Dog
PetImages/Dog/890.jpg,Dog
PetImages/Dog/891.jpg,Dog
PetImages/Dog/892.jpg,Dog
PetImages/Dog/893.jpg,Dog
PetImages/Dog/894.jpg,Dog
PetImages/Dog/895.jpg,Dog
PetImages/Dog/896.jpg,Dog
PetImages/Dog/897.jpg,Dog
PetImages/Dog/898.jpg,Dog
PetImages/Dog/899.jpg,Dog
PetImages/Dog/900.jpg,Dog
PetImages/Dog/901.jpg,Dog
PetImages/Dog/902.jpg,Dog
PetImages/Dog/903.jpg,Dog
PetImages/Dog/904.jpg,Dog
PetImages/Dog/905.jpg,Dog
PetImages/Dog/906.jpg,Dog
PetImages/Dog/907.jpg,Dog
PetImages/Dog/908.jpg,Dog
PetImages/Dog/909.jpg,Dog
PetImages/Dog/910.jpg,Dog
PetImages/Dog/911.jpg,Dog
PetImages/Dog/912.jpg,Dog
PetImages/Dog/913.jpg,Dog
PetImages/Dog/914.jpg,Dog
PetImages/Dog/915.jpg,Dog
PetImages/Dog/916.jpg,Dog
PetImages/Dog/917.jpg,Dog
PetImages/Dog/918.jpg,Dog
PetImages/Dog/919.jpg,Dog
PetImages/Dog/920.jpg,Dog
PetImages/Dog/921.jpg,Dog
PetImages/Dog/922.jpg,Dog
PetImages/Dog/923.jpg,Dog
PetImages/Dog/924.jpg,Dog
PetImages/Dog/925.jpg,Dog
PetImages/Dog/926.jpg,Dog
PetImages/Dog/927.jpg,Dog
PetImages/Dog/928.jpg,Dog
PetImages/Dog/929.jpg,Dog
PetImages/Dog/930.jpg,Dog
PetImages/Dog/931.jpg,Dog
PetImages/Dog/932.jpg,Dog
PetImages/Dog/933.jpg,Dog
PetImages/Dog/934.jpg,Dog
PetImages/Dog/935.jpg,Dog
PetImages/Dog/936.jpg,Dog
PetImages/Dog/937.jpg,Dog
PetImages/Dog/938.jpg,Dog
PetImages/Dog/939.jpg,Dog
PetImages/Dog/940.jpg,Dog
PetImages/Dog/941.jpg,Dog
PetImages/Dog/942.jpg,Dog
PetImages/Dog/943.jpg,Dog
PetImages/Dog/944.jpg,Dog
PetImages/Dog/945.jpg,Dog
PetImages/Dog/946.jpg,Dog
PetImages/Dog/947.jpg,Dog
PetImages/Dog/948.jpg,Dog
PetImages/Dog/949.jpg,Dog
PetImages/Dog/950.jpg,Dog
PetImages/Dog/951.jpg,Dog
PetImages/Dog/952.jpg,Dog
PetImages/Dog/953.jpg,Dog
PetImages/Dog/954.jpg,Dog
PetImages/Dog/955.jpg,Dog
PetImages/Dog/956.jpg,Dog
PetImages/Dog/957.jpg,Dog
PetImages/Dog/958.jpg,Dog
PetImages/Dog/959.jpg,Dog
PetImages/Dog/960.jpg,Dog
PetImages/Dog/961.jpg,Dog
PetImages/Dog/962.jpg,Dog
PetImages/Dog/963.jpg,Dog
PetImages/Dog/964.jpg,Dog
PetImages/Dog/965.jpg,Dog
PetImages/Dog/966.jpg,Dog
PetImages/Dog/967.jpg,Dog
PetImages/Dog/968.jpg,Dog
PetImages/Dog/969.jpg,Dog
PetImages/Dog/970.jpg,Dog
PetImages/Dog/971.jpg,Dog
PetImages/Dog/972.jpg,Dog
PetImages/Dog/973.jpg,Dog
PetImages/Dog/974.jpg,Dog
PetImages/Dog/975.jpg,Dog
PetImages/Dog/976.jpg,Dog
PetImages/Dog/977.jpg,Dog
PetImages/Dog/978.jpg,Dog
PetImages/Dog/979.jpg,Dog
PetImages/Dog/980.jpg,Dog
PetImages/Dog/981.jpg,Dog
PetImages/Dog/982.jpg,Dog
PetImages/Dog/983.jpg,Dog
PetImages/Dog/984.jpg,Dog
PetImages/Dog/985.jpg,Dog
PetImages/Dog/986.jpg,Dog
PetImages/Dog/987.jpg,Dog
PetImages/Dog/988.jpg,Dog
PetImages/Dog/989.jpg,Dog
PetImages/Dog/990.jpg,Dog
PetImages/Dog/991.jpg,Dog
PetImages/Dog/992.jpg,Dog
PetImages/Dog/993.jpg,Dog
PetImages/Dog/994.jpg,Dog
PetImages/Dog/995.jpg,Dog
PetImages/Dog/996.jpg,Dog
PetImages/Dog/997.jpg,Dog
PetImages/Dog/998.jpg,Dog
PetImages/Dog/999.jpg,Dog
PetImages/Dog/1000.jpg,Dog
PetImages/Dog/1001.jpg,Dog
PetImages/Dog/1002.jpg,Dog
PetImages/Dog/1003.jpg,Dog
PetImages/Dog/1004.jpg,Dog
PetImages/Dog/1005.jpg,Dog
PetImages/Dog/1006.jpg,Dog
PetImages/Dog/1007.jpg,Dog
PetImages/Dog/1008.jpg,Dog
PetImages/Dog/1009.jpg,Dog
PetImages/Dog/1010.jpg,Dog
PetImages/Dog/1011.jpg,Dog
PetImages/Dog/1012.jpg,Dog
PetImages/Dog/1013.jpg,Dog
PetImages/Dog/1014.jpg,Dog
PetImages/Dog/1015.jpg,Dog
PetImages/Dog/1016.jpg,Dog
PetImages/Dog/1017.jpg,Dog
PetImages/Dog/1018.jpg,Dog
PetImages/Dog/1019.jpg,Dog
PetImages/Dog/1020.jpg,Dog
PetImages/Dog/1021.jpg,Dog
PetImages/Dog/1022.jpg,Dog
PetImages/Dog/1023.jpg,Dog
PetImages/Dog/1024.jpg,Dog
PetImages/Dog/1025.jpg,Dog
PetImages/Dog/1026.jpg,Dog
PetImages/Dog/1027.jpg,Dog
PetImages/Dog/1028.jpg,Dog
PetImages/Dog/1029.jpg,Dog
PetImages/Dog/1030.jpg,Dog
PetImages/Dog/1031.jpg,Dog
PetImages/Dog/1032.jpg,Dog
PetImages/Dog/1033.jpg,Dog
PetImages/Dog/1034.jpg,Dog
PetImages/Dog/1035.jpg,Dog
PetImages/Dog/1036.jpg,Dog
PetImages/Dog/1037.jpg,Dog
PetImages/Dog/1038.jpg,Dog
PetImages/Dog/1039.jpg,Dog
PetImages/Dog/1040.jpg,Dog
PetImages/Dog/1041.jpg,Dog
PetImages/Dog/1042.jpg,Dog
PetImages/Dog/1043.jpg,Dog
PetImages/Dog/1044.jpg,Dog
PetImages/Dog/1045.jpg,Dog
PetImages/Dog/1046.jpg,Dog
PetImages/Dog/1047.jpg,Dog
PetImages/Dog/1048.jpg,Dog
PetImages/Dog/1049.jpg,Dog
PetImages/Dog/1050.jpg,Dog
PetImages/Dog/1051.jpg,Dog
PetImages/Dog/1052.jpg,Dog
PetImages/Dog/1053.jpg,Dog
PetImages/Dog/1054.jpg,Dog
PetImages/Dog/1055.jpg,Dog
PetImages/Dog/1056.jpg,Dog
PetImages/Dog/1057.jpg,Dog
PetImages/Dog/1058.jpg,Dog
PetImages/Dog/1059.jpg,Dog
PetImages/Dog/1060.jpg,Dog
PetImages/Dog/1061.jpg,Dog
PetImages/Dog/1062.jpg,Dog
PetImages/Dog/1063.jpg,Dog
PetImages/Dog/1064.jpg,Dog
PetImages/Dog/1065.jpg,Dog
PetImages/Dog/1066.jpg,Dog
PetImages/Dog/1067.jpg,Dog
PetImages/Dog/1068.jpg,Dog
PetImages/Dog/1069.jpg,Dog
PetImages/Dog/1070.jpg,Dog
PetImages/Dog/1071.jpg,Dog
PetImages/Dog/1072.jpg,Dog
PetImages/Dog/1073.jpg,Dog
PetImages/Dog/1074.jpg,Dog
PetImages/Dog/1075.jpg,Dog
PetImages/Dog/1076.jpg,Dog
PetImages/Dog/1077.jpg,Dog
PetImages/Dog/1078.jpg,Dog
PetImages/Dog/1079.jpg,Dog
PetImages/Dog/1080.jpg,Dog
PetImages/Dog/1081.jpg,Dog
PetImages/Dog/1082.jpg,Dog
PetImages/Dog/1083.jpg,Dog
PetImages/Dog/1084.jpg,Dog
PetImages/Dog/1085.jpg,Dog
PetImages/Dog/1086.jpg,Dog
PetImages/Dog/1087.jpg,Dog
PetImages/Dog/1088.jpg,Dog
PetImages/Dog/1089.jpg,Dog
PetImages/Dog/1090.jpg,Dog
PetImages/Dog/1091.jpg,Dog
PetImages/Dog/1092.jpg,Dog
PetImages/Dog/1093.jpg,Dog
PetImages/Dog/1094.jpg,Dog
PetImages/Dog/1095.jpg,Dog
PetImages/Dog/1096.jpg,Dog
PetImages/Dog/1097.jpg,Dog
PetImages/Dog/1098.jpg,Dog
PetImages/Dog/1099.jpg,Dog
PetImages/Dog/1100.jpg,Dog
PetImages/Dog/1101.jpg,Dog
PetImages/Dog/1102.jpg,Dog
PetImages/Dog/1103.jpg,Dog
PetImages/Dog/1104.jpg,Dog
PetImages/Dog/1105.jpg,Dog
PetImages/Dog/1106.jpg,Dog
PetImages/Dog/1107.jpg,Dog
PetImages/Dog/1108.jpg,Dog
PetImages/Dog/1109.jpg,Dog
PetImages/Dog/1110.jpg,Dog
PetImages/Dog/1111.jpg,Dog
PetImages/Dog/1112.jpg,Dog
PetImages/Dog/1113.jpg,Dog
PetImages/Dog/1114.jpg,Dog
PetImages/Dog/1115.jpg,Dog
PetImages/Dog/1116.jpg,Dog
PetImages/Dog/1117.jpg,Dog
PetImages/Dog/1118.jpg,Dog
PetImages/Dog/1119.jpg,Dog
PetImages/Dog/1120.jpg,Dog
PetImages/Dog/1121.jpg,Dog
PetImages/Dog/1122.jpg,Dog
PetImages/Dog/1123.jpg,Dog
PetImages/Dog/1124.jpg,Dog
PetImages/Dog/1125.jpg,Dog
PetImages/Dog/1126.jpg,Dog
PetImages/Dog/1127.jpg,Dog
PetImages/Dog/1128.jpg,Dog
PetImages/Dog/1129.jpg,Dog
PetImages/Dog/1130.jpg,Dog
PetImages/Dog/1131.jpg,Dog
PetImages/Dog/1132.jpg,Dog
PetImages/Dog/1133.jpg,Dog
PetImages/Dog/1134.jpg,Dog
PetImages/Dog/1135.jpg,Dog
PetImages/Dog/1136.jpg,Dog
PetImages/Dog/1137.jpg,Dog
PetImages/Dog/1138.jpg,Dog
PetImages/Dog/1139.jpg,Dog
PetImages/Dog/1140.jpg,Dog
PetImages/Dog/1141.jpg,Dog
PetImages/Dog/1142.jpg,Dog
PetImages/Dog/1143.jpg,Dog
PetImages/Dog/1144.jpg,Dog
PetImages/Dog/1145.jpg,Dog
PetImages/Dog/1146.jpg,Dog
PetImages/Dog/1147.jpg,Dog
PetImages/Dog/1148.jpg,Dog
PetImages/Dog/1149.jpg,Dog
PetImages/Dog/1150.jpg,Dog
PetImages/Dog/1151.jpg,Dog
PetImages/Dog/1152.jpg,Dog
PetImages/Dog/1153.jpg,Dog
PetImages/Dog/1154.jpg,Dog
PetImages/Dog/1155.jpg,Dog
PetImages/Dog/1156.jpg,Dog
PetImages/Dog/1157.jpg,Dog
PetImages/Dog/1158.jpg,Dog
PetImages/Dog/1159.jpg,Dog
PetImages/Dog/1160.jpg,Dog
PetImages/Dog/1161.jpg,Dog
PetImages/Dog/1162.jpg,Dog
PetImages/Dog/1163.jpg,Dog
PetImages/Dog/1164.jpg,Dog
PetImages/Dog/1165.jpg,Dog
PetImages/Dog/1166.jpg,Dog
PetImages/Dog/1167.jpg,Dog
PetImages/Dog/1168.jpg,Dog
PetImages/Dog/1169.jpg,Dog
PetImages/Dog/1170.jpg,Dog
PetImages/Dog/1171.jpg,Dog
PetImages/Dog/1172.jpg,Dog
PetImages/Dog/1173.jpg,Dog
PetImages/Dog/1174.jpg,Dog
PetImages/Dog/1175.jpg,Dog
PetImages/Dog/1176.jpg,Dog
PetImages/Dog/1177.jpg,Dog
PetImages/Dog/1178.jpg,Dog
PetImages/Dog/1179.jpg,Dog
PetImages/Dog/1180.jpg,Dog
PetImages/Dog/1181.jpg,Dog
PetImages/Dog/1182.jpg,Dog
PetImages/Dog/1183.jpg,Dog
PetImages/Dog/1184.jpg,Dog
PetImages/Dog/1185.jpg,Dog
PetImages/Dog/1186.jpg,Dog
PetImages/Dog/1187.jpg,Dog
PetImages/Dog/1188.jpg,Dog
PetImages/Dog/1189.jpg,Dog
PetImages/Dog/1190.jpg,Dog
PetImages/Dog/1191.jpg,Dog
PetImages/Dog/1192.jpg,Dog
PetImages/Dog/1193.jpg,Dog
PetImages/Dog/1194.jpg,Dog
PetImages/Dog/1195.jpg,Dog
PetImages/Dog/1196.jpg,Dog
PetImages/Dog/1197.jpg,Dog
PetImages/Dog/1198.jpg,Dog
PetImages/Dog/1199.jpg,Dog
PetImages/Dog/1200.jpg,Dog
PetImages/Dog/1201.jpg,Dog
PetImages/Dog/1202.jpg,Dog
PetImages/Dog/1203.jpg,Dog
PetImages/Dog/1204.jpg,Dog
PetImages/Dog/1205.jpg,Dog
PetImages/Dog/1206.jpg,Dog
PetImages/Dog/1207.jpg,Dog
PetImages/Dog/1208.jpg,Dog
PetImages/Dog/1209.jpg,Dog
PetImages/Dog/1210.jpg,Dog
PetImages/Dog/1211.jpg,Dog
PetImages/Dog/1212.jpg,Dog
PetImages/Dog/1213.jpg,Dog
PetImages/Dog/1214.jpg,Dog
PetImages/Dog/1215.jpg,Dog
PetImages/Dog/1216.jpg,Dog
PetImages/Dog/1217.jpg,Dog
PetImages/Dog/1218.jpg,Dog
PetImages/Dog/1219.jpg,Dog
PetImages/Dog/1220.jpg,Dog
PetImages/Dog/1221.jpg,Dog
PetImages/Dog/1222.jpg,Dog
PetImages/Dog/1223.jpg,Dog
PetImages/Dog/1224.jpg,Dog
PetImages/Dog/1225.jpg,Dog
PetImages/Dog/1226.jpg,Dog
PetImages/Dog/1227.jpg,Dog
PetImages/Dog/1228.jpg,Dog
PetImages/Dog/1229.jpg,Dog
PetImages/Dog/1230.jpg,Dog
PetImages/Dog/1231.jpg,Dog
PetImages/Dog/1232.jpg,Dog
PetImages/Dog/1233.jpg,Dog
PetImages/Dog/1234.jpg,Dog
PetImages/Dog/1235.jpg,Dog
PetImages/Dog/1236.jpg,Dog
PetImages/Dog/1237.jpg,Dog
PetImages/Dog/1238.jpg,Dog
PetImages/Dog/1239.jpg,Dog
PetImages/Dog/1240.jpg,Dog
PetImages/Dog/1241.jpg,Dog
PetImages/Dog/1242.jpg,Dog
PetImages/Dog/1243.jpg,Dog
PetImages/Dog/1244.jpg,Dog
PetImages/Dog/1245.jpg,Dog
PetImages/Dog/1246.jpg,Dog
PetImages/Dog/1247.jpg,Dog
PetImages/Dog/1248.jpg,Dog
PetImages/Dog/1249.jpg,Dog
PetImages/Dog/1250.jpg,Dog
PetImages/Dog/1251.jpg,Dog
PetImages/Dog/1252.jpg,Dog
PetImages/Dog/1253.jpg,Dog
PetImages/Dog/1254.jpg,Dog
PetImages/Dog/1255.jpg,Dog
PetImages/Dog/1256.jpg,Dog
PetImages/Dog/1257.jpg,Dog
PetImages/Dog/1258.jpg,Dog
PetImages/Dog/1259.jpg,Dog
PetImages/Dog/1260.jpg,Dog
PetImages/Dog/1261.jpg,Dog
PetImages/Dog/1262.jpg,Dog
PetImages/Dog/1263.jpg,Dog
PetImages/Dog/1264.jpg,Dog
PetImages/Dog/1265.jpg,Dog
PetImages/Dog/1266.jpg,Dog
PetImages/Dog/1267.jpg,Dog
PetImages/Dog/1268.jpg,Dog
PetImages/Dog/1269.jpg,Dog
PetImages/Dog/1270.jpg,Dog
PetImages/Dog/1271.jpg,Dog
PetImages/Dog/1272.jpg,Dog
PetImages/Dog/1273.jpg,Dog
PetImages/Dog/1274.jpg,Dog
PetImages/Dog/1275.jpg,Dog
PetImages/Dog/1276.jpg,Dog
PetImages/Dog/1277.jpg,Dog
PetImages/Dog/1278.jpg,Dog
PetImages/Dog/1279.jpg,Dog
PetImages/Dog/1280.jpg,Dog
PetImages/Dog/1281.jpg,Dog
PetImages/Dog/1282.jpg,Dog
PetImages/Dog/1283.jpg,Dog
PetImages/Dog/1284.jpg,Dog
PetImages/Dog/1285.jpg,Dog
PetImages/Dog/1286.jpg,Dog
PetImages/Dog/1287.jpg,Dog
PetImages/Dog/1288.jpg,Dog
PetImages/Dog/1289.jpg,Dog
PetImages/Dog/1290.jpg,Dog
PetImages/Dog/1291.jpg,Dog
PetImages/Dog/1292.jpg,Dog
PetImages/Dog/1293.jpg,Dog
PetImages/Dog/1294.jpg,Dog
PetImages/Dog/1295.jpg,Dog
PetImages/Dog/1296.jpg,Dog
PetImages/Dog/1297.jpg,Dog
PetImages/Dog/1298.jpg,Dog
PetImages/Dog/1299.jpg,Dog
PetImages/Dog/1300.jpg,Dog
PetImages/Dog/1301.jpg,Dog
PetImages/Dog/1302.jpg,Dog
PetImages/Dog/1303.jpg,Dog
PetImages/Dog/1304.jpg,Dog
PetImages/Dog/1305.jpg,Dog
PetImages/Dog/1306.jpg,Dog
PetImages/Dog/1307.jpg,Dog
PetImages/Dog/1308.jpg,Dog
PetImages/Dog/1309.jpg,Dog
PetImages/Dog/1310.jpg,Dog
PetImages/Dog/1311.jpg,Dog
PetImages/Dog/1312.jpg,Dog
PetImages/Dog/1313.jpg,Dog
PetImages/Dog/1314.jpg,Dog
PetImages/Dog/1315.jpg,Dog
PetImages/Dog/1316.jpg,Dog
PetImages/Dog/1317.jpg,Dog
PetImages/Dog/1318.jpg,Dog
PetImages/Dog/1319.jpg,Dog
PetImages/Dog/1320.jpg,Dog
PetImages/Dog/1321.jpg,Dog
PetImages/Dog/1322.jpg,Dog
PetImages/Dog/1323.jpg,Dog
PetImages/Dog/1324.jpg,Dog
PetImages/Dog/1325.jpg,Dog
PetImages/Dog/1326.jpg,Dog
PetImages/Dog/1327.jpg,Dog
PetImages/Dog/1328.jpg,Dog
PetImages/Dog/1329.jpg,Dog
PetImages/Dog/1330.jpg,Dog
PetImages/Dog/1331.jpg,Dog
PetImages/Dog/1332.jpg,Dog
PetImages/Dog/1333.jpg,Dog
PetImages/Dog/1334.jpg,Dog
PetImages/Dog/1335.jpg,Dog
PetImages/Dog/1336.jpg,Dog
PetImages/Dog/1337.jpg,Dog
PetImages/Dog/1338.jpg,Dog
PetImages/Dog/1339.jpg,Dog
PetImages/Dog/1340.jpg,Dog
PetImages/Dog/1341.jpg,Dog
PetImages/Dog/1342.jpg,Dog
PetImages/Dog/1343.jpg,Dog
PetImages/Dog/1344.jpg,Dog
PetImages/Dog/1345.jpg,Dog
PetImages/Dog/1346.jpg,Dog
PetImages/Dog/1347.jpg,Dog
PetImages/Dog/1348.jpg,Dog
PetImages/Dog/1349.jpg,Dog
PetImages/Dog/1350.jpg,Dog
PetImages/Dog/1351.jpg,Dog
PetImages/Dog/1352.jpg,Dog
PetImages/Dog/1353.jpg,Dog
PetImages/Dog/1354.jpg,Dog
PetImages/Dog/1355.jpg,Dog
PetImages/Dog/1356.jpg,Dog
PetImages/Dog/1357.jpg,Dog
PetImages/Dog/1358.jpg,Dog
PetImages/Dog/1359.jpg,Dog
PetImages/Dog/1360.jpg,Dog
PetImages/Dog/1361.jpg,Dog
PetImages/Dog/1362.jpg,Dog
PetImages/Dog/1363.jpg,Dog
PetImages/Dog/1364.jpg,Dog
PetImages/Dog/1365.jpg,Dog
PetImages/Dog/1366.jpg,Dog
PetImages/Dog/1367.jpg,Dog
PetImages/Dog/1368.jpg,Dog
PetImages/Dog/1369.jpg,Dog
PetImages/Dog/1370.jpg,Dog
PetImages/Dog/1371.jpg,Dog
PetImages/Dog/1372.jpg,Dog
PetImages/Dog/1373.jpg,Dog
PetImages/Dog/1374.jpg,Dog
PetImages/Dog/1375.jpg,Dog
PetImages/Dog/1376.jpg,Dog
PetImages/Dog/1377.jpg,Dog
PetImages/Dog/1378.jpg,Dog
PetImages/Dog/1379.jpg,Dog
PetImages/Dog/1380.jpg,Dog
PetImages/Dog/1381.jpg,Dog
PetImages/Dog/1382.jpg,Dog
PetImages/Dog/1383.jpg,Dog
PetImages/Dog/1384.jpg,Dog
PetImages/Dog/1385.jpg,Dog
PetImages/Dog/1386.jpg,Dog
PetImages/Dog/1387.jpg,Dog
PetImages/Dog/1388.jpg,Dog
PetImages/Dog/1389.jpg,Dog
PetImages/Dog/1390.jpg,Dog
PetImages/Dog/1391.jpg,Dog
PetImages/Dog/1392.jpg,Dog
PetImages/Dog/1393.jpg,Dog
PetImages/Dog/1394.jpg,Dog
PetImages/Dog/1395.jpg,Dog
PetImages/Dog/1396.jpg,Dog
PetImages/Dog/1397.jpg,Dog
PetImages/Dog/1398.jpg,Dog
PetImages/Dog/1399.jpg,Dog
PetImages/Dog/1400.jpg,Dog
PetImages/Dog/1401.jpg,Dog
PetImages/Dog/1402.jpg,Dog
PetImages/Dog/1403.jpg,Dog
PetImages/Dog/1404.jpg,Dog
PetImages/Dog/1405.jpg,Dog
PetImages/Dog/1406.jpg,Dog
PetImages/Dog/1407.jpg,Dog
PetImages/Dog/1408.jpg,Dog
PetImages/Dog/1409.jpg,Dog
PetImages/Dog/1410.jpg,Dog
PetImages/Dog/1411.jpg,Dog
PetImages/Dog/1412.jpg,Dog
PetImages/Dog/1413.jpg,Dog
PetImages/Dog/1414.jpg,Dog
PetImages/Dog/1415.jpg,Dog
PetImages/Dog/1416.jpg,Dog
PetImages/Dog/1417.jpg,Dog
PetImages/Dog/1418.jpg,Dog
PetImages/Dog/1419.jpg,Dog
PetImages/Dog/1420.jpg,Dog
PetImages/Dog/1421.jpg,Dog
PetImages/Dog/1422.jpg,Dog
PetImages/Dog/1423.jpg,Dog
PetImages/Dog/1424.jpg,Dog
PetImages/Dog/1425.jpg,Dog
PetImages/Dog/1426.jpg,Dog
PetImages/Dog/1427.jpg,Dog
PetImages/Dog/1428.jpg,Dog
PetImages/Dog/1429.jpg,Dog
PetImages/Dog/1430.jpg,Dog
PetImages/Dog/1431.jpg,Dog
PetImages/Dog/1432.jpg,Dog
PetImages/Dog/1433.jpg,Dog
PetImages/Dog/1434.jpg,Dog
PetImages/Dog/1435.jpg,Dog
PetImages/Dog/1436.jpg,Dog
PetImages/Dog/1437.jpg,Dog
PetImages/Dog/1438.jpg,Dog
PetImages/Dog/1439.jpg,Dog
PetImages/Dog/1440.jpg,Dog
PetImages/Dog/1441.jpg,Dog
PetImages/Dog/1442.jpg,Dog
PetImages/Dog/1443.jpg,Dog
PetImages/Dog/1444.jpg,Dog
PetImages/Dog/1445.jpg,Dog
PetImages/Dog/1446.jpg,Dog
PetImages/Dog/1447.jpg,Dog
PetImages/Dog/1448.jpg,Dog
PetImages/Dog/1449.jpg,Dog
PetImages/Dog/1450.jpg,Dog
PetImages/Dog/1451.jpg,Dog
PetImages/Dog/1452.jpg,Dog
PetImages/Dog/1453.jpg,Dog
PetImages/Dog/1454.jpg,Dog
PetImages/Dog/1455.jpg,Dog
PetImages/Dog/1456.jpg,Dog
PetImages/Dog/1457.jpg,Dog
PetImages/Dog/1458.jpg,Dog
PetImages/Dog/1459.jpg,Dog
PetImages/Dog/1460.jpg,Dog
PetImages/Dog/1461.jpg,Dog
PetImages/Dog/1462.jpg,Dog
PetImages/Dog/1463.jpg,Dog
PetImages/Dog/1464.jpg,Dog
PetImages/Dog/1465.jpg,Dog
PetImages/Dog/1466.jpg,Dog
PetImages/Dog/1467.jpg,Dog
PetImages/Dog/1468.jpg,Dog
PetImages/Dog/1469.jpg,Dog
PetImages/Dog/1470.jpg,Dog
PetImages/Dog/1471.jpg,Dog
PetImages/Dog/1472.jpg,Dog
PetImages/Dog/1473.jpg,Dog
PetImages/Dog/1474.jpg,Dog
PetImages/Dog/1475.jpg,Dog
PetImages/Dog/1476.jpg,Dog
PetImages/Dog/1477.jpg,Dog
PetImages/Dog/1478.jpg,Dog
PetImages/Dog/1479.jpg,Dog
PetImages/Dog/1480.jpg,Dog
PetImages/Dog/1481.jpg,Dog
PetImages/Dog/1482.jpg,Dog
PetImages/Dog/1483.jpg,Dog
PetImages/Dog/1484.jpg,Dog
PetImages/Dog/1485.jpg,Dog
PetImages/Dog/1486.jpg,Dog
PetImages/Dog/1487.jpg,Dog
PetImages/Dog/1488.jpg,Dog
PetImages/Dog/1489.jpg,Dog
PetImages/Dog/1490.jpg,Dog
PetImages/Dog/1491.jpg,Dog
PetImages/Dog/1492.jpg,Dog
PetImages/Dog/1493.jpg,Dog
PetImages/Dog/1494.jpg,Dog
PetImages/Dog/1495.jpg,Dog
PetImages/Dog/1496.jpg,Dog
PetImages/Dog/1497.jpg,Dog
PetImages/Dog/1498.jpg,Dog
PetImages/Dog/1499.jpg,Dog
PetImages/Dog/1500.jpg,Dog
PetImages/Dog/1501.jpg,Dog
PetImages/Dog/1502.jpg,Dog
PetImages/Dog/1503.jpg,Dog
PetImages/Dog/1504.jpg,Dog
PetImages/Dog/1505.jpg,Dog
PetImages/Dog/1506.jpg,Dog
PetImages/Dog/1507.jpg,Dog
PetImages/Dog/1508.jpg,Dog
PetImages/Dog/1509.jpg,Dog
PetImages/Dog/1510.jpg,Dog
PetImages/Dog/1511.jpg,Dog
PetImages/Dog/1512.jpg,Dog
PetImages/Dog/1513.jpg,Dog
PetImages/Dog/1514.jpg,Dog
PetImages/Dog/1515.jpg,Dog
PetImages/Dog/1516.jpg,Dog
PetImages/Dog/1517.jpg,Dog
PetImages/Dog/1518.jpg,Dog
PetImages/Dog/1519.jpg,Dog
PetImages/Dog/1520.jpg,Dog
PetImages/Dog/1521.jpg,Dog
PetImages/Dog/1522.jpg,Dog
PetImages/Dog/1523.jpg,Dog
PetImages/Dog/1524.jpg,Dog
PetImages/Dog/1525.jpg,Dog
PetImages/Dog/1526.jpg,Dog
PetImages/Dog/1527.jpg,Dog
PetImages/Dog/1528.jpg,Dog
PetImages/Dog/1529.jpg,Dog
PetImages/Dog/1530.jpg,Dog
PetImages/Dog/1531.jpg,Dog
PetImages/Dog/1532.jpg,Dog
PetImages/Dog/1533.jpg,Dog
PetImages/Dog/1534.jpg,Dog
PetImages/Dog/1535.jpg,Dog
PetImages/Dog/1536.jpg,Dog
PetImages/Dog/1537.jpg,Dog
PetImages/Dog/1538.jpg,Dog
PetImages/Dog/1539.jpg,Dog
PetImages/Dog/1540.jpg,Dog
PetImages/Dog/1541.jpg,Dog
PetImages/Dog/1542.jpg,Dog
PetImages/Dog/1543.jpg,Dog
PetImages/Dog/1544.jpg,Dog
PetImages/Dog/1545.jpg,Dog
PetImages/Dog/1546.jpg,Dog
PetImages/Dog/1547.jpg,Dog
PetImages/Dog/1548.jpg,Dog
PetImages/Dog/1549.jpg,Dog
PetImages/Dog/1550.jpg,Dog
PetImages/Dog/1551.jpg,Dog
PetImages/Dog/1552.jpg,Dog
PetImages/Dog/1553.jpg,Dog
PetImages/Dog/1554.jpg,Dog
PetImages/Dog/1555.jpg,Dog
PetImages/Dog/1556.jpg,Dog
PetImages/Dog/1557.jpg,Dog
PetImages/Dog/1558.jpg,Dog
PetImages/Dog/1559.jpg,Dog
PetImages/Dog/1560.jpg,Dog
PetImages/Dog/1561.jpg,Dog
PetImages/Dog/1562.jpg,Dog
PetImages/Dog/1563.jpg,Dog
PetImages/Dog/1564.jpg,Dog
PetImages/Dog/1565.jpg,Dog
PetImages/Dog/1566.jpg,Dog
PetImages/Dog/1567.jpg,Dog
PetImages/Dog/1568.jpg,Dog
PetImages/Dog/1569.jpg,Dog
PetImages/Dog/1570.jpg,Dog
PetImages/Dog/1571.jpg,Dog
PetImages/Dog/1572.jpg,Dog
PetImages/Dog/1573.jpg,Dog
PetImages/Dog/1574.jpg,Dog
PetImages/Dog/1575.jpg,Dog
PetImages/Dog/1576.jpg,Dog
PetImages/Dog/1577.jpg,Dog
PetImages/Dog/1578.jpg,Dog
PetImages/Dog/1579.jpg,Dog
PetImages/Dog/1580.jpg,Dog
PetImages/Dog/1581.jpg,Dog
PetImages/Dog/1582.jpg,Dog
PetImages/Dog/1583.jpg,Dog
PetImages/Dog/1584.jpg,Dog
PetImages/Dog/1585.jpg,Dog
PetImages/Dog/1586.jpg,Dog
PetImages/Dog/1587.jpg,Dog
PetImages/Dog/1588.jpg,Dog
PetImages/Dog/1589.jpg,Dog
PetImages/Dog/1590.jpg,Dog
PetImages/Dog/1591.jpg,Dog
PetImages/Dog/1592.jpg,Dog
PetImages/Dog/1593.jpg,Dog
PetImages/Dog/1594.jpg,Dog
PetImages/Dog/1595.jpg,Dog
PetImages/Dog/1596.jpg,Dog
PetImages/Dog/1597.jpg,Dog
PetImages/Dog/1598.jpg,Dog
PetImages/Dog/1599.jpg,Dog
PetImages/Dog/1600.jpg,Dog
PetImages/Dog/1601.jpg,Dog
PetImages/Dog/1602.jpg,Dog
PetImages/Dog/1603.jpg,Dog
PetImages/Dog/1604.jpg,Dog
PetImages/Dog/1605.jpg,Dog
PetImages/Dog/1606.jpg,Dog
PetImages/Dog/1607.jpg,Dog
PetImages/Dog/1608.jpg,Dog
PetImages/Dog/1609.jpg,Dog
PetImages/Dog/1610.jpg,Dog
PetImages/Dog/1611.jpg,Dog
PetImages/Dog/1612.jpg,Dog
PetImages/Dog/1613.jpg,Dog
PetImages/Dog/1614.jpg,Dog
PetImages/Dog/1615.jpg,Dog
PetImages/Dog/1616.jpg,Dog
PetImages/Dog/1617.jpg,Dog
PetImages/Dog/1618.jpg,Dog
PetImages/Dog/1619.jpg,Dog
PetImages/Dog/1620.jpg,Dog
PetImages/Dog/1621.jpg,Dog
PetImages/Dog/1622.jpg,Dog
PetImages/Dog/1623.jpg,Dog
PetImages/Dog/1624.jpg,Dog
PetImages/Dog/1625.jpg,Dog
PetImages/Dog/1626.jpg,Dog
PetImages/Dog/1627.jpg,Dog
PetImages/Dog/1628.jpg,Dog
PetImages/Dog/1629.jpg,Dog
PetImages/Dog/1630.jpg,Dog
PetImages/Dog/1631.jpg,Dog
PetImages/Dog/1632.jpg,Dog
PetImages/Dog/1633.jpg,Dog
PetImages/Dog/1634.jpg,Dog
PetImages/Dog/1635.jpg,Dog
PetImages/Dog/1636.jpg,Dog
PetImages/Dog/1637.jpg,Dog
PetImages/Dog/1638.jpg,Dog
PetImages/Dog/1639.jpg,Dog
PetImages/Dog/1640.jpg,Dog
PetImages/Dog/1641.jpg,Dog
PetImages/Dog/1642.jpg,Dog
PetImages/Dog/1643.jpg,Dog
PetImages/Dog/1644.jpg,Dog
PetImages/Dog/1645.jpg,Dog
PetImages/Dog/1646.jpg,Dog
PetImages/Dog/1647.jpg,Dog
PetImages/Dog/1648.jpg,Dog
PetImages/Dog/1649.jpg,Dog
PetImages/Dog/1650.jpg,Dog
PetImages/Dog/1651.jpg,Dog
PetImages/Dog/1652.jpg,Dog
PetImages/Dog/1653.jpg,Dog
PetImages/Dog/1654.jpg,Dog
PetImages/Dog/1655.jpg,Dog
PetImages/Dog/1656.jpg,Dog
PetImages/Dog/1657.jpg,Dog
PetImages/Dog/1658.jpg,Dog
PetImages/Dog/1659.jpg,Dog
PetImages/Dog/1660.jpg,Dog
PetImages/Dog/1661.jpg,Dog
PetImages/Dog/1662.jpg,Dog
PetImages/Dog/1663.jpg,Dog
PetImages/Dog/1664.jpg,Dog
PetImages/Dog/1665.jpg,Dog
PetImages/Dog/1666.jpg,Dog
PetImages/Dog/1667.jpg,Dog
PetImages/Dog/1668.jpg,Dog
PetImages/Dog/1669.jpg,Dog
PetImages/Dog/1670.jpg,Dog
PetImages/Dog/1671.jpg,Dog
PetImages/Dog/1672.jpg,Dog
PetImages/Dog/1673.jpg,Dog
PetImages/Dog/1674.jpg,Dog
PetImages/Dog/1675.jpg,Dog
PetImages/Dog/1676.jpg,Dog
PetImages/Dog/1677.jpg,Dog
PetImages/Dog/1678.jpg,Dog
PetImages/Dog/1679.jpg,Dog
PetImages/Dog/1680.jpg,Dog
PetImages/Dog/1681.jpg,Dog
PetImages/Dog/1682.jpg,Dog
PetImages/Dog/1683.jpg,Dog
PetImages/Dog/1684.jpg,Dog
PetImages/Dog/1685.jpg,Dog
PetImages/Dog/1686.jpg,Dog
PetImages/Dog/1687.jpg,Dog
PetImages/Dog/1688.jpg,Dog
PetImages/Dog/1689.jpg,Dog
PetImages/Dog/1690.jpg,Dog
PetImages/Dog/1691.jpg,Dog
PetImages/Dog/1692.jpg,Dog
PetImages/Dog/1693.jpg,Dog
PetImages/Dog/1694.jpg,Dog
PetImages/Dog/1695.jpg,Dog
PetImages/Dog/1696.jpg,Dog
PetImages/Dog/1697.jpg,Dog
PetImages/Dog/1698.jpg,Dog
PetImages/Dog/1699.jpg,Dog
PetImages/Dog/1700.jpg,Dog
PetImages/Dog/1701.jpg,Dog
PetImages/Dog/1702.jpg,Dog
PetImages/Dog/1703.jpg,Dog
PetImages/Dog/1704.jpg,Dog
PetImages/Dog/1705.jpg,Dog
PetImages/Dog/1706.jpg,Dog
PetImages/Dog/1707.jpg,Dog
PetImages/Dog/1708.jpg,Dog
PetImages/Dog/1709.jpg,Dog
PetImages/Dog/1710.jpg,Dog
PetImages/Dog/1711.jpg,Dog
PetImages/Dog/1712.jpg,Dog
PetImages/Dog/1713.jpg,Dog
PetImages/Dog/1714.jpg,Dog
PetImages/Dog/1715.jpg,Dog
PetImages/Dog/1716.jpg,Dog
PetImages/Dog/1717.jpg,Dog
PetImages/Dog/1718.jpg,Dog
PetImages/Dog/1719.jpg,Dog
PetImages/Dog/1720.jpg,Dog
PetImages/Dog/1721.jpg,Dog
PetImages/Dog/1722.jpg,Dog
PetImages/Dog/1723.jpg,Dog
PetImages/Dog/1724.jpg,Dog
PetImages/Dog/1725.jpg,Dog
PetImages/Dog/1726.jpg,Dog
PetImages/Dog/1727.jpg,Dog
PetImages/Dog/1728.jpg,Dog
PetImages/Dog/1729.jpg,Dog
PetImages/Dog/1730.jpg,Dog
PetImages/Dog/1731.jpg,Dog
PetImages/Dog/1732.jpg,Dog
PetImages/Dog/1733.jpg,Dog
PetImages/Dog/1734.jpg,Dog
PetImages/Dog/1735.jpg,Dog
PetImages/Dog/1736.jpg,Dog
PetImages/Dog/1737.jpg,Dog
PetImages/Dog/1738.jpg,Dog
PetImages/Dog/1739.jpg,Dog
PetImages/Dog/1740.jpg,Dog
PetImages/Dog/1741.jpg,Dog
PetImages/Dog/1742.jpg,Dog
PetImages/Dog/1743.jpg,Dog
PetImages/Dog/1744.jpg,Dog
PetImages/Dog/1745.jpg,Dog
PetImages/Dog/1746.jpg,Dog
PetImages/Dog/1747.jpg,Dog
PetImages/Dog/1748.jpg,Dog
PetImages/Dog/1749.jpg,Dog
PetImages/Dog/1750.jpg,Dog
PetImages/Dog/1751.jpg,Dog
PetImages/Dog/1752.jpg,Dog
PetImages/Dog/1753.jpg,Dog
PetImages/Dog/1754.jpg,Dog
PetImages/Dog/1755.jpg,Dog
PetImages/Dog/1756.jpg,Dog
PetImages/Dog/1757.jpg,Dog
PetImages/Dog/1758.jpg,Dog
PetImages/Dog/1759.jpg,Dog
PetImages/Dog/1760.jpg,Dog
PetImages/Dog/1761.jpg,Dog
PetImages/Dog/1762.jpg,Dog
PetImages/Dog/1763.jpg,Dog
PetImages/Dog/1764.jpg,Dog
PetImages/Dog/1765.jpg,Dog
PetImages/Dog/1766.jpg,Dog
PetImages/Dog/1767.jpg,Dog
PetImages/Dog/1768.jpg,Dog
PetImages/Dog/1769.jpg,Dog
PetImages/Dog/1770.jpg,Dog
PetImages/Dog/1771.jpg,Dog
PetImages/Dog/1772.jpg,Dog
PetImages/Dog/1773.jpg,Dog
PetImages/Dog/1774.jpg,Dog
PetImages/Dog/1775.jpg,Dog
PetImages/Dog/1776.jpg,Dog
PetImages/Dog/1777.jpg,Dog
PetImages/Dog/1778.jpg,Dog
PetImages/Dog/1779.jpg,Dog
PetImages/Dog/1780.jpg,Dog
PetImages/Dog/1781.jpg,Dog
PetImages/Dog/1782.jpg,Dog
PetImages/Dog/1783.jpg,Dog
PetImages/Dog/1784.jpg,Dog
PetImages/Dog/1785.jpg,Dog
PetImages/Dog/1786.jpg,Dog
PetImages/Dog/1787.jpg,Dog
PetImages/Dog/1788.jpg,Dog
PetImages/Dog/1789.jpg,Dog
PetImages/Dog/1790.jpg,Dog
PetImages/Dog/1791.jpg,Dog
PetImages/Dog/1792.jpg,Dog
PetImages/Dog/1793.jpg,Dog
PetImages/Dog/1794.jpg,Dog
PetImages/Dog/1795.jpg,Dog
PetImages/Dog/1796.jpg,Dog
PetImages/Dog/1797.jpg,Dog
PetImages/Dog/1798.jpg,Dog
PetImages/Dog/1799.jpg,Dog
PetImages/Dog/1800.jpg,Dog
PetImages/Dog/1801.jpg,Dog
PetImages/Dog/1802.jpg,Dog
PetImages/Dog/1803.jpg,Dog
PetImages/Dog/1804.jpg,Dog
PetImages/Dog/1805.jpg,Dog
PetImages/Dog/1806.jpg,Dog
PetImages/Dog/1807.jpg,Dog
PetImages/Dog/1808.jpg,Dog
PetImages/Dog/1809.jpg,Dog
PetImages/Dog/1810.jpg,Dog
PetImages/Dog/1811.jpg,Dog
PetImages/Dog/1812.jpg,Dog
PetImages/Dog/1813.jpg,Dog
PetImages/Dog/1814.jpg,Dog
PetImages/Dog/1815.jpg,Dog
PetImages/Dog/1816.jpg,Dog
PetImages/Dog/1817.jpg,Dog
PetImages/Dog/1818.jpg,Dog
PetImages/Dog/1819.jpg,Dog
PetImages/Dog/1820.jpg,Dog
PetImages/Dog/1821.jpg,Dog
PetImages/Dog/1822.jpg,Dog
PetImages/Dog/1823.jpg,Dog
PetImages/Dog/1824.jpg,Dog
PetImages/Dog/1825.jpg,Dog
PetImages/Dog/1826.jpg,Dog
PetImages/Dog/1827.jpg,Dog
PetImages/Dog/1828.jpg,Dog
PetImages/Dog/1829.jpg,Dog
PetImages/Dog/1830.jpg,Dog
PetImages/Dog/1831.jpg,Dog
PetImages/Dog/1832.jpg,Dog
PetImages/Dog/1833.jpg,Dog
PetImages/Dog/1834.jpg,Dog
PetImages/Dog/1835.jpg,Dog
PetImages/Dog/1836.jpg,Dog
PetImages/Dog/1837.jpg,Dog
PetImages/Dog/1838.jpg,Dog
PetImages/Dog/1839.jpg,Dog
PetImages/Dog/1840.jpg,Dog
PetImages/Dog/1841.jpg,Dog
PetImages/Dog/1842.jpg,Dog
PetImages/Dog/1843.jpg,Dog
PetImages/Dog/1844.jpg,Dog
PetImages/Dog/1845.jpg,Dog
PetImages/Dog/1846.jpg,Dog
PetImages/Dog/1847.jpg,Dog
PetImages/Dog/1848.jpg,Dog
PetImages/Dog/1849.jpg,Dog
PetImages/Dog/1850.jpg,Dog
PetImages/Dog/1851.jpg,Dog
PetImages/Dog/1852.jpg,Dog
PetImages/Dog/1853.jpg,Dog
PetImages/Dog/1854.jpg,Dog
PetImages/Dog/1855.jpg,Dog
PetImages/Dog/1856.jpg,Dog
PetImages/Dog/1857.jpg,Dog
PetImages/Dog/1858.jpg,Dog
PetImages/Dog/1859.jpg,Dog
PetImages/Dog/1860.jpg,Dog
PetImages/Dog/1861.jpg,Dog
PetImages/Dog/1862.jpg,Dog
PetImages/Dog/1863.jpg,Dog
PetImages/Dog/1864.jpg,Dog
PetImages/Dog/1865.jpg,Dog
PetImages/Dog/1866.jpg,Dog
PetImages/Dog/1867.jpg,Dog
PetImages/Dog/1868.jpg,Dog
PetImages/Dog/1869.jpg,Dog
PetImages/Dog/1870.jpg,Dog
PetImages/Dog/1871.jpg,Dog
PetImages/Dog/1872.jpg,Dog
PetImages/Dog/1873.jpg,Dog
PetImages/Dog/1874.jpg,Dog
PetImages/Dog/1875.jpg,Dog
PetImages/Dog/1876.jpg,Dog
PetImages/Dog/1877.jpg,Dog
PetImages/Dog/1878.jpg,Dog
PetImages/Dog/1879.jpg,Dog
PetImages/Dog/1880.jpg,Dog
PetImages/Dog/1881.jpg,Dog
PetImages/Dog/1882.jpg,Dog
PetImages/Dog/1883.jpg,Dog
PetImages/Dog/1884.jpg,Dog
PetImages/Dog/1885.jpg,Dog
PetImages/Dog/1886.jpg,Dog
PetImages/Dog/1887.jpg,Dog
PetImages/Dog/1888.jpg,Dog
PetImages/Dog/1889.jpg,Dog
PetImages/Dog/1890.jpg,Dog
PetImages/Dog/1891.jpg,Dog
PetImages/Dog/1892.jpg,Dog
PetImages/Dog/1893.jpg,Dog
PetImages/Dog/1894.jpg,Dog
PetImages/Dog/1895.jpg,Dog
PetImages/Dog/1896.jpg,Dog
PetImages/Dog/1897.jpg,Dog
PetImages/Dog/1898.jpg,Dog
PetImages/Dog/1899.jpg,Dog
PetImages/Dog/1900.jpg,Dog
PetImages/Dog/1901.jpg,Dog
PetImages/Dog/1902.jpg,Dog
PetImages/Dog/1903.jpg,Dog
PetImages/Dog/1904.jpg,Dog
PetImages/Dog/1905.jpg,Dog
PetImages/Dog/1906.jpg,Dog
PetImages/Dog/1907.jpg,Dog
PetImages/Dog/1908.jpg,Dog
PetImages/Dog/1909.jpg,Dog
PetImages/Dog/1910.jpg,Dog
PetImages/Dog/1911.jpg,Dog
PetImages/Dog/1912.jpg,Dog
PetImages/Dog/1913.jpg,Dog
PetImages/Dog/1914.jpg,Dog
PetImages/Dog/1915.jpg,Dog
PetImages/Dog/1916.jpg,Dog
PetImages/Dog/1917.jpg,Dog
PetImages/Dog/1918.jpg,Dog
PetImages/Dog/1919.jpg,Dog
PetImages/Dog/1920.jpg,Dog
PetImages/Dog/1921.jpg,Dog
PetImages/Dog/1922.jpg,Dog
PetImages/Dog/1923.jpg,Dog
PetImages/Dog/1924.jpg,Dog
PetImages/Dog/1925.jpg,Dog
PetImages/Dog/1926.jpg,Dog
PetImages/Dog/1927.jpg,Dog
PetImages/Dog/1928.jpg,Dog
PetImages/Dog/1929.jpg,Dog
PetImages/Dog/1930.jpg,Dog
PetImages/Dog/1931.jpg,Dog
PetImages/Dog/1932.jpg,Dog
PetImages/Dog/1933.jpg,Dog
PetImages/Dog/1934.jpg,Dog
PetImages/Dog/1935.jpg,Dog
PetImages/Dog/1936.jpg,Dog
PetImages/Dog/1937.jpg,Dog
PetImages/Dog/1938.jpg,Dog
PetImages/Dog/1939.jpg,Dog
PetImages/Dog/1940.jpg,Dog
PetImages/Dog/1941.jpg,Dog
PetImages/Dog/1942.jpg,Dog
PetImages/Dog/1943.jpg,Dog
PetImages/Dog/1944.jpg,Dog
PetImages/Dog/1945.jpg,Dog
PetImages/Dog/1946.jpg,Dog
PetImages/Dog/1947.jpg,Dog
PetImages/Dog/1948.jpg,Dog
PetImages/Dog/1949.jpg,Dog
PetImages/Dog/1950.jpg,Dog
PetImages/Dog/1951.jpg,Dog
PetImages/Dog/1952.jpg,Dog
PetImages/Dog/1953.jpg,Dog
PetImages/Dog/1954.jpg,Dog
PetImages/Dog/1955.jpg,Dog
PetImages/Dog/1956.jpg,Dog
PetImages/Dog/1957.jpg,Dog
PetImages/Dog/1958.jpg,Dog
PetImages/Dog/1959.jpg,Dog
PetImages/Dog/1960.jpg,Dog
PetImages/Dog/1961.jpg,Dog
PetImages/Dog/1962.jpg,Dog
PetImages/Dog/1963.jpg,Dog
PetImages/Dog/1964.jpg,Dog
PetImages/Dog/1965.jpg,Dog
PetImages/Dog/1966.jpg,Dog
PetImages/Dog/1967.jpg,Dog
PetImages/Dog/1968.jpg,Dog
PetImages/Dog/1969.jpg,Dog
PetImages/Dog/1970.jpg,Dog
PetImages/Dog/1971.jpg,Dog
PetImages/Dog/1972.jpg,Dog
PetImages/Dog/1973.jpg,Dog
PetImages/Dog/1974.jpg,Dog
PetImages/Dog/1975.jpg,Dog
PetImages/Dog/1976.jpg,Dog
PetImages/Dog/1977.jpg,Dog
PetImages/Dog/1978.jpg,Dog
PetImages/Dog/1979.jpg,Dog
PetImages/Dog/1980.jpg,Dog
PetImages/Dog/1981.jpg,Dog
PetImages/Dog/1982.jpg,Dog
PetImages/Dog/1983.jpg,Dog
PetImages/Dog/1984.jpg,Dog
PetImages/Dog/1985.jpg,Dog
PetImages/Dog/1986.jpg,Dog
PetImages/Dog/1987.jpg,Dog
PetImages/Dog/1988.jpg,Dog
PetImages/Dog/1989.jpg,Dog
PetImages/Dog/1990.jpg,Dog
PetImages/Dog/1991.jpg,Dog
PetImages/Dog/1992.jpg,Dog
PetImages/Dog/1993.jpg,Dog
PetImages/Dog/1994.jpg,Dog
PetImages/Dog/1995.jpg,Dog
PetImages/Dog/1996.jpg,Dog
PetImages/Dog/1997.jpg,Dog
PetImages/Dog/1998.jpg,Dog
PetImages/Dog/1999.jpg,Dog
PetImages/Dog/2000.jpg,Dog
PetImages/Dog/2001.jpg,Dog
PetImages/Dog/2002.jpg,Dog
PetImages/Dog/2003.jpg,Dog
PetImages/Dog/2004.jpg,Dog
PetImages/Dog/2005.jpg,Dog
PetImages/Dog/2006.jpg,Dog
PetImages/Dog/2007.jpg,Dog
PetImages/Dog/2008.jpg,Dog
PetImages/Dog/2009.jpg,Dog
PetImages/Dog/2010.jpg,Dog
PetImages/Dog/2011.jpg,Dog
PetImages/Dog/2012.jpg,Dog
PetImages/Dog/2013.jpg,Dog
PetImages/Dog/2014.jpg,Dog
PetImages/Dog/2015.jpg,Dog
PetImages/Dog/2016.jpg,Dog
PetImages/Dog/2017.jpg,Dog
PetImages/Dog/2018.jpg,Dog
PetImages/Dog/2019.jpg,Dog
PetImages/Dog/2020.jpg,Dog
PetImages/Dog/2021.jpg,Dog
PetImages/Dog/2022.jpg,Dog
PetImages/Dog/2023.jpg,Dog
PetImages/Dog/2024.jpg,Dog
PetImages/Dog/2025.jpg,Dog
PetImages/Dog/2026.jpg,Dog
PetImages/Dog/2027.jpg,Dog
PetImages/Dog/2028.jpg,Dog
PetImages/Dog/2029.jpg,Dog
PetImages/Dog/2030.jpg,Dog
PetImages/Dog/2031.jpg,Dog
PetImages/Dog/2032.jpg,Dog
PetImages/Dog/2033.jpg,Dog
PetImages/Dog/2034.jpg,Dog
PetImages/Dog/2035.jpg,Dog
PetImages/Dog/2036.jpg,Dog
PetImages/Dog/2037.jpg,Dog
PetImages/Dog/2038.jpg,Dog
PetImages/Dog/2039.jpg,Dog
PetImages/Dog/2040.jpg,Dog
PetImages/Dog/2041.jpg,Dog
PetImages/Dog/2042.jpg,Dog
PetImages/Dog/2043.jpg,Dog
PetImages/Dog/2044.jpg,Dog
PetImages/Dog/2045.jpg,Dog
PetImages/Dog/2046.jpg,Dog
PetImages/Dog/2047.jpg,Dog
PetImages/Dog/2048.jpg,Dog
PetImages/Dog/2049.jpg,Dog
PetImages/Dog/2050.jpg,Dog
PetImages/Dog/2051.jpg,Dog
PetImages/Dog/2052.jpg,Dog
PetImages/Dog/2053.jpg,Dog
PetImages/Dog/2054.jpg,Dog
PetImages/Dog/2055.jpg,Dog
PetImages/Dog/2056.jpg,Dog
PetImages/Dog/2057.jpg,Dog
PetImages/Dog/2058.jpg,Dog
PetImages/Dog/2059.jpg,Dog
PetImages/Dog/2060.jpg,Dog
PetImages/Dog/2061.jpg,Dog
PetImages/Dog/2062.jpg,Dog
PetImages/Dog/2063.jpg,Dog
PetImages/Dog/2064.jpg,Dog
PetImages/Dog/2065.jpg,Dog
PetImages/Dog/2066.jpg,Dog
PetImages/Dog/2067.jpg,Dog
PetImages/Dog/2068.jpg,Dog
PetImages/Dog/2069.jpg,Dog
PetImages/Dog/2070.jpg,Dog
PetImages/Dog/2071.jpg,Dog
PetImages/Dog/2072.jpg,Dog
PetImages/Dog/2073.jpg,Dog
PetImages/Dog/2074.jpg,Dog
PetImages/Dog/2075.jpg,Dog
PetImages/Dog/2076.jpg,Dog
PetImages/Dog/2077.jpg,Dog
PetImages/Dog/2078.jpg,Dog
PetImages/Dog/2079.jpg,Dog
PetImages/Dog/2080.jpg,Dog
PetImages/Dog/2081.jpg,Dog
PetImages/Dog/2082.jpg,Dog
PetImages/Dog/2083.jpg,Dog
PetImages/Dog/2084.jpg,Dog
PetImages/Dog/2085.jpg,Dog
PetImages/Dog/2086.jpg,Dog
PetImages/Dog/2087.jpg,Dog
PetImages/Dog/2088.jpg,Dog
PetImages/Dog/2089.jpg,Dog
PetImages/Dog/2090.jpg,Dog
PetImages/Dog/2091.jpg,Dog
PetImages/Dog/2092.jpg,Dog
PetImages/Dog/2093.jpg,Dog
PetImages/Dog/2094.jpg,Dog
PetImages/Dog/2095.jpg,Dog
PetImages/Dog/2096.jpg,Dog
PetImages/Dog/2097.jpg,Dog
PetImages/Dog/2098.jpg,Dog
PetImages/Dog/2099.jpg,Dog
PetImages/Dog/2100.jpg,Dog
PetImages/Dog/2101.jpg,Dog
PetImages/Dog/2102.jpg,Dog
PetImages/Dog/2103.jpg,Dog
PetImages/Dog/2104.jpg,Dog
PetImages/Dog/2105.jpg,Dog
PetImages/Dog/2106.jpg,Dog
PetImages/Dog/2107.jpg,Dog
PetImages/Dog/2108.jpg,Dog
PetImages/Dog/2109.jpg,Dog
PetImages/Dog/2110.jpg,Dog
PetImages/Dog/2111.jpg,Dog
PetImages/Dog/2112.jpg,Dog
PetImages/Dog/2113.jpg,Dog
PetImages/Dog/2114.jpg,Dog
PetImages/Dog/2115.jpg,Dog
PetImages/Dog/2116.jpg,Dog
PetImages/Dog/2117.jpg,Dog
PetImages/Dog/2118.jpg,Dog
PetImages/Dog/2119.jpg,Dog
PetImages/Dog/2120.jpg,Dog
PetImages/Dog/2121.jpg,Dog
PetImages/Dog/2122.jpg,Dog
PetImages/Dog/2123.jpg,Dog
PetImages/Dog/2124.jpg,Dog
PetImages/Dog/2125.jpg,Dog
PetImages/Dog/2126.jpg,Dog
PetImages/Dog/2127.jpg,Dog
PetImages/Dog/2128.jpg,Dog
PetImages/Dog/2129.jpg,Dog
PetImages/Dog/2130.jpg,Dog
PetImages/Dog/2131.jpg,Dog
PetImages/Dog/2132.jpg,Dog
PetImages/Dog/2133.jpg,Dog
PetImages/Dog/2134.jpg,Dog
PetImages/Dog/2135.jpg,Dog
PetImages/Dog/2136.jpg,Dog
PetImages/Dog/2137.jpg,Dog
PetImages/Dog/2138.jpg,Dog
PetImages/Dog/2139.jpg,Dog
PetImages/Dog/2140.jpg,Dog
PetImages/Dog/2141.jpg,Dog
PetImages/Dog/2142.jpg,Dog
PetImages/Dog/2143.jpg,Dog
PetImages/Dog/2144.jpg,Dog
PetImages/Dog/2145.jpg,Dog
PetImages/Dog/2146.jpg,Dog
PetImages/Dog/2147.jpg,Dog
PetImages/Dog/2148.jpg,Dog
PetImages/Dog/2149.jpg,Dog
PetImages/Dog/2150.jpg,Dog
PetImages/Dog/2151.jpg,Dog
PetImages/Dog/2152.jpg,Dog
PetImages/Dog/2153.jpg,Dog
PetImages/Dog/2154.jpg,Dog
PetImages/Dog/2155.jpg,Dog
PetImages/Dog/2156.jpg,Dog
PetImages/Dog/2157.jpg,Dog
PetImages/Dog/2158.jpg,Dog
PetImages/Dog/2159.jpg,Dog
PetImages/Dog/2160.jpg,Dog
PetImages/Dog/2161.jpg,Dog
PetImages/Dog/2162.jpg,Dog
PetImages/Dog/2163.jpg,Dog
PetImages/Dog/2164.jpg,Dog
PetImages/Dog/2165.jpg,Dog
PetImages/Dog/2166.jpg,Dog
PetImages/Dog/2167.jpg,Dog
PetImages/Dog/2168.jpg,Dog
PetImages/Dog/2169.jpg,Dog
PetImages/Dog/2170.jpg,Dog
PetImages/Dog/2171.jpg,Dog
PetImages/Dog/2172.jpg,Dog
PetImages/Dog/2173.jpg,Dog
PetImages/Dog/2174.jpg,Dog
PetImages/Dog/2175.jpg,Dog
PetImages/Dog/2176.jpg,Dog
PetImages/Dog/2177.jpg,Dog
PetImages/Dog/2178.jpg,Dog
PetImages/Dog/2179.jpg,Dog
PetImages/Dog/2180.jpg,Dog
PetImages/Dog/2181.jpg,Dog
PetImages/Dog/2182.jpg,Dog
PetImages/Dog/2183.jpg,Dog
PetImages/Dog/2184.jpg,Dog
PetImages/Dog/2185.jpg,Dog
PetImages/Dog/2186.jpg,Dog
PetImages/Dog/2187.jpg,Dog
PetImages/Dog/2188.jpg,Dog
PetImages/Dog/2189.jpg,Dog
PetImages/Dog/2190.jpg,Dog
PetImages/Dog/2191.jpg,Dog
PetImages/Dog/2192.jpg,Dog
PetImages/Dog/2193.jpg,Dog
PetImages/Dog/2194.jpg,Dog
PetImages/Dog/2195.jpg,Dog
PetImages/Dog/2196.jpg,Dog
PetImages/Dog/2197.jpg,Dog
PetImages/Dog/2198.jpg,Dog
PetImages/Dog/2199.jpg,Dog
PetImages/Dog/2200.jpg,Dog
PetImages/Dog/2201.jpg,Dog
PetImages/Dog/2202.jpg,Dog
PetImages/Dog/2203.jpg,Dog
PetImages/Dog/2204.jpg,Dog
PetImages/Dog/2205.jpg,Dog
PetImages/Dog/2206.jpg,Dog
PetImages/Dog/2207.jpg,Dog
PetImages/Dog/2208.jpg,Dog
PetImages/Dog/2209.jpg,Dog
PetImages/Dog/2210.jpg,Dog
PetImages/Dog/2211.jpg,Dog
PetImages/Dog/2212.jpg,Dog
PetImages/Dog/2213.jpg,Dog
PetImages/Dog/2214.jpg,Dog
PetImages/Dog/2215.jpg,Dog
PetImages/Dog/2216.jpg,Dog
PetImages/Dog/2217.jpg,Dog
PetImages/Dog/2218.jpg,Dog
PetImages/Dog/2219.jpg,Dog
PetImages/Dog/2220.jpg,Dog
PetImages/Dog/2221.jpg,Dog
PetImages/Dog/2222.jpg,Dog
PetImages/Dog/2223.jpg,Dog
PetImages/Dog/2224.jpg,Dog
PetImages/Dog/2225.jpg,Dog
PetImages/Dog/2226.jpg,Dog
PetImages/Dog/2227.jpg,Dog
PetImages/Dog/2228.jpg,Dog
PetImages/Dog/2229.jpg,Dog
PetImages/Dog/2230.jpg,Dog
PetImages/Dog/2231.jpg,Dog
PetImages/Dog/2232.jpg,Dog
PetImages/Dog/2233.jpg,Dog
PetImages/Dog/2234.jpg,Dog
PetImages/Dog/2235.jpg,Dog
PetImages/Dog/2236.jpg,Dog
PetImages/Dog/2237.jpg,Dog
PetImages/Dog/2238.jpg,Dog
PetImages/Dog/2239.jpg,Dog
PetImages/Dog/2240.jpg,Dog
PetImages/Dog/2241.jpg,Dog
PetImages/Dog/2242.jpg,Dog
PetImages/Dog/2243.jpg,Dog
PetImages/Dog/2244.jpg,Dog
PetImages/Dog/2245.jpg,Dog
PetImages/Dog/2246.jpg,Dog
PetImages/Dog/2247.jpg,Dog
PetImages/Dog/2248.jpg,Dog
PetImages/Dog/2249.jpg,Dog
PetImages/Dog/2250.jpg,Dog
PetImages/Dog/2251.jpg,Dog
PetImages/Dog/2252.jpg,Dog
PetImages/Dog/2253.jpg,Dog
PetImages/Dog/2254.jpg,Dog
PetImages/Dog/2255.jpg,Dog
PetImages/Dog/2256.jpg,Dog
PetImages/Dog/2257.jpg,Dog
PetImages/Dog/2258.jpg,Dog
PetImages/Dog/2259.jpg,Dog
PetImages/Dog/2260.jpg,Dog
PetImages/Dog/2261.jpg,Dog
PetImages/Dog/2262.jpg,Dog
PetImages/Dog/2263.jpg,Dog
PetImages/Dog/2264.jpg,Dog
PetImages/Dog/2265.jpg,Dog
PetImages/Dog/2266.jpg,Dog
PetImages/Dog/2267.jpg,Dog
PetImages/Dog/2268.jpg,Dog
PetImages/Dog/2269.jpg,Dog
PetImages/Dog/2270.jpg,Dog
PetImages/Dog/2271.jpg,Dog
PetImages/Dog/2272.jpg,Dog
PetImages/Dog/2273.jpg,Dog
PetImages/Dog/2274.jpg,Dog
PetImages/Dog/2275.jpg,Dog
PetImages/Dog/2276.jpg,Dog
PetImages/Dog/2277.jpg,Dog
PetImages/Dog/2278.jpg,Dog
PetImages/Dog/2279.jpg,Dog
PetImages/Dog/2280.jpg,Dog
PetImages/Dog/2281.jpg,Dog
PetImages/Dog/2282.jpg,Dog
PetImages/Dog/2283.jpg,Dog
PetImages/Dog/2284.jpg,Dog
PetImages/Dog/2285.jpg,Dog
PetImages/Dog/2286.jpg,Dog
PetImages/Dog/2287.jpg,Dog
PetImages/Dog/2288.jpg,Dog
PetImages/Dog/2289.jpg,Dog
PetImages/Dog/2290.jpg,Dog
PetImages/Dog/2291.jpg,Dog
PetImages/Dog/2292.jpg,Dog
PetImages/Dog/2293.jpg,Dog
PetImages/Dog/2294.jpg,Dog
PetImages/Dog/2295.jpg,Dog
PetImages/Dog/2296.jpg,Dog
PetImages/Dog/2297.jpg,Dog
PetImages/Dog/2298.jpg,Dog
PetImages/Dog/2299.jpg,Dog
PetImages/Dog/2300.jpg,Dog
PetImages/Dog/2301.jpg,Dog
PetImages/Dog/2302.jpg,Dog
PetImages/Dog/2303.jpg,Dog
PetImages/Dog/2304.jpg,Dog
PetImages/Dog/2305.jpg,Dog
PetImages/Dog/2306.jpg,Dog
PetImages/Dog/2307.jpg,Dog
PetImages/Dog/2308.jpg,Dog
PetImages/Dog/2309.jpg,Dog
PetImages/Dog/2310.jpg,Dog
PetImages/Dog/2311.jpg,Dog
PetImages/Dog/2312.jpg,Dog
PetImages/Dog/2313.jpg,Dog
PetImages/Dog/2314.jpg,Dog
PetImages/Dog/2315.jpg,Dog
PetImages/Dog/2316.jpg,Dog
PetImages/Dog/2317.jpg,Dog
PetImages/Dog/2318.jpg,Dog
PetImages/Dog/2319.jpg,Dog
PetImages/Dog/2320.jpg,Dog
PetImages/Dog/2321.jpg,Dog
PetImages/Dog/2322.jpg,Dog
PetImages/Dog/2323.jpg,Dog
PetImages/Dog/2324.jpg,Dog
PetImages/Dog/2325.jpg,Dog
PetImages/Dog/2326.jpg,Dog
PetImages/Dog/2327.jpg,Dog
PetImages/Dog/2328.jpg,Dog
PetImages/Dog/2329.jpg,Dog
PetImages/Dog/2330.jpg,Dog
PetImages/Dog/2331.jpg,Dog
PetImages/Dog/2332.jpg,Dog
PetImages/Dog/2333.jpg,Dog
PetImages/Dog/2334.jpg,Dog
PetImages/Dog/2335.jpg,Dog
PetImages/Dog/2336.jpg,Dog
PetImages/Dog/2337.jpg,Dog
PetImages/Dog/2338.jpg,Dog
PetImages/Dog/2339.jpg,Dog
PetImages/Dog/2340.jpg,Dog
PetImages/Dog/2341.jpg,Dog
PetImages/Dog/2342.jpg,Dog
PetImages/Dog/2343.jpg,Dog
PetImages/Dog/2344.jpg,Dog
PetImages/Dog/2345.jpg,Dog
PetImages/Dog/2346.jpg,Dog
PetImages/Dog/2347.jpg,Dog
PetImages/Dog/2348.jpg,Dog
PetImages/Dog/2349.jpg,Dog
PetImages/Dog/2350.jpg,Dog
PetImages/Dog/2351.jpg,Dog
PetImages/Dog/2352.jpg,Dog
PetImages/Dog/2353.jpg,Dog
PetImages/Dog/2354.jpg,Dog
PetImages/Dog/2355.jpg,Dog
PetImages/Dog/2356.jpg,Dog
PetImages/Dog/2357.jpg,Dog
PetImages/Dog/2358.jpg,Dog
PetImages/Dog/2359.jpg,Dog
PetImages/Dog/2360.jpg,Dog
PetImages/Dog/2361.jpg,Dog
PetImages/Dog/2362.jpg,Dog
PetImages/Dog/2363.jpg,Dog
PetImages/Dog/2364.jpg,Dog
PetImages/Dog/2365.jpg,Dog
PetImages/Dog/2366.jpg,Dog
PetImages/Dog/2367.jpg,Dog
PetImages/Dog/2368.jpg,Dog
PetImages/Dog/2369.jpg,Dog
PetImages/Dog/2370.jpg,Dog
PetImages/Dog/2371.jpg,Dog
PetImages/Dog/2372.jpg,Dog
PetImages/Dog/2373.jpg,Dog
PetImages/Dog/2374.jpg,Dog
PetImages/Dog/2375.jpg,Dog
PetImages/Dog/2376.jpg,Dog
PetImages/Dog/2377.jpg,Dog
PetImages/Dog/2378.jpg,Dog
PetImages/Dog/2379.jpg,Dog
PetImages/Dog/2380.jpg,Dog
PetImages/Dog/2381.jpg,Dog
PetImages/Dog/2382.jpg,Dog
PetImages/Dog/2383.jpg,Dog
PetImages/Dog/2384.jpg,Dog
PetImages/Dog/2385.jpg,Dog
PetImages/Dog/2386.jpg,Dog
PetImages/Dog/2387.jpg,Dog
PetImages/Dog/2388.jpg,Dog
PetImages/Dog/2389.jpg,Dog
PetImages/Dog/2390.jpg,Dog
PetImages/Dog/2391.jpg,Dog
PetImages/Dog/2392.jpg,Dog
PetImages/Dog/2393.jpg,Dog
PetImages/Dog/2394.jpg,Dog
PetImages/Dog/2395.jpg,Dog
PetImages/Dog/2396.jpg,Dog
PetImages/Dog/2397.jpg,Dog
PetImages/Dog/2398.jpg,Dog
PetImages/Dog/2399.jpg,Dog
PetImages/Dog/2400.jpg,Dog
PetImages/Dog/2401.jpg,Dog
PetImages/Dog/2402.jpg,Dog
PetImages/Dog/2403.jpg,Dog
PetImages/Dog/2404.jpg,Dog
PetImages/Dog/2405.jpg,Dog
PetImages/Dog/2406.jpg,Dog
PetImages/Dog/2407.jpg,Dog
PetImages/Dog/2408.jpg,Dog
PetImages/Dog/2409.jpg,Dog
PetImages/Dog/2410.jpg,Dog
PetImages/Dog/2411.jpg,Dog
PetImages/Dog/2412.jpg,Dog
PetImages/Dog/2413.jpg,Dog
PetImages/Dog/2414.jpg,Dog
PetImages/Dog/2415.jpg,Dog
PetImages/Dog/2416.jpg,Dog
PetImages/Dog/2417.jpg,Dog
PetImages/Dog/2418.jpg,Dog
PetImages/Dog/2419.jpg,Dog
PetImages/Dog/2420.jpg,Dog
PetImages/Dog/2421.jpg,Dog
PetImages/Dog/2422.jpg,Dog
PetImages/Dog/2423.jpg,Dog
PetImages/Dog/2424.jpg,Dog
PetImages/Dog/2425.jpg,Dog
PetImages/Dog/2426.jpg,Dog
PetImages/Dog/2427.jpg,Dog
PetImages/Dog/2428.jpg,Dog
PetImages/Dog/2429.jpg,Dog
PetImages/Dog/2430.jpg,Dog
PetImages/Dog/2431.jpg,Dog
PetImages/Dog/2432.jpg,Dog
PetImages/Dog/2433.jpg,Dog
PetImages/Dog/2434.jpg,Dog
PetImages/Dog/2435.jpg,Dog
PetImages/Dog/2436.jpg,Dog
PetImages/Dog/2437.jpg,Dog
PetImages/Dog/2438.jpg,Dog
PetImages/Dog/2439.jpg,Dog
PetImages/Dog/2440.jpg,Dog
PetImages/Dog/2441.jpg,Dog
PetImages/Dog/2442.jpg,Dog
PetImages/Dog/2443.jpg,Dog
PetImages/Dog/2444.jpg,Dog
PetImages/Dog/2445.jpg,Dog
PetImages/Dog/2446.jpg,Dog
PetImages/Dog/2447.jpg,Dog
PetImages/Dog/2448.jpg,Dog
PetImages/Dog/2449.jpg,Dog
PetImages/Dog/2450.jpg,Dog
PetImages/Dog/2451.jpg,Dog
PetImages/Dog/2452.jpg,Dog
PetImages/Dog/2453.jpg,Dog
PetImages/Dog/2454.jpg,Dog
PetImages/Dog/2455.jpg,Dog
PetImages/Dog/2456.jpg,Dog
PetImages/Dog/2457.jpg,Dog
PetImages/Dog/2458.jpg,Dog
PetImages/Dog/2459.jpg,Dog
PetImages/Dog/2460.jpg,Dog
PetImages/Dog/2461.jpg,Dog
PetImages/Dog/2462.jpg,Dog
PetImages/Dog/2463.jpg,Dog
PetImages/Dog/2464.jpg,Dog
PetImages/Dog/2465.jpg,Dog
PetImages/Dog/2466.jpg,Dog
PetImages/Dog/2467.jpg,Dog
PetImages/Dog/2468.jpg,Dog
PetImages/Dog/2469.jpg,Dog
PetImages/Dog/2470.jpg,Dog
PetImages/Dog/2471.jpg,Dog
PetImages/Dog/2472.jpg,Dog
PetImages/Dog/2473.jpg,Dog
PetImages/Dog/2474.jpg,Dog
PetImages/Dog/2475.jpg,Dog
PetImages/Dog/2476.jpg,Dog
PetImages/Dog/2477.jpg,Dog
PetImages/Dog/2478.jpg,Dog
PetImages/Dog/2479.jpg,Dog
PetImages/Dog/2480.jpg,Dog
PetImages/Dog/2481.jpg,Dog
PetImages/Dog/2482.jpg,Dog
PetImages/Dog/2483.jpg,Dog
PetImages/Dog/2484.jpg,Dog
PetImages/Dog/2485.jpg,Dog
PetImages/Dog/2486.jpg,Dog
PetImages/Dog/2487.jpg,Dog
PetImages/Dog/2488.jpg,Dog
PetImages/Dog/2489.jpg,Dog
PetImages/Dog/2490.jpg,Dog
PetImages/Dog/2491.jpg,Dog
PetImages/Dog/2492.jpg,Dog
PetImages/Dog/2493.jpg,Dog
PetImages/Dog/2494.jpg,Dog
PetImages/Dog/2495.jpg,Dog
PetImages/Dog/2496.jpg,Dog
PetImages/Dog/2497.jpg,Dog
PetImages/Dog/2498.jpg,Dog
PetImages/Dog/2499.jpg,Dog
PetImages/Dog/2500.jpg,Dog
PetImages/Dog/2501.jpg,Dog
PetImages/Dog/2502.jpg,Dog
PetImages/Dog/2503.jpg,Dog
PetImages/Dog/2504.jpg,Dog
PetImages/Dog/2505.jpg,Dog
PetImages/Dog/2506.jpg,Dog
PetImages/Dog/2507.jpg,Dog
PetImages/Dog/2508.jpg,Dog
PetImages/Dog/2509.jpg,Dog
PetImages/Dog/2510.jpg,Dog
PetImages/Dog/2511.jpg,Dog
PetImages/Dog/2512.jpg,Dog
PetImages/Dog/2513.jpg,Dog
PetImages/Dog/2514.jpg,Dog
PetImages/Dog/2515.jpg,Dog
PetImages/Dog/2516.jpg,Dog
PetImages/Dog/2517.jpg,Dog
PetImages/Dog/2518.jpg,Dog
PetImages/Dog/2519.jpg,Dog
PetImages/Dog/2520.jpg,Dog
PetImages/Dog/2521.jpg,Dog
PetImages/Dog/2522.jpg,Dog
PetImages/Dog/2523.jpg,Dog
PetImages/Dog/2524.jpg,Dog
PetImages/Dog/2525.jpg,Dog
PetImages/Dog/2526.jpg,Dog
PetImages/Dog/2527.jpg,Dog
PetImages/Dog/2528.jpg,Dog
PetImages/Dog/2529.jpg,Dog
PetImages/Dog/2530.jpg,Dog
PetImages/Dog/2531.jpg,Dog
PetImages/Dog/2532.jpg,Dog
PetImages/Dog/2533.jpg,Dog
PetImages/Dog/2534.jpg,Dog
PetImages/Dog/2535.jpg,Dog
PetImages/Dog/2536.jpg,Dog
PetImages/Dog/2537.jpg,Dog
PetImages/Dog/2538.jpg,Dog
PetImages/Dog/2539.jpg,Dog
PetImages/Dog/2540.jpg,Dog
PetImages/Dog/2541.jpg,Dog
PetImages/Dog/2542.jpg,Dog
PetImages/Dog/2543.jpg,Dog
PetImages/Dog/2544.jpg,Dog
PetImages/Dog/2545.jpg,Dog
PetImages/Dog/2546.jpg,Dog
PetImages/Dog/2547.jpg,Dog
PetImages/Dog/2548.jpg,Dog
PetImages/Dog/2549.jpg,Dog
PetImages/Dog/2550.jpg,Dog
PetImages/Dog/2551.jpg,Dog
PetImages/Dog/2552.jpg,Dog
PetImages/Dog/2553.jpg,Dog
PetImages/Dog/2554.jpg,Dog
PetImages/Dog/2555.jpg,Dog
PetImages/Dog/2556.jpg,Dog
PetImages/Dog/2557.jpg,Dog
PetImages/Dog/2558.jpg,Dog
PetImages/Dog/2559.jpg,Dog
PetImages/Dog/2560.jpg,Dog
PetImages/Dog/2561.jpg,Dog
PetImages/Dog/2562.jpg,Dog
PetImages/Dog/2563.jpg,Dog
PetImages/Dog/2564.jpg,Dog
PetImages/Dog/2565.jpg,Dog
PetImages/Dog/2566.jpg,Dog
PetImages/Dog/2567.jpg,Dog
PetImages/Dog/2568.jpg,Dog
PetImages/Dog/2569.jpg,Dog
PetImages/Dog/2570.jpg,Dog
PetImages/Dog/2571.jpg,Dog
PetImages/Dog/2572.jpg,Dog
PetImages/Dog/2573.jpg,Dog
PetImages/Dog/2574.jpg,Dog
PetImages/Dog/2575.jpg,Dog
PetImages/Dog/2576.jpg,Dog
PetImages/Dog/2577.jpg,Dog
PetImages/Dog/2578.jpg,Dog
PetImages/Dog/2579.jpg,Dog
PetImages/Dog/2580.jpg,Dog
PetImages/Dog/2581.jpg,Dog
PetImages/Dog/2582.jpg,Dog
PetImages/Dog/2583.jpg,Dog
PetImages/Dog/2584.jpg,Dog
PetImages/Dog/2585.jpg,Dog
PetImages/Dog/2586.jpg,Dog
PetImages/Dog/2587.jpg,Dog
PetImages/Dog/2588.jpg,Dog
PetImages/Dog/2589.jpg,Dog
PetImages/Dog/2590.jpg,Dog
PetImages/Dog/2591.jpg,Dog
PetImages/Dog/2592.jpg,Dog
PetImages/Dog/2593.jpg,Dog
PetImages/Dog/2594.jpg,Dog
PetImages/Dog/2595.jpg,Dog
PetImages/Dog/2596.jpg,Dog
PetImages/Dog/2597.jpg,Dog
PetImages/Dog/2598.jpg,Dog
PetImages/Dog/2599.jpg,Dog
PetImages/Dog/2600.jpg,Dog
PetImages/Dog/2601.jpg,Dog
PetImages/Dog/2602.jpg,Dog
PetImages/Dog/2603.jpg,Dog
PetImages/Dog/2604.jpg,Dog
PetImages/Dog/2605.jpg,Dog
PetImages/Dog/2606.jpg,Dog
PetImages/Dog/2607.jpg,Dog
PetImages/Dog/2608.jpg,Dog
PetImages/Dog/2609.jpg,Dog
PetImages/Dog/2610.jpg,Dog
PetImages/Dog/2611.jpg,Dog
PetImages/Dog/2612.jpg,Dog
PetImages/Dog/2613.jpg,Dog
PetImages/Dog/2614.jpg,Dog
PetImages/Dog/2615.jpg,Dog
PetImages/Dog/2616.jpg,Dog
PetImages/Dog/2617.jpg,Dog
PetImages/Dog/2618.jpg,Dog
PetImages/Dog/2619.jpg,Dog
PetImages/Dog/2620.jpg,Dog
PetImages/Dog/2621.jpg,Dog
PetImages/Dog/2622.jpg,Dog
PetImages/Dog/2623.jpg,Dog
PetImages/Dog/2624.jpg,Dog
PetImages/Dog/2625.jpg,Dog
PetImages/Dog/2626.jpg,Dog
PetImages/Dog/2627.jpg,Dog
PetImages/Dog/2628.jpg,Dog
PetImages/Dog/2629.jpg,Dog
PetImages/Dog/2630.jpg,Dog
PetImages/Dog/2631.jpg,Dog
PetImages/Dog/2632.jpg,Dog
PetImages/Dog/2633.jpg,Dog
PetImages/Dog/2634.jpg,Dog
PetImages/Dog/2635.jpg,Dog
PetImages/Dog/2636.jpg,Dog
PetImages/Dog/2637.jpg,Dog
PetImages/Dog/2638.jpg,Dog
PetImages/Dog/2639.jpg,Dog
PetImages/Dog/2640.jpg,Dog
PetImages/Dog/2641.jpg,Dog
PetImages/Dog/2642.jpg,Dog
PetImages/Dog/2643.jpg,Dog
PetImages/Dog/2644.jpg,Dog
PetImages/Dog/2645.jpg,Dog
PetImages/Dog/2646.jpg,Dog
PetImages/Dog/2647.jpg,Dog
PetImages/Dog/2648.jpg,Dog
PetImages/Dog/2649.jpg,Dog
PetImages/Dog/2650.jpg,Dog
PetImages/Dog/2651.jpg,Dog
PetImages/Dog/2652.jpg,Dog
PetImages/Dog/2653.jpg,Dog
PetImages/Dog/2654.jpg,Dog
PetImages/Dog/2655.jpg,Dog
PetImages/Dog/2656.jpg,Dog
PetImages/Dog/2657.jpg,Dog
PetImages/Dog/2658.jpg,Dog
PetImages/Dog/2659.jpg,Dog
PetImages/Dog/2660.jpg,Dog
PetImages/Dog/2661.jpg,Dog
PetImages/Dog/2662.jpg,Dog
PetImages/Dog/2663.jpg,Dog
PetImages/Dog/2664.jpg,Dog
PetImages/Dog/2665.jpg,Dog
PetImages/Dog/2666.jpg,Dog
PetImages/Dog/2667.jpg,Dog
PetImages/Dog/2668.jpg,Dog
PetImages/Dog/2669.jpg,Dog
PetImages/Dog/2670.jpg,Dog
PetImages/Dog/2671.jpg,Dog
PetImages/Dog/2672.jpg,Dog
PetImages/Dog/2673.jpg,Dog
PetImages/Dog/2674.jpg,Dog
PetImages/Dog/2675.jpg,Dog
PetImages/Dog/2676.jpg,Dog
PetImages/Dog/2677.jpg,Dog
PetImages/Dog/2678.jpg,Dog
PetImages/Dog/2679.jpg,Dog
PetImages/Dog/2680.jpg,Dog
PetImages/Dog/2681.jpg,Dog
PetImages/Dog/2682.jpg,Dog
PetImages/Dog/2683.jpg,Dog
PetImages/Dog/2684.jpg,Dog
PetImages/Dog/2685.jpg,Dog
PetImages/Dog/2686.jpg,Dog
PetImages/Dog/2687.jpg,Dog
PetImages/Dog/2688.jpg,Dog
PetImages/Dog/2689.jpg,Dog
PetImages/Dog/2690.jpg,Dog
PetImages/Dog/2691.jpg,Dog
PetImages/Dog/2692.jpg,Dog
PetImages/Dog/2693.jpg,Dog
PetImages/Dog/2694.jpg,Dog
PetImages/Dog/2695.jpg,Dog
PetImages/Dog/2696.jpg,Dog
PetImages/Dog/2697.jpg,Dog
PetImages/Dog/2698.jpg,Dog
PetImages/Dog/2699.jpg,Dog
PetImages/Dog/2700.jpg,Dog
PetImages/Dog/2701.jpg,Dog
PetImages/Dog/2702.jpg,Dog
PetImages/Dog/2703.jpg,Dog
PetImages/Dog/2704.jpg,Dog
PetImages/Dog/2705.jpg,Dog
PetImages/Dog/2706.jpg,Dog
PetImages/Dog/2707.jpg,Dog
PetImages/Dog/2708.jpg,Dog
PetImages/Dog/2709.jpg,Dog
PetImages/Dog/2710.jpg,Dog
PetImages/Dog/2711.jpg,Dog
PetImages/Dog/2712.jpg,Dog
PetImages/Dog/2713.jpg,Dog
PetImages/Dog/2714.jpg,Dog
PetImages/Dog/2715.jpg,Dog
PetImages/Dog/2716.jpg,Dog
PetImages/Dog/2717.jpg,Dog
PetImages/Dog/2718.jpg,Dog
PetImages/Dog/2719.jpg,Dog
PetImages/Dog/2720.jpg,Dog
PetImages/Dog/2721.jpg,Dog
PetImages/Dog/2722.jpg,Dog
PetImages/Dog/2723.jpg,Dog
PetImages/Dog/2724.jpg,Dog
PetImages/Dog/2725.jpg,Dog
PetImages/Dog/2726.jpg,Dog
PetImages/Dog/2727.jpg,Dog
PetImages/Dog/2728.jpg,Dog
PetImages/Dog/2729.jpg,Dog
PetImages/Dog/2730.jpg,Dog
PetImages/Dog/2731.jpg,Dog
PetImages/Dog/2732.jpg,Dog
PetImages/Dog/2733.jpg,Dog
PetImages/Dog/2734.jpg,Dog
PetImages/Dog/2735.jpg,Dog
PetImages/Dog/2736.jpg,Dog
PetImages/Dog/2737.jpg,Dog
PetImages/Dog/2738.jpg,Dog
PetImages/Dog/2739.jpg,Dog
PetImages/Dog/2740.jpg,Dog
PetImages/Dog/2741.jpg,Dog
PetImages/Dog/2742.jpg,Dog
PetImages/Dog/2743.jpg,Dog
PetImages/Dog/2744.jpg,Dog
PetImages/Dog/2745.jpg,Dog
PetImages/Dog/2746.jpg,Dog
PetImages/Dog/2747.jpg,Dog
PetImages/Dog/2748.jpg,Dog
PetImages/Dog/2749.jpg,Dog
PetImages/Dog/2750.jpg,Dog
PetImages/Dog/2751.jpg,Dog
PetImages/Dog/2752.jpg,Dog
PetImages/Dog/2753.jpg,Dog
PetImages/Dog/2754.jpg,Dog
PetImages/Dog/2755.jpg,Dog
PetImages/Dog/2756.jpg,Dog
PetImages/Dog/2757.jpg,Dog
PetImages/Dog/2758.jpg,Dog
PetImages/Dog/2759.jpg,Dog
PetImages/Dog/2760.jpg,Dog
PetImages/Dog/2761.jpg,Dog
PetImages/Dog/2762.jpg,Dog
PetImages/Dog/2763.jpg,Dog
PetImages/Dog/2764.jpg,Dog
PetImages/Dog/2765.jpg,Dog
PetImages/Dog/2766.jpg,Dog
PetImages/Dog/2767.jpg,Dog
PetImages/Dog/2768.jpg,Dog
PetImages/Dog/2769.jpg,Dog
PetImages/Dog/2770.jpg,Dog
PetImages/Dog/2771.jpg,Dog
PetImages/Dog/2772.jpg,Dog
PetImages/Dog/2773.jpg,Dog
PetImages/Dog/2774.jpg,Dog
PetImages/Dog/2775.jpg,Dog
PetImages/Dog/2776.jpg,Dog
PetImages/Dog/2777.jpg,Dog
PetImages/Dog/2778.jpg,Dog
PetImages/Dog/2779.jpg,Dog
PetImages/Dog/2780.jpg,Dog
PetImages/Dog/2781.jpg,Dog
PetImages/Dog/2782.jpg,Dog
PetImages/Dog/2783.jpg,Dog
PetImages/Dog/2784.jpg,Dog
PetImages/Dog/2785.jpg,Dog
PetImages/Dog/2786.jpg,Dog
PetImages/Dog/2787.jpg,Dog
PetImages/Dog/2788.jpg,Dog
PetImages/Dog/2789.jpg,Dog
PetImages/Dog/2790.jpg,Dog
PetImages/Dog/2791.jpg,Dog
PetImages/Dog/2792.jpg,Dog
PetImages/Dog/2793.jpg,Dog
PetImages/Dog/2794.jpg,Dog
PetImages/Dog/2795.jpg,Dog
PetImages/Dog/2796.jpg,Dog
PetImages/Dog/2797.jpg,Dog
PetImages/Dog/2798.jpg,Dog
PetImages/Dog/2799.jpg,Dog
PetImages/Dog/2800.jpg,Dog
PetImages/Dog/2801.jpg,Dog
PetImages/Dog/2802.jpg,Dog
PetImages/Dog/2803.jpg,Dog
PetImages/Dog/2804.jpg,Dog
PetImages/Dog/2805.jpg,Dog
PetImages/Dog/2806.jpg,Dog
PetImages/Dog/2807.jpg,Dog
PetImages/Dog/2808.jpg,Dog
PetImages/Dog/2809.jpg,Dog
PetImages/Dog/2810.jpg,Dog
PetImages/Dog/2811.jpg,Dog
PetImages/Dog/2812.jpg,Dog
PetImages/Dog/2813.jpg,Dog
PetImages/Dog/2814.jpg,Dog
PetImages/Dog/2815.jpg,Dog
PetImages/Dog/2816.jpg,Dog
PetImages/Dog/2817.jpg,Dog
PetImages/Dog/2818.jpg,Dog
PetImages/Dog/2819.jpg,Dog
PetImages/Dog/2820.jpg,Dog
PetImages/Dog/2821.jpg,Dog
PetImages/Dog/2822.jpg,Dog
PetImages/Dog/2823.jpg,Dog
PetImages/Dog/2824.jpg,Dog
PetImages/Dog/2825.jpg,Dog
PetImages/Dog/2826.jpg,Dog
PetImages/Dog/2827.jpg,Dog
PetImages/Dog/2828.jpg,Dog
PetImages/Dog/2829.jpg,Dog
PetImages/Dog/2830.jpg,Dog
PetImages/Dog/2831.jpg,Dog
PetImages/Dog/2832.jpg,Dog
PetImages/Dog/2833.jpg,Dog
PetImages/Dog/2834.jpg,Dog
PetImages/Dog/2835.jpg,Dog
PetImages/Dog/2836.jpg,Dog
PetImages/Dog/2837.jpg,Dog
PetImages/Dog/2838.jpg,Dog
PetImages/Dog/2839.jpg,Dog
PetImages/Dog/2840.jpg,Dog
PetImages/Dog/2841.jpg,Dog
PetImages/Dog/2842.jpg,Dog
PetImages/Dog/2843.jpg,Dog
PetImages/Dog/2844.jpg,Dog
PetImages/Dog/2845.jpg,Dog
PetImages/Dog/2846.jpg,Dog
PetImages/Dog/2847.jpg,Dog
PetImages/Dog/2848.jpg,Dog
PetImages/Dog/2849.jpg,Dog
PetImages/Dog/2850.jpg,Dog
PetImages/Dog/2851.jpg,Dog
PetImages/Dog/2852.jpg,Dog
PetImages/Dog/2853.jpg,Dog
PetImages/Dog/2854.jpg,Dog
PetImages/Dog/2855.jpg,Dog
PetImages/Dog/2856.jpg,Dog
PetImages/Dog/2857.jpg,Dog
PetImages/Dog/2858.jpg,Dog
PetImages/Dog/2859.jpg,Dog
PetImages/Dog/2860.jpg,Dog
PetImages/Dog/2861.jpg,Dog
PetImages/Dog/2862.jpg,Dog
PetImages/Dog/2863.jpg,Dog
PetImages/Dog/2864.jpg,Dog
PetImages/Dog/2865.jpg,Dog
PetImages/Dog/2866.jpg,Dog
PetImages/Dog/2867.jpg,Dog
PetImages/Dog/2868.jpg,Dog
PetImages/Dog/2869.jpg,Dog
PetImages/Dog/2870.jpg,Dog
PetImages/Dog/2871.jpg,Dog
PetImages/Dog/2872.jpg,Dog
PetImages/Dog/2873.jpg,Dog
PetImages/Dog/2874.jpg,Dog
PetImages/Dog/2875.jpg,Dog
PetImages/Dog/2876.jpg,Dog
PetImages/Dog/2877.jpg,Dog
PetImages/Dog/2878.jpg,Dog
PetImages/Dog/2879.jpg,Dog
PetImages/Dog/2880.jpg,Dog
PetImages/Dog/2881.jpg,Dog
PetImages/Dog/2882.jpg,Dog
PetImages/Dog/2883.jpg,Dog
PetImages/Dog/2884.jpg,Dog
PetImages/Dog/2885.jpg,Dog
PetImages/Dog/2886.jpg,Dog
PetImages/Dog/2887.jpg,Dog
PetImages/Dog/2888.jpg,Dog
PetImages/Dog/2889.jpg,Dog
PetImages/Dog/2890.jpg,Dog
PetImages/Dog/2891.jpg,Dog
PetImages/Dog/2892.jpg,Dog
PetImages/Dog/2893.jpg,Dog
PetImages/Dog/2894.jpg,Dog
PetImages/Dog/2895.jpg,Dog
PetImages/Dog/2896.jpg,Dog
PetImages/Dog/2897.jpg,Dog
PetImages/Dog/2898.jpg,Dog
PetImages/Dog/2899.jpg,Dog
PetImages/Dog/2900.jpg,Dog
PetImages/Dog/2901.jpg,Dog
PetImages/Dog/2902.jpg,Dog
PetImages/Dog/2903.jpg,Dog
PetImages/Dog/2904.jpg,Dog
PetImages/Dog/2905.jpg,Dog
PetImages/Dog/2906.jpg,Dog
PetImages/Dog/2907.jpg,Dog
PetImages/Dog/2908.jpg,Dog
PetImages/Dog/2909.jpg,Dog
PetImages/Dog/2910.jpg,Dog
PetImages/Dog/2911.jpg,Dog
PetImages/Dog/2912.jpg,Dog
PetImages/Dog/2913.jpg,Dog
PetImages/Dog/2914.jpg,Dog
PetImages/Dog/2915.jpg,Dog
PetImages/Dog/2916.jpg,Dog
PetImages/Dog/2917.jpg,Dog
PetImages/Dog/2918.jpg,Dog
PetImages/Dog/2919.jpg,Dog
PetImages/Dog/2920.jpg,Dog
PetImages/Dog/2921.jpg,Dog
PetImages/Dog/2922.jpg,Dog
PetImages/Dog/2923.jpg,Dog
PetImages/Dog/2924.jpg,Dog
PetImages/Dog/2925.jpg,Dog
PetImages/Dog/2926.jpg,Dog
PetImages/Dog/2927.jpg,Dog
PetImages/Dog/2928.jpg,Dog
PetImages/Dog/2929.jpg,Dog
PetImages/Dog/2930.jpg,Dog
PetImages/Dog/2931.jpg,Dog
PetImages/Dog/2932.jpg,Dog
PetImages/Dog/2933.jpg,Dog
PetImages/Dog/2934.jpg,Dog
PetImages/Dog/2935.jpg,Dog
PetImages/Dog/2936.jpg,Dog
PetImages/Dog/2937.jpg,Dog
PetImages/Dog/2938.jpg,Dog
PetImages/Dog/2939.jpg,Dog
PetImages/Dog/2940.jpg,Dog
PetImages/Dog/2941.jpg,Dog
PetImages/Dog/2942.jpg,Dog
PetImages/Dog/2943.jpg,Dog
PetImages/Dog/2944.jpg,Dog
PetImages/Dog/2945.jpg,Dog
PetImages/Dog/2946.jpg,Dog
PetImages/Dog/2947.jpg,Dog
PetImages/Dog/2948.jpg,Dog
PetImages/Dog/2949.jpg,Dog
PetImages/Dog/2950.jpg,Dog
PetImages/Dog/2951.jpg,Dog
PetImages/Dog/2952.jpg,Dog
PetImages/Dog/2953.jpg,Dog
PetImages/Dog/2954.jpg,Dog
PetImages/Dog/2955.jpg,Dog
PetImages/Dog/2956.jpg,Dog
PetImages/Dog/2957.jpg,Dog
PetImages/Dog/2958.jpg,Dog
PetImages/Dog/2959.jpg,Dog
PetImages/Dog/2960.jpg,Dog
PetImages/Dog/2961.jpg,Dog
PetImages/Dog/2962.jpg,Dog
PetImages/Dog/2963.jpg,Dog
PetImages/Dog/2964.jpg,Dog
PetImages/Dog/2965.jpg,Dog
PetImages/Dog/2966.jpg,Dog
PetImages/Dog/2967.jpg,Dog
PetImages/Dog/2968.jpg,Dog
PetImages/Dog/2969.jpg,Dog
PetImages/Dog/2970.jpg,Dog
PetImages/Dog/2971.jpg,Dog
PetImages/Dog/2972.jpg,Dog
PetImages/Dog/2973.jpg,Dog
PetImages/Dog/2974.jpg,Dog
PetImages/Dog/2975.jpg,Dog
PetImages/Dog/2976.jpg,Dog
PetImages/Dog/2977.jpg,Dog
PetImages/Dog/2978.jpg,Dog
PetImages/Dog/2979.jpg,Dog
PetImages/Dog/2980.jpg,Dog
PetImages/Dog/2981.jpg,Dog
PetImages/Dog/2982.jpg,Dog
PetImages/Dog/2983.jpg,Dog
PetImages/Dog/2984.jpg,Dog
PetImages/Dog/2985.jpg,Dog
PetImages/Dog/2986.jpg,Dog
PetImages/Dog/2987.jpg,Dog
PetImages/Dog/2988.jpg,Dog
PetImages/Dog/2989.jpg,Dog
PetImages/Dog/2990.jpg,Dog
PetImages/Dog/2991.jpg,Dog
PetImages/Dog/2992.jpg,Dog
PetImages/Dog/2993.jpg,Dog
PetImages/Dog/2994.jpg,Dog
PetImages/Dog/2995.jpg,Dog
PetImages/Dog/2996.jpg,Dog
PetImages/Dog/2997.jpg,Dog
PetImages/Dog/2998.jpg,Dog
PetImages/Dog/2999.jpg,Dog
PetImages/Dog/3000.jpg,Dog
PetImages/Dog/3001.jpg,Dog
PetImages/Dog/3002.jpg,Dog
PetImages/Dog/3003.jpg,Dog
PetImages/Dog/3004.jpg,Dog
PetImages/Dog/3005.jpg,Dog
PetImages/Dog/3006.jpg,Dog
PetImages/Dog/3007.jpg,Dog
PetImages/Dog/3008.jpg,Dog
PetImages/Dog/3009.jpg,Dog
PetImages/Dog/3010.jpg,Dog
PetImages/Dog/3011.jpg,Dog
PetImages/Dog/3012.jpg,Dog
PetImages/Dog/3013.jpg,Dog
PetImages/Dog/3014.jpg,Dog
PetImages/Dog/3015.jpg,Dog
PetImages/Dog/3016.jpg,Dog
PetImages/Dog/3017.jpg,Dog
PetImages/Dog/3018.jpg,Dog
PetImages/Dog/3019.jpg,Dog
PetImages/Dog/3020.jpg,Dog
PetImages/Dog/3021.jpg,Dog
PetImages/Dog/3022.jpg,Dog
PetImages/Dog/3023.jpg,Dog
PetImages/Dog/3024.jpg,Dog
PetImages/Dog/3025.jpg,Dog
PetImages/Dog/3026.jpg,Dog
PetImages/Dog/3027.jpg,Dog
PetImages/Dog/3028.jpg,Dog
PetImages/Dog/3029.jpg,Dog
PetImages/Dog/3030.jpg,Dog
PetImages/Dog/3031.jpg,Dog
PetImages/Dog/3032.jpg,Dog
PetImages/Dog/3033.jpg,Dog
PetImages/Dog/3034.jpg,Dog
PetImages/Dog/3035.jpg,Dog
PetImages/Dog/3036.jpg,Dog
PetImages/Dog/3037.jpg,Dog
PetImages/Dog/3038.jpg,Dog
PetImages/Dog/3039.jpg,Dog
PetImages/Dog/3040.jpg,Dog
PetImages/Dog/3041.jpg,Dog
PetImages/Dog/3042.jpg,Dog
PetImages/Dog/3043.jpg,Dog
PetImages/Dog/3044.jpg,Dog
PetImages/Dog/3045.jpg,Dog
PetImages/Dog/3046.jpg,Dog
PetImages/Dog/3047.jpg,Dog
PetImages/Dog/3048.jpg,Dog
PetImages/Dog/3049.jpg,Dog
PetImages/Dog/3050.jpg,Dog
PetImages/Dog/3051.jpg,Dog
PetImages/Dog/3052.jpg,Dog
PetImages/Dog/3053.jpg,Dog
PetImages/Dog/3054.jpg,Dog
PetImages/Dog/3055.jpg,Dog
PetImages/Dog/3056.jpg,Dog
PetImages/Dog/3057.jpg,Dog
PetImages/Dog/3058.jpg,Dog
PetImages/Dog/3059.jpg,Dog
PetImages/Dog/3060.jpg,Dog
PetImages/Dog/3061.jpg,Dog
PetImages/Dog/3062.jpg,Dog
PetImages/Dog/3063.jpg,Dog
PetImages/Dog/3064.jpg,Dog
PetImages/Dog/3065.jpg,Dog
PetImages/Dog/3066.jpg,Dog
PetImages/Dog/3067.jpg,Dog
PetImages/Dog/3068.jpg,Dog
PetImages/Dog/3069.jpg,Dog
PetImages/Dog/3070.jpg,Dog
PetImages/Dog/3071.jpg,Dog
PetImages/Dog/3072.jpg,Dog
PetImages/Dog/3073.jpg,Dog
PetImages/Dog/3074.jpg,Dog
PetImages/Dog/3075.jpg,Dog
PetImages/Dog/3076.jpg,Dog
PetImages/Dog/3077.jpg,Dog
PetImages/Dog/3078.jpg,Dog
PetImages/Dog/3079.jpg,Dog
PetImages/Dog/3080.jpg,Dog
PetImages/Dog/3081.jpg,Dog
PetImages/Dog/3082.jpg,Dog
PetImages/Dog/3083.jpg,Dog
PetImages/Dog/3084.jpg,Dog
PetImages/Dog/3085.jpg,Dog
PetImages/Dog/3086.jpg,Dog
PetImages/Dog/3087.jpg,Dog
PetImages/Dog/3088.jpg,Dog
PetImages/Dog/3089.jpg,Dog
PetImages/Dog/3090.jpg,Dog
PetImages/Dog/3091.jpg,Dog
PetImages/Dog/3092.jpg,Dog
PetImages/Dog/3093.jpg,Dog
PetImages/Dog/3094.jpg,Dog
PetImages/Dog/3095.jpg,Dog
PetImages/Dog/3096.jpg,Dog
PetImages/Dog/3097.jpg,Dog
PetImages/Dog/3098.jpg,Dog
PetImages/Dog/3099.jpg,Dog
PetImages/Dog/3100.jpg,Dog
PetImages/Dog/3101.jpg,Dog
PetImages/Dog/3102.jpg,Dog
PetImages/Dog/3103.jpg,Dog
PetImages/Dog/3104.jpg,Dog
PetImages/Dog/3105.jpg,Dog
PetImages/Dog/3106.jpg,Dog
PetImages/Dog/3107.jpg,Dog
PetImages/Dog/3108.jpg,Dog
PetImages/Dog/3109.jpg,Dog
PetImages/Dog/3110.jpg,Dog
PetImages/Dog/3111.jpg,Dog
PetImages/Dog/3112.jpg,Dog
PetImages/Dog/3113.jpg,Dog
PetImages/Dog/3114.jpg,Dog
PetImages/Dog/3115.jpg,Dog
PetImages/Dog/3116.jpg,Dog
PetImages/Dog/3117.jpg,Dog
PetImages/Dog/3118.jpg,Dog
PetImages/Dog/3119.jpg,Dog
PetImages/Dog/3120.jpg,Dog
PetImages/Dog/3121.jpg,Dog
PetImages/Dog/3122.jpg,Dog
PetImages/Dog/3123.jpg,Dog
PetImages/Dog/3124.jpg,Dog
PetImages/Dog/3125.jpg,Dog
PetImages/Dog/3126.jpg,Dog
PetImages/Dog/3127.jpg,Dog
PetImages/Dog/3128.jpg,Dog
PetImages/Dog/3129.jpg,Dog
PetImages/Dog/3130.jpg,Dog
PetImages/Dog/3131.jpg,Dog
PetImages/Dog/3132.jpg,Dog
PetImages/Dog/3133.jpg,Dog
PetImages/Dog/3134.jpg,Dog
PetImages/Dog/3135.jpg,Dog
PetImages/Dog/3136.jpg,Dog
PetImages/Dog/3137.jpg,Dog
PetImages/Dog/3138.jpg,Dog
PetImages/Dog/3139.jpg,Dog
PetImages/Dog/3140.jpg,Dog
PetImages/Dog/3141.jpg,Dog
PetImages/Dog/3142.jpg,Dog
PetImages/Dog/3143.jpg,Dog
PetImages/Dog/3144.jpg,Dog
PetImages/Dog/3145.jpg,Dog
PetImages/Dog/3146.jpg,Dog
PetImages/Dog/3147.jpg,Dog
PetImages/Dog/3148.jpg,Dog
PetImages/Dog/3149.jpg,Dog
PetImages/Dog/3150.jpg,Dog
PetImages/Dog/3151.jpg,Dog
PetImages/Dog/3152.jpg,Dog
PetImages/Dog/3153.jpg,Dog
PetImages/Dog/3154.jpg,Dog
PetImages/Dog/3155.jpg,Dog
PetImages/Dog/3156.jpg,Dog
PetImages/Dog/3157.jpg,Dog
PetImages/Dog/3158.jpg,Dog
PetImages/Dog/3159.jpg,Dog
PetImages/Dog/3160.jpg,Dog
PetImages/Dog/3161.jpg,Dog
PetImages/Dog/3162.jpg,Dog
PetImages/Dog/3163.jpg,Dog
PetImages/Dog/3164.jpg,Dog
PetImages/Dog/3165.jpg,Dog
PetImages/Dog/3166.jpg,Dog
PetImages/Dog/3167.jpg,Dog
PetImages/Dog/3168.jpg,Dog
PetImages/Dog/3169.jpg,Dog
PetImages/Dog/3170.jpg,Dog
PetImages/Dog/3171.jpg,Dog
PetImages/Dog/3172.jpg,Dog
PetImages/Dog/3173.jpg,Dog
PetImages/Dog/3174.jpg,Dog
PetImages/Dog/3175.jpg,Dog
PetImages/Dog/3176.jpg,Dog
PetImages/Dog/3177.jpg,Dog
PetImages/Dog/3178.jpg,Dog
PetImages/Dog/3179.jpg,Dog
PetImages/Dog/3180.jpg,Dog
PetImages/Dog/3181.jpg,Dog
PetImages/Dog/3182.jpg,Dog
PetImages/Dog/3183.jpg,Dog
PetImages/Dog/3184.jpg,Dog
PetImages/Dog/3185.jpg,Dog
PetImages/Dog/3186.jpg,Dog
PetImages/Dog/3187.jpg,Dog
PetImages/Dog/3188.jpg,Dog
PetImages/Dog/3189.jpg,Dog
PetImages/Dog/3190.jpg,Dog
PetImages/Dog/3191.jpg,Dog
PetImages/Dog/3192.jpg,Dog
PetImages/Dog/3193.jpg,Dog
PetImages/Dog/3194.jpg,Dog
PetImages/Dog/3195.jpg,Dog
PetImages/Dog/3196.jpg,Dog
PetImages/Dog/3197.jpg,Dog
PetImages/Dog/3198.jpg,Dog
PetImages/Dog/3199.jpg,Dog
PetImages/Dog/3200.jpg,Dog
PetImages/Dog/3201.jpg,Dog
PetImages/Dog/3202.jpg,Dog
PetImages/Dog/3203.jpg,Dog
PetImages/Dog/3204.jpg,Dog
PetImages/Dog/3205.jpg,Dog
PetImages/Dog/3206.jpg,Dog
PetImages/Dog/3207.jpg,Dog
PetImages/Dog/3208.jpg,Dog
PetImages/Dog/3209.jpg,Dog
PetImages/Dog/3210.jpg,Dog
PetImages/Dog/3211.jpg,Dog
PetImages/Dog/3212.jpg,Dog
PetImages/Dog/3213.jpg,Dog
PetImages/Dog/3214.jpg,Dog
PetImages/Dog/3215.jpg,Dog
PetImages/Dog/3216.jpg,Dog
PetImages/Dog/3217.jpg,Dog
PetImages/Dog/3218.jpg,Dog
PetImages/Dog/3219.jpg,Dog
PetImages/Dog/3220.jpg,Dog
PetImages/Dog/3221.jpg,Dog
PetImages/Dog/3222.jpg,Dog
PetImages/Dog/3223.jpg,Dog
PetImages/Dog/3224.jpg,Dog
PetImages/Dog/3225.jpg,Dog
PetImages/Dog/3226.jpg,Dog
PetImages/Dog/3227.jpg,Dog
PetImages/Dog/3228.jpg,Dog
PetImages/Dog/3229.jpg,Dog
PetImages/Dog/3230.jpg,Dog
PetImages/Dog/3231.jpg,Dog
PetImages/Dog/3232.jpg,Dog
PetImages/Dog/3233.jpg,Dog
PetImages/Dog/3234.jpg,Dog
PetImages/Dog/3235.jpg,Dog
PetImages/Dog/3236.jpg,Dog
PetImages/Dog/3237.jpg,Dog
PetImages/Dog/3238.jpg,Dog
PetImages/Dog/3239.jpg,Dog
PetImages/Dog/3240.jpg,Dog
PetImages/Dog/3241.jpg,Dog
PetImages/Dog/3242.jpg,Dog
PetImages/Dog/3243.jpg,Dog
PetImages/Dog/3244.jpg,Dog
PetImages/Dog/3245.jpg,Dog
PetImages/Dog/3246.jpg,Dog
PetImages/Dog/3247.jpg,Dog
PetImages/Dog/3248.jpg,Dog
PetImages/Dog/3249.jpg,Dog
PetImages/Dog/3250.jpg,Dog
PetImages/Dog/3251.jpg,Dog
PetImages/Dog/3252.jpg,Dog
PetImages/Dog/3253.jpg,Dog
PetImages/Dog/3254.jpg,Dog
PetImages/Dog/3255.jpg,Dog
PetImages/Dog/3256.jpg,Dog
PetImages/Dog/3257.jpg,Dog
PetImages/Dog/3258.jpg,Dog
PetImages/Dog/3259.jpg,Dog
PetImages/Dog/3260.jpg,Dog
PetImages/Dog/3261.jpg,Dog
PetImages/Dog/3262.jpg,Dog
PetImages/Dog/3263.jpg,Dog
PetImages/Dog/3264.jpg,Dog
PetImages/Dog/3265.jpg,Dog
PetImages/Dog/3266.jpg,Dog
PetImages/Dog/3267.jpg,Dog
PetImages/Dog/3268.jpg,Dog
PetImages/Dog/3269.jpg,Dog
PetImages/Dog/3270.jpg,Dog
PetImages/Dog/3271.jpg,Dog
PetImages/Dog/3272.jpg,Dog
PetImages/Dog/3273.jpg,Dog
PetImages/Dog/3274.jpg,Dog
PetImages/Dog/3275.jpg,Dog
PetImages/Dog/3276.jpg,Dog
PetImages/Dog/3277.jpg,Dog
PetImages/Dog/3278.jpg,Dog
PetImages/Dog/3279.jpg,Dog
PetImages/Dog/3280.jpg,Dog
PetImages/Dog/3281.jpg,Dog
PetImages/Dog/3282.jpg,Dog
PetImages/Dog/3283.jpg,Dog
PetImages/Dog/3284.jpg,Dog
PetImages/Dog/3285.jpg,Dog
PetImages/Dog/3286.jpg,Dog
PetImages/Dog/3287.jpg,Dog
PetImages/Dog/3288.jpg,Dog
PetImages/Dog/3289.jpg,Dog
PetImages/Dog/3290.jpg,Dog
PetImages/Dog/3291.jpg,Dog
PetImages/Dog/3292.jpg,Dog
PetImages/Dog/3293.jpg,Dog
PetImages/Dog/3294.jpg,Dog
PetImages/Dog/3295.jpg,Dog
PetImages/Dog/3296.jpg,Dog
PetImages/Dog/3297.jpg,Dog
PetImages/Dog/3298.jpg,Dog
PetImages/Dog/3299.jpg,Dog
PetImages/Dog/3300.jpg,Dog
PetImages/Dog/3301.jpg,Dog
PetImages/Dog/3302.jpg,Dog
PetImages/Dog/3303.jpg,Dog
PetImages/Dog/3304.jpg,Dog
PetImages/Dog/3305.jpg,Dog
PetImages/Dog/3306.jpg,Dog
PetImages/Dog/3307.jpg,Dog
PetImages/Dog/3308.jpg,Dog
PetImages/Dog/3309.jpg,Dog
PetImages/Dog/3310.jpg,Dog
PetImages/Dog/3311.jpg,Dog
PetImages/Dog/3312.jpg,Dog
PetImages/Dog/3313.jpg,Dog
PetImages/Dog/3314.jpg,Dog
PetImages/Dog/3315.jpg,Dog
PetImages/Dog/3316.jpg,Dog
PetImages/Dog/3317.jpg,Dog
PetImages/Dog/3318.jpg,Dog
PetImages/Dog/3319.jpg,Dog
PetImages/Dog/3320.jpg,Dog
PetImages/Dog/3321.jpg,Dog
PetImages/Dog/3322.jpg,Dog
PetImages/Dog/3323.jpg,Dog
PetImages/Dog/3324.jpg,Dog
PetImages/Dog/3325.jpg,Dog
PetImages/Dog/3326.jpg,Dog
PetImages/Dog/3327.jpg,Dog
PetImages/Dog/3328.jpg,Dog
PetImages/Dog/3329.jpg,Dog
PetImages/Dog/3330.jpg,Dog
PetImages/Dog/3331.jpg,Dog
PetImages/Dog/3332.jpg,Dog
PetImages/Dog/3333.jpg,Dog
PetImages/Dog/3334.jpg,Dog
PetImages/Dog/3335.jpg,Dog
PetImages/Dog/3336.jpg,Dog
PetImages/Dog/3337.jpg,Dog
PetImages/Dog/3338.jpg,Dog
PetImages/Dog/3339.jpg,Dog
PetImages/Dog/3340.jpg,Dog
PetImages/Dog/3341.jpg,Dog
PetImages/Dog/3342.jpg,Dog
PetImages/Dog/3343.jpg,Dog
PetImages/Dog/3344.jpg,Dog
PetImages/Dog/3345.jpg,Dog
PetImages/Dog/3346.jpg,Dog
PetImages/Dog/3347.jpg,Dog
PetImages/Dog/3348.jpg,Dog
PetImages/Dog/3349.jpg,Dog
PetImages/Dog/3350.jpg,Dog
PetImages/Dog/3351.jpg,Dog
PetImages/Dog/3352.jpg,Dog
PetImages/Dog/3353.jpg,Dog
PetImages/Dog/3354.jpg,Dog
PetImages/Dog/3355.jpg,Dog
PetImages/Dog/3356.jpg,Dog
PetImages/Dog/3357.jpg,Dog
PetImages/Dog/3358.jpg,Dog
PetImages/Dog/3359.jpg,Dog
PetImages/Dog/3360.jpg,Dog
PetImages/Dog/3361.jpg,Dog
PetImages/Dog/3362.jpg,Dog
PetImages/Dog/3363.jpg,Dog
PetImages/Dog/3364.jpg,Dog
PetImages/Dog/3365.jpg,Dog
PetImages/Dog/3366.jpg,Dog
PetImages/Dog/3367.jpg,Dog
PetImages/Dog/3368.jpg,Dog
PetImages/Dog/3369.jpg,Dog
PetImages/Dog/3370.jpg,Dog
PetImages/Dog/3371.jpg,Dog
PetImages/Dog/3372.jpg,Dog
PetImages/Dog/3373.jpg,Dog
PetImages/Dog/3374.jpg,Dog
PetImages/Dog/3375.jpg,Dog
PetImages/Dog/3376.jpg,Dog
PetImages/Dog/3377.jpg,Dog
PetImages/Dog/3378.jpg,Dog
PetImages/Dog/3379.jpg,Dog
PetImages/Dog/3380.jpg,Dog
PetImages/Dog/3381.jpg,Dog
PetImages/Dog/3382.jpg,Dog
PetImages/Dog/3383.jpg,Dog
PetImages/Dog/3384.jpg,Dog
PetImages/Dog/3385.jpg,Dog
PetImages/Dog/3386.jpg,Dog
PetImages/Dog/3387.jpg,Dog
PetImages/Dog/3388.jpg,Dog
PetImages/Dog/3389.jpg,Dog
PetImages/Dog/3390.jpg,Dog
PetImages/Dog/3391.jpg,Dog
PetImages/Dog/3392.jpg,Dog
PetImages/Dog/3393.jpg,Dog
PetImages/Dog/3394.jpg,Dog
PetImages/Dog/3395.jpg,Dog
PetImages/Dog/3396.jpg,Dog
PetImages/Dog/3397.jpg,Dog
PetImages/Dog/3398.jpg,Dog
PetImages/Dog/3399.jpg,Dog
PetImages/Dog/3400.jpg,Dog
PetImages/Dog/3401.jpg,Dog
PetImages/Dog/3402.jpg,Dog
PetImages/Dog/3403.jpg,Dog
PetImages/Dog/3404.jpg,Dog
PetImages/Dog/3405.jpg,Dog
PetImages/Dog/3406.jpg,Dog
PetImages/Dog/3407.jpg,Dog
PetImages/Dog/3408.jpg,Dog
PetImages/Dog/3409.jpg,Dog
PetImages/Dog/3410.jpg,Dog
PetImages/Dog/3411.jpg,Dog
PetImages/Dog/3412.jpg,Dog
PetImages/Dog/3413.jpg,Dog
PetImages/Dog/3414.jpg,Dog
PetImages/Dog/3415.jpg,Dog
PetImages/Dog/3416.jpg,Dog
PetImages/Dog/3417.jpg,Dog
PetImages/Dog/3418.jpg,Dog
PetImages/Dog/3419.jpg,Dog
PetImages/Dog/3420.jpg,Dog
PetImages/Dog/3421.jpg,Dog
PetImages/Dog/3422.jpg,Dog
PetImages/Dog/3423.jpg,Dog
PetImages/Dog/3424.jpg,Dog
PetImages/Dog/3425.jpg,Dog
PetImages/Dog/3426.jpg,Dog
PetImages/Dog/3427.jpg,Dog
PetImages/Dog/3428.jpg,Dog
PetImages/Dog/3429.jpg,Dog
PetImages/Dog/3430.jpg,Dog
PetImages/Dog/3431.jpg,Dog
PetImages/Dog/3432.jpg,Dog
PetImages/Dog/3433.jpg,Dog
PetImages/Dog/3434.jpg,Dog
PetImages/Dog/3435.jpg,Dog
PetImages/Dog/3436.jpg,Dog
PetImages/Dog/3437.jpg,Dog
PetImages/Dog/3438.jpg,Dog
PetImages/Dog/3439.jpg,Dog
PetImages/Dog/3440.jpg,Dog
PetImages/Dog/3441.jpg,Dog
PetImages/Dog/3442.jpg,Dog
PetImages/Dog/3443.jpg,Dog
PetImages/Dog/3444.jpg,Dog
PetImages/Dog/3445.jpg,Dog
PetImages/Dog/3446.jpg,Dog
PetImages/Dog/3447.jpg,Dog
PetImages/Dog/3448.jpg,Dog
PetImages/Dog/3449.jpg,Dog
PetImages/Dog/3450.jpg,Dog
PetImages/Dog/3451.jpg,Dog
PetImages/Dog/3452.jpg,Dog
PetImages/Dog/3453.jpg,Dog
PetImages/Dog/3454.jpg,Dog
PetImages/Dog/3455.jpg,Dog
PetImages/Dog/3456.jpg,Dog
PetImages/Dog/3457.jpg,Dog
PetImages/Dog/3458.jpg,Dog
PetImages/Dog/3459.jpg,Dog
PetImages/Dog/3460.jpg,Dog
PetImages/Dog/3461.jpg,Dog
PetImages/Dog/3462.jpg,Dog
PetImages/Dog/3463.jpg,Dog
PetImages/Dog/3464.jpg,Dog
PetImages/Dog/3465.jpg,Dog
PetImages/Dog/3466.jpg,Dog
PetImages/Dog/3467.jpg,Dog
PetImages/Dog/3468.jpg,Dog
PetImages/Dog/3469.jpg,Dog
PetImages/Dog/3470.jpg,Dog
PetImages/Dog/3471.jpg,Dog
PetImages/Dog/3472.jpg,Dog
PetImages/Dog/3473.jpg,Dog
PetImages/Dog/3474.jpg,Dog
PetImages/Dog/3475.jpg,Dog
PetImages/Dog/3476.jpg,Dog
PetImages/Dog/3477.jpg,Dog
PetImages/Dog/3478.jpg,Dog
PetImages/Dog/3479.jpg,Dog
PetImages/Dog/3480.jpg,Dog
PetImages/Dog/3481.jpg,Dog
PetImages/Dog/3482.jpg,Dog
PetImages/Dog/3483.jpg,Dog
PetImages/Dog/3484.jpg,Dog
PetImages/Dog/3485.jpg,Dog
PetImages/Dog/3486.jpg,Dog
PetImages/Dog/3487.jpg,Dog
PetImages/Dog/3488.jpg,Dog
PetImages/Dog/3489.jpg,Dog
PetImages/Dog/3490.jpg,Dog
PetImages/Dog/3491.jpg,Dog
PetImages/Dog/3492.jpg,Dog
PetImages/Dog/3493.jpg,Dog
PetImages/Dog/3494.jpg,Dog
PetImages/Dog/3495.jpg,Dog
PetImages/Dog/3496.jpg,Dog
PetImages/Dog/3497.jpg,Dog
PetImages/Dog/3498.jpg,Dog
PetImages/Dog/3499.jpg,Dog
PetImages/Dog/3500.jpg,Dog
PetImages/Dog/3501.jpg,Dog
PetImages/Dog/3502.jpg,Dog
PetImages/Dog/3503.jpg,Dog
PetImages/Dog/3504.jpg,Dog
PetImages/Dog/3505.jpg,Dog
PetImages/Dog/3506.jpg,Dog
PetImages/Dog/3507.jpg,Dog
PetImages/Dog/3508.jpg,Dog
PetImages/Dog/3509.jpg,Dog
PetImages/Dog/3510.jpg,Dog
PetImages/Dog/3511.jpg,Dog
PetImages/Dog/3512.jpg,Dog
PetImages/Dog/3513.jpg,Dog
PetImages/Dog/3514.jpg,Dog
PetImages/Dog/3515.jpg,Dog
PetImages/Dog/3516.jpg,Dog
PetImages/Dog/3517.jpg,Dog
PetImages/Dog/3518.jpg,Dog
PetImages/Dog/3519.jpg,Dog
PetImages/Dog/3520.jpg,Dog
PetImages/Dog/3521.jpg,Dog
PetImages/Dog/3522.jpg,Dog
PetImages/Dog/3523.jpg,Dog
PetImages/Dog/3524.jpg,Dog
PetImages/Dog/3525.jpg,Dog
PetImages/Dog/3526.jpg,Dog
PetImages/Dog/3527.jpg,Dog
PetImages/Dog/3528.jpg,Dog
PetImages/Dog/3529.jpg,Dog
PetImages/Dog/3530.jpg,Dog
PetImages/Dog/3531.jpg,Dog
PetImages/Dog/3532.jpg,Dog
PetImages/Dog/3533.jpg,Dog
PetImages/Dog/3534.jpg,Dog
PetImages/Dog/3535.jpg,Dog
PetImages/Dog/3536.jpg,Dog
PetImages/Dog/3537.jpg,Dog
PetImages/Dog/3538.jpg,Dog
PetImages/Dog/3539.jpg,Dog
PetImages/Dog/3540.jpg,Dog
PetImages/Dog/3541.jpg,Dog
PetImages/Dog/3542.jpg,Dog
PetImages/Dog/3543.jpg,Dog
PetImages/Dog/3544.jpg,Dog
PetImages/Dog/3545.jpg,Dog
PetImages/Dog/3546.jpg,Dog
PetImages/Dog/3547.jpg,Dog
PetImages/Dog/3548.jpg,Dog
PetImages/Dog/3549.jpg,Dog
PetImages/Dog/3550.jpg,Dog
PetImages/Dog/3551.jpg,Dog
PetImages/Dog/3552.jpg,Dog
PetImages/Dog/3553.jpg,Dog
PetImages/Dog/3554.jpg,Dog
PetImages/Dog/3555.jpg,Dog
PetImages/Dog/3556.jpg,Dog
PetImages/Dog/3557.jpg,Dog
PetImages/Dog/3558.jpg,Dog
PetImages/Dog/3559.jpg,Dog
PetImages/Dog/3560.jpg,Dog
PetImages/Dog/3561.jpg,Dog
PetImages/Dog/3562.jpg,Dog
PetImages/Dog/3563.jpg,Dog
PetImages/Dog/3564.jpg,Dog
PetImages/Dog/3565.jpg,Dog
PetImages/Dog/3566.jpg,Dog
PetImages/Dog/3567.jpg,Dog
PetImages/Dog/3568.jpg,Dog
PetImages/Dog/3569.jpg,Dog
PetImages/Dog/3570.jpg,Dog
PetImages/Dog/3571.jpg,Dog
PetImages/Dog/3572.jpg,Dog
PetImages/Dog/3573.jpg,Dog
PetImages/Dog/3574.jpg,Dog
PetImages/Dog/3575.jpg,Dog
PetImages/Dog/3576.jpg,Dog
PetImages/Dog/3577.jpg,Dog
PetImages/Dog/3578.jpg,Dog
PetImages/Dog/3579.jpg,Dog
PetImages/Dog/3580.jpg,Dog
PetImages/Dog/3581.jpg,Dog
PetImages/Dog/3582.jpg,Dog
PetImages/Dog/3583.jpg,Dog
PetImages/Dog/3584.jpg,Dog
PetImages/Dog/3585.jpg,Dog
PetImages/Dog/3586.jpg,Dog
PetImages/Dog/3587.jpg,Dog
PetImages/Dog/3588.jpg,Dog
PetImages/Dog/3589.jpg,Dog
PetImages/Dog/3590.jpg,Dog
PetImages/Dog/3591.jpg,Dog
PetImages/Dog/3592.jpg,Dog
PetImages/Dog/3593.jpg,Dog
PetImages/Dog/3594.jpg,Dog
PetImages/Dog/3595.jpg,Dog
PetImages/Dog/3596.jpg,Dog
PetImages/Dog/3597.jpg,Dog
PetImages/Dog/3598.jpg,Dog
PetImages/Dog/3599.jpg,Dog
PetImages/Dog/3600.jpg,Dog
PetImages/Dog/3601.jpg,Dog
PetImages/Dog/3602.jpg,Dog
PetImages/Dog/3603.jpg,Dog
PetImages/Dog/3604.jpg,Dog
PetImages/Dog/3605.jpg,Dog
PetImages/Dog/3606.jpg,Dog
PetImages/Dog/3607.jpg,Dog
PetImages/Dog/3608.jpg,Dog
PetImages/Dog/3609.jpg,Dog
PetImages/Dog/3610.jpg,Dog
PetImages/Dog/3611.jpg,Dog
PetImages/Dog/3612.jpg,Dog
PetImages/Dog/3613.jpg,Dog
PetImages/Dog/3614.jpg,Dog
PetImages/Dog/3615.jpg,Dog
PetImages/Dog/3616.jpg,Dog
PetImages/Dog/3617.jpg,Dog
PetImages/Dog/3618.jpg,Dog
PetImages/Dog/3619.jpg,Dog
PetImages/Dog/3620.jpg,Dog
PetImages/Dog/3621.jpg,Dog
PetImages/Dog/3622.jpg,Dog
PetImages/Dog/3623.jpg,Dog
PetImages/Dog/3624.jpg,Dog
PetImages/Dog/3625.jpg,Dog
PetImages/Dog/3626.jpg,Dog
PetImages/Dog/3627.jpg,Dog
PetImages/Dog/3628.jpg,Dog
PetImages/Dog/3629.jpg,Dog
PetImages/Dog/3630.jpg,Dog
PetImages/Dog/3631.jpg,Dog
PetImages/Dog/3632.jpg,Dog
PetImages/Dog/3633.jpg,Dog
PetImages/Dog/3634.jpg,Dog
PetImages/Dog/3635.jpg,Dog
PetImages/Dog/3636.jpg,Dog
PetImages/Dog/3637.jpg,Dog
PetImages/Dog/3638.jpg,Dog
PetImages/Dog/3639.jpg,Dog
PetImages/Dog/3640.jpg,Dog
PetImages/Dog/3641.jpg,Dog
PetImages/Dog/3642.jpg,Dog
PetImages/Dog/3643.jpg,Dog
PetImages/Dog/3644.jpg,Dog
PetImages/Dog/3645.jpg,Dog
PetImages/Dog/3646.jpg,Dog
PetImages/Dog/3647.jpg,Dog
PetImages/Dog/3648.jpg,Dog
PetImages/Dog/3649.jpg,Dog
PetImages/Dog/3650.jpg,Dog
PetImages/Dog/3651.jpg,Dog
PetImages/Dog/3652.jpg,Dog
PetImages/Dog/3653.jpg,Dog
PetImages/Dog/3654.jpg,Dog
PetImages/Dog/3655.jpg,Dog
PetImages/Dog/3656.jpg,Dog
PetImages/Dog/3657.jpg,Dog
PetImages/Dog/3658.jpg,Dog
PetImages/Dog/3659.jpg,Dog
PetImages/Dog/3660.jpg,Dog
PetImages/Dog/3661.jpg,Dog
PetImages/Dog/3662.jpg,Dog
PetImages/Dog/3663.jpg,Dog
PetImages/Dog/3664.jpg,Dog
PetImages/Dog/3665.jpg,Dog
PetImages/Dog/3666.jpg,Dog
PetImages/Dog/3667.jpg,Dog
PetImages/Dog/3668.jpg,Dog
PetImages/Dog/3669.jpg,Dog
PetImages/Dog/3670.jpg,Dog
PetImages/Dog/3671.jpg,Dog
PetImages/Dog/3672.jpg,Dog
PetImages/Dog/3673.jpg,Dog
PetImages/Dog/3674.jpg,Dog
PetImages/Dog/3675.jpg,Dog
PetImages/Dog/3676.jpg,Dog
PetImages/Dog/3677.jpg,Dog
PetImages/Dog/3678.jpg,Dog
PetImages/Dog/3679.jpg,Dog
PetImages/Dog/3680.jpg,Dog
PetImages/Dog/3681.jpg,Dog
PetImages/Dog/3682.jpg,Dog
PetImages/Dog/3683.jpg,Dog
PetImages/Dog/3684.jpg,Dog
PetImages/Dog/3685.jpg,Dog
PetImages/Dog/3686.jpg,Dog
PetImages/Dog/3687.jpg,Dog
PetImages/Dog/3688.jpg,Dog
PetImages/Dog/3689.jpg,Dog
PetImages/Dog/3690.jpg,Dog
PetImages/Dog/3691.jpg,Dog
PetImages/Dog/3692.jpg,Dog
PetImages/Dog/3693.jpg,Dog
PetImages/Dog/3694.jpg,Dog
PetImages/Dog/3695.jpg,Dog
PetImages/Dog/3696.jpg,Dog
PetImages/Dog/3697.jpg,Dog
PetImages/Dog/3698.jpg,Dog
PetImages/Dog/3699.jpg,Dog
PetImages/Dog/3700.jpg,Dog
PetImages/Dog/3701.jpg,Dog
PetImages/Dog/3702.jpg,Dog
PetImages/Dog/3703.jpg,Dog
PetImages/Dog/3704.jpg,Dog
PetImages/Dog/3705.jpg,Dog
PetImages/Dog/3706.jpg,Dog
PetImages/Dog/3707.jpg,Dog
PetImages/Dog/3708.jpg,Dog
PetImages/Dog/3709.jpg,Dog
PetImages/Dog/3710.jpg,Dog
PetImages/Dog/3711.jpg,Dog
PetImages/Dog/3712.jpg,Dog
PetImages/Dog/3713.jpg,Dog
PetImages/Dog/3714.jpg,Dog
PetImages/Dog/3715.jpg,Dog
PetImages/Dog/3716.jpg,Dog
PetImages/Dog/3717.jpg,Dog
PetImages/Dog/3718.jpg,Dog
PetImages/Dog/3719.jpg,Dog
PetImages/Dog/3720.jpg,Dog
PetImages/Dog/3721.jpg,Dog
PetImages/Dog/3722.jpg,Dog
PetImages/Dog/3723.jpg,Dog
PetImages/Dog/3724.jpg,Dog
PetImages/Dog/3725.jpg,Dog
PetImages/Dog/3726.jpg,Dog
PetImages/Dog/3727.jpg,Dog
PetImages/Dog/3728.jpg,Dog
PetImages/Dog/3729.jpg,Dog
PetImages/Dog/3730.jpg,Dog
PetImages/Dog/3731.jpg,Dog
PetImages/Dog/3732.jpg,Dog
PetImages/Dog/3733.jpg,Dog
PetImages/Dog/3734.jpg,Dog
PetImages/Dog/3735.jpg,Dog
PetImages/Dog/3736.jpg,Dog
PetImages/Dog/3737.jpg,Dog
PetImages/Dog/3738.jpg,Dog
PetImages/Dog/3739.jpg,Dog
PetImages/Dog/3740.jpg,Dog
PetImages/Dog/3741.jpg,Dog
PetImages/Dog/3742.jpg,Dog
PetImages/Dog/3743.jpg,Dog
PetImages/Dog/3744.jpg,Dog
PetImages/Dog/3745.jpg,Dog
PetImages/Dog/3746.jpg,Dog
PetImages/Dog/3747.jpg,Dog
PetImages/Dog/3748.jpg,Dog
PetImages/Dog/3749.jpg,Dog
PetImages/Dog/3750.jpg,Dog
PetImages/Dog/3751.jpg,Dog
PetImages/Dog/3752.jpg,Dog
PetImages/Dog/3753.jpg,Dog
PetImages/Dog/3754.jpg,Dog
PetImages/Dog/3755.jpg,Dog
PetImages/Dog/3756.jpg,Dog
PetImages/Dog/3757.jpg,Dog
PetImages/Dog/3758.jpg,Dog
PetImages/Dog/3759.jpg,Dog
PetImages/Dog/3760.jpg,Dog
PetImages/Dog/3761.jpg,Dog
PetImages/Dog/3762.jpg,Dog
PetImages/Dog/3763.jpg,Dog
PetImages/Dog/3764.jpg,Dog
PetImages/Dog/3765.jpg,Dog
PetImages/Dog/3766.jpg,Dog
PetImages/Dog/3767.jpg,Dog
PetImages/Dog/3768.jpg,Dog
PetImages/Dog/3769.jpg,Dog
PetImages/Dog/3770.jpg,Dog
PetImages/Dog/3771.jpg,Dog
PetImages/Dog/3772.jpg,Dog
PetImages/Dog/3773.jpg,Dog
PetImages/Dog/3774.jpg,Dog
PetImages/Dog/3775.jpg,Dog
PetImages/Dog/3776.jpg,Dog
PetImages/Dog/3777.jpg,Dog
PetImages/Dog/3778.jpg,Dog
PetImages/Dog/3779.jpg,Dog
PetImages/Dog/3780.jpg,Dog
PetImages/Dog/3781.jpg,Dog
PetImages/Dog/3782.jpg,Dog
PetImages/Dog/3783.jpg,Dog
PetImages/Dog/3784.jpg,Dog
PetImages/Dog/3785.jpg,Dog
PetImages/Dog/3786.jpg,Dog
PetImages/Dog/3787.jpg,Dog
PetImages/Dog/3788.jpg,Dog
PetImages/Dog/3789.jpg,Dog
PetImages/Dog/3790.jpg,Dog
PetImages/Dog/3791.jpg,Dog
PetImages/Dog/3792.jpg,Dog
PetImages/Dog/3793.jpg,Dog
PetImages/Dog/3794.jpg,Dog
PetImages/Dog/3795.jpg,Dog
PetImages/Dog/3796.jpg,Dog
PetImages/Dog/3797.jpg,Dog
PetImages/Dog/3798.jpg,Dog
PetImages/Dog/3799.jpg,Dog
PetImages/Dog/3800.jpg,Dog
PetImages/Dog/3801.jpg,Dog
PetImages/Dog/3802.jpg,Dog
PetImages/Dog/3803.jpg,Dog
PetImages/Dog/3804.jpg,Dog
PetImages/Dog/3805.jpg,Dog
PetImages/Dog/3806.jpg,Dog
PetImages/Dog/3807.jpg,Dog
PetImages/Dog/3808.jpg,Dog
PetImages/Dog/3809.jpg,Dog
PetImages/Dog/3810.jpg,Dog
PetImages/Dog/3811.jpg,Dog
PetImages/Dog/3812.jpg,Dog
PetImages/Dog/3813.jpg,Dog
PetImages/Dog/3814.jpg,Dog
PetImages/Dog/3815.jpg,Dog
PetImages/Dog/3816.jpg,Dog
PetImages/Dog/3817.jpg,Dog
PetImages/Dog/3818.jpg,Dog
PetImages/Dog/3819.jpg,Dog
PetImages/Dog/3820.jpg,Dog
PetImages/Dog/3821.jpg,Dog
PetImages/Dog/3822.jpg,Dog
PetImages/Dog/3823.jpg,Dog
PetImages/Dog/3824.jpg,Dog
PetImages/Dog/3825.jpg,Dog
PetImages/Dog/3826.jpg,Dog
PetImages/Dog/3827.jpg,Dog
PetImages/Dog/3828.jpg,Dog
PetImages/Dog/3829.jpg,Dog
PetImages/Dog/3830.jpg,Dog
PetImages/Dog/3831.jpg,Dog
PetImages/Dog/3832.jpg,Dog
PetImages/Dog/3833.jpg,Dog
PetImages/Dog/3834.jpg,Dog
PetImages/Dog/3835.jpg,Dog
PetImages/Dog/3836.jpg,Dog
PetImages/Dog/3837.jpg,Dog
PetImages/Dog/3838.jpg,Dog
PetImages/Dog/3839.jpg,Dog
PetImages/Dog/3840.jpg,Dog
PetImages/Dog/3841.jpg,Dog
PetImages/Dog/3842.jpg,Dog
PetImages/Dog/3843.jpg,Dog
PetImages/Dog/3844.jpg,Dog
PetImages/Dog/3845.jpg,Dog
PetImages/Dog/3846.jpg,Dog
PetImages/Dog/3847.jpg,Dog
PetImages/Dog/3848.jpg,Dog
PetImages/Dog/3849.jpg,Dog
PetImages/Dog/3850.jpg,Dog
PetImages/Dog/3851.jpg,Dog
PetImages/Dog/3852.jpg,Dog
PetImages/Dog/3853.jpg,Dog
PetImages/Dog/3854.jpg,Dog
PetImages/Dog/3855.jpg,Dog
PetImages/Dog/3856.jpg,Dog
PetImages/Dog/3857.jpg,Dog
PetImages/Dog/3858.jpg,Dog
PetImages/Dog/3859.jpg,Dog
PetImages/Dog/3860.jpg,Dog
PetImages/Dog/3861.jpg,Dog
PetImages/Dog/3862.jpg,Dog
PetImages/Dog/3863.jpg,Dog
PetImages/Dog/3864.jpg,Dog
PetImages/Dog/3865.jpg,Dog
PetImages/Dog/3866.jpg,Dog
PetImages/Dog/3867.jpg,Dog
PetImages/Dog/3868.jpg,Dog
PetImages/Dog/3869.jpg,Dog
PetImages/Dog/3870.jpg,Dog
PetImages/Dog/3871.jpg,Dog
PetImages/Dog/3872.jpg,Dog
PetImages/Dog/3873.jpg,Dog
PetImages/Dog/3874.jpg,Dog
PetImages/Dog/3875.jpg,Dog
PetImages/Dog/3876.jpg,Dog
PetImages/Dog/3877.jpg,Dog
PetImages/Dog/3878.jpg,Dog
PetImages/Dog/3879.jpg,Dog
PetImages/Dog/3880.jpg,Dog
PetImages/Dog/3881.jpg,Dog
PetImages/Dog/3882.jpg,Dog
PetImages/Dog/3883.jpg,Dog
PetImages/Dog/3884.jpg,Dog
PetImages/Dog/3885.jpg,Dog
PetImages/Dog/3886.jpg,Dog
PetImages/Dog/3887.jpg,Dog
PetImages/Dog/3888.jpg,Dog
PetImages/Dog/3889.jpg,Dog
PetImages/Dog/3890.jpg,Dog
PetImages/Dog/3891.jpg,Dog
PetImages/Dog/3892.jpg,Dog
PetImages/Dog/3893.jpg,Dog
PetImages/Dog/3894.jpg,Dog
PetImages/Dog/3895.jpg,Dog
PetImages/Dog/3896.jpg,Dog
PetImages/Dog/3897.jpg,Dog
PetImages/Dog/3898.jpg,Dog
PetImages/Dog/3899.jpg,Dog
PetImages/Dog/3900.jpg,Dog
PetImages/Dog/3901.jpg,Dog
PetImages/Dog/3902.jpg,Dog
PetImages/Dog/3903.jpg,Dog
PetImages/Dog/3904.jpg,Dog
PetImages/Dog/3905.jpg,Dog
PetImages/Dog/3906.jpg,Dog
PetImages/Dog/3907.jpg,Dog
PetImages/Dog/3908.jpg,Dog
PetImages/Dog/3909.jpg,Dog
PetImages/Dog/3910.jpg,Dog
PetImages/Dog/3911.jpg,Dog
PetImages/Dog/3912.jpg,Dog
PetImages/Dog/3913.jpg,Dog
PetImages/Dog/3914.jpg,Dog
PetImages/Dog/3915.jpg,Dog
PetImages/Dog/3916.jpg,Dog
PetImages/Dog/3917.jpg,Dog
PetImages/Dog/3918.jpg,Dog
PetImages/Dog/3919.jpg,Dog
PetImages/Dog/3920.jpg,Dog
PetImages/Dog/3921.jpg,Dog
PetImages/Dog/3922.jpg,Dog
PetImages/Dog/3923.jpg,Dog
PetImages/Dog/3924.jpg,Dog
PetImages/Dog/3925.jpg,Dog
PetImages/Dog/3926.jpg,Dog
PetImages/Dog/3927.jpg,Dog
PetImages/Dog/3928.jpg,Dog
PetImages/Dog/3929.jpg,Dog
PetImages/Dog/3930.jpg,Dog
PetImages/Dog/3931.jpg,Dog
PetImages/Dog/3932.jpg,Dog
PetImages/Dog/3933.jpg,Dog
PetImages/Dog/3934.jpg,Dog
PetImages/Dog/3935.jpg,Dog
PetImages/Dog/3936.jpg,Dog
PetImages/Dog/3937.jpg,Dog
PetImages/Dog/3938.jpg,Dog
PetImages/Dog/3939.jpg,Dog
PetImages/Dog/3940.jpg,Dog
PetImages/Dog/3941.jpg,Dog
PetImages/Dog/3942.jpg,Dog
PetImages/Dog/3943.jpg,Dog
PetImages/Dog/3944.jpg,Dog
PetImages/Dog/3945.jpg,Dog
PetImages/Dog/3946.jpg,Dog
PetImages/Dog/3947.jpg,Dog
PetImages/Dog/3948.jpg,Dog
PetImages/Dog/3949.jpg,Dog
PetImages/Dog/3950.jpg,Dog
PetImages/Dog/3951.jpg,Dog
PetImages/Dog/3952.jpg,Dog
PetImages/Dog/3953.jpg,Dog
PetImages/Dog/3954.jpg,Dog
PetImages/Dog/3955.jpg,Dog
PetImages/Dog/3956.jpg,Dog
PetImages/Dog/3957.jpg,Dog
PetImages/Dog/3958.jpg,Dog
PetImages/Dog/3959.jpg,Dog
PetImages/Dog/3960.jpg,Dog
PetImages/Dog/3961.jpg,Dog
PetImages/Dog/3962.jpg,Dog
PetImages/Dog/3963.jpg,Dog
PetImages/Dog/3964.jpg,Dog
PetImages/Dog/3965.jpg,Dog
PetImages/Dog/3966.jpg,Dog
PetImages/Dog/3967.jpg,Dog
PetImages/Dog/3968.jpg,Dog
PetImages/Dog/3969.jpg,Dog
PetImages/Dog/3970.jpg,Dog
PetImages/Dog/3971.jpg,Dog
PetImages/Dog/3972.jpg,Dog
PetImages/Dog/3973.jpg,Dog
PetImages/Dog/3974.jpg,Dog
PetImages/Dog/3975.jpg,Dog
PetImages/Dog/3976.jpg,Dog
PetImages/Dog/3977.jpg,Dog
PetImages/Dog/3978.jpg,Dog
PetImages/Dog/3979.jpg,Dog
PetImages/Dog/3980.jpg,Dog
PetImages/Dog/3981.jpg,Dog
PetImages/Dog/3982.jpg,Dog
PetImages/Dog/3983.jpg,Dog
PetImages/Dog/3984.jpg,Dog
PetImages/Dog/3985.jpg,Dog
PetImages/Dog/3986.jpg,Dog
PetImages/Dog/3987.jpg,Dog
PetImages/Dog/3988.jpg,Dog
PetImages/Dog/3989.jpg,Dog
PetImages/Dog/3990.jpg,Dog
PetImages/Dog/3991.jpg,Dog
PetImages/Dog/3992.jpg,Dog
PetImages/Dog/3993.jpg,Dog
PetImages/Dog/3994.jpg,Dog
PetImages/Dog/3995.jpg,Dog
PetImages/Dog/3996.jpg,Dog
PetImages/Dog/3997.jpg,Dog
PetImages/Dog/3998.jpg,Dog
PetImages/Dog/3999.jpg,Dog
PetImages/Dog/4000.jpg,Dog
PetImages/Dog/4001.jpg,Dog
PetImages/Dog/4002.jpg,Dog
PetImages/Dog/4003.jpg,Dog
PetImages/Dog/4004.jpg,Dog
PetImages/Dog/4005.jpg,Dog
PetImages/Dog/4006.jpg,Dog
PetImages/Dog/4007.jpg,Dog
PetImages/Dog/4008.jpg,Dog
PetImages/Dog/4009.jpg,Dog
PetImages/Dog/4010.jpg,Dog
PetImages/Dog/4011.jpg,Dog
PetImages/Dog/4012.jpg,Dog
PetImages/Dog/4013.jpg,Dog
PetImages/Dog/4014.jpg,Dog
PetImages/Dog/4015.jpg,Dog
PetImages/Dog/4016.jpg,Dog
PetImages/Dog/4017.jpg,Dog
PetImages/Dog/4018.jpg,Dog
PetImages/Dog/4019.jpg,Dog
PetImages/Dog/4020.jpg,Dog
PetImages/Dog/4021.jpg,Dog
PetImages/Dog/4022.jpg,Dog
PetImages/Dog/4023.jpg,Dog
PetImages/Dog/4024.jpg,Dog
PetImages/Dog/4025.jpg,Dog
PetImages/Dog/4026.jpg,Dog
PetImages/Dog/4027.jpg,Dog
PetImages/Dog/4028.jpg,Dog
PetImages/Dog/4029.jpg,Dog
PetImages/Dog/4030.jpg,Dog
PetImages/Dog/4031.jpg,Dog
PetImages/Dog/4032.jpg,Dog
PetImages/Dog/4033.jpg,Dog
PetImages/Dog/4034.jpg,Dog
PetImages/Dog/4035.jpg,Dog
PetImages/Dog/4036.jpg,Dog
PetImages/Dog/4037.jpg,Dog
PetImages/Dog/4038.jpg,Dog
PetImages/Dog/4039.jpg,Dog
PetImages/Dog/4040.jpg,Dog
PetImages/Dog/4041.jpg,Dog
PetImages/Dog/4042.jpg,Dog
PetImages/Dog/4043.jpg,Dog
PetImages/Dog/4044.jpg,Dog
PetImages/Dog/4045.jpg,Dog
PetImages/Dog/4046.jpg,Dog
PetImages/Dog/4047.jpg,Dog
PetImages/Dog/4048.jpg,Dog
PetImages/Dog/4049.jpg,Dog
PetImages/Dog/4050.jpg,Dog
PetImages/Dog/4051.jpg,Dog
PetImages/Dog/4052.jpg,Dog
PetImages/Dog/4053.jpg,Dog
PetImages/Dog/4054.jpg,Dog
PetImages/Dog/4055.jpg,Dog
PetImages/Dog/4056.jpg,Dog
PetImages/Dog/4057.jpg,Dog
PetImages/Dog/4058.jpg,Dog
PetImages/Dog/4059.jpg,Dog
PetImages/Dog/4060.jpg,Dog
PetImages/Dog/4061.jpg,Dog
PetImages/Dog/4062.jpg,Dog
PetImages/Dog/4063.jpg,Dog
PetImages/Dog/4064.jpg,Dog
PetImages/Dog/4065.jpg,Dog
PetImages/Dog/4066.jpg,Dog
PetImages/Dog/4067.jpg,Dog
PetImages/Dog/4068.jpg,Dog
PetImages/Dog/4069.jpg,Dog
PetImages/Dog/4070.jpg,Dog
PetImages/Dog/4071.jpg,Dog
PetImages/Dog/4072.jpg,Dog
PetImages/Dog/4073.jpg,Dog
PetImages/Dog/4074.jpg,Dog
PetImages/Dog/4075.jpg,Dog
PetImages/Dog/4076.jpg,Dog
PetImages/Dog/4077.jpg,Dog
PetImages/Dog/4078.jpg,Dog
PetImages/Dog/4079.jpg,Dog
PetImages/Dog/4080.jpg,Dog
PetImages/Dog/4081.jpg,Dog
PetImages/Dog/4082.jpg,Dog
PetImages/Dog/4083.jpg,Dog
PetImages/Dog/4084.jpg,Dog
PetImages/Dog/4085.jpg,Dog
PetImages/Dog/4086.jpg,Dog
PetImages/Dog/4087.jpg,Dog
PetImages/Dog/4088.jpg,Dog
PetImages/Dog/4089.jpg,Dog
PetImages/Dog/4090.jpg,Dog
PetImages/Dog/4091.jpg,Dog
PetImages/Dog/4092.jpg,Dog
PetImages/Dog/4093.jpg,Dog
PetImages/Dog/4094.jpg,Dog
PetImages/Dog/4095.jpg,Dog
PetImages/Dog/4096.jpg,Dog
PetImages/Dog/4097.jpg,Dog
PetImages/Dog/4098.jpg,Dog
PetImages/Dog/4099.jpg,Dog
PetImages/Dog/4100.jpg,Dog
PetImages/Dog/4101.jpg,Dog
PetImages/Dog/4102.jpg,Dog
PetImages/Dog/4103.jpg,Dog
PetImages/Dog/4104.jpg,Dog
PetImages/Dog/4105.jpg,Dog
PetImages/Dog/4106.jpg,Dog
PetImages/Dog/4107.jpg,Dog
PetImages/Dog/4108.jpg,Dog
PetImages/Dog/4109.jpg,Dog
PetImages/Dog/4110.jpg,Dog
PetImages/Dog/4111.jpg,Dog
PetImages/Dog/4112.jpg,Dog
PetImages/Dog/4113.jpg,Dog
PetImages/Dog/4114.jpg,Dog
PetImages/Dog/4115.jpg,Dog
PetImages/Dog/4116.jpg,Dog
PetImages/Dog/4117.jpg,Dog
PetImages/Dog/4118.jpg,Dog
PetImages/Dog/4119.jpg,Dog
PetImages/Dog/4120.jpg,Dog
PetImages/Dog/4121.jpg,Dog
PetImages/Dog/4122.jpg,Dog
PetImages/Dog/4123.jpg,Dog
PetImages/Dog/4124.jpg,Dog
PetImages/Dog/4125.jpg,Dog
PetImages/Dog/4126.jpg,Dog
PetImages/Dog/4127.jpg,Dog
PetImages/Dog/4128.jpg,Dog
PetImages/Dog/4129.jpg,Dog
PetImages/Dog/4130.jpg,Dog
PetImages/Dog/4131.jpg,Dog
PetImages/Dog/4132.jpg,Dog
PetImages/Dog/4133.jpg,Dog
PetImages/Dog/4134.jpg,Dog
PetImages/Dog/4135.jpg,Dog
PetImages/Dog/4136.jpg,Dog
PetImages/Dog/4137.jpg,Dog
PetImages/Dog/4138.jpg,Dog
PetImages/Dog/4139.jpg,Dog
PetImages/Dog/4140.jpg,Dog
PetImages/Dog/4141.jpg,Dog
PetImages/Dog/4142.jpg,Dog
PetImages/Dog/4143.jpg,Dog
PetImages/Dog/4144.jpg,Dog
PetImages/Dog/4145.jpg,Dog
PetImages/Dog/4146.jpg,Dog
PetImages/Dog/4147.jpg,Dog
PetImages/Dog/4148.jpg,Dog
PetImages/Dog/4149.jpg,Dog
PetImages/Dog/4150.jpg,Dog
PetImages/Dog/4151.jpg,Dog
PetImages/Dog/4152.jpg,Dog
PetImages/Dog/4153.jpg,Dog
PetImages/Dog/4154.jpg,Dog
PetImages/Dog/4155.jpg,Dog
PetImages/Dog/4156.jpg,Dog
PetImages/Dog/4157.jpg,Dog
PetImages/Dog/4158.jpg,Dog
PetImages/Dog/4159.jpg,Dog
PetImages/Dog/4160.jpg,Dog
PetImages/Dog/4161.jpg,Dog
PetImages/Dog/4162.jpg,Dog
PetImages/Dog/4163.jpg,Dog
PetImages/Dog/4164.jpg,Dog
PetImages/Dog/4165.jpg,Dog
PetImages/Dog/4166.jpg,Dog
PetImages/Dog/4167.jpg,Dog
PetImages/Dog/4168.jpg,Dog
PetImages/Dog/4169.jpg,Dog
PetImages/Dog/4170.jpg,Dog
PetImages/Dog/4171.jpg,Dog
PetImages/Dog/4172.jpg,Dog
PetImages/Dog/4173.jpg,Dog
PetImages/Dog/4174.jpg,Dog
PetImages/Dog/4175.jpg,Dog
PetImages/Dog/4176.jpg,Dog
PetImages/Dog/4177.jpg,Dog
PetImages/Dog/4178.jpg,Dog
PetImages/Dog/4179.jpg,Dog
PetImages/Dog/4180.jpg,Dog
PetImages/Dog/4181.jpg,Dog
PetImages/Dog/4182.jpg,Dog
PetImages/Dog/4183.jpg,Dog
PetImages/Dog/4184.jpg,Dog
PetImages/Dog/4185.jpg,Dog
PetImages/Dog/4186.jpg,Dog
PetImages/Dog/4187.jpg,Dog
PetImages/Dog/4188.jpg,Dog
PetImages/Dog/4189.jpg,Dog
PetImages/Dog/4190.jpg,Dog
PetImages/Dog/4191.jpg,Dog
PetImages/Dog/4192.jpg,Dog
PetImages/Dog/4193.jpg,Dog
PetImages/Dog/4194.jpg,Dog
PetImages/Dog/4195.jpg,Dog
PetImages/Dog/4196.jpg,Dog
PetImages/Dog/4197.jpg,Dog
PetImages/Dog/4198.jpg,Dog
PetImages/Dog/4199.jpg,Dog
PetImages/Dog/4200.jpg,Dog
PetImages/Dog/4201.jpg,Dog
PetImages/Dog/4202.jpg,Dog
PetImages/Dog/4203.jpg,Dog
PetImages/Dog/4204.jpg,Dog
PetImages/Dog/4205.jpg,Dog
PetImages/Dog/4206.jpg,Dog
PetImages/Dog/4207.jpg,Dog
PetImages/Dog/4208.jpg,Dog
PetImages/Dog/4209.jpg,Dog
PetImages/Dog/4210.jpg,Dog
PetImages/Dog/4211.jpg,Dog
PetImages/Dog/4212.jpg,Dog
PetImages/Dog/4213.jpg,Dog
PetImages/Dog/4214.jpg,Dog
PetImages/Dog/4215.jpg,Dog
PetImages/Dog/4216.jpg,Dog
PetImages/Dog/4217.jpg,Dog
PetImages/Dog/4218.jpg,Dog
PetImages/Dog/4219.jpg,Dog
PetImages/Dog/4220.jpg,Dog
PetImages/Dog/4221.jpg,Dog
PetImages/Dog/4222.jpg,Dog
PetImages/Dog/4223.jpg,Dog
PetImages/Dog/4224.jpg,Dog
PetImages/Dog/4225.jpg,Dog
PetImages/Dog/4226.jpg,Dog
PetImages/Dog/4227.jpg,Dog
PetImages/Dog/4228.jpg,Dog
PetImages/Dog/4229.jpg,Dog
PetImages/Dog/4230.jpg,Dog
PetImages/Dog/4231.jpg,Dog
PetImages/Dog/4232.jpg,Dog
PetImages/Dog/4233.jpg,Dog
PetImages/Dog/4234.jpg,Dog
PetImages/Dog/4235.jpg,Dog
PetImages/Dog/4236.jpg,Dog
PetImages/Dog/4237.jpg,Dog
PetImages/Dog/4238.jpg,Dog
PetImages/Dog/4239.jpg,Dog
PetImages/Dog/4240.jpg,Dog
PetImages/Dog/4241.jpg,Dog
PetImages/Dog/4242.jpg,Dog
PetImages/Dog/4243.jpg,Dog
PetImages/Dog/4244.jpg,Dog
PetImages/Dog/4245.jpg,Dog
PetImages/Dog/4246.jpg,Dog
PetImages/Dog/4247.jpg,Dog
PetImages/Dog/4248.jpg,Dog
PetImages/Dog/4249.jpg,Dog
PetImages/Dog/4250.jpg,Dog
PetImages/Dog/4251.jpg,Dog
PetImages/Dog/4252.jpg,Dog
PetImages/Dog/4253.jpg,Dog
PetImages/Dog/4254.jpg,Dog
PetImages/Dog/4255.jpg,Dog
PetImages/Dog/4256.jpg,Dog
PetImages/Dog/4257.jpg,Dog
PetImages/Dog/4258.jpg,Dog
PetImages/Dog/4259.jpg,Dog
PetImages/Dog/4260.jpg,Dog
PetImages/Dog/4261.jpg,Dog
PetImages/Dog/4262.jpg,Dog
PetImages/Dog/4263.jpg,Dog
PetImages/Dog/4264.jpg,Dog
PetImages/Dog/4265.jpg,Dog
PetImages/Dog/4266.jpg,Dog
PetImages/Dog/4267.jpg,Dog
PetImages/Dog/4268.jpg,Dog
PetImages/Dog/4269.jpg,Dog
PetImages/Dog/4270.jpg,Dog
PetImages/Dog/4271.jpg,Dog
PetImages/Dog/4272.jpg,Dog
PetImages/Dog/4273.jpg,Dog
PetImages/Dog/4274.jpg,Dog
PetImages/Dog/4275.jpg,Dog
PetImages/Dog/4276.jpg,Dog
PetImages/Dog/4277.jpg,Dog
PetImages/Dog/4278.jpg,Dog
PetImages/Dog/4279.jpg,Dog
PetImages/Dog/4280.jpg,Dog
PetImages/Dog/4281.jpg,Dog
PetImages/Dog/4282.jpg,Dog
PetImages/Dog/4283.jpg,Dog
PetImages/Dog/4284.jpg,Dog
PetImages/Dog/4285.jpg,Dog
PetImages/Dog/4286.jpg,Dog
PetImages/Dog/4287.jpg,Dog
PetImages/Dog/4288.jpg,Dog
PetImages/Dog/4289.jpg,Dog
PetImages/Dog/4290.jpg,Dog
PetImages/Dog/4291.jpg,Dog
PetImages/Dog/4292.jpg,Dog
PetImages/Dog/4293.jpg,Dog
PetImages/Dog/4294.jpg,Dog
PetImages/Dog/4295.jpg,Dog
PetImages/Dog/4296.jpg,Dog
PetImages/Dog/4297.jpg,Dog
PetImages/Dog/4298.jpg,Dog
PetImages/Dog/4299.jpg,Dog
PetImages/Dog/4300.jpg,Dog
PetImages/Dog/4301.jpg,Dog
PetImages/Dog/4302.jpg,Dog
PetImages/Dog/4303.jpg,Dog
PetImages/Dog/4304.jpg,Dog
PetImages/Dog/4305.jpg,Dog
PetImages/Dog/4306.jpg,Dog
PetImages/Dog/4307.jpg,Dog
PetImages/Dog/4308.jpg,Dog
PetImages/Dog/4309.jpg,Dog
PetImages/Dog/4310.jpg,Dog
PetImages/Dog/4311.jpg,Dog
PetImages/Dog/4312.jpg,Dog
PetImages/Dog/4313.jpg,Dog
PetImages/Dog/4314.jpg,Dog
PetImages/Dog/4315.jpg,Dog
PetImages/Dog/4316.jpg,Dog
PetImages/Dog/4317.jpg,Dog
PetImages/Dog/4318.jpg,Dog
PetImages/Dog/4319.jpg,Dog
PetImages/Dog/4320.jpg,Dog
PetImages/Dog/4321.jpg,Dog
PetImages/Dog/4322.jpg,Dog
PetImages/Dog/4323.jpg,Dog
PetImages/Dog/4324.jpg,Dog
PetImages/Dog/4325.jpg,Dog
PetImages/Dog/4326.jpg,Dog
PetImages/Dog/4327.jpg,Dog
PetImages/Dog/4328.jpg,Dog
PetImages/Dog/4329.jpg,Dog
PetImages/Dog/4330.jpg,Dog
PetImages/Dog/4331.jpg,Dog
PetImages/Dog/4332.jpg,Dog
PetImages/Dog/4333.jpg,Dog
PetImages/Dog/4334.jpg,Dog
PetImages/Dog/4335.jpg,Dog
PetImages/Dog/4336.jpg,Dog
PetImages/Dog/4337.jpg,Dog
PetImages/Dog/4338.jpg,Dog
PetImages/Dog/4339.jpg,Dog
PetImages/Dog/4340.jpg,Dog
PetImages/Dog/4341.jpg,Dog
PetImages/Dog/4342.jpg,Dog
PetImages/Dog/4343.jpg,Dog
PetImages/Dog/4344.jpg,Dog
PetImages/Dog/4345.jpg,Dog
PetImages/Dog/4346.jpg,Dog
PetImages/Dog/4347.jpg,Dog
PetImages/Dog/4348.jpg,Dog
PetImages/Dog/4349.jpg,Dog
PetImages/Dog/4350.jpg,Dog
PetImages/Dog/4351.jpg,Dog
PetImages/Dog/4352.jpg,Dog
PetImages/Dog/4353.jpg,Dog
PetImages/Dog/4354.jpg,Dog
PetImages/Dog/4355.jpg,Dog
PetImages/Dog/4356.jpg,Dog
PetImages/Dog/4357.jpg,Dog
PetImages/Dog/4358.jpg,Dog
PetImages/Dog/4359.jpg,Dog
PetImages/Dog/4360.jpg,Dog
PetImages/Dog/4361.jpg,Dog
PetImages/Dog/4362.jpg,Dog
PetImages/Dog/4363.jpg,Dog
PetImages/Dog/4364.jpg,Dog
PetImages/Dog/4365.jpg,Dog
PetImages/Dog/4366.jpg,Dog
PetImages/Dog/4367.jpg,Dog
PetImages/Dog/4368.jpg,Dog
PetImages/Dog/4369.jpg,Dog
PetImages/Dog/4370.jpg,Dog
PetImages/Dog/4371.jpg,Dog
PetImages/Dog/4372.jpg,Dog
PetImages/Dog/4373.jpg,Dog
PetImages/Dog/4374.jpg,Dog
PetImages/Dog/4375.jpg,Dog
PetImages/Dog/4376.jpg,Dog
PetImages/Dog/4377.jpg,Dog
PetImages/Dog/4378.jpg,Dog
PetImages/Dog/4379.jpg,Dog
PetImages/Dog/4380.jpg,Dog
PetImages/Dog/4381.jpg,Dog
PetImages/Dog/4382.jpg,Dog
PetImages/Dog/4383.jpg,Dog
PetImages/Dog/4384.jpg,Dog
PetImages/Dog/4385.jpg,Dog
PetImages/Dog/4386.jpg,Dog
PetImages/Dog/4387.jpg,Dog
PetImages/Dog/4388.jpg,Dog
PetImages/Dog/4389.jpg,Dog
PetImages/Dog/4390.jpg,Dog
PetImages/Dog/4391.jpg,Dog
PetImages/Dog/4392.jpg,Dog
PetImages/Dog/4393.jpg,Dog
PetImages/Dog/4394.jpg,Dog
PetImages/Dog/4395.jpg,Dog
PetImages/Dog/4396.jpg,Dog
PetImages/Dog/4397.jpg,Dog
PetImages/Dog/4398.jpg,Dog
PetImages/Dog/4399.jpg,Dog
PetImages/Dog/4400.jpg,Dog
PetImages/Dog/4401.jpg,Dog
PetImages/Dog/4402.jpg,Dog
PetImages/Dog/4403.jpg,Dog
PetImages/Dog/4404.jpg,Dog
PetImages/Dog/4405.jpg,Dog
PetImages/Dog/4406.jpg,Dog
PetImages/Dog/4407.jpg,Dog
PetImages/Dog/4408.jpg,Dog
PetImages/Dog/4409.jpg,Dog
PetImages/Dog/4410.jpg,Dog
PetImages/Dog/4411.jpg,Dog
PetImages/Dog/4412.jpg,Dog
PetImages/Dog/4413.jpg,Dog
PetImages/Dog/4414.jpg,Dog
PetImages/Dog/4415.jpg,Dog
PetImages/Dog/4416.jpg,Dog
PetImages/Dog/4417.jpg,Dog
PetImages/Dog/4418.jpg,Dog
PetImages/Dog/4419.jpg,Dog
PetImages/Dog/4420.jpg,Dog
PetImages/Dog/4421.jpg,Dog
PetImages/Dog/4422.jpg,Dog
PetImages/Dog/4423.jpg,Dog
PetImages/Dog/4424.jpg,Dog
PetImages/Dog/4425.jpg,Dog
PetImages/Dog/4426.jpg,Dog
PetImages/Dog/4427.jpg,Dog
PetImages/Dog/4428.jpg,Dog
PetImages/Dog/4429.jpg,Dog
PetImages/Dog/4430.jpg,Dog
PetImages/Dog/4431.jpg,Dog
PetImages/Dog/4432.jpg,Dog
PetImages/Dog/4433.jpg,Dog
PetImages/Dog/4434.jpg,Dog
PetImages/Dog/4435.jpg,Dog
PetImages/Dog/4436.jpg,Dog
PetImages/Dog/4437.jpg,Dog
PetImages/Dog/4438.jpg,Dog
PetImages/Dog/4439.jpg,Dog
PetImages/Dog/4440.jpg,Dog
PetImages/Dog/4441.jpg,Dog
PetImages/Dog/4442.jpg,Dog
PetImages/Dog/4443.jpg,Dog
PetImages/Dog/4444.jpg,Dog
PetImages/Dog/4445.jpg,Dog
PetImages/Dog/4446.jpg,Dog
PetImages/Dog/4447.jpg,Dog
PetImages/Dog/4448.jpg,Dog
PetImages/Dog/4449.jpg,Dog
PetImages/Dog/4450.jpg,Dog
PetImages/Dog/4451.jpg,Dog
PetImages/Dog/4452.jpg,Dog
PetImages/Dog/4453.jpg,Dog
PetImages/Dog/4454.jpg,Dog
PetImages/Dog/4455.jpg,Dog
PetImages/Dog/4456.jpg,Dog
PetImages/Dog/4457.jpg,Dog
PetImages/Dog/4458.jpg,Dog
PetImages/Dog/4459.jpg,Dog
PetImages/Dog/4460.jpg,Dog
PetImages/Dog/4461.jpg,Dog
PetImages/Dog/4462.jpg,Dog
PetImages/Dog/4463.jpg,Dog
PetImages/Dog/4464.jpg,Dog
PetImages/Dog/4465.jpg,Dog
PetImages/Dog/4466.jpg,Dog
PetImages/Dog/4467.jpg,Dog
PetImages/Dog/4468.jpg,Dog
PetImages/Dog/4469.jpg,Dog
PetImages/Dog/4470.jpg,Dog
PetImages/Dog/4471.jpg,Dog
PetImages/Dog/4472.jpg,Dog
PetImages/Dog/4473.jpg,Dog
PetImages/Dog/4474.jpg,Dog
PetImages/Dog/4475.jpg,Dog
PetImages/Dog/4476.jpg,Dog
PetImages/Dog/4477.jpg,Dog
PetImages/Dog/4478.jpg,Dog
PetImages/Dog/4479.jpg,Dog
PetImages/Dog/4480.jpg,Dog
PetImages/Dog/4481.jpg,Dog
PetImages/Dog/4482.jpg,Dog
PetImages/Dog/4483.jpg,Dog
PetImages/Dog/4484.jpg,Dog
PetImages/Dog/4485.jpg,Dog
PetImages/Dog/4486.jpg,Dog
PetImages/Dog/4487.jpg,Dog
PetImages/Dog/4488.jpg,Dog
PetImages/Dog/4489.jpg,Dog
PetImages/Dog/4490.jpg,Dog
PetImages/Dog/4491.jpg,Dog
PetImages/Dog/4492.jpg,Dog
PetImages/Dog/4493.jpg,Dog
PetImages/Dog/4494.jpg,Dog
PetImages/Dog/4495.jpg,Dog
PetImages/Dog/4496.jpg,Dog
PetImages/Dog/4497.jpg,Dog
PetImages/Dog/4498.jpg,Dog
PetImages/Dog/4499.jpg,Dog
PetImages/Dog/4500.jpg,Dog
PetImages/Dog/4501.jpg,Dog
PetImages/Dog/4502.jpg,Dog
PetImages/Dog/4503.jpg,Dog
PetImages/Dog/4504.jpg,Dog
PetImages/Dog/4505.jpg,Dog
PetImages/Dog/4506.jpg,Dog
PetImages/Dog/4507.jpg,Dog
PetImages/Dog/4508.jpg,Dog
PetImages/Dog/4509.jpg,Dog
PetImages/Dog/4510.jpg,Dog
PetImages/Dog/4511.jpg,Dog
PetImages/Dog/4512.jpg,Dog
PetImages/Dog/4513.jpg,Dog
PetImages/Dog/4514.jpg,Dog
PetImages/Dog/4515.jpg,Dog
PetImages/Dog/4516.jpg,Dog
PetImages/Dog/4517.jpg,Dog
PetImages/Dog/4518.jpg,Dog
PetImages/Dog/4519.jpg,Dog
PetImages/Dog/4520.jpg,Dog
PetImages/Dog/4521.jpg,Dog
PetImages/Dog/4522.jpg,Dog
PetImages/Dog/4523.jpg,Dog
PetImages/Dog/4524.jpg,Dog
PetImages/Dog/4525.jpg,Dog
PetImages/Dog/4526.jpg,Dog
PetImages/Dog/4527.jpg,Dog
PetImages/Dog/4528.jpg,Dog
PetImages/Dog/4529.jpg,Dog
PetImages/Dog/4530.jpg,Dog
PetImages/Dog/4531.jpg,Dog
PetImages/Dog/4532.jpg,Dog
PetImages/Dog/4533.jpg,Dog
PetImages/Dog/4534.jpg,Dog
PetImages/Dog/4535.jpg,Dog
PetImages/Dog/4536.jpg,Dog
PetImages/Dog/4537.jpg,Dog
PetImages/Dog/4538.jpg,Dog
PetImages/Dog/4539.jpg,Dog
PetImages/Dog/4540.jpg,Dog
PetImages/Dog/4541.jpg,Dog
PetImages/Dog/4542.jpg,Dog
PetImages/Dog/4543.jpg,Dog
PetImages/Dog/4544.jpg,Dog
PetImages/Dog/4545.jpg,Dog
PetImages/Dog/4546.jpg,Dog
PetImages/Dog/4547.jpg,Dog
PetImages/Dog/4548.jpg,Dog
PetImages/Dog/4549.jpg,Dog
PetImages/Dog/4550.jpg,Dog
PetImages/Dog/4551.jpg,Dog
PetImages/Dog/4552.jpg,Dog
PetImages/Dog/4553.jpg,Dog
PetImages/Dog/4554.jpg,Dog
PetImages/Dog/4555.jpg,Dog
PetImages/Dog/4556.jpg,Dog
PetImages/Dog/4557.jpg,Dog
PetImages/Dog/4558.jpg,Dog
PetImages/Dog/4559.jpg,Dog
PetImages/Dog/4560.jpg,Dog
PetImages/Dog/4561.jpg,Dog
PetImages/Dog/4562.jpg,Dog
PetImages/Dog/4563.jpg,Dog
PetImages/Dog/4564.jpg,Dog
PetImages/Dog/4565.jpg,Dog
PetImages/Dog/4566.jpg,Dog
PetImages/Dog/4567.jpg,Dog
PetImages/Dog/4568.jpg,Dog
PetImages/Dog/4569.jpg,Dog
PetImages/Dog/4570.jpg,Dog
PetImages/Dog/4571.jpg,Dog
PetImages/Dog/4572.jpg,Dog
PetImages/Dog/4573.jpg,Dog
PetImages/Dog/4574.jpg,Dog
PetImages/Dog/4575.jpg,Dog
PetImages/Dog/4576.jpg,Dog
PetImages/Dog/4577.jpg,Dog
PetImages/Dog/4578.jpg,Dog
PetImages/Dog/4579.jpg,Dog
PetImages/Dog/4580.jpg,Dog
PetImages/Dog/4581.jpg,Dog
PetImages/Dog/4582.jpg,Dog
PetImages/Dog/4583.jpg,Dog
PetImages/Dog/4584.jpg,Dog
PetImages/Dog/4585.jpg,Dog
PetImages/Dog/4586.jpg,Dog
PetImages/Dog/4587.jpg,Dog
PetImages/Dog/4588.jpg,Dog
PetImages/Dog/4589.jpg,Dog
PetImages/Dog/4590.jpg,Dog
PetImages/Dog/4591.jpg,Dog
PetImages/Dog/4592.jpg,Dog
PetImages/Dog/4593.jpg,Dog
PetImages/Dog/4594.jpg,Dog
PetImages/Dog/4595.jpg,Dog
PetImages/Dog/4596.jpg,Dog
PetImages/Dog/4597.jpg,Dog
PetImages/Dog/4598.jpg,Dog
PetImages/Dog/4599.jpg,Dog
PetImages/Dog/4600.jpg,Dog
PetImages/Dog/4601.jpg,Dog
PetImages/Dog/4602.jpg,Dog
PetImages/Dog/4603.jpg,Dog
PetImages/Dog/4604.jpg,Dog
PetImages/Dog/4605.jpg,Dog
PetImages/Dog/4606.jpg,Dog
PetImages/Dog/4607.jpg,Dog
PetImages/Dog/4608.jpg,Dog
PetImages/Dog/4609.jpg,Dog
PetImages/Dog/4610.jpg,Dog
PetImages/Dog/4611.jpg,Dog
PetImages/Dog/4612.jpg,Dog
PetImages/Dog/4613.jpg,Dog
PetImages/Dog/4614.jpg,Dog
PetImages/Dog/4615.jpg,Dog
PetImages/Dog/4616.jpg,Dog
PetImages/Dog/4617.jpg,Dog
PetImages/Dog/4618.jpg,Dog
PetImages/Dog/4619.jpg,Dog
PetImages/Dog/4620.jpg,Dog
PetImages/Dog/4621.jpg,Dog
PetImages/Dog/4622.jpg,Dog
PetImages/Dog/4623.jpg,Dog
PetImages/Dog/4624.jpg,Dog
PetImages/Dog/4625.jpg,Dog
PetImages/Dog/4626.jpg,Dog
PetImages/Dog/4627.jpg,Dog
PetImages/Dog/4628.jpg,Dog
PetImages/Dog/4629.jpg,Dog
PetImages/Dog/4630.jpg,Dog
PetImages/Dog/4631.jpg,Dog
PetImages/Dog/4632.jpg,Dog
PetImages/Dog/4633.jpg,Dog
PetImages/Dog/4634.jpg,Dog
PetImages/Dog/4635.jpg,Dog
PetImages/Dog/4636.jpg,Dog
PetImages/Dog/4637.jpg,Dog
PetImages/Dog/4638.jpg,Dog
PetImages/Dog/4639.jpg,Dog
PetImages/Dog/4640.jpg,Dog
PetImages/Dog/4641.jpg,Dog
PetImages/Dog/4642.jpg,Dog
PetImages/Dog/4643.jpg,Dog
PetImages/Dog/4644.jpg,Dog
PetImages/Dog/4645.jpg,Dog
PetImages/Dog/4646.jpg,Dog
PetImages/Dog/4647.jpg,Dog
PetImages/Dog/4648.jpg,Dog
PetImages/Dog/4649.jpg,Dog
PetImages/Dog/4650.jpg,Dog
PetImages/Dog/4651.jpg,Dog
PetImages/Dog/4652.jpg,Dog
PetImages/Dog/4653.jpg,Dog
PetImages/Dog/4654.jpg,Dog
PetImages/Dog/4655.jpg,Dog
PetImages/Dog/4656.jpg,Dog
PetImages/Dog/4657.jpg,Dog
PetImages/Dog/4658.jpg,Dog
PetImages/Dog/4659.jpg,Dog
PetImages/Dog/4660.jpg,Dog
PetImages/Dog/4661.jpg,Dog
PetImages/Dog/4662.jpg,Dog
PetImages/Dog/4663.jpg,Dog
PetImages/Dog/4664.jpg,Dog
PetImages/Dog/4665.jpg,Dog
PetImages/Dog/4666.jpg,Dog
PetImages/Dog/4667.jpg,Dog
PetImages/Dog/4668.jpg,Dog
PetImages/Dog/4669.jpg,Dog
PetImages/Dog/4670.jpg,Dog
PetImages/Dog/4671.jpg,Dog
PetImages/Dog/4672.jpg,Dog
PetImages/Dog/4673.jpg,Dog
PetImages/Dog/4674.jpg,Dog
PetImages/Dog/4675.jpg,Dog
PetImages/Dog/4676.jpg,Dog
PetImages/Dog/4677.jpg,Dog
PetImages/Dog/4678.jpg,Dog
PetImages/Dog/4679.jpg,Dog
PetImages/Dog/4680.jpg,Dog
PetImages/Dog/4681.jpg,Dog
PetImages/Dog/4682.jpg,Dog
PetImages/Dog/4683.jpg,Dog
PetImages/Dog/4684.jpg,Dog
PetImages/Dog/4685.jpg,Dog
PetImages/Dog/4686.jpg,Dog
PetImages/Dog/4687.jpg,Dog
PetImages/Dog/4688.jpg,Dog
PetImages/Dog/4689.jpg,Dog
PetImages/Dog/4690.jpg,Dog
PetImages/Dog/4691.jpg,Dog
PetImages/Dog/4692.jpg,Dog
PetImages/Dog/4693.jpg,Dog
PetImages/Dog/4694.jpg,Dog
PetImages/Dog/4695.jpg,Dog
PetImages/Dog/4696.jpg,Dog
PetImages/Dog/4697.jpg,Dog
PetImages/Dog/4698.jpg,Dog
PetImages/Dog/4699.jpg,Dog
PetImages/Dog/4700.jpg,Dog
PetImages/Dog/4701.jpg,Dog
PetImages/Dog/4702.jpg,Dog
PetImages/Dog/4703.jpg,Dog
PetImages/Dog/4704.jpg,Dog
PetImages/Dog/4705.jpg,Dog
PetImages/Dog/4706.jpg,Dog
PetImages/Dog/4707.jpg,Dog
PetImages/Dog/4708.jpg,Dog
PetImages/Dog/4709.jpg,Dog
PetImages/Dog/4710.jpg,Dog
PetImages/Dog/4711.jpg,Dog
PetImages/Dog/4712.jpg,Dog
PetImages/Dog/4713.jpg,Dog
PetImages/Dog/4714.jpg,Dog
PetImages/Dog/4715.jpg,Dog
PetImages/Dog/4716.jpg,Dog
PetImages/Dog/4717.jpg,Dog
PetImages/Dog/4718.jpg,Dog
PetImages/Dog/4719.jpg,Dog
PetImages/Dog/4720.jpg,Dog
PetImages/Dog/4721.jpg,Dog
PetImages/Dog/4722.jpg,Dog
PetImages/Dog/4723.jpg,Dog
PetImages/Dog/4724.jpg,Dog
PetImages/Dog/4725.jpg,Dog
PetImages/Dog/4726.jpg,Dog
PetImages/Dog/4727.jpg,Dog
PetImages/Dog/4728.jpg,Dog
PetImages/Dog/4729.jpg,Dog
PetImages/Dog/4730.jpg,Dog
PetImages/Dog/4731.jpg,Dog
PetImages/Dog/4732.jpg,Dog
PetImages/Dog/4733.jpg,Dog
PetImages/Dog/4734.jpg,Dog
PetImages/Dog/4735.jpg,Dog
PetImages/Dog/4736.jpg,Dog
PetImages/Dog/4737.jpg,Dog
PetImages/Dog/4738.jpg,Dog
PetImages/Dog/4739.jpg,Dog
PetImages/Dog/4740.jpg,Dog
PetImages/Dog/4741.jpg,Dog
PetImages/Dog/4742.jpg,Dog
PetImages/Dog/4743.jpg,Dog
PetImages/Dog/4744.jpg,Dog
PetImages/Dog/4745.jpg,Dog
PetImages/Dog/4746.jpg,Dog
PetImages/Dog/4747.jpg,Dog
PetImages/Dog/4748.jpg,Dog
PetImages/Dog/4749.jpg,Dog
PetImages/Dog/4750.jpg,Dog
PetImages/Dog/4751.jpg,Dog
PetImages/Dog/4752.jpg,Dog
PetImages/Dog/4753.jpg,Dog
PetImages/Dog/4754.jpg,Dog
PetImages/Dog/4755.jpg,Dog
PetImages/Dog/4756.jpg,Dog
PetImages/Dog/4757.jpg,Dog
PetImages/Dog/4758.jpg,Dog
PetImages/Dog/4759.jpg,Dog
PetImages/Dog/4760.jpg,Dog
PetImages/Dog/4761.jpg,Dog
PetImages/Dog/4762.jpg,Dog
PetImages/Dog/4763.jpg,Dog
PetImages/Dog/4764.jpg,Dog
PetImages/Dog/4765.jpg,Dog
PetImages/Dog/4766.jpg,Dog
PetImages/Dog/4767.jpg,Dog
PetImages/Dog/4768.jpg,Dog
PetImages/Dog/4769.jpg,Dog
PetImages/Dog/4770.jpg,Dog
PetImages/Dog/4771.jpg,Dog
PetImages/Dog/4772.jpg,Dog
PetImages/Dog/4773.jpg,Dog
PetImages/Dog/4774.jpg,Dog
PetImages/Dog/4775.jpg,Dog
PetImages/Dog/4776.jpg,Dog
PetImages/Dog/4777.jpg,Dog
PetImages/Dog/4778.jpg,Dog
PetImages/Dog/4779.jpg,Dog
PetImages/Dog/4780.jpg,Dog
PetImages/Dog/4781.jpg,Dog
PetImages/Dog/4782.jpg,Dog
PetImages/Dog/4783.jpg,Dog
PetImages/Dog/4784.jpg,Dog
PetImages/Dog/4785.jpg,Dog
PetImages/Dog/4786.jpg,Dog
PetImages/Dog/4787.jpg,Dog
PetImages/Dog/4788.jpg,Dog
PetImages/Dog/4789.jpg,Dog
PetImages/Dog/4790.jpg,Dog
PetImages/Dog/4791.jpg,Dog
PetImages/Dog/4792.jpg,Dog
PetImages/Dog/4793.jpg,Dog
PetImages/Dog/4794.jpg,Dog
PetImages/Dog/4795.jpg,Dog
PetImages/Dog/4796.jpg,Dog
PetImages/Dog/4797.jpg,Dog
PetImages/Dog/4798.jpg,Dog
PetImages/Dog/4799.jpg,Dog
PetImages/Dog/4800.jpg,Dog
PetImages/Dog/4801.jpg,Dog
PetImages/Dog/4802.jpg,Dog
PetImages/Dog/4803.jpg,Dog
PetImages/Dog/4804.jpg,Dog
PetImages/Dog/4805.jpg,Dog
PetImages/Dog/4806.jpg,Dog
PetImages/Dog/4807.jpg,Dog
PetImages/Dog/4808.jpg,Dog
PetImages/Dog/4809.jpg,Dog
PetImages/Dog/4810.jpg,Dog
PetImages/Dog/4811.jpg,Dog
PetImages/Dog/4812.jpg,Dog
PetImages/Dog/4813.jpg,Dog
PetImages/Dog/4814.jpg,Dog
PetImages/Dog/4815.jpg,Dog
PetImages/Dog/4816.jpg,Dog
PetImages/Dog/4817.jpg,Dog
PetImages/Dog/4818.jpg,Dog
PetImages/Dog/4819.jpg,Dog
PetImages/Dog/4820.jpg,Dog
PetImages/Dog/4821.jpg,Dog
PetImages/Dog/4822.jpg,Dog
PetImages/Dog/4823.jpg,Dog
PetImages/Dog/4824.jpg,Dog
PetImages/Dog/4825.jpg,Dog
PetImages/Dog/4826.jpg,Dog
PetImages/Dog/4827.jpg,Dog
PetImages/Dog/4828.jpg,Dog
PetImages/Dog/4829.jpg,Dog
PetImages/Dog/4830.jpg,Dog
PetImages/Dog/4831.jpg,Dog
PetImages/Dog/4832.jpg,Dog
PetImages/Dog/4833.jpg,Dog
PetImages/Dog/4834.jpg,Dog
PetImages/Dog/4835.jpg,Dog
PetImages/Dog/4836.jpg,Dog
PetImages/Dog/4837.jpg,Dog
PetImages/Dog/4838.jpg,Dog
PetImages/Dog/4839.jpg,Dog
PetImages/Dog/4840.jpg,Dog
PetImages/Dog/4841.jpg,Dog
PetImages/Dog/4842.jpg,Dog
PetImages/Dog/4843.jpg,Dog
PetImages/Dog/4844.jpg,Dog
PetImages/Dog/4845.jpg,Dog
PetImages/Dog/4846.jpg,Dog
PetImages/Dog/4847.jpg,Dog
PetImages/Dog/4848.jpg,Dog
PetImages/Dog/4849.jpg,Dog
PetImages/Dog/4850.jpg,Dog
PetImages/Dog/4851.jpg,Dog
PetImages/Dog/4852.jpg,Dog
PetImages/Dog/4853.jpg,Dog
PetImages/Dog/4854.jpg,Dog
PetImages/Dog/4855.jpg,Dog
PetImages/Dog/4856.jpg,Dog
PetImages/Dog/4857.jpg,Dog
PetImages/Dog/4858.jpg,Dog
PetImages/Dog/4859.jpg,Dog
PetImages/Dog/4860.jpg,Dog
PetImages/Dog/4861.jpg,Dog
PetImages/Dog/4862.jpg,Dog
PetImages/Dog/4863.jpg,Dog
PetImages/Dog/4864.jpg,Dog
PetImages/Dog/4865.jpg,Dog
PetImages/Dog/4866.jpg,Dog
PetImages/Dog/4867.jpg,Dog
PetImages/Dog/4868.jpg,Dog
PetImages/Dog/4869.jpg,Dog
PetImages/Dog/4870.jpg,Dog
PetImages/Dog/4871.jpg,Dog
PetImages/Dog/4872.jpg,Dog
PetImages/Dog/4873.jpg,Dog
PetImages/Dog/4874.jpg,Dog
PetImages/Dog/4875.jpg,Dog
PetImages/Dog/4876.jpg,Dog
PetImages/Dog/4877.jpg,Dog
PetImages/Dog/4878.jpg,Dog
PetImages/Dog/4879.jpg,Dog
PetImages/Dog/4880.jpg,Dog
PetImages/Dog/4881.jpg,Dog
PetImages/Dog/4882.jpg,Dog
PetImages/Dog/4883.jpg,Dog
PetImages/Dog/4884.jpg,Dog
PetImages/Dog/4885.jpg,Dog
PetImages/Dog/4886.jpg,Dog
PetImages/Dog/4887.jpg,Dog
PetImages/Dog/4888.jpg,Dog
PetImages/Dog/4889.jpg,Dog
PetImages/Dog/4890.jpg,Dog
PetImages/Dog/4891.jpg,Dog
PetImages/Dog/4892.jpg,Dog
PetImages/Dog/4893.jpg,Dog
PetImages/Dog/4894.jpg,Dog
PetImages/Dog/4895.jpg,Dog
PetImages/Dog/4896.jpg,Dog
PetImages/Dog/4897.jpg,Dog
PetImages/Dog/4898.jpg,Dog
PetImages/Dog/4899.jpg,Dog
PetImages/Dog/4900.jpg,Dog
PetImages/Dog/4901.jpg,Dog
PetImages/Dog/4902.jpg,Dog
PetImages/Dog/4903.jpg,Dog
PetImages/Dog/4904.jpg,Dog
PetImages/Dog/4905.jpg,Dog
PetImages/Dog/4906.jpg,Dog
PetImages/Dog/4907.jpg,Dog
PetImages/Dog/4908.jpg,Dog
PetImages/Dog/4909.jpg,Dog
PetImages/Dog/4910.jpg,Dog
PetImages/Dog/4911.jpg,Dog
PetImages/Dog/4912.jpg,Dog
PetImages/Dog/4913.jpg,Dog
PetImages/Dog/4914.jpg,Dog
PetImages/Dog/4915.jpg,Dog
PetImages/Dog/4916.jpg,Dog
PetImages/Dog/4917.jpg,Dog
PetImages/Dog/4918.jpg,Dog
PetImages/Dog/4919.jpg,Dog
PetImages/Dog/4920.jpg,Dog
PetImages/Dog/4921.jpg,Dog
PetImages/Dog/4922.jpg,Dog
PetImages/Dog/4923.jpg,Dog
PetImages/Dog/4924.jpg,Dog
PetImages/Dog/4925.jpg,Dog
PetImages/Dog/4926.jpg,Dog
PetImages/Dog/4927.jpg,Dog
PetImages/Dog/4928.jpg,Dog
PetImages/Dog/4929.jpg,Dog
PetImages/Dog/4930.jpg,Dog
PetImages/Dog/4931.jpg,Dog
PetImages/Dog/4932.jpg,Dog
PetImages/Dog/4933.jpg,Dog
PetImages/Dog/4934.jpg,Dog
PetImages/Dog/4935.jpg,Dog
PetImages/Dog/4936.jpg,Dog
PetImages/Dog/4937.jpg,Dog
PetImages/Dog/4938.jpg,Dog
PetImages/Dog/4939.jpg,Dog
PetImages/Dog/4940.jpg,Dog
PetImages/Dog/4941.jpg,Dog
PetImages/Dog/4942.jpg,Dog
PetImages/Dog/4943.jpg,Dog
PetImages/Dog/4944.jpg,Dog
PetImages/Dog/4945.jpg,Dog
PetImages/Dog/4946.jpg,Dog
PetImages/Dog/4947.jpg,Dog
PetImages/Dog/4948.jpg,Dog
PetImages/Dog/4949.jpg,Dog
PetImages/Dog/4950.jpg,Dog
PetImages/Dog/4951.jpg,Dog
PetImages/Dog/4952.jpg,Dog
PetImages/Dog/4953.jpg,Dog
PetImages/Dog/4954.jpg,Dog
PetImages/Dog/4955.jpg,Dog
PetImages/Dog/4956.jpg,Dog
PetImages/Dog/4957.jpg,Dog
PetImages/Dog/4958.jpg,Dog
PetImages/Dog/4959.jpg,Dog
PetImages/Dog/4960.jpg,Dog
PetImages/Dog/4961.jpg,Dog
PetImages/Dog/4962.jpg,Dog
PetImages/Dog/4963.jpg,Dog
PetImages/Dog/4964.jpg,Dog
PetImages/Dog/4965.jpg,Dog
PetImages/Dog/4966.jpg,Dog
PetImages/Dog/4967.jpg,Dog
PetImages/Dog/4968.jpg,Dog
PetImages/Dog/4969.jpg,Dog
PetImages/Dog/4970.jpg,Dog
PetImages/Dog/4971.jpg,Dog
PetImages/Dog/4972.jpg,Dog
PetImages/Dog/4973.jpg,Dog
PetImages/Dog/4974.jpg,Dog
PetImages/Dog/4975.jpg,Dog
PetImages/Dog/4976.jpg,Dog
PetImages/Dog/4977.jpg,Dog
PetImages/Dog/4978.jpg,Dog
PetImages/Dog/4979.jpg,Dog
PetImages/Dog/4980.jpg,Dog
PetImages/Dog/4981.jpg,Dog
PetImages/Dog/4982.jpg,Dog
PetImages/Dog/4983.jpg,Dog
PetImages/Dog/4984.jpg,Dog
PetImages/Dog/4985.jpg,Dog
PetImages/Dog/4986.jpg,Dog
PetImages/Dog/4987.jpg,Dog
PetImages/Dog/4988.jpg,Dog
PetImages/Dog/4989.jpg,Dog
PetImages/Dog/4990.jpg,Dog
PetImages/Dog/4991.jpg,Dog
PetImages/Dog/4992.jpg,Dog
PetImages/Dog/4993.jpg,Dog
PetImages/Dog/4994.jpg,Dog
PetImages/Dog/4995.jpg,Dog
PetImages/Dog/4996.jpg,Dog
PetImages/Dog/4997.jpg,Dog
PetImages/Dog/4998.jpg,Dog
PetImages/Dog/4999.jpg,Dog
