fips,county,state,total_cases,total_deaths,peak_daily_new_cases,avg_daily_new_cases,std_daily_new_cases,n_days_recorded,duration_days,death_rate_pct,case_growth_rate,risk_level,cluster,cohesion_score
6037,Los Angeles,California,2908425,32022.0,45553.0,3466.538,6850.895,839,839,1.101,3466.538,Low,1,42.3051
4013,Maricopa,Arizona,1283590,17326.0,17210.0,1531.081,2333.364,839,839,1.35,1529.905,Medium,1,21.2738
12086,Miami-Dade,Florida,1209302,10921.0,110441.0,1530.986,7040.041,794,794,0.903,1523.05,Low,1,23.6678
17031,Cook,Illinois,1193914,14936.0,41289.0,1419.636,2949.709,841,841,1.251,1419.636,Medium,1,17.7158
48201,Harris,Texas,1032781,10972.0,75982.0,1292.378,3427.2,800,800,1.062,1290.976,Low,1,18.4385
6073,San Diego,California,824586,5271.0,52300.0,1001.701,3034.254,824,824,0.639,1000.711,Low,1,21.8845
6065,Riverside,California,626695,6527.0,18810.0,785.519,1774.916,798,798,1.041,785.332,Low,0,1.7776
12011,Broward,Florida,614436,5852.0,50254.0,772.452,3453.606,799,799,0.952,769.006,Low,0,7.8992
6059,Orange,California,600384,7023.0,25439.0,714.743,1905.946,840,840,1.17,714.743,Low,0,2.5298
6071,San Bernardino,California,597377,7423.0,20030.0,756.208,1717.015,790,790,1.243,756.173,Medium,0,1.7054
48113,Dallas,Texas,573644,6772.0,15202.0,744.857,1185.408,795,795,1.181,721.565,Low,0,1.4689
48439,Tarrant,Texas,569281,5925.0,13147.0,716.077,1255.322,795,795,1.041,716.077,Low,0,1.8621
48029,Bexar,Texas,565111,6131.0,13446.0,687.599,1333.401,822,822,1.085,687.483,Low,0,1.807
32003,Clark,Nevada,543811,8458.0,18803.0,679.764,1422.027,800,800,1.555,679.764,Medium,0,2.3896
36103,Suffolk,New York,444799,4399.0,7791.0,558.092,907.948,797,797,0.989,558.092,Low,0,2.5063
36059,Nassau,New York,425386,3853.0,8121.0,531.732,945.122,800,800,0.906,531.732,Low,0,2.2106
26163,Wayne,Michigan,416604,7975.0,16965.0,524.07,1349.127,795,795,1.914,524.03,High,0,3.6153
53033,King,Washington,410322,2774.0,19377.0,509.409,1427.587,806,806,0.676,509.084,Low,0,2.283
12095,Orange,Florida,383010,2835.0,30752.0,488.53,2061.232,792,792,0.74,483.598,Low,0,3.1637
12057,Hillsborough,Florida,379994,3793.0,24373.0,473.714,1844.026,804,804,0.998,472.629,Low,0,2.3525
12099,Palm Beach,Florida,375184,5059.0,29147.0,476.245,1988.304,793,793,1.348,473.12,Medium,0,3.2979
25017,Middlesex,Massachusetts,352032,4726.0,13761.0,442.986,948.679,800,800,1.342,440.04,Medium,0,2.1608
49035,Salt Lake,Utah,346815,1638.0,16554.0,428.697,968.514,809,809,0.472,428.696,Low,0,1.314
6085,Santa Clara,California,342015,2298.0,15307.0,411.694,1172.114,834,834,0.672,410.09,Low,0,1.2751
42101,Philadelphia,Pennsylvania,317808,5110.0,6406.0,400.176,715.907,795,795,1.608,399.758,Medium,0,1.9917
6067,Sacramento,California,314407,3159.0,10663.0,388.188,939.688,813,813,1.005,386.724,Low,0,1.2322
27053,Hennepin,Minnesota,312909,2593.0,8167.0,394.768,713.711,793,793,0.829,394.589,Low,0,1.1564
26125,Oakland,Michigan,300744,3851.0,11451.0,378.337,931.083,795,795,1.28,378.294,Medium,0,1.447
37183,Wake,North Carolina,300453,1119.0,17129.0,377.752,1140.288,802,802,0.372,374.63,Low,0,1.3268
39049,Franklin,Ohio,296037,2610.0,6024.0,374.26,582.768,791,791,0.882,374.257,Low,0,0.9912
37119,Mecklenburg,North Carolina,284986,1622.0,13391.0,359.377,843.237,793,793,0.569,359.377,Low,0,1.184
6001,Alameda,California,284054,1896.0,14141.0,354.887,1079.653,804,804,0.667,353.301,Low,0,1.1373
55079,Milwaukee,Wisconsin,277430,2292.0,18993.0,350.29,900.705,792,792,0.826,350.29,Low,0,1.4259
39035,Cuyahoga,Ohio,276160,3794.0,5686.0,346.935,576.311,796,796,1.374,346.935,Medium,0,0.8788
42003,Allegheny,Pennsylvania,271427,3323.0,4637.0,343.576,556.095,791,791,1.224,343.144,Medium,0,0.7302
36119,Westchester,New York,264447,2720.0,4729.0,330.146,554.91,801,801,1.029,330.146,Low,0,0.7682
6019,Fresno,California,257611,2757.0,9290.0,323.787,740.076,798,798,1.07,322.821,Low,0,0.9025
4019,Pima,Arizona,255688,3850.0,3368.0,321.623,477.164,796,796,1.506,321.216,Medium,0,0.7907
12031,Duval,Florida,255189,3410.0,19318.0,323.677,1314.063,793,793,1.336,321.802,Medium,0,1.5602
6029,Kern,California,244681,2427.0,6941.0,310.744,569.605,788,788,0.992,310.509,Low,0,0.7478
47157,Shelby,Tennessee,240841,3307.0,4316.0,302.238,503.836,797,797,1.373,302.184,Medium,0,0.5748
34003,Bergen,New Jersey,239353,3458.0,4623.0,298.983,513.428,801,801,1.445,298.818,Medium,0,0.5215
26099,Macomb,Michigan,238947,3970.0,8626.0,301.737,706.994,792,792,1.661,301.701,Medium,0,1.0559
21111,Jefferson,Kentucky,234899,2357.0,5126.0,294.773,479.297,797,797,1.003,294.729,Low,0,0.7428
44007,Providence,Rhode Island,229262,2535.0,21163.0,293.926,1387.144,780,780,1.106,293.926,Low,0,1.5427
18097,Marion,Indiana,227486,3000.0,7064.0,285.079,558.446,799,799,1.319,284.713,Medium,0,0.6459
29189,St. Louis,Missouri,227453,3342.0,5921.0,285.029,476.688,798,798,1.469,285.029,Medium,0,0.4598
48453,Travis,Texas,227227,1735.0,10044.0,286.903,638.279,792,792,0.764,286.903,Low,0,0.7111
36029,Erie,New York,227059,2651.0,3443.0,287.423,402.537,790,790,1.168,287.416,Low,0,0.7794
25025,Suffolk,Massachusetts,226017,2309.0,9022.0,272.681,606.85,833,833,1.022,271.329,Low,0,0.5794
17043,DuPage,Illinois,224631,1806.0,7411.0,283.984,593.45,791,791,0.804,283.984,Low,0,0.6522
34013,Essex,New Jersey,222558,3614.0,5707.0,284.571,568.387,793,793,1.624,280.653,Medium,0,0.5681
13121,Fulton,Georgia,222488,2343.0,9398.0,277.34,589.264,803,803,1.053,277.071,Low,0,0.5758
48085,Collin,Texas,215831,1507.0,5736.0,273.352,447.562,796,796,0.698,271.144,Low,0,0.5993
25009,Essex,Massachusetts,214332,3163.0,6962.0,270.601,528.963,795,795,1.476,269.6,Medium,0,0.5128
9001,Fairfield,Connecticut,214106,2733.0,10280.0,268.691,649.445,797,797,1.276,268.64,Medium,0,0.6775
12103,Pinellas,Florida,212746,3356.0,14310.0,270.052,1061.005,795,795,1.577,267.605,Medium,0,1.0997
47037,Davidson,Tennessee,210855,1676.0,5471.0,264.686,607.813,797,797,0.795,264.561,Low,0,0.5511
13135,Gwinnett,Georgia,210364,1886.0,8872.0,263.644,538.666,798,798,0.897,263.614,Low,0,0.562
6013,Contra Costa,California,209958,1302.0,8664.0,262.167,683.335,802,802,0.62,261.793,Low,0,0.5361
48141,El Paso,Texas,208635,3735.0,3938.0,287.187,449.278,792,792,1.79,263.428,High,0,0.8289
48215,Hidalgo,Texas,207289,3909.0,11157.0,266.98,541.112,781,781,1.886,265.415,High,0,1.2847
9009,New Haven,Connecticut,205522,2839.0,9788.0,259.828,603.485,791,791,1.381,259.826,Medium,0,0.6745
34023,Middlesex,New Jersey,204363,2877.0,3445.0,259.636,418.093,794,794,1.408,257.384,Medium,0,0.7654
49049,Utah,Utah,203286,791.0,8221.0,257.324,505.424,790,790,0.389,257.324,Low,0,0.8303
12105,Polk,Florida,202456,2991.0,14834.0,257.397,1084.029,788,788,1.477,256.924,Medium,0,0.9668
25027,Worcester,Massachusetts,201669,3048.0,7661.0,253.956,545.904,797,797,1.511,253.035,Medium,0,0.6258
40109,Oklahoma,Oklahoma,199990,2467.0,15855.0,252.518,1021.714,792,792,1.234,252.513,Medium,0,0.9112
53053,Pierce,Washington,198375,1409.0,8973.0,250.367,679.59,799,799,0.71,248.279,Low,0,0.4305
12071,Lee,Florida,191963,2158.0,12815.0,243.049,971.628,799,799,1.124,240.254,Low,0,0.7428
39061,Hamilton,Ohio,191030,2069.0,4492.0,243.041,398.315,786,786,1.083,243.041,Low,0,0.6655
8041,El Paso,Colorado,190541,1695.0,6283.0,240.001,429.945,799,799,0.89,238.474,Low,0,0.4326
48157,Fort Bend,Texas,189442,1260.0,9035.0,236.507,499.038,801,801,0.665,236.507,Low,0,0.4492
51059,Fairfax,Virginia,188156,1453.0,7655.0,235.851,521.563,798,798,0.772,235.784,Low,0,0.3613
9003,Hartford,Connecticut,187284,3157.0,5412.0,236.78,498.933,791,791,1.686,236.769,Medium,0,0.7461
6111,Ventura,California,186062,1498.0,7040.0,234.372,588.559,795,795,0.805,234.04,Low,0,0.3576
1073,Jefferson,Alabama,185930,2373.0,7876.0,235.056,500.962,792,792,1.276,234.76,Medium,0,0.7277
48121,Denton,Texas,181158,1354.0,4998.0,231.561,409.514,790,790,0.747,229.314,Low,0,0.5248
34017,Hudson,New Jersey,179135,2723.0,3427.0,226.946,388.362,796,796,1.52,225.044,Medium,0,0.6466
6077,San Joaquin,California,178501,2236.0,7078.0,225.257,544.39,795,795,1.253,224.53,Medium,0,0.6751
15003,Honolulu,Hawaii,178469,1063.0,3985.0,223.369,548.897,799,799,0.596,223.365,Low,0,0.7258
24031,Montgomery,Maryland,178052,2044.0,11562.0,222.565,623.923,800,800,1.148,222.565,Low,0,0.6617
8031,Denver,Colorado,177033,1360.0,7795.0,222.95,434.211,799,799,0.768,221.568,Low,0,0.4004
13067,Cobb,Georgia,176832,1819.0,5722.0,221.628,426.878,798,798,1.029,221.594,Low,0,0.4481
24033,Prince George's,Maryland,175401,2163.0,16814.0,220.353,709.115,796,796,1.233,220.353,Medium,0,1.1307
45045,Greenville,South Carolina,173338,2008.0,10269.0,219.416,598.573,790,790,1.158,219.415,Low,0,0.7193
40143,Tulsa,Oklahoma,172585,2183.0,12617.0,216.005,847.236,799,799,1.265,216.001,Medium,0,0.7051
34025,Monmouth,New Jersey,172251,2180.0,2967.0,217.224,329.391,796,796,1.266,216.396,Medium,0,0.6649
26081,Kent,Michigan,170251,1533.0,6681.0,214.749,481.408,793,793,0.9,214.692,Low,0,0.418
17197,Will,Illinois,169447,1612.0,4998.0,214.785,407.56,789,789,0.951,214.762,Low,0,0.4193
34029,Ocean,New Jersey,168238,2975.0,3655.0,212.568,308.079,792,792,1.768,212.422,High,0,0.7207
36055,Monroe,New York,163464,1587.0,2235.0,205.874,269.559,794,794,0.971,205.874,Low,0,0.658
53061,Snohomish,Washington,159246,1145.0,9087.0,192.166,608.354,844,844,0.719,188.68,Low,0,0.5968
17097,Lake,Illinois,159179,1466.0,5547.0,200.505,393.326,794,794,0.921,200.477,Low,0,0.3973
8005,Arapahoe,Colorado,158561,1284.0,4334.0,199.219,357.22,796,796,0.81,199.197,Low,0,0.4919
42091,Montgomery,Pennsylvania,158154,2329.0,1964.0,198.914,273.321,798,798,1.473,198.188,Medium,0,0.6304
25005,Bristol,Massachusetts,154820,2488.0,5134.0,196.513,387.667,791,791,1.607,195.727,Medium,0,0.5161
13089,DeKalb,Georgia,153194,1746.0,5843.0,192.455,380.504,796,796,1.14,192.455,Low,0,0.4452
31055,Douglas,Nebraska,151824,1119.0,6669.0,186.953,390.987,817,817,0.737,185.831,Low,0,0.4293
10003,New Castle,Delaware,151392,1424.0,2513.0,191.676,294.83,794,794,0.941,190.67,Low,0,0.5381
34039,Union,New Jersey,151057,2357.0,4861.0,191.083,363.922,796,796,1.56,189.77,Medium,0,0.4432
34031,Passaic,New Jersey,149761,2337.0,2973.0,188.356,335.568,797,797,1.56,187.906,Medium,0,0.515
35001,Bernalillo,New Mexico,149543,1854.0,6092.0,188.341,394.834,794,794,1.24,188.341,Medium,0,0.5231
20091,Johnson,Kansas,148890,1219.0,7355.0,186.579,524.125,798,798,0.819,186.579,Low,0,0.4197
20173,Sedgwick,Kansas,145517,1424.0,6976.0,185.419,529.94,786,786,0.979,185.136,Low,0,0.459
6075,San Francisco,California,143959,866.0,6803.0,177.588,544.372,832,832,0.602,173.028,Low,0,0.4224
11001,District of Columbia,District of Columbia,143943,1340.0,9201.0,180.395,588.968,798,798,0.931,180.38,Low,0,0.4655
48339,Montgomery,Texas,141687,1292.0,5397.0,178.255,353.402,795,795,0.912,178.223,Low,0,0.3917
25021,Norfolk,Massachusetts,141128,2242.0,4777.0,177.595,379.036,803,803,1.589,175.751,Medium,0,0.4239
25013,Hampden,Massachusetts,139047,2077.0,6064.0,176.348,410.46,790,790,1.494,176.009,Medium,0,0.5304
8001,Adams,Colorado,137720,1380.0,3913.0,173.694,292.255,793,793,1.002,173.67,Low,0,0.3999
6081,San Mateo,California,137238,755.0,7481.0,181.002,566.505,803,803,0.55,170.907,Low,0,0.5255
6099,Stanislaus,California,136645,1694.0,3633.0,173.781,331.894,794,794,1.24,172.097,Medium,0,0.4662
24005,Baltimore,Maryland,136295,2484.0,10288.0,171.751,467.078,794,794,1.823,171.656,High,0,0.9447
6107,Tulare,California,136125,1469.0,9466.0,172.609,471.069,793,793,1.079,171.658,Low,0,0.5333
12009,Brevard,Florida,135740,2100.0,11548.0,173.166,772.513,788,788,1.547,172.259,Medium,0,0.8103
48491,Williamson,Texas,135522,935.0,4971.0,172.612,367.162,787,787,0.69,172.201,Low,0,0.5177
16001,Ada,Idaho,135259,1022.0,2001.0,170.783,240.406,792,792,0.756,170.782,Low,2,0.5637
55025,Dane,Wisconsin,134580,516.0,17038.0,162.344,642.705,829,829,0.383,162.34,Low,0,2.1649
4021,Pinal,Arizona,132748,1666.0,2526.0,166.287,264.467,799,799,1.255,166.143,Medium,0,0.4513
17089,Kane,Illinois,131751,1179.0,4530.0,165.725,350.061,795,795,0.895,165.725,Low,0,0.3292
34007,Camden,New Jersey,130289,1807.0,2652.0,163.278,278.794,799,799,1.387,163.065,Medium,0,0.3894
27123,Ramsey,Minnesota,129009,1348.0,3291.0,161.464,297.628,799,799,1.045,161.463,Low,2,0.4887
47093,Knox,Tennessee,128707,1385.0,8426.0,162.758,571.447,793,793,1.076,162.304,Low,0,0.4364
39113,Montgomery,Ohio,128090,2019.0,3150.0,162.964,260.544,786,786,1.576,162.964,Medium,0,0.4363
8059,Jefferson,Colorado,128067,1356.0,5188.0,160.864,309.097,800,800,1.059,160.084,Low,0,0.3101
42017,Bucks,Pennsylvania,126504,1905.0,2329.0,160.219,221.432,794,794,1.506,159.325,Medium,0,0.4454
19153,Polk,Iowa,126409,1105.0,7501.0,160.011,528.061,790,790,0.874,160.011,Low,0,0.4139
53063,Spokane,Washington,126131,1378.0,4570.0,156.962,373.62,810,810,1.093,155.717,Low,0,0.3379
34027,Morris,New Jersey,125971,1550.0,3237.0,159.392,303.589,793,793,1.23,158.854,Medium,2,0.4749
12101,Pasco,Florida,123993,1900.0,8242.0,156.355,643.305,795,795,1.532,155.966,Medium,0,0.6905
41051,Multnomah,Oregon,123906,1207.0,4995.0,155.864,353.536,795,795,0.974,155.857,Low,0,0.3172
45079,Richland,South Carolina,123578,947.0,6755.0,156.841,436.907,788,788,0.766,156.825,Low,0,0.4478
42071,Lancaster,Pennsylvania,122794,1890.0,1605.0,156.838,201.987,786,786,1.539,156.226,Medium,2,0.4892
36067,Onondaga,New York,121727,1073.0,2084.0,154.304,232.382,789,789,0.881,154.28,Low,2,0.4146
37081,Guilford,North Carolina,121303,1208.0,6657.0,154.163,357.722,787,787,0.996,154.133,Low,0,0.4166
42133,York,Pennsylvania,120372,1502.0,2005.0,153.019,225.361,787,787,1.248,152.95,Medium,2,0.4342
25023,Plymouth,Massachusetts,120081,2001.0,4513.0,152.648,317.312,790,790,1.666,152.001,Medium,0,0.5481
12127,Volusia,Florida,118119,1988.0,7462.0,149.204,568.701,798,798,1.683,148.019,Medium,0,0.6097
24510,Baltimore city,Maryland,116724,1777.0,11569.0,148.134,482.995,790,790,1.522,147.752,Medium,0,0.9251
55133,Waukesha,Wisconsin,115887,1093.0,14926.0,145.96,564.352,794,794,0.943,145.953,Low,0,1.5174
22051,Jefferson,Louisiana,115373,1341.0,4959.0,144.965,374.532,796,796,1.162,144.941,Low,2,0.5112
12097,Osceola,Florida,115328,1147.0,8905.0,146.571,592.293,792,792,0.995,145.616,Low,0,0.4769
39153,Summit,Ohio,115094,1710.0,2489.0,145.504,229.265,791,791,1.486,145.504,Medium,2,0.3929
27037,Dakota,Minnesota,113641,775.0,2486.0,143.362,254.59,793,793,0.682,143.305,Low,2,0.4161
42045,Delaware,Pennsylvania,113339,1875.0,1825.0,142.518,217.236,799,799,1.654,141.851,Medium,2,0.4418
1097,Mobile,Alabama,113300,1653.0,5141.0,144.272,318.35,786,786,1.459,144.148,Medium,0,0.6631
45019,Charleston,South Carolina,112905,945.0,5002.0,141.354,375.642,799,799,0.837,141.308,Low,2,0.3111
22033,East Baton Rouge,Louisiana,111670,1349.0,7134.0,142.008,416.488,788,788,1.208,141.713,Low,0,0.5331
36071,Orange,New York,111228,954.0,2137.0,140.262,228.426,793,793,0.858,140.262,Low,2,0.3454
18089,Lake,Indiana,108660,1834.0,3940.0,138.056,260.037,788,788,1.688,137.893,Medium,2,0.4943
34005,Burlington,New Jersey,106935,1210.0,2080.0,135.102,215.416,795,795,1.132,134.509,Low,2,0.2119
32031,Washoe,Nevada,105973,1202.0,3748.0,132.506,266.332,800,800,1.134,132.466,Low,2,0.3096
2020,Anchorage,Alaska,105418,526.0,5448.0,132.952,356.301,793,793,0.499,132.936,Low,2,0.4651
12117,Seminole,Florida,105227,1096.0,8183.0,132.987,576.528,793,793,1.042,132.695,Low,0,0.491
48061,Cameron,Texas,105092,2032.0,7634.0,133.882,373.034,786,786,1.934,133.705,High,0,0.8494
18003,Allen,Indiana,104713,1188.0,2608.0,133.483,244.621,785,785,1.135,133.392,Low,2,0.201
5119,Pulaski,Arkansas,103939,1186.0,1975.0,131.071,236.774,793,793,1.141,131.071,Low,2,0.1892
29183,St. Charles,Missouri,103932,938.0,5175.0,132.468,308.302,787,787,0.903,132.061,Low,2,0.207
42011,Berks,Pennsylvania,103652,1595.0,1465.0,131.813,185.936,787,787,1.539,131.705,Medium,2,0.4084
26049,Genesee,Michigan,103601,1720.0,4835.0,131.818,322.143,786,786,1.66,131.808,Medium,2,0.4234
39095,Lucas,Ohio,103434,1420.0,2221.0,130.929,203.93,790,790,1.373,130.929,Medium,2,0.3827
33011,Hillsborough,New Hampshire,101728,916.0,4968.0,128.77,291.975,790,790,0.9,128.77,Low,2,0.1782
49011,Davis,Utah,101261,404.0,4709.0,126.965,284.052,799,799,0.399,126.735,Low,2,0.4309
47065,Hamilton,Tennessee,101119,1151.0,2411.0,127.676,236.676,792,792,1.138,127.676,Low,2,0.1717
27003,Anoka,Minnesota,100743,797.0,2133.0,126.721,215.592,795,795,0.791,126.721,Low,2,0.3203
51153,Prince William,Virginia,97967,748.0,3284.0,123.876,246.319,793,793,0.764,123.54,Low,2,0.2601
45051,Horry,South Carolina,97534,1159.0,3878.0,123.487,280.906,790,790,1.188,123.461,Low,2,0.2578
29095,Jackson,Missouri,97164,1217.0,6092.0,125.552,285.362,788,788,1.253,123.305,Medium,2,0.4295
12081,Manatee,Florida,96960,1434.0,5416.0,121.642,448.821,804,804,1.479,120.597,Medium,2,0.4455
48303,Lubbock,Texas,96835,1329.0,3699.0,123.91,244.347,788,788,1.372,122.887,Medium,2,0.3993
48167,Galveston,Texas,96616,853.0,4277.0,123.408,234.193,792,792,0.883,121.99,Low,2,0.2178
45063,Lexington,South Carolina,96569,872.0,5179.0,122.18,346.139,791,791,0.903,122.085,Low,2,0.1899
47149,Rutherford,Tennessee,96372,904.0,5999.0,121.694,394.409,792,792,0.938,121.682,Low,2,0.2828
36087,Rockland,New York,96142,897.0,1732.0,120.328,206.357,799,799,0.933,120.328,Low,2,0.3946
48479,Webb,Texas,96110,1036.0,3057.0,122.122,284.074,787,787,1.078,122.122,Low,2,0.2796
21067,Fayette,Kentucky,95993,609.0,4157.0,120.242,263.014,799,799,0.634,120.141,Low,2,0.2323
45083,Spartanburg,South Carolina,95357,1548.0,4502.0,119.651,296.901,797,797,1.623,119.645,Medium,2,0.3994
6053,Monterey,California,95140,744.0,5090.0,126.66,375.8,788,788,0.782,120.736,Low,2,0.2646
42029,Chester,Pennsylvania,94968,1164.0,1263.0,120.423,163.383,792,792,1.226,119.909,Medium,2,0.3061
37067,Forsyth,North Carolina,94312,824.0,4574.0,118.933,278.533,793,793,0.874,118.931,Low,2,0.1997
48039,Brazoria,Texas,94245,983.0,3866.0,119.499,233.608,791,791,1.043,119.147,Low,2,0.2456
39017,Butler,Ohio,93927,1157.0,2351.0,118.766,182.461,791,791,1.232,118.745,Medium,2,0.2674
48355,Nueces,Texas,93429,1494.0,2574.0,119.627,231.313,781,781,1.599,119.627,Medium,2,0.4497
24003,Anne Arundel,Maryland,92830,1078.0,6466.0,117.21,292.148,792,792,1.161,117.21,Low,2,0.3874
6083,Santa Barbara,California,92683,693.0,3799.0,117.587,314.403,790,790,0.748,117.32,Low,2,0.2096
42077,Lehigh,Pennsylvania,91539,1246.0,1640.0,116.153,190.385,790,790,1.361,115.872,Medium,2,0.3015
51810,Virginia Beach city,Virginia,91483,824.0,3642.0,114.959,261.635,796,796,0.901,114.928,Low,2,0.2574
53011,Clark,Washington,91435,804.0,6413.0,115.671,331.299,799,799,0.879,114.437,Low,2,0.3169
12115,Sarasota,Florida,91416,1620.0,6092.0,117.231,474.891,793,793,1.772,115.279,High,2,0.4367
41067,Washington,Oregon,91092,594.0,4093.0,113.112,292.692,806,806,0.652,113.017,Low,2,0.1948
1089,Madison,Alabama,90395,968.0,4233.0,114.97,259.364,788,788,1.071,114.714,Low,2,0.2732
22071,Orleans,Louisiana,90328,1109.0,4258.0,113.716,318.104,795,795,1.228,113.62,Medium,2,0.3044
6097,Sonoma,California,90191,490.0,3413.0,111.938,266.119,808,808,0.543,111.623,Low,2,0.2248
6095,Solano,California,89419,451.0,3575.0,110.569,291.191,810,810,0.504,110.394,Low,2,0.24
37051,Cumberland,North Carolina,87898,630.0,3304.0,112.258,235.452,783,783,0.717,112.258,Low,2,0.2142
12069,Lake,Florida,86320,1504.0,6412.0,110.049,433.844,789,789,1.742,109.404,High,2,0.4416
8123,Weld,Colorado,85893,703.0,3012.0,108.451,193.446,792,792,0.818,108.451,Low,2,0.235
12073,Leon,Florida,85724,663.0,6221.0,110.112,470.209,787,787,0.773,108.925,Low,2,0.3743
55009,Brown,Wisconsin,85688,557.0,4512.0,108.882,232.918,787,787,0.65,108.879,Low,2,0.2403
12021,Collier,Florida,85078,1000.0,5357.0,108.766,387.471,795,795,1.175,107.016,Low,2,0.3867
12083,Marion,Florida,84120,2105.0,5526.0,107.481,427.446,784,784,2.502,107.296,High,3,1.6157
18057,Hamilton,Indiana,83430,661.0,2400.0,105.738,208.919,790,790,0.792,105.608,Low,2,0.2804
26161,Washtenaw,Michigan,83317,522.0,3017.0,105.127,230.77,793,793,0.627,105.066,Low,2,0.2023
42095,Northampton,Pennsylvania,81732,1097.0,1376.0,103.298,153.912,793,793,1.342,103.067,Medium,2,0.3091
8035,Douglas,Colorado,81400,460.0,2270.0,101.766,185.986,800,800,0.565,101.75,Low,2,0.228
8069,Larimer,Colorado,81210,507.0,2729.0,102.776,187.569,796,796,0.624,102.023,Low,2,0.202
42129,Westmoreland,Pennsylvania,81006,1378.0,1000.0,103.062,139.931,786,786,1.701,103.061,Medium,2,0.4196
34021,Mercer,New Jersey,80988,1261.0,1480.0,102.809,171.746,791,791,1.557,102.387,Medium,2,0.3565
39151,Stark,Ohio,80794,1718.0,1388.0,101.757,152.497,794,794,2.126,101.756,High,3,0.9779
40027,Cleveland,Oklahoma,79713,822.0,7005.0,100.919,479.607,790,790,1.031,100.903,Low,2,0.4149
17111,McHenry,Illinois,79189,511.0,5323.0,99.626,278.614,795,795,0.645,99.609,Low,2,0.3788
17201,Winnebago,Illinois,79104,855.0,3071.0,100.142,195.456,790,790,1.081,100.132,Low,2,0.2006
31109,Lancaster,Nebraska,78941,440.0,4164.0,101.024,231.145,785,785,0.557,100.562,Low,2,0.288
45091,York,South Carolina,78263,678.0,3719.0,99.401,248.423,788,788,0.866,99.319,Low,2,0.3059
12033,Escambia,Florida,78190,1311.0,5007.0,103.774,382.01,789,789,1.677,99.1,Medium,2,0.4161
37063,Durham,North Carolina,76734,340.0,3131.0,97.499,250.049,789,789,0.443,97.255,Low,2,0.2891
26139,Ottawa,Michigan,76277,788.0,2980.0,96.622,211.958,790,790,1.033,96.553,Low,2,0.1598
51041,Chesterfield,Virginia,75487,760.0,2136.0,95.446,179.88,791,791,1.007,95.432,Low,2,0.2159
42079,Luzerne,Pennsylvania,75379,1366.0,1021.0,95.504,133.257,790,790,1.812,95.416,High,2,0.4454
12111,St. Lucie,Florida,75157,1221.0,5621.0,96.047,394.794,784,784,1.625,95.864,Medium,2,0.4752
53077,Yakima,Washington,73887,790.0,3109.0,93.174,203.506,793,793,1.069,93.174,Low,2,0.1532
22103,St. Tammany,Louisiana,73066,851.0,3654.0,92.327,242.704,792,792,1.165,92.255,Low,2,0.2447
6047,Merced,California,72959,823.0,2131.0,93.464,210.624,781,781,1.128,93.417,Low,2,0.1964
34035,Somerset,New Jersey,72382,975.0,2616.0,91.98,183.03,789,789,1.347,91.739,Medium,2,0.1893
34015,Gloucester,New Jersey,71942,968.0,1894.0,91.527,151.17,788,788,1.346,91.297,Medium,2,0.1768
51107,Loudoun,Virginia,71890,384.0,2496.0,90.46,183.187,795,795,0.534,90.428,Low,2,0.1809
18141,St. Joseph,Indiana,71793,874.0,1322.0,90.479,136.284,794,794,1.217,90.419,Low,2,0.2372
29077,Greene,Missouri,71775,1040.0,2074.0,90.526,171.42,793,793,1.449,90.511,Medium,2,0.1944
49057,Weber,Utah,71645,443.0,2836.0,90.989,193.897,795,795,0.618,90.119,Low,2,0.2088
17119,Madison,Illinois,71577,866.0,2193.0,90.949,183.134,787,787,1.21,90.949,Low,2,0.1978
6061,Placer,California,71527,628.0,2296.0,89.103,200.711,803,803,0.878,89.075,Low,2,0.2404
41047,Marion,Oregon,70744,721.0,2764.0,88.921,193.664,797,797,1.019,88.763,Low,2,0.169
17163,St. Clair,Illinois,70571,776.0,2470.0,89.217,187.144,791,791,1.1,89.217,Low,2,0.1735
34001,Atlantic,New Jersey,70482,997.0,3118.0,89.83,170.812,787,787,1.415,89.558,Medium,2,0.1793
33015,Rockingham,New Hampshire,70405,542.0,3161.0,88.236,193.139,798,798,0.77,88.227,Low,2,0.2387
27163,Washington,Minnesota,69180,481.0,1482.0,87.622,160.902,790,790,0.695,87.57,Low,2,0.2828
12001,Alachua,Florida,69008,665.0,6529.0,87.177,391.063,795,795,0.964,86.803,Low,2,0.5087
5143,Washington,Arkansas,68841,621.0,1453.0,87.474,137.754,787,787,0.902,87.473,Low,2,0.2268
8013,Boulder,Colorado,68435,391.0,2358.0,86.526,176.164,791,791,0.571,86.517,Low,2,0.1933
39093,Lorain,Ohio,68382,981.0,1708.0,86.459,144.352,791,791,1.435,86.45,Medium,2,0.1826
22017,Caddo,Louisiana,67560,1156.0,3670.0,85.334,231.173,794,794,1.711,85.088,High,2,0.4275
51087,Henrico,Virginia,67513,934.0,1995.0,85.793,165.538,788,788,1.383,85.676,Medium,2,0.1628
48027,Bell,Texas,67290,901.0,3559.0,85.426,229.056,792,792,1.339,84.962,Medium,2,0.2188
5007,Benton,Arkansas,67110,849.0,1023.0,85.396,130.605,786,786,1.265,85.382,Medium,2,0.2166
17019,Champaign,Illinois,67086,297.0,2494.0,85.759,202.696,783,783,0.443,85.678,Low,2,0.2603
36027,Dutchess,New York,66962,659.0,1110.0,84.441,129.124,793,793,0.984,84.441,Low,2,0.2345
6025,Imperial,California,66925,916.0,2955.0,86.12,218.152,785,785,1.369,85.255,Medium,2,0.1472
26065,Ingham,Michigan,66384,769.0,3182.0,83.747,220.419,793,793,1.158,83.712,Low,2,0.1939
37071,Gaston,North Carolina,65857,850.0,2434.0,83.704,169.03,787,787,1.291,83.681,Medium,2,0.1949
13063,Clayton,Georgia,64612,977.0,2818.0,81.903,191.021,790,790,1.512,81.787,Medium,2,0.2461
13051,Chatham,Georgia,64409,886.0,3108.0,82.372,190.229,785,785,1.376,82.05,Medium,2,0.1715
35013,Doña Ana,New Mexico,63972,773.0,2858.0,81.531,187.182,785,785,1.208,81.493,Low,2,0.1809
41005,Clackamas,Oregon,63827,632.0,2614.0,80.496,179.121,793,793,0.99,80.488,Low,2,0.1801
13057,Cherokee,Georgia,63811,630.0,2148.0,80.174,147.152,797,797,0.987,80.064,Low,2,0.1974
36001,Albany,New York,63461,523.0,1031.0,80.026,117.088,793,793,0.824,80.026,Low,2,0.2094
12109,St. Johns,Florida,63143,567.0,3521.0,80.144,312.973,794,794,0.898,79.525,Low,2,0.2757
10005,Sussex,Delaware,63138,857.0,990.0,80.661,115.524,788,788,1.357,80.124,Medium,2,0.1802
22055,Lafayette,Louisiana,62873,500.0,2767.0,80.15,195.477,786,786,0.795,79.991,Low,2,0.1379
47187,Williamson,Tennessee,62833,406.0,3343.0,78.602,239.025,800,800,0.646,78.541,Low,2,0.2476
4027,Yuma,Arizona,62751,1181.0,1129.0,80.087,139.811,785,785,1.882,79.938,High,2,0.4285
37179,Union,North Carolina,62697,490.0,2441.0,80.156,166.821,783,783,0.782,80.073,Low,2,0.1298
16027,Canyon,Idaho,61709,685.0,770.0,78.777,106.173,785,785,1.11,78.61,Low,2,0.2515
1117,Shelby,Alabama,61273,452.0,2518.0,77.641,165.794,790,790,0.738,77.561,Low,2,0.1122
48209,Hays,Texas,60893,498.0,1090.0,77.324,153.054,791,791,0.818,76.982,Low,2,0.197
48041,Brazos,Texas,60873,413.0,2182.0,77.25,163.09,788,788,0.678,77.25,Low,2,0.1589
26077,Kalamazoo,Michigan,60792,675.0,2702.0,77.74,189.842,782,782,1.11,77.739,Low,2,0.1645
48309,McLennan,Texas,60473,902.0,1276.0,80.949,138.264,787,787,1.492,76.84,Medium,2,0.2438
37101,Johnston,North Carolina,60301,452.0,2816.0,76.044,178.971,793,793,0.75,76.042,Low,2,0.1386
38017,Cass,North Dakota,59940,333.0,1073.0,76.067,128.079,788,788,0.556,76.066,Low,2,0.2681
41039,Lane,Oregon,59853,541.0,2562.0,75.956,181.295,788,788,0.904,75.956,Low,2,0.1458
42043,Dauphin,Pennsylvania,59830,964.0,674.0,76.488,100.25,783,783,1.611,76.411,Medium,2,0.3079
39165,Warren,Ohio,58538,584.0,1459.0,74.596,122.296,785,785,0.998,74.571,Low,2,0.1959
36065,Oneida,New York,58360,803.0,688.0,74.344,97.637,785,785,1.376,74.344,Medium,2,0.1888
13151,Henry,Georgia,58353,688.0,2573.0,73.707,156.295,792,792,1.179,73.678,Low,2,0.138
42049,Erie,Pennsylvania,58218,760.0,922.0,74.307,108.64,785,785,1.305,74.163,Medium,2,0.1571
9011,New London,Connecticut,58138,662.0,2365.0,74.228,165.106,785,785,1.139,74.061,Low,2,0.1298
29510,St. Louis city,Missouri,58089,780.0,2139.0,73.822,138.433,787,787,1.343,73.811,Medium,2,0.1915
45007,Anderson,South Carolina,58025,998.0,2978.0,73.465,191.657,790,790,1.72,73.449,High,2,0.2943
18163,Vanderburgh,Indiana,57824,640.0,1895.0,73.718,152.499,785,785,1.107,73.661,Low,2,0.1532
55101,Racine,Wisconsin,57729,690.0,1794.0,72.893,140.972,792,792,1.195,72.89,Low,2,0.1466
4015,Mohave,Arizona,57631,1454.0,1072.0,74.035,116.172,779,779,2.523,73.981,High,3,0.6594
6079,San Luis Obispo,California,57556,478.0,2029.0,72.985,174.335,791,791,0.83,72.764,Low,2,0.1165
46099,Minnehaha,South Dakota,57428,519.0,1720.0,72.283,131.848,795,795,0.904,72.236,Low,2,0.1688
17167,Sangamon,Illinois,56637,432.0,2233.0,71.611,175.627,791,791,0.763,71.602,Low,2,0.1084
37025,Cabarrus,North Carolina,56620,494.0,2370.0,71.43,158.731,793,793,0.872,71.4,Low,2,0.0948
45035,Dorchester,South Carolina,56325,496.0,2593.0,71.76,195.223,786,786,0.881,71.66,Low,2,0.1061
1125,Tuscaloosa,Alabama,56301,786.0,2601.0,71.106,150.384,792,792,1.396,71.087,Medium,2,0.1672
13117,Forsyth,Georgia,56197,401.0,2246.0,71.56,144.279,789,789,0.714,71.226,Low,2,0.1245
1003,Baldwin,Alabama,55862,681.0,2175.0,70.637,141.525,791,791,1.219,70.622,Low,2,0.1217
6031,Kings,California,55429,448.0,2042.0,71.541,154.029,778,778,0.808,71.246,Low,2,0.1116
55087,Outagamie,Wisconsin,55321,406.0,1291.0,70.205,126.79,789,789,0.734,70.115,Low,2,0.1327
1101,Montgomery,Alabama,55316,948.0,2466.0,69.894,145.031,792,792,1.714,69.843,High,2,0.2371
22019,Calcasieu,Louisiana,54862,706.0,2483.0,69.907,179.553,786,786,1.287,69.799,Medium,2,0.1628
13139,Hall,Georgia,54571,844.0,2005.0,69.208,123.119,789,789,1.547,69.165,Medium,2,0.2703
29099,Jefferson,Missouri,54493,653.0,1131.0,70.508,121.037,781,781,1.198,69.773,Low,2,0.1547
18039,Elkhart,Indiana,54388,734.0,1019.0,69.529,102.456,784,784,1.35,69.372,Medium,2,0.1623
37021,Buncombe,North Carolina,54155,593.0,1961.0,69.088,141.212,784,784,1.095,69.075,Low,2,0.165
39099,Mahoning,Ohio,54021,1089.0,1142.0,68.561,103.881,788,788,2.016,68.555,High,3,0.4217
28047,Harrison,Mississippi,53859,665.0,1912.0,68.39,151.148,788,788,1.235,68.349,Medium,2,0.1481
12019,Clay,Florida,53825,856.0,3897.0,68.004,290.535,793,793,1.59,67.875,Medium,2,0.3636
47165,Sumner,Tennessee,53504,729.0,2935.0,67.987,210.73,787,787,1.363,67.985,Medium,2,0.1577
19113,Linn,Iowa,53125,583.0,3110.0,67.776,241.744,784,784,1.097,67.761,Low,2,0.2109
55139,Winnebago,Wisconsin,53045,382.0,1351.0,67.068,128.832,791,791,0.72,67.061,Low,2,0.1098
53005,Benton,Washington,53006,472.0,2328.0,68.212,175.538,787,787,0.89,67.352,Low,2,0.1074
37147,Pitt,North Carolina,52792,207.0,2638.0,67.377,164.474,785,785,0.392,67.251,Low,2,0.3124
28049,Hinds,Mississippi,52682,791.0,2708.0,66.687,161.373,790,790,1.501,66.686,Medium,2,0.1756
23005,Cumberland,Maine,52557,366.0,2850.0,66.369,142.308,792,792,0.696,66.36,Low,2,0.1828
6087,Santa Cruz,California,52532,263.0,2806.0,66.308,195.976,798,798,0.501,65.83,Low,2,0.2846
17113,McLean,Illinois,52348,330.0,1746.0,66.694,153.855,785,785,0.63,66.685,Low,2,0.1864
37133,Onslow,North Carolina,52306,378.0,3066.0,66.058,178.775,793,793,0.723,65.96,Low,2,0.1988
45015,Berkeley,South Carolina,52240,450.0,2570.0,66.605,179.926,785,785,0.861,66.548,Low,2,0.1121
39025,Clermont,Ohio,51997,560.0,1293.0,66.337,111.762,784,784,1.077,66.323,Low,2,0.1203
10001,Kent,Delaware,51836,650.0,992.0,66.067,104.733,787,787,1.254,65.865,Medium,2,0.136
18157,Tippecanoe,Indiana,51787,396.0,1399.0,65.906,127.905,786,786,0.765,65.887,Low,2,0.1271
42041,Cumberland,Pennsylvania,51754,892.0,719.0,65.393,90.718,792,792,1.724,65.346,High,2,0.1926
42125,Washington,Pennsylvania,51747,654.0,753.0,65.342,99.615,792,792,1.264,65.337,Medium,2,0.1555
27145,Stearns,Minnesota,51693,368.0,1243.0,65.198,115.933,793,793,0.712,65.187,Low,2,0.1143
12091,Okaloosa,Florida,51630,688.0,3365.0,64.974,262.21,798,798,1.333,64.699,Medium,2,0.1698
37129,New Hanover,North Carolina,51432,394.0,2035.0,65.36,148.277,787,787,0.766,65.352,Low,2,0.1463
26145,Saginaw,Michigan,51303,956.0,1888.0,65.526,144.991,784,784,1.863,65.438,High,2,0.2847
36063,Niagara,New York,51069,585.0,738.0,65.056,92.865,785,785,1.146,65.056,Low,2,0.156
51550,Chesapeake city,Virginia,51025,497.0,1862.0,65.335,138.744,781,781,0.974,65.333,Low,2,0.1193
44003,Kent,Rhode Island,50938,513.0,4581.0,65.317,311.882,780,780,1.007,65.305,Low,2,0.3995
22073,Ouachita,Louisiana,50769,754.0,2983.0,64.846,166.687,784,784,1.485,64.756,Medium,2,0.1753
13245,Richmond,Georgia,50566,895.0,1990.0,64.174,119.955,788,788,1.77,64.17,High,2,0.2285
47125,Montgomery,Tennessee,50488,579.0,2525.0,64.237,197.514,786,786,1.147,64.234,Low,2,0.1878
28033,DeSoto,Mississippi,50344,554.0,1391.0,63.975,114.831,787,787,1.1,63.97,Low,2,0.0923
39085,Lake,Ohio,49961,737.0,1149.0,63.402,100.365,788,788,1.475,63.402,Medium,2,0.1935
31153,Sarpy,Nebraska,49925,276.0,1051.0,64.395,111.375,788,788,0.553,63.357,Low,2,0.1768
36091,Saratoga,New York,49890,335.0,775.0,62.519,97.004,798,798,0.671,62.519,Low,2,0.1795
48245,Jefferson,Texas,49316,843.0,980.0,64.298,95.637,781,781,1.709,63.145,High,2,0.1492
48139,Ellis,Texas,49172,582.0,1199.0,62.775,125.069,788,788,1.184,62.401,Low,2,0.1356
53067,Thurston,Washington,49071,417.0,2483.0,62.203,181.671,794,794,0.85,61.802,Low,2,0.1429
37097,Iredell,North Carolina,49004,466.0,1891.0,62.197,127.297,788,788,0.951,62.188,Low,2,0.0916
36007,Broome,New York,48947,520.0,577.0,61.88,74.419,791,791,1.062,61.88,Low,2,0.1642
20177,Shawnee,Kansas,48858,633.0,2961.0,62.638,182.324,780,780,1.296,62.638,Medium,2,0.1363
12113,Santa Rosa,Florida,48592,621.0,3112.0,61.064,252.188,800,800,1.278,60.74,Medium,2,0.1579
27137,St. Louis,Minnesota,48555,533.0,1038.0,61.939,108.33,784,784,1.098,61.932,Low,2,0.1167
4025,Yavapai,Arizona,48293,1212.0,479.0,61.672,88.059,786,786,2.51,61.441,High,3,0.5241
37035,Catawba,North Carolina,47959,600.0,2242.0,61.237,139.197,784,784,1.251,61.172,Medium,2,0.1731
41017,Deschutes,Oregon,47906,286.0,2079.0,60.341,149.36,794,794,0.597,60.335,Low,2,0.203
17143,Peoria,Illinois,47902,555.0,1563.0,60.734,116.984,789,789,1.159,60.712,Low,2,0.1223
37001,Alamance,North Carolina,47756,488.0,1950.0,61.087,136.656,782,782,1.022,61.069,Low,2,0.1072
54039,Kanawha,West Virginia,47739,724.0,963.0,61.527,104.345,785,785,1.517,60.814,Medium,2,0.1911
8101,Pueblo,Colorado,47690,802.0,1270.0,60.625,111.343,792,792,1.682,60.215,Medium,2,0.1749
26093,Livingston,Michigan,47690,451.0,1976.0,60.691,147.783,786,786,0.946,60.674,Low,2,0.0933
20209,Wyandotte,Kansas,47365,508.0,1472.0,59.73,139.481,793,793,1.073,59.729,Low,2,0.1085
24021,Frederick,Maryland,46920,525.0,3312.0,59.473,160.364,789,789,1.119,59.468,Low,2,0.2251
21117,Kenton,Kentucky,46264,415.0,1939.0,59.07,131.926,787,787,0.897,58.785,Low,2,0.0957
51760,Richmond city,Virginia,46245,515.0,1395.0,58.981,115.401,787,787,1.114,58.761,Low,2,0.0986
51013,Arlington,Virginia,46198,323.0,2177.0,58.23,137.971,794,794,0.699,58.184,Low,2,0.1716
47163,Sullivan,Tennessee,46163,721.0,2765.0,58.083,197.67,795,795,1.562,58.067,Medium,2,0.2343
24027,Howard,Maryland,46124,378.0,3557.0,58.477,166.345,790,790,0.82,58.385,Low,2,0.285
45077,Pickens,South Carolina,46111,632.0,2957.0,58.78,177.209,785,785,1.371,58.74,Medium,2,0.1553
12005,Bay,Florida,45926,827.0,2770.0,59.778,223.578,784,784,1.801,58.579,High,2,0.3015
48423,Smith,Texas,45581,968.0,1635.0,62.652,150.007,792,792,2.124,57.552,High,3,0.2787
39041,Delaware,Ohio,45538,272.0,1014.0,57.864,94.627,787,787,0.597,57.863,Low,2,0.1457
26075,Jackson,Michigan,45532,590.0,1711.0,57.906,140.555,788,788,1.296,57.782,Medium,2,0.141
55059,Kenosha,Wisconsin,45275,631.0,2426.0,57.458,132.225,788,788,1.394,57.456,Medium,2,0.2023
42019,Butler,Pennsylvania,45173,743.0,504.0,57.653,78.576,784,784,1.645,57.619,Medium,2,0.1678
42069,Lackawanna,Pennsylvania,45137,776.0,651.0,57.357,82.91,787,787,1.719,57.353,High,2,0.1371
49053,Washington,Utah,45053,463.0,1887.0,56.418,126.738,799,799,1.028,56.387,Low,2,0.0973
29019,Boone,Missouri,45035,252.0,1306.0,57.162,111.823,788,788,0.56,57.151,Low,2,0.1749
55105,Rock,Wisconsin,44315,395.0,2126.0,56.47,118.572,785,785,0.891,56.452,Low,2,0.1065
4005,Coconino,Arizona,44091,478.0,829.0,56.17,95.34,787,787,1.084,56.024,Low,2,0.1218
48251,Johnson,Texas,43903,735.0,902.0,56.211,102.51,786,786,1.674,55.856,Medium,2,0.1289
6039,Madera,California,43685,365.0,1451.0,54.784,127.439,798,798,0.836,54.743,Low,2,0.1164
27109,Olmsted,Minnesota,43593,185.0,1709.0,54.906,120.043,794,794,0.424,54.903,Low,2,0.2667
37057,Davidson,North Carolina,43561,430.0,1734.0,55.539,121.805,785,785,0.987,55.492,Low,2,0.106
41029,Jackson,Oregon,43552,535.0,1835.0,54.581,121.476,798,798,1.228,54.576,Medium,2,0.1162
45013,Beaufort,South Carolina,43530,380.0,1835.0,55.076,136.094,791,791,0.873,55.032,Low,2,0.0999
21227,Warren,Kentucky,43102,372.0,1454.0,54.771,106.449,787,787,0.863,54.767,Low,2,0.113
30111,Yellowstone,Montana,43099,551.0,1085.0,54.419,89.695,792,792,1.278,54.418,Medium,2,0.1172
8077,Mesa,Colorado,43093,565.0,822.0,54.928,89.566,791,791,1.311,54.479,Medium,2,0.1194
51710,Norfolk city,Virginia,43091,476.0,1745.0,54.903,120.339,785,785,1.105,54.893,Low,2,0.1196
18081,Johnson,Indiana,42798,615.0,1087.0,54.016,101.723,794,794,1.437,53.902,Medium,2,0.1486
26121,Muskegon,Michigan,42498,650.0,1479.0,54.726,122.682,782,782,1.529,54.345,Medium,2,0.1548
12053,Hernando,Florida,42396,1095.0,2611.0,54.109,222.704,786,786,2.583,53.939,High,3,0.6497
39089,Licking,Ohio,42276,475.0,881.0,53.926,84.117,784,784,1.124,53.923,Low,2,0.1149
16055,Kootenai,Idaho,42145,594.0,352.0,53.73,69.899,785,785,1.409,53.688,Medium,2,0.1847
39155,Trumbull,Ohio,42078,941.0,1037.0,53.064,83.941,793,793,2.236,53.062,High,3,0.2892
23031,York,Maine,41973,291.0,1627.0,53.272,105.096,788,788,0.693,53.265,Low,2,0.1287
47189,Wilson,Tennessee,41970,484.0,2402.0,53.406,166.337,786,786,1.153,53.397,Low,2,0.1898
45041,Florence,South Carolina,41861,631.0,1951.0,53.357,136.627,785,785,1.507,53.326,Medium,2,0.177
45003,Aiken,South Carolina,41767,437.0,1648.0,53.273,126.072,785,785,1.046,53.206,Low,2,0.0943
26147,St. Clair,Michigan,41609,835.0,691.0,52.478,82.027,793,793,2.007,52.47,High,3,0.2373
37159,Rowan,North Carolina,41591,581.0,1710.0,52.994,112.872,785,785,1.397,52.982,Medium,2,0.1337
53035,Kitsap,Washington,41506,344.0,2278.0,52.498,166.743,797,797,0.829,52.078,Low,2,0.1604
19163,Scott,Iowa,41418,395.0,1943.0,52.908,165.579,783,783,0.954,52.897,Low,2,0.1218
27139,Scott,Minnesota,41236,261.0,788.0,52.499,86.99,786,786,0.633,52.463,Low,2,0.1746
48451,Tom Green,Texas,41068,553.0,1851.0,52.656,131.608,780,780,1.347,52.651,Medium,2,0.1134
18063,Hendricks,Indiana,41062,555.0,1192.0,51.626,102.021,797,797,1.352,51.521,Medium,2,0.104
6113,Yolo,California,41061,316.0,1626.0,51.513,120.682,799,799,0.77,51.39,Low,2,0.0838
35045,San Juan,New Mexico,40943,755.0,1387.0,52.309,107.515,783,783,1.844,52.29,High,2,0.2365
48329,Midland,Texas,40910,496.0,1699.0,52.216,140.689,784,784,1.212,52.181,Low,2,0.0869
39103,Medina,Ohio,40840,507.0,784.0,51.699,78.125,790,790,1.241,51.696,Medium,2,0.1152
42007,Beaver,Pennsylvania,40744,745.0,451.0,51.849,69.521,788,788,1.828,51.706,High,2,0.2189
42055,Franklin,Pennsylvania,40694,695.0,766.0,51.846,79.578,785,785,1.708,51.839,High,2,0.1494
37155,Robeson,North Carolina,40690,538.0,1681.0,52.036,112.57,783,783,1.322,51.967,Medium,2,0.1088
34011,Cumberland,New Jersey,40389,605.0,1446.0,51.633,94.171,785,785,1.498,51.451,Medium,2,0.1307
55073,Marathon,Wisconsin,40330,491.0,957.0,51.387,91.488,785,785,1.217,51.376,Low,2,0.1168
6007,Butte,California,40181,424.0,1986.0,51.3,122.368,784,784,1.055,51.251,Low,2,0.1107
21015,Boone,Kentucky,40084,297.0,1934.0,51.751,119.162,779,779,0.741,51.456,Low,2,0.1131
40017,Canadian,Oklahoma,39889,390.0,3901.0,50.558,215.613,789,789,0.978,50.556,Low,2,0.3388
13153,Houston,Georgia,39773,500.0,1555.0,50.569,108.56,787,787,1.257,50.537,Medium,2,0.0909
24025,Harford,Maryland,39423,582.0,3318.0,49.465,141.297,797,797,1.476,49.464,Medium,2,0.2879
53073,Whatcom,Washington,39343,301.0,1587.0,49.659,137.6,795,795,0.765,49.488,Low,2,0.0754
47009,Blount,Tennessee,39310,440.0,3037.0,50.104,197.088,785,785,1.119,50.076,Low,2,0.2228
26115,Monroe,Michigan,39169,475.0,1699.0,49.54,120.967,791,791,1.213,49.518,Low,2,0.0803
39045,Fairfield,Ohio,39082,430.0,858.0,50.045,74.334,781,781,1.1,50.041,Low,2,0.1133
55131,Washington,Wisconsin,38986,344.0,1746.0,49.549,99.453,787,787,0.882,49.537,Low,2,0.1059
47179,Washington,Tennessee,38862,496.0,2225.0,49.74,173.002,786,786,1.276,49.443,Medium,2,0.1378
6041,Marin,California,38685,293.0,1608.0,49.641,127.475,808,808,0.757,47.877,Low,2,0.0784
18127,Porter,Indiana,38632,564.0,1095.0,49.524,86.134,781,781,1.46,49.465,Medium,2,0.1274
13223,Paulding,Georgia,38412,433.0,1154.0,48.692,91.57,789,789,1.127,48.684,Low,2,0.1287
4017,Navajo,Arizona,38394,909.0,582.0,49.225,66.338,788,788,2.368,48.723,High,3,0.3888
48187,Guadalupe,Texas,38361,398.0,1587.0,49.568,111.332,780,780,1.038,49.181,Low,2,0.1251
13215,Muscogee,Georgia,38349,823.0,1933.0,48.852,109.163,785,785,2.146,48.852,High,3,0.1956
48381,Randall,Texas,38234,516.0,963.0,49.314,93.275,778,778,1.35,49.144,Medium,2,0.0658
39057,Greene,Ohio,38049,513.0,907.0,48.6,73.955,783,783,1.348,48.594,Medium,2,0.068
1081,Lee,Alabama,37888,341.0,1616.0,48.009,109.1,790,790,0.9,47.959,Low,2,0.1165
42089,Monroe,Pennsylvania,37881,524.0,705.0,47.687,76.653,796,796,1.383,47.589,Medium,2,0.0837
5031,Craighead,Arkansas,37767,329.0,665.0,48.052,74.038,786,786,0.871,48.05,Low,2,0.0931
22015,Bossier,Louisiana,37689,494.0,2079.0,47.693,135.404,791,791,1.311,47.647,Medium,2,0.1177
17179,Tazewell,Illinois,37644,500.0,1048.0,48.412,90.014,779,779,1.328,48.323,Medium,2,0.0693
25001,Barnstable,Massachusetts,37644,683.0,1018.0,47.889,88.254,791,791,1.814,47.59,High,2,0.19
13021,Bibb,Georgia,37615,788.0,1535.0,47.966,98.673,786,786,2.095,47.856,High,3,0.1779
48135,Ector,Texas,37544,703.0,508.0,48.402,82.453,776,776,1.872,48.381,High,3,0.2357
49005,Cache,Utah,37265,109.0,2269.0,47.428,126.207,787,787,0.292,47.351,Low,2,0.3101
22063,Livingston,Louisiana,37238,466.0,1756.0,47.438,123.671,786,786,1.251,47.377,Medium,2,0.0833
51700,Newport News city,Virginia,37189,404.0,2191.0,47.383,117.571,785,785,1.086,47.375,Low,2,0.1544
27171,Wright,Minnesota,37182,305.0,602.0,46.992,72.539,792,792,0.82,46.947,Low,2,0.0963
28059,Jackson,Mississippi,37055,463.0,1100.0,47.027,94.777,788,788,1.249,47.024,Medium,2,0.1005
42075,Lebanon,Pennsylvania,37011,518.0,610.0,47.088,65.256,786,786,1.4,47.088,Medium,2,0.1047
6089,Shasta,California,36988,648.0,1848.0,47.236,110.701,796,796,1.752,46.467,High,2,0.1747
28121,Rankin,Mississippi,36738,489.0,1225.0,46.801,104.663,785,785,1.331,46.8,Medium,2,0.0848
12015,Charlotte,Florida,36528,812.0,2068.0,46.039,176.205,798,798,2.223,45.774,High,3,0.2571
13073,Columbia,Georgia,36344,390.0,1037.0,46.183,82.752,787,787,1.073,46.18,Low,2,0.1224
54003,Berkeley,West Virginia,36247,295.0,1606.0,46.414,90.271,781,781,0.814,46.411,Low,2,0.0933
1103,Morgan,Alabama,36167,518.0,1729.0,46.335,110.319,781,781,1.432,46.309,Medium,2,0.1505
42027,Centre,Pennsylvania,36016,351.0,490.0,46.015,61.348,785,785,0.975,45.88,Low,2,0.1563
55063,La Crosse,Wisconsin,35988,186.0,932.0,45.914,91.836,787,787,0.517,45.728,Low,2,0.141
37151,Randolph,North Carolina,35874,444.0,1524.0,45.939,95.273,781,781,1.238,45.933,Medium,2,0.0988
48375,Potter,Texas,35779,739.0,1057.0,45.768,89.946,784,784,2.065,45.636,High,3,0.1622
48257,Kaufman,Texas,35680,536.0,911.0,45.771,88.309,780,780,1.502,45.744,Medium,2,0.1259
19103,Johnson,Iowa,35541,153.0,2548.0,44.611,174.902,797,797,0.43,44.593,Low,2,0.2796
34037,Sussex,New Jersey,35481,476.0,657.0,45.256,73.576,786,786,1.342,45.141,Medium,2,0.0979
24043,Washington,Maryland,35434,586.0,2834.0,45.227,126.673,784,784,1.654,45.196,Medium,2,0.3058
26021,Berrien,Michigan,35344,561.0,1240.0,45.11,98.768,784,784,1.587,45.082,Medium,2,0.1224
36093,Schenectady,New York,35317,305.0,521.0,44.592,67.427,792,792,0.864,44.592,Low,2,0.0741
5045,Faulkner,Arkansas,35251,316.0,795.0,44.799,81.496,787,787,0.896,44.792,Low,2,0.0954
39023,Clark,Ohio,35217,586.0,951.0,44.764,69.649,787,787,1.664,44.748,Medium,2,0.1692
48441,Taylor,Texas,35192,725.0,1711.0,45.384,111.181,778,778,2.06,45.234,High,3,0.179
13097,Douglas,Georgia,35159,400.0,1826.0,44.79,104.602,785,785,1.138,44.789,Low,2,0.153
38015,Burleigh,North Dakota,35087,303.0,493.0,44.582,65.102,788,788,0.864,44.527,Low,2,0.0776
22005,Ascension,Louisiana,35030,293.0,1607.0,44.421,117.294,789,789,0.836,44.398,Low,2,0.1116
39133,Portage,Ohio,35026,450.0,752.0,44.747,69.767,783,783,1.285,44.733,Medium,2,0.11
26025,Calhoun,Michigan,35011,575.0,1683.0,44.668,101.523,784,784,1.642,44.657,Medium,2,0.145
2170,Matanuska-Susitna Borough,Alaska,34981,236.0,930.0,44.733,99.818,782,782,0.675,44.733,Low,2,0.1237
30031,Gallatin,Montana,34972,123.0,1407.0,44.253,92.599,792,792,0.352,44.157,Low,2,0.23
42021,Cambria,Pennsylvania,34936,732.0,643.0,44.711,65.465,782,782,2.095,44.675,High,3,0.1732
22105,Tangipahoa,Louisiana,34885,599.0,1743.0,44.512,109.825,785,785,1.717,44.439,High,2,0.1449
42107,Schuylkill,Pennsylvania,34853,675.0,424.0,44.519,59.554,783,783,1.937,44.512,High,3,0.1975
48367,Parker,Texas,34819,450.0,1150.0,44.722,87.198,781,781,1.292,44.583,Medium,2,0.0709
48091,Comal,Texas,34812,551.0,1469.0,44.574,82.047,781,781,1.583,44.574,Medium,2,0.1364
50007,Chittenden,Vermont,34629,175.0,3902.0,43.641,158.336,794,794,0.505,43.613,Low,2,0.4622
44009,Washington,Rhode Island,34243,224.0,2927.0,43.901,209.634,780,780,0.654,43.901,Low,2,0.3324
48485,Wichita,Texas,34143,679.0,2364.0,43.384,172.355,787,787,1.989,43.384,High,3,0.1946
13313,Whitfield,Georgia,34132,439.0,1231.0,43.368,84.536,788,788,1.286,43.315,Medium,2,0.0745
35043,Sandoval,New Mexico,34112,436.0,1842.0,43.131,101.35,791,791,1.278,43.125,Medium,2,0.1159
36111,Ulster,New York,33856,365.0,471.0,42.479,56.394,797,797,1.078,42.479,Low,2,0.1273
36083,Rensselaer,New York,33850,259.0,561.0,42.972,65.337,788,788,0.765,42.957,Low,2,0.1433
17161,Rock Island,Illinois,33837,523.0,963.0,43.234,79.234,783,783,1.546,43.215,Medium,2,0.117
37085,Harnett,North Carolina,33797,341.0,1580.0,42.74,97.115,791,791,1.009,42.727,Low,2,0.1276
9005,Litchfield,Connecticut,33423,462.0,1001.0,42.182,85.048,793,793,1.382,42.148,Medium,2,0.1141
33013,Merrimack,New Hampshire,33415,230.0,1408.0,42.526,98.852,787,787,0.688,42.459,Low,2,0.1181
13077,Coweta,Georgia,33335,491.0,1275.0,42.15,90.489,791,791,1.473,42.143,Medium,2,0.1392
47011,Bradley,Tennessee,33188,415.0,2398.0,42.317,143.341,785,785,1.25,42.278,Medium,2,0.1536
40031,Comanche,Oklahoma,33173,397.0,2679.0,42.591,164.81,779,779,1.197,42.584,Low,2,0.1745
12061,Indian River,Florida,33156,654.0,2254.0,42.317,165.887,786,786,1.972,42.183,High,3,0.1925
19013,Black Hawk,Iowa,33140,480.0,2040.0,42.057,134.861,788,788,1.448,42.056,Medium,2,0.1665
55117,Sheboygan,Wisconsin,33090,320.0,1276.0,41.794,86.182,792,792,0.967,41.78,Low,2,0.136
46103,Pennington,South Dakota,32903,342.0,1191.0,42.079,80.988,782,782,1.039,42.075,Low,2,0.1119
18095,Madison,Indiana,32870,653.0,1029.0,41.823,78.349,787,787,1.987,41.766,High,3,0.169
5131,Sebastian,Arkansas,32837,526.0,525.0,41.777,61.985,786,786,1.602,41.777,Medium,2,0.1318
22079,Rapides,Louisiana,32791,577.0,1663.0,41.827,105.522,785,785,1.76,41.772,High,2,0.1737
21093,Hardin,Kentucky,32778,434.0,1181.0,41.886,90.093,783,783,1.324,41.862,Medium,2,0.073
53021,Franklin,Washington,32668,214.0,1298.0,41.9,109.571,788,788,0.655,41.457,Low,2,0.1044
51510,Alexandria city,Virginia,32647,188.0,1939.0,41.562,111.582,793,793,0.576,41.169,Low,2,0.2037
17093,Kendall,Illinois,32538,171.0,1013.0,41.344,95.622,787,787,0.526,41.344,Low,2,0.1025
55039,Fond du Lac,Wisconsin,32524,278.0,1006.0,40.979,78.142,794,794,0.855,40.962,Low,2,0.1435
1015,Calhoun,Alabama,32453,627.0,1213.0,41.315,79.509,787,787,1.932,41.236,High,3,0.1923
39173,Wood,Ohio,32072,355.0,637.0,40.969,62.564,783,783,1.107,40.96,Low,2,0.1067
15009,Maui,Hawaii,32000,140.0,1067.0,40.527,110.449,790,790,0.438,40.506,Low,2,0.1425
39139,Richland,Ohio,31806,508.0,545.0,40.473,59.574,786,786,1.597,40.466,Medium,2,0.1268
4003,Cochise,Arizona,31614,573.0,659.0,40.402,70.921,784,784,1.812,40.324,High,2,0.1744
18019,Clark,Indiana,31580,396.0,968.0,40.17,71.454,787,787,1.254,40.127,Medium,2,0.0746
37191,Wayne,North Carolina,31560,405.0,1010.0,39.856,77.588,792,792,1.283,39.848,Medium,2,0.0629
42051,Fayette,Pennsylvania,31332,674.0,346.0,40.029,57.671,783,783,2.151,40.015,High,3,0.2118
55035,Eau Claire,Wisconsin,31318,187.0,782.0,39.851,73.619,786,786,0.597,39.845,Low,2,0.1207
51179,Stafford,Virginia,31265,177.0,1123.0,39.672,84.082,789,789,0.566,39.626,Low,2,0.1138
21059,Daviess,Kentucky,31176,391.0,1110.0,39.69,86.45,786,786,1.254,39.664,Medium,2,0.0718
13185,Lowndes,Georgia,31175,392.0,1590.0,39.31,91.988,794,794,1.257,39.263,Medium,2,0.1266
17115,Macon,Illinois,31113,354.0,1278.0,40.071,91.616,777,777,1.138,40.042,Low,2,0.0907
5125,Saline,Arkansas,31019,339.0,507.0,39.273,66.946,790,790,1.093,39.265,Low,2,0.1031
22109,Terrebonne,Louisiana,31012,419.0,1554.0,39.289,99.575,792,792,1.351,39.157,Medium,2,0.1022
33017,Strafford,New Hampshire,30978,210.0,1174.0,39.518,80.243,784,784,0.678,39.513,Low,2,0.0909
16019,Bonneville,Idaho,30942,286.0,623.0,40.066,68.032,777,777,0.924,39.822,Low,2,0.1045
12085,Martin,Florida,30920,616.0,2497.0,40.686,162.204,786,786,1.992,39.338,High,3,0.2378
25015,Hampshire,Massachusetts,30837,413.0,1079.0,39.441,86.095,786,786,1.339,39.233,Medium,2,0.0831
37019,Brunswick,North Carolina,30542,332.0,1275.0,38.617,90.634,791,791,1.087,38.612,Low,2,0.0833
6017,El Dorado,California,30508,212.0,869.0,38.927,85.471,784,784,0.695,38.913,Low,2,0.0983
47155,Sevier,Tennessee,30457,415.0,1787.0,38.632,117.658,789,789,1.363,38.602,Medium,2,0.1242
47113,Madison,Tennessee,30250,427.0,2364.0,38.795,143.933,781,781,1.412,38.732,Medium,2,0.1953
9007,Middlesex,Connecticut,30049,481.0,897.0,38.197,79.755,787,787,1.601,38.182,Medium,2,0.1239
12017,Citrus,Florida,29988,976.0,1602.0,38.07,145.095,790,790,3.255,37.959,High,3,0.7405
42013,Blair,Pennsylvania,29924,616.0,491.0,38.42,51.214,779,779,2.059,38.413,High,3,0.186
13059,Clarke,Georgia,29898,232.0,1363.0,37.858,81.854,790,790,0.776,37.846,Low,2,0.1589
37045,Cleveland,North Carolina,29743,387.0,1063.0,38.149,81.215,780,780,1.301,38.132,Medium,2,0.069
17099,LaSalle,Illinois,29734,442.0,974.0,37.789,79.899,787,787,1.487,37.781,Medium,2,0.1133
23019,Penobscot,Maine,29710,331.0,1367.0,37.818,81.177,787,787,1.114,37.751,Low,2,0.0727
13015,Bartow,Georgia,29577,447.0,861.0,37.268,62.447,794,794,1.511,37.251,Medium,2,0.1144
35049,Santa Fe,New Mexico,29503,287.0,1802.0,37.164,96.681,794,794,0.973,37.157,Low,2,0.1712
17091,Kankakee,Illinois,29350,373.0,629.0,37.295,64.999,787,787,1.271,37.294,Medium,2,0.1035
30029,Flathead,Montana,29318,281.0,735.0,37.316,59.115,786,786,0.958,37.3,Low,2,0.0707
47119,Maury,Tennessee,29162,345.0,1840.0,37.205,120.47,785,785,1.183,37.149,Low,2,0.1085
18167,Vigo,Indiana,29049,414.0,782.0,37.039,69.467,785,785,1.425,37.005,Medium,2,0.1171
24017,Charles,Maryland,28950,353.0,2820.0,36.553,123.542,792,792,1.219,36.553,Low,2,0.2175
42081,Lycoming,Pennsylvania,28894,522.0,445.0,37.106,50.642,780,780,1.807,37.044,High,2,0.1572
18105,Monroe,Indiana,28850,281.0,781.0,36.86,71.225,783,783,0.974,36.845,Low,2,0.062
19193,Woodbury,Iowa,28838,339.0,1890.0,36.862,119.133,783,783,1.176,36.83,Low,2,0.1162
36075,Oswego,New York,28826,194.0,373.0,36.862,48.146,782,782,0.673,36.862,Low,2,0.1317
1055,Etowah,Alabama,28780,651.0,1261.0,37.004,76.62,780,780,2.262,36.897,High,3,0.2111
51650,Hampton city,Virginia,28527,330.0,1577.0,36.63,90.163,779,779,1.157,36.62,Low,2,0.088
15001,Hawaii,Hawaii,28425,190.0,834.0,36.08,86.267,788,788,0.668,36.072,Low,2,0.0902
17183,Vermilion,Illinois,28275,313.0,1062.0,36.609,78.111,773,773,1.107,36.578,Low,2,0.0694
37135,Orange,North Carolina,28209,134.0,1394.0,35.981,96.046,785,785,0.475,35.935,Low,2,0.1189
45085,Sumter,South Carolina,28100,394.0,1400.0,35.831,92.873,785,785,1.402,35.796,Medium,2,0.0915
22057,Lafourche,Louisiana,27889,372.0,1450.0,35.3,90.299,791,791,1.334,35.258,Medium,2,0.1116
54011,Cabell,West Virginia,27842,379.0,447.0,36.095,57.808,776,776,1.361,35.879,Medium,2,0.0972
21151,Madison,Kentucky,27833,280.0,655.0,35.537,64.957,784,784,1.006,35.501,Low,2,0.0728
6055,Napa,California,27765,144.0,1873.0,34.421,103.017,808,808,0.519,34.363,Low,2,0.1642
2090,Fairbanks North Star Borough,Alaska,27763,142.0,1054.0,35.199,94.516,789,789,0.511,35.188,Low,2,0.1119
30063,Missoula,Montana,27678,209.0,605.0,35.0,66.854,791,791,0.755,34.991,Low,2,0.1199
51177,Spotsylvania,Virginia,27655,301.0,874.0,35.057,65.967,791,791,1.088,34.962,Low,2,0.0584
39003,Allen,Ohio,27636,478.0,693.0,35.58,53.646,777,777,1.73,35.568,High,2,0.1255
27141,Sherburne,Minnesota,27636,181.0,647.0,35.445,62.203,782,782,0.655,35.34,Low,2,0.0974
55027,Dodge,Wisconsin,27570,340.0,883.0,35.279,64.9,782,782,1.233,35.256,Medium,2,0.0823
26045,Eaton,Michigan,27518,403.0,1467.0,35.052,89.5,786,786,1.464,35.01,Medium,2,0.1015
26017,Bay,Michigan,27496,588.0,1474.0,34.754,87.683,792,792,2.138,34.717,High,3,0.2498
27019,Carver,Minnesota,27480,117.0,615.0,34.489,62.488,797,797,0.426,34.479,Low,2,0.1489
13115,Floyd,Georgia,27468,520.0,849.0,34.531,64.442,796,796,1.893,34.508,High,3,0.1167
26005,Allegan,Michigan,27448,349.0,1000.0,35.024,77.107,784,784,1.271,35.01,Medium,2,0.0709
1095,Marshall,Alabama,27438,394.0,1443.0,35.191,77.524,780,780,1.436,35.177,Medium,2,0.0925
20045,Douglas,Kansas,27394,139.0,1406.0,34.764,104.032,788,788,0.507,34.764,Low,2,0.116
29047,Clay,Missouri,27390,363.0,520.0,35.376,59.454,782,782,1.325,35.026,Medium,2,0.087
55127,Walworth,Wisconsin,27341,281.0,872.0,34.808,76.835,786,786,1.028,34.785,Low,2,0.076
41043,Linn,Oregon,27257,268.0,855.0,34.336,75.917,794,794,0.983,34.329,Low,2,0.0601
53025,Grant,Washington,27251,259.0,1418.0,34.41,107.46,792,792,0.95,34.408,Low,2,0.1364
48181,Grayson,Texas,27166,636.0,1488.0,34.784,92.757,781,781,2.341,34.784,High,3,0.2442
37127,Nash,North Carolina,26901,309.0,1361.0,34.442,93.259,783,783,1.149,34.356,Low,2,0.085
28081,Lee,Mississippi,26783,301.0,830.0,34.131,68.451,785,785,1.124,34.118,Low,2,0.053
48397,Rockwall,Texas,26778,266.0,1028.0,34.408,77.06,779,779,0.993,34.375,Low,2,0.075
9015,Windham,Connecticut,26643,305.0,1040.0,33.921,77.541,786,786,1.145,33.897,Low,2,0.058
26091,Lenawee,Michigan,26611,331.0,1208.0,34.168,82.123,780,780,1.244,34.117,Medium,2,0.0824
19061,Dubuque,Iowa,26325,295.0,1001.0,33.499,94.402,786,786,1.121,33.492,Low,2,0.0452
56021,Laramie,Wyoming,26292,290.0,849.0,33.396,62.075,788,788,1.103,33.365,Low,2,0.0496
25003,Berkshire,Massachusetts,26169,410.0,1027.0,32.875,74.879,798,798,1.567,32.793,Medium,2,0.1215
34019,Hunterdon,New Jersey,26017,275.0,552.0,32.994,58.321,789,789,1.057,32.975,Low,2,0.0944
35031,McKinley,New Mexico,26007,589.0,988.0,33.186,68.228,785,785,2.265,33.13,High,3,0.1807
39109,Miami,Ohio,25909,483.0,611.0,32.925,49.618,787,787,1.864,32.921,High,3,0.1157
18091,LaPorte,Indiana,25905,368.0,638.0,32.777,57.286,791,791,1.421,32.75,Medium,2,0.0869
29071,Franklin,Missouri,25852,373.0,3011.0,33.329,126.9,781,781,1.443,33.101,Medium,2,0.294
1069,Houston,Alabama,25800,506.0,935.0,33.022,67.283,782,782,1.961,32.992,High,3,0.1165
55109,St. Croix,Wisconsin,25656,149.0,576.0,32.685,55.253,785,785,0.581,32.683,Low,2,0.1188
18067,Howard,Indiana,25568,449.0,855.0,32.243,62.503,794,794,1.756,32.202,High,2,0.0914
39119,Muskingum,Ohio,25481,294.0,510.0,32.719,53.734,779,779,1.154,32.71,Low,2,0.1097
40131,Rogers,Oklahoma,25476,389.0,1929.0,32.841,129.775,776,776,1.527,32.83,Medium,2,0.1593
37023,Burke,North Carolina,25399,327.0,796.0,32.66,63.169,780,780,1.287,32.563,Medium,2,0.0704
1115,St. Clair,Alabama,25395,416.0,1078.0,32.305,66.745,788,788,1.638,32.227,Medium,2,0.1022
37089,Henderson,North Carolina,25284,316.0,750.0,32.333,60.024,783,783,1.25,32.291,Medium,2,0.0713
45057,Lancaster,South Carolina,25276,281.0,982.0,31.883,68.766,794,794,1.112,31.834,Low,2,0.0551
29037,Cass,Missouri,25249,315.0,1396.0,32.406,69.246,789,789,1.248,32.001,Medium,2,0.097
30013,Cascade,Montana,25246,341.0,675.0,32.434,65.101,784,784,1.351,32.202,Medium,2,0.0817
47141,Putnam,Tennessee,25178,304.0,1431.0,32.585,105.253,784,784,1.207,32.115,Low,2,0.0929
42001,Adams,Pennsylvania,25114,364.0,542.0,31.92,48.294,787,787,1.449,31.911,Medium,2,0.0959
18035,Delaware,Indiana,25113,444.0,576.0,32.073,52.61,784,784,1.768,32.032,High,2,0.1127
21037,Campbell,Kentucky,25104,178.0,1105.0,32.4,74.785,778,778,0.709,32.267,Low,2,0.1171
54061,Monongalia,West Virginia,25092,198.0,556.0,31.959,52.23,786,786,0.789,31.924,Low,2,0.0999
1083,Limestone,Alabama,25065,293.0,1090.0,31.659,67.756,792,792,1.169,31.648,Low,2,0.0728
36079,Putnam,New York,24875,125.0,630.0,31.487,59.278,790,790,0.503,31.487,Low,2,0.1157
29021,Buchanan,Missouri,24863,318.0,961.0,31.96,82.283,778,778,1.279,31.958,Medium,2,0.0672
34041,Warren,New Jersey,24838,342.0,453.0,31.569,51.837,788,788,1.377,31.52,Medium,2,0.088
23011,Kennebec,Maine,24799,240.0,997.0,31.489,60.592,788,788,0.968,31.471,Low,2,0.0909
13217,Newton,Georgia,24799,457.0,1036.0,31.429,62.789,790,790,1.843,31.391,High,3,0.1166
37049,Craven,North Carolina,24698,207.0,773.0,31.247,65.543,791,791,0.838,31.224,Low,2,0.0844
39029,Columbiana,Ohio,24651,486.0,513.0,31.406,43.586,785,785,1.972,31.403,High,3,0.1255
1043,Cullman,Alabama,24649,367.0,1198.0,31.419,69.582,785,785,1.489,31.4,Medium,2,0.0926
37125,Moore,North Carolina,24595,324.0,1064.0,31.273,79.107,787,787,1.317,31.252,Medium,2,0.0774
36013,Chautauqua,New York,24556,302.0,310.0,31.482,42.102,780,780,1.23,31.482,Medium,2,0.0805
37109,Lincoln,North Carolina,24543,174.0,916.0,31.225,60.929,787,787,0.709,31.186,Low,2,0.1057
17037,DeKalb,Illinois,24537,201.0,848.0,31.297,64.291,784,784,0.819,31.297,Low,2,0.0797
19155,Pottawattamie,Iowa,24382,319.0,1682.0,30.642,106.146,796,796,1.308,30.631,Medium,2,0.1149
45073,Oconee,South Carolina,24348,343.0,1215.0,31.168,78.044,782,782,1.409,31.136,Medium,2,0.0915
12055,Highlands,Florida,24304,686.0,1520.0,31.175,125.766,784,784,2.823,31.0,High,3,0.3836
1077,Lauderdale,Alabama,24193,397.0,1181.0,30.846,74.95,785,785,1.641,30.819,Medium,2,0.0974
28089,Madison,Mississippi,24189,329.0,902.0,30.737,69.797,787,787,1.36,30.736,Medium,2,0.0696
16083,Twin Falls,Idaho,24129,296.0,374.0,30.677,44.54,787,787,1.227,30.659,Medium,2,0.0662
13045,Carroll,Georgia,23863,460.0,867.0,30.476,60.269,785,785,1.928,30.399,High,3,0.0998
42085,Mercer,Pennsylvania,23612,498.0,315.0,30.244,40.904,783,783,2.109,30.156,High,3,0.1448
45075,Orangeburg,South Carolina,23425,420.0,1130.0,29.902,77.348,785,785,1.793,29.841,High,2,0.12
1051,Elmore,Alabama,23420,347.0,1216.0,29.764,61.481,792,792,1.482,29.571,Medium,2,0.0884
39169,Wayne,Ohio,23392,439.0,429.0,29.994,42.083,780,780,1.877,29.99,High,3,0.1351
5051,Garland,Arkansas,23359,510.0,511.0,29.575,47.765,790,790,2.183,29.568,High,3,0.1332
13127,Glynn,Georgia,23341,406.0,1019.0,29.927,71.783,786,786,1.739,29.696,High,2,0.0933
19049,Dallas,Iowa,23337,144.0,1267.0,29.515,92.045,791,791,0.617,29.503,Low,2,0.1706
53015,Cowlitz,Washington,23312,348.0,893.0,29.75,63.04,785,785,1.493,29.697,Medium,2,0.0856
23001,Androscoggin,Maine,23257,285.0,612.0,29.348,50.68,793,793,1.225,29.328,Medium,2,0.0564
48183,Gregg,Texas,23237,687.0,847.0,31.477,77.185,794,794,2.956,29.266,High,3,0.3796
55089,Ozaukee,Wisconsin,23174,186.0,929.0,29.49,58.786,786,786,0.803,29.483,Low,2,0.0852
42097,Northumberland,Pennsylvania,23172,534.0,320.0,29.807,40.332,778,778,2.305,29.784,High,3,0.1902
54081,Raleigh,West Virginia,23094,349.0,458.0,29.615,48.372,780,780,1.511,29.608,Medium,2,0.1024
6101,Sutter,California,23045,234.0,703.0,29.545,65.411,780,780,1.015,29.545,Low,2,0.0638
13113,Fayette,Georgia,22818,321.0,1023.0,28.678,64.477,796,796,1.407,28.666,Medium,2,0.0698
17199,Williamson,Illinois,22816,263.0,933.0,29.0,65.685,787,787,1.153,28.991,Low,2,0.0756
34009,Cape May,New Jersey,22796,304.0,2235.0,29.187,88.721,786,786,1.334,29.003,Medium,2,0.1833
53057,Skagit,Washington,22747,204.0,799.0,28.941,69.745,795,795,0.897,28.613,Low,2,0.0925
12035,Flagler,Florida,22651,359.0,1469.0,29.049,121.354,783,783,1.585,28.928,Medium,2,0.1371
45047,Greenwood,South Carolina,22607,305.0,1271.0,28.881,81.532,784,784,1.349,28.835,Medium,2,0.0695
36015,Chemung,New York,22603,233.0,381.0,28.941,40.5,781,781,1.031,28.941,Low,2,0.0909
41059,Umatilla,Oregon,22545,225.0,702.0,28.461,53.223,794,794,0.998,28.394,Low,2,0.0664
4001,Apache,Arizona,22540,614.0,337.0,28.865,40.811,784,784,2.724,28.75,High,3,0.3158
17001,Adams,Illinois,22525,238.0,606.0,29.377,55.656,785,785,1.057,28.694,Low,2,0.0668
38035,Grand Forks,North Dakota,22468,125.0,422.0,29.027,53.307,775,775,0.556,28.991,Low,2,0.0986
36089,St. Lawrence,New York,22454,191.0,214.0,28.677,35.669,783,783,0.851,28.677,Low,2,0.0958
37027,Caldwell,North Carolina,22411,308.0,890.0,28.929,60.385,780,780,1.374,28.732,Medium,2,0.0626
1121,Talladega,Alabama,22396,377.0,1054.0,28.515,62.885,787,787,1.683,28.457,Medium,2,0.0901
51085,Hanover,Virginia,22386,286.0,737.0,28.266,54.339,793,793,1.278,28.23,Medium,2,0.072
56025,Natrona,Wyoming,22380,273.0,671.0,28.545,55.804,785,785,1.22,28.51,Low,2,0.0536
54107,Wood,West Virginia,22312,346.0,331.0,28.583,42.652,781,781,1.551,28.569,Medium,2,0.097
12119,Sumter,Florida,22305,576.0,1248.0,28.487,97.866,787,787,2.582,28.342,High,3,0.2927
22097,St. Landry,Louisiana,22279,416.0,1020.0,28.545,68.53,786,786,1.867,28.345,High,3,0.1088
47001,Anderson,Tennessee,22228,334.0,1527.0,28.406,107.443,785,785,1.503,28.316,Medium,2,0.1072
37157,Rockingham,North Carolina,22198,294.0,1245.0,28.704,69.547,774,774,1.324,28.68,Medium,2,0.0769
5145,White,Arkansas,22164,292.0,459.0,28.389,48.567,781,781,1.317,28.379,Medium,2,0.0786
24013,Carroll,Maryland,22141,409.0,1660.0,28.021,72.689,791,791,1.847,27.991,High,3,0.1741
47059,Greene,Tennessee,22140,374.0,1530.0,28.222,100.774,785,785,1.689,28.204,Medium,2,0.1338
28035,Forrest,Mississippi,22076,315.0,686.0,27.875,61.016,794,794,1.427,27.804,Medium,2,0.0668
55055,Jefferson,Wisconsin,22026,243.0,712.0,28.064,51.757,785,785,1.103,28.059,Low,2,0.0804
13297,Walton,Georgia,22019,434.0,780.0,28.408,54.037,777,777,1.971,28.338,High,3,0.0981
26037,Clinton,Michigan,22007,209.0,723.0,28.095,67.371,786,786,0.95,27.999,Low,2,0.0825
13013,Barrow,Georgia,21998,256.0,1076.0,28.169,60.295,783,783,1.164,28.095,Low,2,0.0682
48021,Bastrop,Texas,21971,239.0,2459.0,28.214,103.197,784,784,1.088,28.024,Low,2,0.261
12089,Nassau,Florida,21949,294.0,1336.0,28.174,108.553,795,795,1.339,27.609,Medium,2,0.0782
40145,Wagoner,Oklahoma,21915,277.0,1691.0,28.064,123.32,781,781,1.264,28.06,Medium,2,0.1221
9013,Tolland,Connecticut,21898,275.0,489.0,27.894,52.275,786,786,1.256,27.86,Medium,2,0.05
37195,Wilson,North Carolina,21886,316.0,882.0,27.727,60.331,790,790,1.444,27.704,Medium,2,0.0737
21029,Bullitt,Kentucky,21805,223.0,743.0,28.613,59.839,778,778,1.023,28.027,Low,2,0.0666
35005,Chaves,New Mexico,21774,328.0,844.0,27.867,61.559,782,782,1.506,27.844,Medium,2,0.0933
51770,Roanoke city,Virginia,21671,376.0,781.0,28.441,56.313,778,778,1.735,27.855,High,2,0.0918
51161,Roanoke,Virginia,21633,282.0,699.0,28.65,57.982,780,780,1.304,27.735,Medium,2,0.0648
47147,Robertson,Tennessee,21626,305.0,1252.0,27.494,89.868,787,787,1.41,27.479,Medium,2,0.0899
45055,Kershaw,South Carolina,21623,261.0,1105.0,27.106,74.52,799,799,1.207,27.063,Low,2,0.0928
36069,Ontario,New York,21586,180.0,259.0,27.359,36.815,789,789,0.834,27.359,Low,2,0.0836
18005,Bartholomew,Indiana,21574,250.0,547.0,27.384,54.734,789,789,1.159,27.343,Low,2,0.0561
49045,Tooele,Utah,21561,102.0,837.0,27.335,58.283,789,789,0.473,27.327,Low,2,0.1138
55141,Wood,Wisconsin,21477,233.0,509.0,27.223,52.402,789,789,1.085,27.221,Low,2,0.082
36045,Jefferson,New York,21422,138.0,273.0,27.22,39.68,787,787,0.644,27.22,Low,2,0.1055
13157,Jackson,Georgia,21247,292.0,827.0,27.315,54.033,780,780,1.374,27.24,Medium,2,0.0588
44005,Newport,Rhode Island,21237,94.0,1899.0,27.231,131.66,780,780,0.443,27.227,Low,2,0.2143
28067,Jones,Mississippi,21234,295.0,596.0,27.027,55.964,786,786,1.389,27.015,Medium,2,0.0717
37171,Surry,North Carolina,21231,350.0,831.0,27.299,53.595,778,778,1.649,27.289,Medium,2,0.078
36101,Steuben,New York,21216,253.0,295.0,27.061,34.017,784,784,1.192,27.061,Low,2,0.0387
12023,Columbia,Florida,21193,402.0,1216.0,27.135,112.489,783,783,1.897,27.066,High,3,0.1247
51740,Portsmouth city,Virginia,21144,338.0,781.0,26.955,54.247,785,785,1.599,26.935,Medium,2,0.0722
36109,Tompkins,New York,21144,85.0,556.0,26.731,50.397,791,791,0.402,26.731,Low,2,0.1336
26087,Lapeer,Michigan,21122,427.0,803.0,27.058,58.412,781,781,2.022,27.045,High,3,0.1256
29043,Christian,Missouri,20961,263.0,491.0,27.411,68.322,785,785,1.255,26.702,Medium,2,0.0465
6023,Humboldt,California,20952,146.0,668.0,25.759,65.504,814,814,0.697,25.74,Low,2,0.0908
16005,Bannock,Idaho,20914,247.0,456.0,26.851,47.645,781,781,1.181,26.778,Low,2,0.0435
51069,Frederick,Virginia,20904,249.0,678.0,26.886,49.601,780,780,1.191,26.8,Low,2,0.0568
18059,Hancock,Indiana,20888,258.0,632.0,26.788,54.845,784,784,1.235,26.643,Medium,2,0.05
38101,Ward,North Dakota,20887,252.0,312.0,26.338,45.801,794,794,1.206,26.306,Low,2,0.0364
29097,Jasper,Missouri,20879,317.0,1765.0,27.079,75.182,784,784,1.518,26.631,Medium,2,0.1317
48323,Maverick,Texas,20872,469.0,593.0,28.185,69.982,780,780,2.247,26.759,High,3,0.1229
55071,Manitowoc,Wisconsin,20803,189.0,434.0,27.019,44.042,770,770,0.909,27.017,Low,2,0.0886
39145,Scioto,Ohio,20777,257.0,456.0,27.065,44.69,768,768,1.237,27.053,Medium,2,0.0428
39157,Tuscarawas,Ohio,20753,505.0,260.0,26.24,37.741,791,791,2.433,26.236,High,3,0.2105
37069,Franklin,North Carolina,20719,79.0,1143.0,26.42,72.404,785,785,0.381,26.394,Low,2,0.1335
40125,Pottawatomie,Oklahoma,20703,284.0,1885.0,26.546,115.692,780,780,1.372,26.542,Medium,2,0.1513
39007,Ashtabula,Ohio,20537,431.0,323.0,26.175,38.319,785,785,2.099,26.162,High,3,0.1286
53007,Chelan,Washington,20463,162.0,870.0,25.708,64.176,801,801,0.792,25.547,Low,2,0.0887
18173,Warrick,Indiana,20420,239.0,596.0,26.157,52.636,781,781,1.17,26.146,Low,2,0.0505
51680,Lynchburg city,Virginia,20371,272.0,587.0,27.257,53.707,779,779,1.335,26.15,Medium,2,0.0674
21125,Laurel,Kentucky,20315,242.0,368.0,26.195,47.785,780,780,1.191,26.045,Low,2,0.0317
48037,Bowie,Texas,20222,433.0,825.0,25.797,57.278,789,789,2.141,25.63,High,3,0.1225
29051,Cole,Missouri,20202,286.0,745.0,25.801,48.797,788,788,1.416,25.637,Medium,2,0.0556
35025,Lea,New Mexico,20174,342.0,611.0,25.751,49.005,784,784,1.695,25.732,Medium,2,0.0967
27027,Clay,Minnesota,20161,124.0,464.0,25.704,45.978,785,785,0.615,25.683,Low,2,0.085
48427,Starr,Texas,20091,366.0,672.0,26.432,50.146,778,778,1.822,25.824,High,3,0.1415
42039,Crawford,Pennsylvania,20080,320.0,598.0,25.784,42.237,779,779,1.594,25.777,Medium,2,0.0586
39101,Marion,Ohio,20070,268.0,851.0,25.575,51.722,785,785,1.335,25.567,Medium,2,0.0555
54033,Harrison,West Virginia,20062,253.0,224.0,26.081,37.569,781,781,1.261,25.688,Medium,2,0.0816
41019,Douglas,Oregon,20020,396.0,438.0,25.128,52.062,797,797,1.978,25.119,High,3,0.0948
24045,Wicomico,Maryland,20013,328.0,1048.0,25.471,58.306,786,786,1.639,25.462,Medium,2,0.0829
40101,Muskogee,Oklahoma,19987,348.0,1637.0,25.531,99.011,783,783,1.741,25.526,High,2,0.1575
19169,Story,Iowa,19980,90.0,984.0,25.496,75.527,784,784,0.45,25.485,Low,2,0.1096
5085,Lonoke,Arkansas,19951,243.0,454.0,25.63,42.677,779,779,1.218,25.611,Low,2,0.0488
13095,Dougherty,Georgia,19863,498.0,674.0,25.262,57.036,790,790,2.507,25.143,High,3,0.1954
18085,Kosciusko,Indiana,19862,237.0,292.0,25.559,40.161,778,778,1.193,25.53,Low,2,0.039
26067,Ionia,Michigan,19843,181.0,776.0,25.58,66.151,779,779,0.912,25.472,Low,2,0.0808
47063,Hamblen,Tennessee,19740,353.0,1264.0,25.247,84.089,785,785,1.788,25.146,High,2,0.1304
39043,Erie,Ohio,19730,267.0,338.0,25.177,39.937,784,784,1.353,25.166,Medium,2,0.0885
20103,Leavenworth,Kansas,19619,183.0,1086.0,25.009,71.188,787,787,0.933,24.929,Low,2,0.0909
42033,Clearfield,Pennsylvania,19533,348.0,197.0,25.051,31.888,781,781,1.782,25.01,High,2,0.1522
37167,Stanly,North Carolina,19435,261.0,878.0,24.843,54.754,785,785,1.343,24.758,Medium,2,0.0493
26111,Midland,Michigan,19428,226.0,1029.0,24.726,60.626,786,786,1.163,24.718,Low,2,0.0802
39141,Ross,Ohio,19410,301.0,503.0,25.057,42.055,775,775,1.551,25.045,Medium,2,0.067
51121,Montgomery,Virginia,19403,154.0,357.0,25.112,38.897,777,777,0.794,24.972,Low,2,0.0935
24037,St. Mary's,Maryland,19329,217.0,1184.0,24.702,67.146,783,783,1.123,24.686,Low,2,0.0969
35061,Valencia,New Mexico,19238,276.0,688.0,24.733,53.536,778,778,1.435,24.728,Medium,2,0.0603
33009,Grafton,New Hampshire,19227,68.0,921.0,23.961,62.338,803,803,0.354,23.944,Low,2,0.1347
48471,Walker,Texas,19223,212.0,1023.0,27.983,66.206,780,780,1.103,24.645,Low,2,0.0946
36105,Sullivan,New York,19217,130.0,415.0,24.387,43.06,788,788,0.676,24.387,Low,2,0.0859
18177,Wayne,Indiana,19198,337.0,544.0,24.532,48.596,786,786,1.755,24.425,High,2,0.0885
18043,Floyd,Indiana,19191,302.0,557.0,24.355,45.493,789,789,1.574,24.323,Medium,2,0.0463
22045,Iberia,Louisiana,19149,264.0,870.0,24.483,57.548,786,786,1.379,24.363,Medium,2,0.0547
51800,Suffolk city,Virginia,19133,302.0,696.0,24.427,50.645,784,784,1.578,24.404,Medium,2,0.0515
29187,St. Francois,Missouri,19117,296.0,1065.0,24.701,56.458,782,782,1.548,24.446,Medium,2,0.0896
42073,Lawrence,Pennsylvania,19109,418.0,262.0,24.515,32.073,780,780,2.187,24.499,High,3,0.0922
20015,Butler,Kansas,19104,192.0,966.0,24.128,68.324,792,792,1.005,24.121,Low,2,0.097
55017,Chippewa,Wisconsin,19101,187.0,407.0,24.344,44.964,785,785,0.979,24.332,Low,2,0.0872
21195,Pike,Kentucky,19099,307.0,339.0,24.84,43.974,769,769,1.607,24.836,Medium,2,0.0706
51015,Augusta,Virginia,19073,216.0,677.0,25.598,57.38,773,773,1.132,24.674,Low,2,0.0805
45031,Darlington,South Carolina,18939,311.0,847.0,24.158,61.601,785,785,1.642,24.126,Medium,2,0.0688
29031,Cape Girardeau,Missouri,18923,246.0,577.0,24.59,51.722,781,781,1.3,24.229,Medium,2,0.0622
48469,Victoria,Texas,18919,413.0,689.0,24.224,49.895,781,781,2.183,24.224,High,3,0.1006
37163,Sampson,North Carolina,18913,183.0,937.0,24.036,55.854,788,788,0.968,24.001,Low,2,0.077
28075,Lauderdale,Mississippi,18898,367.0,546.0,24.381,47.44,779,779,1.942,24.259,High,3,0.1114
42111,Somerset,Pennsylvania,18829,408.0,218.0,24.166,36.147,781,781,2.167,24.109,High,3,0.0905
21145,McCracken,Kentucky,18812,263.0,884.0,24.143,54.439,781,781,1.398,24.087,Medium,2,0.0629
1049,DeKalb,Alabama,18799,330.0,773.0,24.176,49.571,779,779,1.755,24.132,High,2,0.0874
1127,Walker,Alabama,18767,447.0,1270.0,23.892,59.024,786,786,2.382,23.877,High,3,0.1762
13247,Rockdale,Georgia,18719,321.0,967.0,23.833,54.312,786,786,1.715,23.816,High,2,0.0973
51003,Albemarle,Virginia,18671,163.0,438.0,23.835,43.238,784,784,0.873,23.815,Low,2,0.0609
45059,Laurens,South Carolina,18667,295.0,913.0,24.059,60.164,777,777,1.58,24.024,Medium,2,0.0668
20155,Reno,Kansas,18632,238.0,611.0,23.741,58.902,785,785,1.277,23.735,Medium,2,0.0612
5069,Jefferson,Arkansas,18608,277.0,360.0,23.45,39.396,794,794,1.489,23.436,Medium,2,0.0931
21185,Oldham,Kentucky,18515,145.0,722.0,23.742,53.855,783,783,0.783,23.646,Low,2,0.0775
36117,Wayne,New York,18503,179.0,243.0,23.541,31.473,786,786,0.967,23.541,Low,2,0.0983
55097,Portage,Wisconsin,18469,161.0,437.0,23.711,43.148,779,779,0.872,23.709,Low,2,0.0607
40119,Payne,Oklahoma,18463,166.0,1319.0,23.373,89.866,790,790,0.899,23.371,Low,2,0.1165
5115,Pope,Arkansas,18455,210.0,315.0,23.482,38.22,786,786,1.138,23.48,Low,2,0.0911
12087,Monroe,Florida,18412,119.0,1734.0,23.978,107.133,785,785,0.646,23.455,Low,2,0.2432
27131,Rice,Minnesota,18357,176.0,633.0,23.329,43.651,787,787,0.959,23.325,Low,2,0.0784
27013,Blue Earth,Minnesota,18332,101.0,380.0,23.238,39.109,789,789,0.551,23.234,Low,2,0.0859
41071,Yamhill,Oregon,18265,222.0,755.0,23.128,52.585,790,790,1.215,23.12,Low,2,0.0843
40037,Creek,Oklahoma,18245,338.0,1711.0,23.4,100.051,780,780,1.853,23.391,High,3,0.1902
48291,Liberty,Texas,18210,404.0,793.0,23.719,43.174,780,780,2.219,23.346,High,3,0.1059
21199,Pulaski,Kentucky,18157,293.0,819.0,23.188,49.459,786,786,1.614,23.101,Medium,2,0.0613
26155,Shiawassee,Michigan,18142,232.0,812.0,23.338,57.472,779,779,1.279,23.289,Medium,2,0.055
2122,Kenai Peninsula Borough,Alaska,18091,101.0,548.0,22.996,51.456,787,787,0.558,22.987,Low,2,0.0886
39087,Lawrence,Ohio,18071,256.0,241.0,23.177,35.649,780,780,1.417,23.168,Medium,2,0.0744
36019,Clinton,New York,18034,90.0,302.0,22.886,37.52,788,788,0.499,22.886,Low,2,0.1105
6115,Yuba,California,17944,122.0,764.0,22.892,58.63,784,784,0.68,22.888,Low,2,0.0869
26055,Grand Traverse,Michigan,17858,236.0,785.0,22.816,53.556,783,783,1.322,22.807,Medium,2,0.0506
53041,Lewis,Washington,17798,254.0,566.0,22.558,50.587,790,790,1.427,22.529,Medium,2,0.059
21209,Scott,Kentucky,17723,109.0,576.0,22.608,46.854,786,786,0.615,22.548,Low,2,0.0759
30049,Lewis and Clark,Montana,17709,185.0,416.0,22.38,42.748,792,792,1.045,22.36,Low,2,0.0573
42063,Indiana,Pennsylvania,17690,356.0,232.0,22.73,30.864,779,779,2.012,22.709,High,3,0.0922
18053,Grant,Indiana,17684,354.0,401.0,22.674,38.379,785,785,2.002,22.527,High,3,0.0773
39129,Pickaway,Ohio,17679,230.0,769.0,22.7,43.26,780,780,1.301,22.665,Medium,2,0.0501
47167,Tipton,Tennessee,17674,236.0,913.0,22.559,68.881,785,785,1.335,22.515,Medium,2,0.0559
12107,Putnam,Florida,17669,424.0,1064.0,22.557,89.405,784,784,2.4,22.537,High,3,0.1493
48099,Coryell,Texas,17626,211.0,2432.0,24.085,112.757,780,780,1.197,22.597,Low,2,0.2075
37193,Wilkes,North Carolina,17625,264.0,547.0,22.876,45.085,774,774,1.498,22.771,Medium,2,0.0895
37161,Rutherford,North Carolina,17579,401.0,807.0,22.725,50.373,775,775,2.281,22.683,High,3,0.1364
28087,Lowndes,Mississippi,17528,238.0,661.0,22.364,48.754,784,784,1.358,22.357,Medium,2,0.064
6057,Nevada,California,17503,127.0,672.0,22.24,52.083,789,789,0.726,22.184,Low,2,0.0651
47053,Gibson,Tennessee,17453,260.0,1367.0,22.386,88.512,783,783,1.49,22.29,Medium,2,0.1168
28073,Lamar,Mississippi,17441,160.0,536.0,22.315,48.778,782,782,0.917,22.303,Low,2,0.0691
4007,Gila,Arizona,17398,381.0,271.0,22.479,33.37,777,777,2.19,22.391,High,3,0.0787
36011,Cayuga,New York,17375,152.0,215.0,22.219,30.807,782,782,0.875,22.219,Low,2,0.0742
26117,Montcalm,Michigan,17350,216.0,1857.0,22.088,77.994,793,793,1.245,21.879,Medium,2,0.1439
26159,Van Buren,Michigan,17347,273.0,681.0,22.253,49.043,780,780,1.574,22.24,Medium,2,0.0593
24001,Allegany,Maryland,17291,362.0,789.0,22.408,51.549,772,772,2.094,22.398,High,3,0.1198
51019,Bedford,Virginia,17276,240.0,441.0,22.299,37.946,783,783,1.389,22.064,Medium,2,0.0588
39063,Hancock,Ohio,17253,277.0,365.0,22.054,34.047,783,783,1.606,22.034,Medium,2,0.0438
54055,Mercer,West Virginia,17177,266.0,236.0,21.837,32.839,787,787,1.549,21.826,Medium,2,0.0727
13295,Walker,Georgia,17127,244.0,360.0,22.164,33.389,774,774,1.425,22.128,Medium,2,0.0603
35015,Eddy,New Mexico,17069,282.0,579.0,21.894,41.954,780,780,1.652,21.883,Medium,2,0.0837
48497,Wise,Texas,17052,271.0,543.0,22.156,48.737,775,775,1.589,22.003,Medium,2,0.0558
47031,Coffee,Tennessee,16994,267.0,1229.0,21.941,82.093,776,776,1.571,21.899,Medium,2,0.0644
37061,Duplin,North Carolina,16909,245.0,754.0,21.731,48.103,780,780,1.449,21.678,Medium,2,0.0602
54079,Putnam,West Virginia,16889,180.0,321.0,21.56,35.154,784,784,1.066,21.542,Low,2,0.043
13129,Gordon,Georgia,16793,270.0,367.0,21.221,31.129,792,792,1.608,21.203,Medium,2,0.0415
47073,Hawkins,Tennessee,16702,321.0,992.0,21.451,72.32,780,780,1.922,21.413,High,3,0.1052
47107,McMinn,Tennessee,16701,260.0,1356.0,21.346,85.6,783,783,1.557,21.33,Medium,2,0.0801
4023,Santa Cruz,Arizona,16683,232.0,501.0,21.271,42.625,786,786,1.391,21.225,Medium,2,0.0559
41033,Josephine,Oregon,16627,339.0,450.0,21.231,44.381,784,784,2.039,21.208,High,3,0.095
53027,Grays Harbor,Washington,16620,198.0,536.0,21.011,54.328,793,793,1.191,20.958,Low,2,0.0546
18109,Morgan,Indiana,16603,287.0,486.0,21.275,43.238,783,783,1.729,21.204,High,2,0.0673
31079,Hall,Nebraska,16597,140.0,1206.0,21.348,67.461,779,779,0.844,21.306,Low,2,0.1028
6045,Mendocino,California,16568,124.0,714.0,21.088,54.8,787,787,0.748,21.052,Low,2,0.0619
12131,Walton,Florida,16555,210.0,886.0,22.168,79.244,787,787,1.268,21.036,Medium,2,0.0762
47019,Carter,Tennessee,16546,336.0,899.0,21.295,65.78,777,777,2.031,21.295,High,3,0.0932
55111,Sauk,Wisconsin,16479,136.0,459.0,21.056,40.129,786,786,0.825,20.966,Low,2,0.0427
39055,Geauga,Ohio,16413,265.0,345.0,20.817,31.063,789,789,1.615,20.802,Medium,2,0.045
21047,Christian,Kentucky,16399,210.0,258.0,20.967,33.98,786,786,1.281,20.864,Medium,2,0.0587
21019,Boyd,Kentucky,16369,177.0,450.0,21.101,42.898,776,776,1.081,21.094,Low,2,0.0548
1033,Colbert,Alabama,16356,261.0,1128.0,21.006,62.288,780,780,1.596,20.969,Medium,2,0.0707
53071,Walla Walla,Washington,16305,142.0,703.0,20.325,51.853,803,803,0.871,20.305,Low,2,0.0567
41003,Benton,Oregon,16301,71.0,813.0,20.676,57.838,789,789,0.436,20.66,Low,2,0.1247
26103,Marquette,Michigan,16276,131.0,990.0,20.886,67.526,780,780,0.805,20.867,Low,2,0.0784
8037,Eagle,Colorado,16274,35.0,703.0,20.472,45.955,799,799,0.215,20.368,Low,2,0.1306
27035,Crow Wing,Minnesota,16266,170.0,291.0,21.052,34.217,773,773,1.045,21.043,Low,2,0.0499
42015,Bradford,Pennsylvania,16219,207.0,274.0,20.787,29.003,781,781,1.276,20.767,Medium,2,0.0572
42025,Carbon,Pennsylvania,16188,294.0,302.0,20.738,30.809,781,781,1.816,20.727,High,3,0.0944
47035,Cumberland,Tennessee,16171,327.0,846.0,20.59,63.246,786,786,2.022,20.574,High,3,0.0905
36009,Cattaraugus,New York,16113,222.0,185.0,20.74,26.442,777,777,1.378,20.737,Medium,2,0.0682
37105,Lee,North Carolina,16113,151.0,842.0,20.6,52.046,783,783,0.937,20.579,Low,2,0.0786
5055,Greene,Arkansas,16088,173.0,291.0,20.472,32.006,786,786,1.075,20.468,Low,2,0.0491
37047,Columbus,North Carolina,15997,269.0,917.0,20.637,51.222,776,776,1.682,20.615,Medium,2,0.0671
47043,Dickson,Tennessee,15987,245.0,829.0,20.38,65.579,785,785,1.532,20.366,Medium,2,0.0903
13255,Spalding,Georgia,15968,421.0,655.0,20.359,45.074,785,785,2.637,20.341,High,3,0.2162
45043,Georgetown,South Carolina,15958,227.0,684.0,20.472,51.535,782,782,1.422,20.407,Medium,2,0.0558
39159,Union,Ohio,15952,102.0,321.0,20.327,32.4,785,785,0.639,20.321,Low,2,0.0831
24015,Cecil,Maryland,15906,259.0,859.0,20.322,42.588,783,783,1.628,20.314,Medium,2,0.0676
22001,Acadia,Louisiana,15906,294.0,786.0,20.496,47.379,783,783,1.848,20.314,High,3,0.11
26073,Isabella,Michigan,15890,211.0,621.0,20.366,45.454,781,781,1.328,20.346,Medium,2,0.0607
5033,Crawford,Arkansas,15884,249.0,332.0,20.342,31.189,781,781,1.568,20.338,Medium,2,0.0483
1001,Autauga,Alabama,15863,216.0,1040.0,20.328,47.446,781,781,1.362,20.311,Medium,2,0.0822
17077,Jackson,Illinois,15840,130.0,593.0,20.149,46.546,787,787,0.821,20.127,Low,2,0.0431
47145,Roane,Tennessee,15839,234.0,1040.0,20.283,73.524,784,784,1.477,20.203,Medium,2,0.0911
37107,Lenoir,North Carolina,15839,220.0,709.0,20.355,49.624,780,780,1.389,20.306,Medium,2,0.059
55021,Columbia,Wisconsin,15821,128.0,413.0,20.137,40.054,786,786,0.809,20.128,Low,2,0.0446
48231,Hunt,Texas,15811,363.0,385.0,20.66,41.223,780,780,2.296,20.271,High,3,0.1459
39013,Belmont,Ohio,15805,309.0,213.0,20.037,27.828,791,791,1.955,19.981,High,3,0.1114
47089,Jefferson,Tennessee,15804,265.0,1023.0,19.98,69.405,792,792,1.677,19.955,Medium,2,0.0656
41053,Polk,Oregon,15778,134.0,542.0,19.877,43.69,794,794,0.849,19.872,Low,2,0.0481
17195,Whiteside,Illinois,15768,268.0,538.0,19.963,42.576,790,790,1.7,19.959,Medium,2,0.0434
33005,Cheshire,New Hampshire,15674,112.0,545.0,20.0,46.197,785,785,0.715,19.967,Low,2,0.0698
35035,Otero,New Mexico,15613,187.0,524.0,20.216,41.721,773,773,1.198,20.198,Low,2,0.0473
46083,Lincoln,South Dakota,15590,102.0,460.0,19.997,36.948,780,780,0.654,19.987,Low,2,0.0708
17029,Coles,Illinois,15526,175.0,584.0,20.253,43.866,767,767,1.127,20.243,Low,2,0.0581
13285,Troup,Georgia,15503,379.0,529.0,19.677,38.906,789,789,2.445,19.649,High,3,0.1615
48005,Angelina,Texas,15501,481.0,564.0,21.257,53.175,779,779,3.103,19.899,High,3,0.2994
8043,Fremont,Colorado,15481,187.0,252.0,20.019,34.148,781,781,1.208,19.822,Low,2,0.0445
42037,Columbia,Pennsylvania,15476,246.0,207.0,19.829,26.721,783,783,1.59,19.765,Medium,2,0.0526
51095,James City,Virginia,15461,121.0,1029.0,19.714,55.202,793,793,0.783,19.497,Low,2,0.0927
18011,Boone,Indiana,15456,186.0,339.0,19.483,34.832,795,795,1.203,19.442,Low,2,0.0423
13031,Bulloch,Georgia,15450,264.0,644.0,20.192,46.172,777,777,1.709,19.884,High,2,0.0468
48213,Henderson,Texas,15410,424.0,562.0,21.157,53.861,776,776,2.751,19.858,High,3,0.2145
37141,Pender,North Carolina,15405,128.0,733.0,20.194,51.172,769,769,0.831,20.033,Low,2,0.0614
42005,Armstrong,Pennsylvania,15397,343.0,171.0,19.727,25.914,781,781,2.228,19.714,High,3,0.1054
28071,Lafayette,Mississippi,15364,179.0,460.0,19.582,41.458,785,785,1.165,19.572,Low,2,0.0514
22113,Vermilion,Louisiana,15334,224.0,772.0,19.783,46.231,779,779,1.461,19.684,Medium,2,0.062
21113,Jessamine,Kentucky,15289,139.0,597.0,19.595,43.933,783,783,0.909,19.526,Low,2,0.0519
54049,Marion,West Virginia,15266,179.0,229.0,19.628,29.154,780,780,1.173,19.572,Low,2,0.0598
40047,Garfield,Oklahoma,15233,295.0,942.0,19.637,65.728,776,776,1.937,19.63,High,3,0.0971
29113,Lincoln,Missouri,15187,138.0,1039.0,19.662,46.76,778,778,0.909,19.521,Low,2,0.097
28109,Pearl River,Mississippi,15151,275.0,534.0,19.14,44.634,792,792,1.815,19.13,High,3,0.0866
8045,Garfield,Colorado,15076,91.0,825.0,19.172,42.089,790,790,0.604,19.084,Low,2,0.076
37093,Hoke,North Carolina,15074,116.0,643.0,19.16,52.245,787,787,0.77,19.154,Low,2,0.0657
32510,Carson City,Nevada,15052,218.0,535.0,18.981,51.092,793,793,1.448,18.981,Medium,2,0.0604
1071,Jackson,Alabama,15049,241.0,766.0,19.287,42.047,785,785,1.601,19.171,Medium,2,0.0744
1009,Blount,Alabama,15005,243.0,503.0,19.317,33.322,780,780,1.619,19.237,Medium,2,0.0666
47003,Bedford,Tennessee,15004,237.0,1172.0,19.247,73.043,780,780,1.58,19.236,Medium,2,0.0748
21107,Hopkins,Kentucky,14975,255.0,565.0,19.23,40.693,779,779,1.703,19.223,High,2,0.0347
48361,Orange,Texas,14968,355.0,1435.0,21.359,68.454,780,780,2.372,19.19,High,3,0.1885
39081,Jefferson,Ohio,14900,322.0,312.0,19.13,30.279,779,779,2.161,19.127,High,3,0.082
12063,Jackson,Florida,14854,280.0,996.0,19.046,72.819,786,786,1.885,18.898,High,3,0.0978
39009,Athens,Ohio,14852,142.0,560.0,19.072,38.724,779,779,0.956,19.065,Low,2,0.0571
27025,Chisago,Minnesota,14845,120.0,236.0,18.912,30.034,785,785,0.808,18.911,Low,2,0.0745
13047,Catoosa,Georgia,14833,168.0,404.0,18.982,33.003,782,782,1.133,18.968,Low,2,0.0583
36043,Herkimer,New York,14827,193.0,169.0,18.697,26.687,793,793,1.302,18.697,Medium,2,0.0526
49021,Iron,Utah,14774,92.0,684.0,18.893,46.651,782,782,0.623,18.893,Low,2,0.056
45021,Cherokee,South Carolina,14761,322.0,542.0,19.128,42.483,772,772,2.181,19.12,High,3,0.0873
6103,Tehama,California,14753,202.0,648.0,19.152,41.954,771,771,1.369,19.135,Medium,2,0.0608
55015,Calumet,Wisconsin,14749,121.0,462.0,18.775,34.072,786,786,0.82,18.765,Low,2,0.0383
36113,Warren,New York,14739,129.0,266.0,18.728,28.946,787,787,0.875,18.728,Low,2,0.0634
47123,Monroe,Tennessee,14681,244.0,902.0,18.804,64.17,784,784,1.662,18.726,Medium,2,0.0659
18145,Shelby,Indiana,14677,182.0,401.0,18.795,36.141,785,785,1.24,18.697,Medium,2,0.0524
34033,Salem,New Jersey,14662,250.0,354.0,18.77,30.542,783,783,1.705,18.725,High,2,0.05
51165,Rockingham,Virginia,14648,229.0,323.0,18.747,30.893,783,783,1.563,18.708,Medium,2,0.0377
39077,Huron,Ohio,14626,222.0,339.0,18.602,29.498,787,787,1.518,18.584,Medium,2,0.0523
47105,Loudon,Tennessee,14571,192.0,1096.0,18.782,67.363,783,783,1.318,18.609,Medium,2,0.092
37077,Granville,North Carolina,14536,115.0,585.0,18.78,43.457,783,783,0.791,18.564,Low,2,0.0525
40021,Cherokee,Oklahoma,14532,151.0,1304.0,18.711,86.738,778,778,1.039,18.679,Low,2,0.1317
26015,Barry,Michigan,14514,169.0,591.0,18.569,41.7,784,784,1.164,18.513,Low,2,0.0499
54037,Jefferson,West Virginia,14513,136.0,612.0,18.453,37.987,788,788,0.937,18.418,Low,2,0.0515
21179,Nelson,Kentucky,14507,153.0,455.0,18.36,37.02,791,791,1.055,18.34,Low,2,0.0506
21235,Whitley,Kentucky,14412,199.0,294.0,20.449,35.743,766,766,1.381,18.815,Medium,2,0.0548
36037,Genesee,New York,14395,187.0,185.0,18.338,26.804,785,785,1.299,18.338,Medium,2,0.0498
23003,Aroostook,Maine,14393,166.0,687.0,18.685,45.322,771,771,1.153,18.668,Low,2,0.0517
48465,Val Verde,Texas,14368,303.0,373.0,19.465,46.74,779,779,2.109,18.444,High,3,0.0832
40019,Carter,Oklahoma,14366,239.0,1180.0,18.423,70.505,780,780,1.664,18.418,Medium,2,0.0891
44001,Bristol,Rhode Island,14360,169.0,1462.0,18.415,93.593,780,780,1.177,18.41,Low,2,0.1404
48055,Caldwell,Texas,14339,176.0,1836.0,18.57,75.611,777,777,1.227,18.454,Medium,2,0.144
47099,Lawrence,Tennessee,14329,203.0,1194.0,18.556,65.632,775,775,1.417,18.489,Medium,2,0.0907
36053,Madison,New York,14319,127.0,161.0,18.289,24.762,783,783,0.887,18.287,Low,2,0.0681
5035,Crittenden,Arkansas,14315,226.0,262.0,18.214,29.153,786,786,1.579,18.212,Medium,2,0.0439
51143,Pittsylvania,Virginia,14301,199.0,242.0,18.483,29.673,779,779,1.392,18.358,Medium,2,0.0562
27009,Benton,Minnesota,14298,174.0,323.0,18.143,32.87,789,789,1.217,18.122,Low,2,0.0371
41035,Klamath,Oregon,14285,222.0,514.0,17.904,39.006,798,798,1.554,17.901,Medium,2,0.0572
17141,Ogle,Illinois,14285,136.0,418.0,18.456,32.451,774,774,0.952,18.456,Low,2,0.0543
37031,Carteret,North Carolina,14255,125.0,561.0,18.203,38.086,785,785,0.877,18.159,Low,2,0.0476
17007,Boone,Illinois,14162,130.0,465.0,18.434,33.743,769,769,0.918,18.416,Low,2,0.0545
20169,Saline,Kansas,14159,246.0,687.0,18.283,50.123,775,775,1.737,18.27,High,2,0.0663
33001,Belknap,New Hampshire,14152,178.0,549.0,17.987,36.962,787,787,1.258,17.982,Medium,2,0.0543
49003,Box Elder,Utah,14144,124.0,712.0,17.982,41.774,787,787,0.877,17.972,Low,2,0.0508
37083,Halifax,North Carolina,14035,187.0,724.0,18.103,48.191,776,776,1.332,18.086,Medium,2,0.0575
39143,Sandusky,Ohio,14015,238.0,297.0,17.987,29.315,782,782,1.698,17.922,Medium,2,0.0404
8014,Broomfield,Colorado,13997,116.0,509.0,17.945,35.49,785,785,0.829,17.831,Low,2,0.0466
21101,Henderson,Kentucky,13972,168.0,635.0,17.808,38.86,786,786,1.202,17.776,Low,2,0.0497
22089,St. Charles,Louisiana,13920,145.0,618.0,17.676,44.873,792,792,1.042,17.576,Low,2,0.0599
21073,Franklin,Kentucky,13911,153.0,463.0,17.731,35.962,787,787,1.1,17.676,Low,2,0.0473
51191,Washington,Virginia,13910,215.0,348.0,17.899,32.365,779,779,1.546,17.856,Medium,2,0.0377
26057,Gratiot,Michigan,13864,192.0,1410.0,18.29,74.079,778,778,1.385,17.82,Medium,2,0.1168
37111,McDowell,North Carolina,13855,176.0,498.0,17.826,37.039,780,780,1.27,17.763,Medium,2,0.0521
55135,Waupaca,Wisconsin,13835,252.0,219.0,17.789,28.947,778,778,1.821,17.783,High,3,0.066
49043,Summit,Utah,13832,26.0,613.0,17.498,45.222,791,791,0.188,17.487,Low,2,0.0897
13175,Laurens,Georgia,13827,299.0,605.0,17.634,40.312,786,786,2.162,17.592,High,3,0.0851
26149,St. Joseph,Michigan,13812,208.0,450.0,17.855,34.563,775,775,1.506,17.822,Medium,2,0.0577
56013,Fremont,Wyoming,13795,193.0,376.0,17.46,35.308,792,792,1.399,17.418,Medium,2,0.0575
40051,Grady,Oklahoma,13773,246.0,1310.0,17.527,76.315,786,786,1.786,17.523,High,2,0.1562
27111,Otter Tail,Minnesota,13763,167.0,241.0,17.745,29.26,776,776,1.213,17.736,Low,2,0.0419
6109,Tuolumne,California,13758,182.0,536.0,17.744,43.961,776,776,1.323,17.729,Medium,2,0.0614
55005,Barron,Wisconsin,13743,144.0,245.0,17.831,30.796,771,771,1.048,17.825,Low,2,0.0489
20161,Riley,Kansas,13711,85.0,659.0,17.469,54.376,785,785,0.62,17.466,Low,2,0.0515
40013,Bryan,Oklahoma,13672,136.0,1134.0,17.532,67.743,780,780,0.995,17.528,Low,2,0.1102
27067,Kandiyohi,Minnesota,13649,139.0,233.0,17.526,29.373,779,779,1.018,17.521,Low,2,0.0494
48013,Atascosa,Texas,13647,231.0,563.0,18.353,50.262,780,780,1.693,17.496,Medium,2,0.0268
1031,Coffee,Alabama,13643,231.0,511.0,17.699,35.02,772,772,1.693,17.672,Medium,2,0.0254
6069,San Benito,California,13636,98.0,509.0,17.278,40.969,792,792,0.719,17.217,Low,2,0.0727
37065,Edgecombe,North Carolina,13616,154.0,698.0,17.547,44.321,777,777,1.131,17.524,Low,2,0.0532
55033,Dunn,Wisconsin,13611,75.0,326.0,17.353,32.964,785,785,0.551,17.339,Low,2,0.066
5093,Mississippi,Arkansas,13608,210.0,227.0,17.633,25.626,772,772,1.543,17.627,Medium,2,0.0413
27049,Goodhue,Minnesota,13600,136.0,388.0,17.447,32.547,780,780,1.0,17.436,Low,2,0.0496
50021,Rutland,Vermont,13586,74.0,786.0,17.316,45.179,785,785,0.545,17.307,Low,2,0.1058
18029,Dearborn,Indiana,13547,140.0,410.0,17.375,31.703,781,781,1.033,17.346,Low,2,0.0399
51660,Harrisonburg city,Virginia,13492,161.0,440.0,17.102,32.005,792,792,1.193,17.035,Low,2,0.0377
12039,Gadsden,Florida,13475,207.0,859.0,17.303,68.179,780,780,1.536,17.276,Medium,2,0.0761
48221,Hood,Texas,13472,274.0,827.0,17.436,43.231,778,778,2.034,17.316,High,3,0.0813
36035,Fulton,New York,13428,169.0,149.0,17.106,21.962,785,785,1.259,17.106,Medium,2,0.0557
21211,Shelby,Kentucky,13410,162.0,474.0,17.283,38.064,777,777,1.208,17.259,Low,2,0.0408
29213,Taney,Missouri,13382,226.0,511.0,17.188,30.589,782,782,1.689,17.113,Medium,2,0.0243
48203,Harrison,Texas,13370,227.0,596.0,17.231,35.363,778,778,1.698,17.185,Medium,2,0.0334
45071,Newberry,South Carolina,13355,195.0,863.0,17.085,49.999,784,784,1.46,17.034,Medium,2,0.0649
26157,Tuscola,Michigan,13350,277.0,483.0,17.148,37.829,784,784,2.075,17.028,High,3,0.0602
39083,Knox,Ohio,13325,228.0,212.0,17.045,24.905,782,782,1.711,17.04,High,2,0.051
13103,Effingham,Georgia,13314,196.0,527.0,17.218,40.361,786,786,1.472,16.939,Medium,2,0.0492
51061,Fauquier,Virginia,13267,144.0,416.0,17.113,32.156,779,779,1.085,17.031,Low,2,0.0418
37037,Chatham,North Carolina,13262,115.0,623.0,16.663,39.007,799,799,0.867,16.598,Low,2,0.0495
54019,Fayette,West Virginia,13217,205.0,254.0,17.261,30.002,767,767,1.551,17.232,Medium,2,0.0392
37087,Haywood,North Carolina,13175,221.0,442.0,17.097,34.965,771,771,1.677,17.088,Medium,2,0.0357
18113,Noble,Indiana,13139,157.0,270.0,16.524,27.256,796,796,1.195,16.506,Low,2,0.0459
27169,Winona,Minnesota,13109,72.0,387.0,16.813,34.471,780,780,0.549,16.806,Low,2,0.0637
18065,Henry,Indiana,13055,231.0,256.0,16.816,26.726,778,778,1.769,16.78,High,2,0.0896
21009,Barren,Kentucky,13032,219.0,264.0,16.845,30.139,774,774,1.68,16.837,Medium,2,0.0348
47177,Warren,Tennessee,13028,177.0,942.0,16.937,62.786,775,775,1.359,16.81,Medium,2,0.0572
17063,Grundy,Illinois,13009,140.0,318.0,16.67,28.686,781,781,1.076,16.657,Low,2,0.0388
8067,La Plata,Colorado,13002,86.0,597.0,16.858,39.088,782,782,0.661,16.627,Low,2,0.0665
22117,Washington,Louisiana,12994,249.0,719.0,16.529,44.521,788,788,1.916,16.49,High,3,0.0918
22099,St. Martin,Louisiana,12985,188.0,591.0,16.834,40.382,782,782,1.448,16.605,Medium,2,0.0503
17117,Macoupin,Illinois,12975,171.0,415.0,16.824,34.294,772,772,1.318,16.807,Medium,2,0.0584
12121,Suwannee,Florida,12972,315.0,736.0,16.731,67.406,778,778,2.428,16.674,High,3,0.1432
1045,Dale,Alabama,12947,231.0,393.0,16.793,31.794,773,773,1.784,16.749,High,3,0.0488
55043,Grant,Wisconsin,12945,146.0,208.0,16.606,26.239,780,780,1.128,16.596,Low,2,0.0659
37153,Richmond,North Carolina,12917,193.0,688.0,16.862,41.543,767,767,1.494,16.841,Medium,2,0.0629
18037,Dubois,Indiana,12909,165.0,278.0,16.518,29.934,782,782,1.278,16.508,Medium,2,0.0447
47051,Franklin,Tennessee,12908,184.0,1012.0,16.503,62.189,783,783,1.425,16.485,Medium,2,0.0805
17073,Henry,Illinois,12884,150.0,389.0,16.569,34.163,778,778,1.164,16.56,Low,2,0.0463
37189,Watauga,North Carolina,12877,68.0,369.0,16.347,34.677,790,790,0.528,16.3,Low,2,0.0687
36115,Washington,New York,12875,115.0,170.0,16.36,25.048,787,787,0.893,16.36,Low,2,0.0678
39147,Seneca,Ohio,12869,230.0,231.0,16.51,24.475,780,780,1.787,16.499,High,3,0.0501
15007,Kauai,Hawaii,12864,29.0,547.0,16.279,47.423,791,791,0.225,16.263,Low,2,0.0941
47045,Dyer,Tennessee,12826,203.0,952.0,16.336,60.639,786,786,1.583,16.318,Medium,2,0.0842
51031,Campbell,Virginia,12814,215.0,231.0,16.758,25.196,774,774,1.678,16.556,Medium,2,0.0362
35009,Curry,New Mexico,12797,198.0,558.0,16.391,33.826,781,781,1.547,16.385,Medium,2,0.0615
17095,Knox,Illinois,12722,246.0,350.0,16.406,32.313,776,776,1.934,16.394,High,3,0.0674
40147,Washington,Oklahoma,12718,262.0,1025.0,16.187,63.316,786,786,2.06,16.181,High,3,0.063
37013,Beaufort,North Carolina,12715,172.0,770.0,16.397,40.741,779,779,1.353,16.322,Medium,2,0.0456
55095,Polk,Wisconsin,12692,123.0,288.0,16.661,29.049,764,764,0.969,16.613,Low,2,0.0501
16065,Madison,Idaho,12674,50.0,339.0,16.108,30.702,788,788,0.395,16.084,Low,2,0.124
53045,Mason,Washington,12661,141.0,513.0,16.123,45.241,788,788,1.114,16.067,Low,2,0.0473
19181,Warren,Iowa,12591,135.0,662.0,16.136,50.154,781,781,1.072,16.122,Low,2,0.0492
21071,Floyd,Kentucky,12571,206.0,281.0,16.196,30.793,777,777,1.639,16.179,Medium,2,0.0412
18071,Jackson,Indiana,12568,130.0,361.0,16.111,31.731,781,781,1.034,16.092,Low,2,0.0331
22101,St. Mary,Louisiana,12526,262.0,519.0,16.043,34.858,784,784,2.092,15.977,High,3,0.0576
40079,Le Flore,Oklahoma,12521,108.0,928.0,16.118,59.02,777,777,0.863,16.115,Low,2,0.0846
48277,Lamar,Texas,12500,256.0,1210.0,16.587,58.346,780,780,2.048,16.026,High,3,0.0928
36057,Montgomery,New York,12471,205.0,174.0,15.786,22.668,790,790,1.644,15.786,Medium,2,0.0433
48349,Navarro,Texas,12469,222.0,431.0,16.03,31.506,778,778,1.78,16.027,High,3,0.0498
39037,Darke,Ohio,12442,239.0,321.0,15.796,26.064,788,788,1.921,15.789,High,3,0.0562
18099,Marshall,Indiana,12437,197.0,187.0,15.999,24.356,779,779,1.584,15.965,Medium,2,0.0499
13179,Liberty,Georgia,12434,149.0,649.0,15.928,44.705,782,782,1.198,15.9,Low,2,0.0434
50023,Washington,Vermont,12430,51.0,1282.0,15.738,58.649,791,791,0.41,15.714,Low,2,0.1721
48347,Nacogdoches,Texas,12413,258.0,684.0,15.94,35.694,779,779,2.078,15.935,High,3,0.0721
39167,Washington,Ohio,12409,207.0,233.0,15.885,24.613,782,782,1.668,15.868,Medium,2,0.0358
29159,Pettis,Missouri,12392,168.0,302.0,15.991,30.235,778,778,1.356,15.928,Medium,2,0.0364
42087,Mifflin,Pennsylvania,12348,276.0,215.0,15.959,24.324,776,776,2.235,15.912,High,3,0.0947
32007,Elko,Nevada,12342,138.0,592.0,15.916,34.994,786,786,1.118,15.702,Low,2,0.0501
40071,Kay,Oklahoma,12327,218.0,801.0,15.606,58.53,790,790,1.768,15.604,High,2,0.0868
36051,Livingston,New York,12324,118.0,167.0,15.662,21.783,787,787,0.957,15.659,Low,2,0.058
47013,Campbell,Tennessee,12310,169.0,818.0,15.642,55.194,791,791,1.373,15.563,Medium,2,0.0523
55081,Monroe,Wisconsin,12305,91.0,270.0,15.79,29.037,780,780,0.74,15.776,Low,2,0.0624
28045,Hancock,Mississippi,12277,152.0,489.0,15.57,37.676,789,789,1.238,15.56,Medium,2,0.0446
17055,Franklin,Illinois,12275,178.0,520.0,15.863,33.47,779,779,1.45,15.757,Medium,2,0.0444
22061,Lincoln,Louisiana,12269,145.0,718.0,15.815,42.817,782,782,1.182,15.689,Low,2,0.0493
26023,Branch,Michigan,12253,206.0,442.0,15.85,34.597,774,774,1.681,15.831,Medium,2,0.044
29101,Johnson,Missouri,12251,143.0,933.0,16.151,41.311,784,784,1.167,15.626,Low,2,0.0703
51089,Henry,Virginia,12205,266.0,345.0,15.772,28.088,775,775,2.179,15.748,High,3,0.0701
27007,Beltrami,Minnesota,12179,128.0,415.0,15.659,28.934,778,778,1.051,15.654,Low,2,0.0388
29027,Callaway,Missouri,12150,130.0,307.0,15.598,27.174,782,782,1.07,15.537,Low,2,0.0345
40123,Pontotoc,Oklahoma,12132,150.0,1411.0,15.526,71.977,782,782,1.236,15.514,Medium,2,0.1377
21089,Greenup,Kentucky,12124,145.0,468.0,15.796,33.856,769,769,1.196,15.766,Low,2,0.0367
56005,Campbell,Wyoming,12113,149.0,376.0,15.498,30.581,785,785,1.23,15.431,Medium,2,0.0363
39005,Ashland,Ohio,12109,218.0,203.0,15.396,23.62,787,787,1.8,15.386,High,3,0.0514
13275,Thomas,Georgia,12084,210.0,439.0,15.615,34.034,780,780,1.738,15.492,High,2,0.0692
27099,Mower,Minnesota,12083,74.0,597.0,15.38,34.563,786,786,0.612,15.373,Low,2,0.0553
31019,Buffalo,Nebraska,12080,102.0,690.0,15.578,41.289,785,785,0.844,15.389,Low,2,0.0661
48199,Hardin,Texas,12078,251.0,996.0,16.659,47.93,780,780,2.078,15.485,High,3,0.0643
17027,Clinton,Illinois,12066,122.0,346.0,15.289,30.452,790,790,1.011,15.273,Low,2,0.043
48049,Brown,Texas,12056,253.0,1108.0,15.445,70.426,785,785,2.099,15.358,High,3,0.0859
4009,Graham,Arizona,12051,177.0,365.0,15.36,27.755,791,791,1.469,15.235,Medium,2,0.0499
18093,Lawrence,Indiana,12021,261.0,282.0,15.412,27.16,781,781,2.171,15.392,High,3,0.0681
55115,Shawano,Wisconsin,11994,152.0,370.0,15.596,27.901,770,770,1.267,15.577,Medium,2,0.0315
55031,Douglas,Wisconsin,11993,79.0,277.0,15.306,27.586,785,785,0.659,15.278,Low,2,0.0607
20037,Crawford,Kansas,11966,130.0,692.0,15.346,44.072,780,780,1.086,15.341,Low,2,0.0453
37181,Vance,North Carolina,11936,122.0,464.0,15.298,35.888,782,782,1.022,15.263,Low,2,0.0412
17121,Marion,Illinois,11933,217.0,362.0,15.479,30.011,775,775,1.818,15.397,High,3,0.0471
13233,Polk,Georgia,11910,193.0,395.0,14.927,29.038,799,799,1.62,14.906,Medium,2,0.0369
53009,Clallam,Washington,11901,141.0,490.0,15.537,46.457,786,786,1.185,15.141,Low,2,0.0398
55093,Pierce,Wisconsin,11879,73.0,253.0,15.023,26.526,796,796,0.615,14.923,Low,2,0.0553
42119,Union,Pennsylvania,11842,154.0,738.0,15.455,33.228,775,775,1.3,15.28,Medium,2,0.0753
26033,Chippewa,Michigan,11841,120.0,1485.0,15.261,78.923,782,782,1.013,15.142,Low,2,0.1581
45025,Chesterfield,South Carolina,11836,191.0,497.0,15.161,34.094,781,781,1.614,15.155,Medium,2,0.0373
23017,Oxford,Maine,11799,148.0,340.0,14.997,28.7,788,788,1.254,14.973,Medium,2,0.028
12051,Hendry,Florida,11773,160.0,843.0,15.163,62.817,777,777,1.359,15.152,Medium,2,0.0528
40087,McClain,Oklahoma,11773,137.0,867.0,15.003,57.357,786,786,1.164,14.978,Low,2,0.061
29145,Newton,Missouri,11768,206.0,1047.0,15.396,45.177,780,780,1.751,15.087,High,2,0.0959
55075,Marinette,Wisconsin,11760,127.0,204.0,15.125,25.082,778,778,1.08,15.116,Low,2,0.0392
13071,Colquitt,Georgia,11752,246.0,369.0,15.229,32.141,781,781,2.093,15.047,High,3,0.0646
18051,Gibson,Indiana,11742,146.0,365.0,15.06,31.816,781,781,1.243,15.035,Medium,2,0.0304
36107,Tioga,New York,11719,85.0,139.0,14.815,19.652,791,791,0.725,14.815,Low,2,0.0667
18017,Cass,Indiana,11711,164.0,439.0,15.177,30.773,774,774,1.4,15.13,Medium,2,0.0491
48071,Chambers,Texas,11706,112.0,319.0,14.988,37.048,781,781,0.957,14.988,Low,2,0.0493
6033,Lake,California,11699,137.0,349.0,15.431,34.19,768,768,1.171,15.233,Low,2,0.0405
17177,Stephenson,Illinois,11687,176.0,426.0,14.939,29.334,783,783,1.506,14.926,Medium,2,0.039
38089,Stark,North Dakota,11683,86.0,156.0,14.994,22.033,780,780,0.736,14.978,Low,2,0.06
19045,Clinton,Iowa,11654,146.0,682.0,14.982,47.618,778,778,1.253,14.979,Medium,2,0.0536
39011,Auglaize,Ohio,11642,189.0,184.0,14.987,22.05,777,777,1.623,14.983,Medium,2,0.0365
47029,Cocke,Tennessee,11634,217.0,551.0,14.87,43.188,784,784,1.865,14.839,High,3,0.0596
26123,Newaygo,Michigan,11622,158.0,287.0,14.882,30.821,782,782,1.359,14.862,Medium,2,0.0257
22009,Avoyelles,Louisiana,11600,208.0,784.0,14.876,43.082,784,784,1.793,14.796,High,3,0.0679
42061,Huntingdon,Pennsylvania,11594,249.0,183.0,14.967,21.112,777,777,2.148,14.921,High,3,0.0676
51047,Culpeper,Virginia,11593,149.0,399.0,15.216,29.323,783,783,1.285,14.806,Medium,2,0.0389
13277,Tift,Georgia,11593,218.0,347.0,14.814,29.979,785,785,1.88,14.768,High,3,0.0579
18069,Huntington,Indiana,11572,157.0,246.0,14.973,27.203,778,778,1.357,14.874,Medium,2,0.0286
13213,Murray,Georgia,11548,188.0,365.0,14.898,28.303,777,777,1.628,14.862,Medium,2,0.0388
20055,Finney,Kansas,11545,115.0,600.0,14.878,38.432,776,776,0.996,14.878,Low,2,0.0591
21121,Knox,Kentucky,11523,144.0,218.0,15.339,28.938,765,765,1.25,15.063,Medium,2,0.038
55083,Oconto,Wisconsin,11522,121.0,235.0,14.904,25.191,774,774,1.05,14.886,Low,2,0.0272
47047,Fayette,Tennessee,11475,186.0,597.0,14.666,44.95,784,784,1.621,14.636,Medium,2,0.0398
24009,Calvert,Maryland,11468,146.0,969.0,14.601,44.623,786,786,1.273,14.59,Medium,2,0.0889
13039,Camden,Georgia,11467,120.0,290.0,14.781,26.937,781,781,1.046,14.682,Low,2,0.0315
1123,Tallapoosa,Alabama,11445,234.0,464.0,14.803,35.226,782,782,2.045,14.636,High,3,0.0703
22087,St. Bernard,Louisiana,11439,111.0,505.0,14.513,38.192,790,790,0.97,14.48,Low,2,0.0557
48249,Jim Wells,Texas,11411,208.0,470.0,14.966,29.64,772,772,1.823,14.781,High,3,0.0477
42121,Venango,Pennsylvania,11406,241.0,211.0,14.707,21.363,776,776,2.113,14.698,High,3,0.0672
18033,DeKalb,Indiana,11406,152.0,251.0,14.632,25.641,780,780,1.333,14.623,Medium,2,0.0401
25011,Franklin,Massachusetts,11403,170.0,584.0,14.55,38.901,787,787,1.491,14.489,Medium,2,0.05
40137,Stephens,Oklahoma,11374,205.0,577.0,14.594,49.07,780,780,1.802,14.582,High,3,0.0568
36023,Cortland,New York,11365,120.0,176.0,14.515,20.135,783,783,1.056,14.515,Low,2,0.0287
21083,Graves,Kentucky,11355,181.0,323.0,14.725,30.343,774,774,1.594,14.671,Medium,2,0.0303
54069,Ohio,West Virginia,11335,170.0,345.0,14.592,25.165,780,780,1.5,14.532,Medium,2,0.0401
37169,Stokes,North Carolina,11315,180.0,451.0,14.679,30.751,772,772,1.591,14.657,Medium,2,0.0376
37059,Davie,North Carolina,11315,104.0,493.0,14.457,30.952,783,783,0.919,14.451,Low,2,0.065
38059,Morton,North Dakota,11274,142.0,153.0,14.365,20.573,787,787,1.26,14.325,Medium,2,0.0378
53017,Douglas,Washington,11269,70.0,488.0,14.586,36.243,782,782,0.621,14.41,Low,2,0.0434
39033,Crawford,Ohio,11254,215.0,192.0,14.424,21.326,781,781,1.91,14.41,High,3,0.0433
39015,Brown,Ohio,11248,180.0,232.0,14.523,23.513,775,775,1.6,14.514,Medium,2,0.0269
5059,Hot Spring,Arkansas,11237,136.0,326.0,14.414,24.934,781,781,1.21,14.388,Low,2,0.0464
27061,Itasca,Minnesota,11229,146.0,210.0,14.523,23.328,775,775,1.3,14.489,Medium,2,0.0378
51590,Danville city,Virginia,11226,282.0,443.0,15.127,33.708,782,782,2.512,14.355,High,3,0.0794
26027,Cass,Michigan,11215,145.0,300.0,14.427,26.245,778,778,1.293,14.415,Medium,2,0.0351
13069,Coffee,Georgia,11189,284.0,281.0,14.347,25.186,783,783,2.538,14.29,High,3,0.079
17081,Jefferson,Illinois,11159,176.0,373.0,14.561,29.24,768,768,1.577,14.53,Medium,2,0.0366
19033,Cerro Gordo,Iowa,11156,170.0,493.0,14.291,41.224,783,783,1.524,14.248,Medium,2,0.0476
22119,Webster,Louisiana,11145,186.0,625.0,14.35,38.27,786,786,1.669,14.179,Medium,2,0.056
29201,Scott,Missouri,11133,161.0,774.0,14.293,35.647,785,785,1.446,14.182,Medium,2,0.0655
1021,Chilton,Alabama,11131,207.0,464.0,14.277,28.459,780,780,1.86,14.271,High,3,0.0489
28105,Oktibbeha,Mississippi,11127,162.0,453.0,14.216,30.345,783,783,1.456,14.211,Medium,2,0.0466
27041,Douglas,Minnesota,11106,117.0,183.0,14.323,23.904,776,776,1.053,14.312,Low,2,0.0289
48409,San Patricio,Texas,11104,341.0,793.0,14.414,42.971,780,780,3.071,14.236,High,3,0.1951
39149,Shelby,Ohio,11102,188.0,262.0,14.279,22.562,778,778,1.693,14.27,Medium,2,0.0437
40041,Delaware,Oklahoma,11098,203.0,807.0,14.237,53.454,780,780,1.829,14.228,High,3,0.0663
48053,Burnet,Texas,11095,171.0,1357.0,14.296,55.534,780,780,1.541,14.224,Medium,2,0.1266
56037,Sweetwater,Wyoming,11088,126.0,223.0,14.215,26.624,781,781,1.136,14.197,Low,2,0.0437
37197,Yadkin,North Carolina,11048,120.0,418.0,14.24,29.712,776,776,1.086,14.237,Low,2,0.0456
42009,Bedford,Pennsylvania,11044,275.0,124.0,14.276,19.074,774,774,2.49,14.269,High,3,0.0895
21193,Perry,Kentucky,11040,178.0,227.0,14.351,28.317,770,770,1.612,14.338,Medium,2,0.0245
48493,Wilson,Texas,11032,157.0,307.0,14.242,33.425,780,780,1.423,14.144,Medium,2,0.0296
28095,Monroe,Mississippi,10997,220.0,371.0,13.946,29.598,789,789,2.001,13.938,High,3,0.0533
51067,Franklin,Virginia,10984,198.0,367.0,14.032,27.236,784,784,1.803,14.01,High,3,0.0498
47021,Cheatham,Tennessee,10967,119.0,719.0,13.957,46.473,787,787,1.085,13.935,Low,2,0.0505
40113,Osage,Oklahoma,10965,167.0,736.0,14.072,51.478,780,780,1.523,14.058,Medium,2,0.0697
51171,Shenandoah,Virginia,10936,222.0,292.0,14.162,24.585,780,780,2.03,14.021,High,3,0.0695
17105,Livingston,Illinois,10928,149.0,368.0,13.972,29.305,783,783,1.363,13.957,Medium,2,0.0344
40083,Logan,Oklahoma,10911,160.0,814.0,13.892,60.312,786,786,1.466,13.882,Medium,2,0.0667
18061,Harrison,Indiana,10889,138.0,314.0,13.918,26.323,784,784,1.267,13.889,Medium,2,0.0316
48401,Rusk,Texas,10870,233.0,748.0,14.269,38.727,787,787,2.144,13.812,High,3,0.1092
41011,Coos,Oregon,10849,153.0,339.0,14.223,30.735,763,763,1.41,14.219,Medium,2,0.0278
49051,Wasatch,Utah,10804,35.0,500.0,13.697,31.425,789,789,0.324,13.693,Low,2,0.1183
18083,Knox,Indiana,10800,153.0,279.0,13.93,28.555,776,776,1.417,13.918,Medium,2,0.0237
47131,Obion,Tennessee,10786,195.0,876.0,13.919,52.183,776,776,1.808,13.899,High,3,0.0705
40121,Pittsburg,Oklahoma,10780,211.0,874.0,13.862,59.299,778,778,1.957,13.856,High,3,0.0788
36021,Columbia,New York,10772,141.0,203.0,13.725,21.387,785,785,1.309,13.722,Medium,2,0.0345
27085,McLeod,Minnesota,10753,108.0,199.0,13.984,24.907,770,770,1.004,13.965,Low,2,0.0573
6035,Lassen,California,10751,69.0,421.0,15.039,44.831,721,721,0.642,14.911,Low,2,0.0398
32019,Lyon,Nevada,10750,175.0,619.0,14.844,39.471,780,780,1.628,13.782,Medium,2,0.0361
21049,Clark,Kentucky,10749,68.0,315.0,13.622,27.539,790,790,0.633,13.606,Low,2,0.0399
18107,Montgomery,Indiana,10737,164.0,294.0,13.772,25.47,781,781,1.527,13.748,Medium,2,0.0481
17049,Effingham,Illinois,10711,150.0,269.0,13.934,24.974,771,771,1.4,13.892,Medium,2,0.0259
39071,Highland,Ohio,10675,184.0,245.0,13.697,22.889,781,781,1.724,13.668,High,2,0.0406
36077,Otsego,New York,10667,88.0,190.0,13.641,19.838,782,782,0.825,13.641,Low,2,0.0654
27147,Steele,Minnesota,10657,62.0,329.0,13.602,25.108,784,784,0.582,13.593,Low,2,0.062
12093,Okeechobee,Florida,10649,183.0,831.0,13.85,58.652,773,773,1.718,13.776,High,2,0.07
40135,Sequoyah,Oklahoma,10639,106.0,841.0,13.669,57.585,779,779,0.996,13.657,Low,2,0.0868
5063,Independence,Arkansas,10639,212.0,322.0,13.551,23.964,786,786,1.993,13.536,High,3,0.0494
53029,Island,Washington,10635,76.0,486.0,13.413,41.334,794,794,0.715,13.394,Low,2,0.0563
20057,Ford,Kansas,10629,113.0,597.0,13.511,36.061,788,788,1.063,13.489,Low,2,0.0462
22095,St. John the Baptist,Louisiana,10628,184.0,484.0,13.489,36.546,791,791,1.731,13.436,High,2,0.0577
28099,Neshoba,Mississippi,10622,241.0,314.0,13.73,28.239,778,778,2.269,13.653,High,3,0.0804
48463,Uvalde,Texas,10600,145.0,296.0,13.654,31.782,778,778,1.368,13.625,Medium,2,0.0289
29165,Platte,Missouri,10580,102.0,791.0,13.772,34.403,780,780,0.964,13.564,Low,2,0.0737
17203,Woodford,Illinois,10578,124.0,249.0,13.437,25.642,791,791,1.172,13.373,Low,2,0.0369
39059,Guernsey,Ohio,10567,151.0,195.0,13.697,20.905,772,772,1.429,13.688,Medium,2,0.0398
17157,Randolph,Illinois,10567,132.0,701.0,13.668,35.967,775,775,1.249,13.635,Medium,2,0.0445
28107,Panola,Mississippi,10566,169.0,300.0,13.485,27.258,784,784,1.599,13.477,Medium,2,0.0275
42103,Pike,Pennsylvania,10557,98.0,187.0,13.362,18.309,793,793,0.928,13.313,Low,2,0.0523
38105,Williams,North Dakota,10496,68.0,505.0,13.571,25.17,774,774,0.648,13.561,Low,2,0.0493
37003,Alexander,North Carolina,10479,139.0,366.0,13.668,29.022,775,775,1.326,13.521,Medium,2,0.0404
28151,Washington,Mississippi,10470,199.0,207.0,13.369,22.654,784,784,1.901,13.355,High,3,0.0306
42127,Wayne,Pennsylvania,10460,172.0,132.0,13.121,19.037,799,799,1.644,13.091,Medium,2,0.0398
26059,Hillsdale,Michigan,10453,204.0,261.0,13.508,27.266,781,781,1.952,13.384,High,3,0.0464
39051,Fulton,Ohio,10436,180.0,177.0,13.425,19.252,778,778,1.725,13.414,High,2,0.0399
39027,Clinton,Ohio,10410,168.0,215.0,13.298,22.349,783,783,1.614,13.295,Medium,2,0.0272
47117,Marshall,Tennessee,10403,124.0,681.0,13.449,47.01,775,775,1.192,13.423,Low,2,0.05
48467,Van Zandt,Texas,10399,280.0,436.0,13.887,35.905,786,786,2.693,13.23,High,3,0.1205
40097,Mayes,Oklahoma,10399,163.0,999.0,13.32,54.71,781,781,1.567,13.315,Medium,2,0.0941
69110,Saipan,Northern Mariana Islands,10397,33.0,4118.0,15.541,186.335,669,669,0.317,15.541,Low,2,0.6801
19187,Webster,Iowa,10384,164.0,529.0,13.641,41.136,778,778,1.579,13.347,Medium,2,0.0367
28115,Pontotoc,Mississippi,10364,145.0,234.0,13.239,23.883,783,783,1.399,13.236,Medium,2,0.0287
2050,Bethel Census Area,Alaska,10362,41.0,768.0,13.553,37.416,767,767,0.396,13.51,Low,2,0.1239
46013,Brown,South Dakota,10344,121.0,297.0,13.213,22.345,783,783,1.17,13.211,Low,2,0.0372
39091,Logan,Ohio,10333,173.0,185.0,13.223,19.052,782,782,1.674,13.214,Medium,2,0.0388
17021,Christian,Illinois,10330,131.0,286.0,13.177,26.914,785,785,1.268,13.159,Medium,2,0.0347
51185,Tazewell,Virginia,10329,175.0,160.0,13.356,22.859,776,776,1.694,13.311,Medium,2,0.0352
50011,Franklin,Vermont,10325,67.0,891.0,13.176,40.164,784,784,0.649,13.17,Low,2,0.0993
29161,Phelps,Missouri,10317,243.0,553.0,13.591,27.538,768,768,2.355,13.434,High,3,0.0924
51195,Wise,Virginia,10306,199.0,195.0,13.416,23.12,771,771,1.931,13.367,High,3,0.0367
12075,Levy,Florida,10284,169.0,666.0,13.231,55.949,778,778,1.643,13.219,Medium,2,0.04
39039,Defiance,Ohio,10275,165.0,177.0,13.111,18.355,784,784,1.606,13.106,Medium,2,0.0308
48325,Medina,Texas,10269,199.0,666.0,13.873,38.137,787,787,1.938,13.048,High,3,0.06
27059,Isanti,Minnesota,10263,117.0,191.0,13.24,21.396,776,776,1.14,13.226,Low,2,0.0439
17057,Fulton,Illinois,10257,135.0,352.0,13.45,28.963,764,764,1.316,13.425,Medium,2,0.0361
28149,Warren,Mississippi,10250,202.0,395.0,13.211,29.408,776,776,1.971,13.209,High,3,0.0498
23025,Somerset,Maine,10213,110.0,267.0,13.25,23.56,776,776,1.077,13.161,Low,2,0.0454
29023,Butler,Missouri,10206,169.0,466.0,13.321,24.838,773,773,1.656,13.203,Medium,2,0.0472
20035,Cowley,Kansas,10194,152.0,468.0,13.237,37.723,772,772,1.491,13.205,Medium,2,0.0335
13137,Habersham,Georgia,10192,264.0,241.0,13.293,22.379,778,778,2.59,13.1,High,3,0.1006
21177,Muhlenberg,Kentucky,10190,121.0,302.0,13.07,29.656,781,781,1.187,13.047,Low,2,0.0368
51199,York,Virginia,10189,109.0,509.0,12.932,28.607,789,789,1.07,12.914,Low,2,0.0431
31053,Dodge,Nebraska,10168,108.0,422.0,13.112,29.802,780,780,1.062,13.036,Low,2,0.0428
13299,Ware,Georgia,10167,281.0,506.0,13.169,27.496,780,780,2.764,13.035,High,3,0.1277
22069,Natchitoches,Louisiana,10162,167.0,503.0,13.098,31.486,782,782,1.643,12.995,Medium,2,0.0373
50003,Bennington,Vermont,10153,71.0,497.0,12.736,33.863,798,798,0.699,12.723,Low,2,0.049
51540,Charlottesville city,Virginia,10148,80.0,301.0,13.693,27.49,788,788,0.788,12.878,Low,2,0.0492
45023,Chester,South Carolina,10134,153.0,404.0,13.004,29.399,782,782,1.51,12.959,Medium,2,0.0337
37165,Scotland,North Carolina,10125,132.0,505.0,12.939,32.373,783,783,1.304,12.931,Medium,2,0.0419
1113,Russell,Alabama,10112,93.0,587.0,12.994,30.414,780,780,0.92,12.964,Low,2,0.0686
8117,Summit,Colorado,10087,15.0,411.0,12.809,31.073,792,792,0.149,12.736,Low,2,0.0926
20111,Lyon,Kansas,10084,122.0,669.0,12.895,39.111,782,782,1.21,12.895,Low,2,0.0553
1053,Escambia,Alabama,10081,171.0,421.0,12.994,26.658,778,778,1.696,12.958,Medium,2,0.0432
28003,Alcorn,Mississippi,10080,160.0,321.0,13.013,28.007,775,775,1.587,13.006,Medium,2,0.037
56039,Teton,Wyoming,10074,16.0,474.0,12.853,33.266,787,787,0.159,12.801,Low,2,0.0848
36033,Franklin,New York,10059,46.0,128.0,12.896,17.121,780,780,0.457,12.896,Low,2,0.1052
26041,Delta,Michigan,10050,157.0,577.0,12.992,32.712,775,775,1.562,12.968,Medium,2,0.0443
35039,Rio Arriba,New Mexico,10047,135.0,491.0,12.963,30.742,780,780,1.344,12.881,Medium,2,0.0375
47103,Lincoln,Tennessee,10003,170.0,790.0,12.857,46.119,781,781,1.699,12.808,Medium,2,0.0695
31157,Scotts Bluff,Nebraska,9997,102.0,467.0,12.979,40.662,776,776,1.02,12.883,Low,2,0.0495
47143,Rhea,Tennessee,9994,160.0,636.0,13.317,42.852,757,757,1.601,13.202,Medium,2,0.0417
12129,Wakulla,Florida,9972,125.0,661.0,12.867,54.885,776,776,1.254,12.851,Medium,2,0.0419
28093,Marshall,Mississippi,9941,174.0,223.0,12.685,23.58,785,785,1.75,12.664,High,2,0.058
22115,Vernon,Louisiana,9939,191.0,625.0,12.795,34.241,781,781,1.922,12.726,High,3,0.059
56001,Albany,Wyoming,9934,49.0,244.0,12.753,24.741,780,780,0.493,12.736,Low,2,0.0909
17107,Logan,Illinois,9922,100.0,413.0,12.881,30.082,772,772,1.008,12.852,Low,2,0.044
54099,Wayne,West Virginia,9915,125.0,143.0,13.025,20.127,765,765,1.261,12.961,Medium,2,0.0365
1059,Franklin,Alabama,9903,139.0,510.0,12.683,32.095,782,782,1.404,12.664,Medium,2,0.0542
17135,Montgomery,Illinois,9872,111.0,356.0,12.76,29.004,776,776,1.124,12.722,Low,2,0.0396
33003,Carroll,New Hampshire,9865,62.0,355.0,12.513,27.345,789,789,0.628,12.503,Low,2,0.0438
36017,Chenango,New York,9858,121.0,112.0,12.526,15.801,787,787,1.227,12.526,Medium,2,0.043
16011,Bingham,Idaho,9836,154.0,198.0,12.554,21.864,785,785,1.566,12.53,Medium,2,0.046
37099,Jackson,North Carolina,9794,96.0,325.0,12.915,25.109,761,761,0.98,12.87,Low,2,0.0422
54025,Greenbrier,West Virginia,9763,160.0,179.0,12.617,21.16,778,778,1.639,12.549,Medium,2,0.0314
39097,Madison,Ohio,9754,136.0,239.0,12.48,19.208,782,782,1.394,12.473,Medium,2,0.0305
28113,Pike,Mississippi,9751,189.0,355.0,12.425,26.817,785,785,1.938,12.422,High,3,0.0474
54045,Logan,West Virginia,9747,186.0,165.0,12.554,19.305,780,780,1.908,12.496,High,3,0.0215
18183,Whitley,Indiana,9740,84.0,196.0,12.541,21.864,778,778,0.862,12.519,Low,2,0.0521
45033,Dillon,South Carolina,9729,144.0,503.0,12.43,31.515,784,784,1.48,12.409,Medium,2,0.0353
33019,Sullivan,New Hampshire,9725,68.0,412.0,12.436,31.11,783,783,0.699,12.42,Low,2,0.0494
39107,Mercer,Ohio,9715,144.0,240.0,12.459,19.667,780,780,1.482,12.455,Medium,2,0.0465
31119,Madison,Nebraska,9705,69.0,859.0,12.891,45.231,782,782,0.711,12.41,Low,2,0.0999
19139,Muscatine,Iowa,9699,131.0,494.0,12.352,37.992,786,786,1.351,12.34,Medium,2,0.0364
48473,Waller,Texas,9695,108.0,276.0,12.75,18.692,776,776,1.114,12.494,Low,2,0.0387
48001,Anderson,Texas,9691,239.0,1051.0,16.173,65.701,773,773,2.466,12.537,High,3,0.1611
48265,Kerr,Texas,9690,182.0,489.0,12.624,30.27,773,773,1.878,12.536,High,3,0.0538
40111,Okmulgee,Oklahoma,9686,188.0,1048.0,12.443,52.585,779,779,1.941,12.434,High,3,0.1042
18151,Steuben,Indiana,9685,121.0,195.0,12.501,21.034,776,776,1.249,12.481,Medium,2,0.0357
17137,Morgan,Illinois,9661,145.0,429.0,12.39,31.642,780,780,1.501,12.386,Medium,2,0.0331
50027,Windsor,Vermont,9638,52.0,961.0,12.197,40.402,791,791,0.54,12.185,Low,2,0.1058
20079,Harvey,Kansas,9636,124.0,488.0,12.567,35.304,778,778,1.287,12.386,Medium,2,0.0435
17133,Monroe,Illinois,9633,131.0,288.0,12.361,26.048,782,782,1.36,12.318,Medium,2,0.0327
5091,Miller,Arkansas,9596,181.0,222.0,12.42,19.931,774,774,1.886,12.398,High,3,0.0326
47183,Weakley,Tennessee,9586,152.0,660.0,12.347,41.56,777,777,1.586,12.337,Medium,2,0.0441
13009,Baldwin,Georgia,9574,240.0,351.0,12.254,24.591,784,784,2.507,12.212,High,3,0.0616
54083,Randolph,West Virginia,9533,89.0,167.0,12.378,21.703,775,775,0.934,12.301,Low,2,0.045
55045,Green,Wisconsin,9528,54.0,265.0,12.14,22.209,785,785,0.567,12.138,Low,2,0.0727
39135,Preble,Ohio,9494,201.0,154.0,12.255,17.389,775,775,2.117,12.25,High,3,0.0564
21217,Taylor,Kentucky,9492,124.0,246.0,12.332,22.708,776,776,1.306,12.232,Medium,2,0.0296
19127,Marshall,Iowa,9488,112.0,486.0,12.204,37.824,778,778,1.18,12.195,Low,2,0.0499
28145,Union,Mississippi,9487,122.0,263.0,12.107,22.637,784,784,1.286,12.101,Medium,2,0.0363
5009,Boone,Arkansas,9468,180.0,149.0,12.05,17.347,786,786,1.901,12.046,High,3,0.0226
12027,DeSoto,Florida,9455,150.0,505.0,12.103,43.348,783,783,1.586,12.075,Medium,2,0.0413
37145,Person,North Carolina,9449,109.0,469.0,12.159,29.04,778,778,1.154,12.145,Low,2,0.0438
47055,Giles,Tennessee,9448,190.0,735.0,12.208,44.969,775,775,2.011,12.191,High,3,0.0874
20125,Montgomery,Kansas,9448,154.0,621.0,12.2,39.019,776,776,1.63,12.175,Medium,2,0.0349
18133,Putnam,Indiana,9427,129.0,236.0,12.065,21.622,783,783,1.368,12.04,Medium,2,0.0278
8085,Montrose,Colorado,9398,160.0,134.0,12.055,18.809,784,784,1.702,11.987,Medium,2,0.0323
18077,Jefferson,Indiana,9383,159.0,289.0,12.158,23.884,774,774,1.695,12.123,Medium,2,0.0318
54077,Preston,West Virginia,9367,137.0,346.0,12.48,21.706,781,781,1.463,11.994,Medium,2,0.0393
37017,Bladen,North Carolina,9365,127.0,517.0,12.188,31.084,771,771,1.356,12.147,Medium,2,0.035
1039,Covington,Alabama,9355,232.0,359.0,12.058,21.959,778,778,2.48,12.024,High,3,0.0627
28011,Bolivar,Mississippi,9354,179.0,197.0,11.983,21.423,787,787,1.914,11.886,High,3,0.0205
29029,Camden,Missouri,9331,180.0,224.0,11.995,18.443,782,782,1.929,11.932,High,3,0.0302
18103,Miami,Indiana,9292,159.0,284.0,11.889,21.203,784,784,1.711,11.852,High,2,0.0351
51683,Manassas city,Virginia,9281,71.0,290.0,12.054,24.704,780,780,0.765,11.899,Low,2,0.0401
36003,Allegany,New York,9275,155.0,75.0,11.755,14.64,789,789,1.671,11.755,Medium,2,0.0419
22011,Beauregard,Louisiana,9271,143.0,435.0,11.943,29.927,784,784,1.542,11.825,Medium,2,0.0456
5139,Union,Arkansas,9268,176.0,190.0,11.871,19.366,781,781,1.899,11.867,High,3,0.0226
20061,Geary,Kansas,9262,75.0,511.0,12.047,38.595,769,769,0.81,12.044,Low,2,0.0688
27097,Morrison,Minnesota,9262,105.0,355.0,12.279,22.522,755,755,1.134,12.268,Low,2,0.0375
18023,Clinton,Indiana,9259,127.0,218.0,11.925,20.966,778,778,1.372,11.901,Medium,2,0.0282
27017,Carlton,Minnesota,9257,97.0,216.0,12.004,22.768,774,774,1.048,11.96,Low,2,0.0442
27047,Freeborn,Minnesota,9250,75.0,317.0,11.981,22.693,773,773,0.811,11.966,Low,2,0.0476
53075,Whitman,Washington,9246,90.0,449.0,12.436,28.732,783,783,0.973,11.808,Low,2,0.0511
6005,Amador,California,9242,86.0,310.0,11.775,28.487,785,785,0.931,11.773,Low,2,0.0546
48477,Washington,Texas,9232,148.0,1535.0,11.889,62.175,777,777,1.603,11.882,Medium,2,0.1669
21095,Harlan,Kentucky,9222,211.0,282.0,12.532,23.577,737,737,2.288,12.513,High,3,0.0634
13029,Bryan,Georgia,9218,91.0,300.0,11.931,24.545,781,781,0.987,11.803,Low,2,0.0439
40115,Ottawa,Oklahoma,9204,127.0,600.0,11.824,41.543,779,779,1.38,11.815,Medium,2,0.0437
19057,Des Moines,Iowa,9192,139.0,297.0,11.842,32.409,779,779,1.512,11.8,Medium,2,0.035
29091,Howell,Missouri,9185,215.0,567.0,12.028,30.732,772,772,2.341,11.898,High,3,0.0707
48481,Wharton,Texas,9175,214.0,189.0,11.915,18.777,780,780,2.332,11.763,High,3,0.0616
18073,Jasper,Indiana,9159,149.0,190.0,11.781,19.35,780,780,1.627,11.742,Medium,2,0.0323
42035,Clinton,Pennsylvania,9157,127.0,139.0,11.885,17.289,771,771,1.387,11.877,Medium,2,0.0395
47077,Henderson,Tennessee,9150,160.0,782.0,11.917,43.972,769,769,1.749,11.899,High,2,0.0741
47025,Claiborne,Tennessee,9141,178.0,629.0,11.736,41.741,781,781,1.947,11.704,High,3,0.0576
42065,Jefferson,Pennsylvania,9121,235.0,93.0,11.898,15.872,767,767,2.576,11.892,High,3,0.0958
36073,Orleans,New York,9116,117.0,113.0,11.672,16.552,781,781,1.283,11.672,Medium,2,0.0462
47151,Scott,Tennessee,9097,117.0,628.0,11.634,42.401,784,784,1.286,11.603,Medium,2,0.0425
39171,Williams,Ohio,9090,164.0,113.0,11.894,17.109,772,772,1.804,11.775,High,3,0.0475
54051,Marshall,West Virginia,9085,155.0,175.0,11.617,17.897,784,784,1.706,11.588,High,2,0.0293
36039,Greene,New York,9055,130.0,148.0,11.466,18.093,790,790,1.436,11.462,Medium,2,0.0428
29225,Webster,Missouri,9053,148.0,459.0,11.752,23.759,775,775,1.635,11.681,Medium,2,0.0444
22047,Iberville,Louisiana,9023,153.0,438.0,11.658,28.419,786,786,1.696,11.48,Medium,2,0.0315
17103,Lee,Illinois,9020,118.0,267.0,11.744,23.553,770,770,1.308,11.714,Medium,2,0.0278
19179,Wapello,Iowa,9003,204.0,394.0,11.523,33.812,782,782,2.266,11.513,High,3,0.0685
48217,Hill,Texas,8991,192.0,1498.0,11.634,65.311,775,775,2.135,11.601,High,3,0.1724
48189,Hale,Texas,8989,245.0,157.0,12.832,25.604,780,780,2.726,11.524,High,3,0.1042
39079,Jackson,Ohio,8988,141.0,184.0,11.742,17.586,766,766,1.569,11.734,Medium,2,0.0381
47017,Carroll,Tennessee,8978,156.0,599.0,11.568,41.231,784,784,1.738,11.452,High,2,0.0542
16069,Nez Perce,Idaho,8969,148.0,166.0,11.5,22.509,780,780,1.65,11.499,Medium,2,0.0273
27119,Polk,Minnesota,8950,107.0,198.0,11.647,21.597,770,770,1.196,11.623,Low,2,0.0349
16017,Bonner,Idaho,8941,188.0,95.0,11.542,16.717,775,775,2.103,11.537,High,3,0.0477
27005,Becker,Minnesota,8934,93.0,153.0,11.734,19.112,763,763,1.041,11.709,Low,2,0.049
29169,Pulaski,Missouri,8918,116.0,567.0,11.473,32.247,785,785,1.301,11.361,Medium,2,0.0457
51149,Prince George,Virginia,8917,79.0,252.0,11.538,18.703,779,779,0.886,11.447,Low,2,0.0405
45029,Colleton,South Carolina,8913,221.0,381.0,11.421,28.119,783,783,2.48,11.383,High,3,0.0642
51173,Smyth,Virginia,8896,171.0,169.0,11.516,20.763,775,775,1.922,11.479,High,3,0.0273
42099,Perry,Pennsylvania,8873,185.0,92.0,11.427,14.705,777,777,2.085,11.42,High,3,0.051
47115,Marion,Tennessee,8870,132.0,562.0,11.345,40.97,783,783,1.488,11.328,Medium,2,0.0433
21013,Bell,Kentucky,8868,149.0,241.0,12.22,23.71,726,726,1.68,12.215,Medium,2,0.0347
5005,Baxter,Arkansas,8848,247.0,147.0,11.452,16.604,778,778,2.792,11.373,High,3,0.1018
26151,Sanilac,Michigan,8827,193.0,286.0,11.338,24.652,780,780,2.186,11.317,High,3,0.058
24047,Worcester,Maryland,8826,160.0,415.0,11.299,23.883,785,785,1.813,11.243,High,3,0.0381
13219,Oconee,Georgia,8820,107.0,380.0,11.274,24.586,785,785,1.213,11.236,Low,2,0.0461
39021,Champaign,Ohio,8819,147.0,175.0,11.298,16.452,781,781,1.667,11.292,Medium,2,0.0296
2110,Juneau City and Borough,Alaska,8798,19.0,508.0,11.261,33.178,782,782,0.216,11.251,Low,2,0.0999
48143,Erath,Texas,8790,123.0,721.0,11.526,31.988,780,780,1.399,11.269,Medium,2,0.0647
26107,Mecosta,Michigan,8784,108.0,293.0,11.285,25.587,779,779,1.23,11.276,Medium,2,0.0316
45027,Clarendon,South Carolina,8776,159.0,486.0,11.234,30.761,785,785,1.812,11.18,High,3,0.0485
47071,Hardin,Tennessee,8765,145.0,618.0,11.247,39.465,781,781,1.654,11.223,Medium,2,0.0445
18169,Wabash,Indiana,8750,157.0,167.0,11.27,19.013,777,777,1.794,11.261,High,3,0.0364
31111,Lincoln,Nebraska,8730,110.0,685.0,11.173,34.621,787,787,1.26,11.093,Medium,2,0.0527
12003,Baker,Florida,8712,142.0,615.0,11.051,44.932,790,790,1.63,11.028,Medium,2,0.0413
19099,Jasper,Iowa,8707,110.0,338.0,11.157,31.69,781,781,1.263,11.149,Medium,2,0.0394
31141,Platte,Nebraska,8706,75.0,623.0,11.514,32.243,777,777,0.861,11.205,Low,2,0.0857
12049,Hardee,Florida,8696,125.0,534.0,11.261,45.131,773,773,1.437,11.25,Medium,2,0.0456
36121,Wyoming,New York,8692,84.0,111.0,11.03,16.119,788,788,0.966,11.03,Low,2,0.0466
51187,Warren,Virginia,8675,157.0,283.0,11.193,20.0,779,779,1.81,11.136,High,3,0.0306
21043,Carter,Kentucky,8675,107.0,209.0,11.303,23.443,769,769,1.233,11.281,Medium,2,0.0294
48449,Titus,Texas,8673,128.0,390.0,11.349,24.771,771,771,1.476,11.249,Medium,2,0.0353
53047,Okanogan,Washington,8660,125.0,268.0,11.118,24.889,780,780,1.443,11.103,Medium,2,0.0364
78030,St. Thomas,Virgin Islands,8643,59.0,619.0,11.254,41.264,768,768,0.683,11.254,Low,2,0.0676
39123,Ottawa,Ohio,8618,138.0,162.0,11.107,16.137,777,777,1.601,11.091,Medium,2,0.0358
53037,Kittitas,Washington,8607,66.0,420.0,11.137,27.333,798,798,0.767,10.786,Low,2,0.0511
55085,Oneida,Wisconsin,8605,139.0,210.0,11.085,19.305,777,777,1.615,11.075,Medium,2,0.033
37139,Pasquotank,North Carolina,8571,125.0,238.0,10.948,21.083,785,785,1.458,10.918,Medium,2,0.0343
45067,Marion,South Carolina,8564,163.0,432.0,11.019,28.917,780,780,1.903,10.979,High,3,0.04
78010,St. Croix,Virgin Islands,8562,49.0,536.0,11.161,37.304,768,768,0.572,11.148,Low,2,0.0865
45089,Williamsburg,South Carolina,8557,146.0,377.0,11.005,27.409,780,780,1.706,10.971,High,2,0.0296
55121,Trempealeau,Wisconsin,8555,65.0,277.0,11.11,20.536,772,772,0.76,11.082,Low,2,0.0432
42059,Greene,Pennsylvania,8513,104.0,97.0,10.987,15.367,780,780,1.222,10.914,Medium,2,0.0404
30093,Silver Bow,Montana,8511,130.0,362.0,10.817,24.184,792,792,1.527,10.746,Medium,2,0.0334
48185,Grimes,Texas,8511,120.0,1164.0,11.182,51.339,780,780,1.41,10.912,Medium,2,0.132
1017,Chambers,Alabama,8508,162.0,315.0,10.905,20.764,786,786,1.904,10.824,High,3,0.0337
39137,Putnam,Ohio,8492,157.0,162.0,11.064,16.003,768,768,1.849,11.057,High,3,0.0589
47111,Macon,Tennessee,8478,145.0,502.0,10.927,36.78,779,779,1.71,10.883,High,2,0.0336
46029,Codington,South Dakota,8474,101.0,195.0,10.843,18.286,782,782,1.192,10.836,Low,2,0.0276
21021,Boyle,Kentucky,8473,132.0,323.0,11.171,24.042,777,777,1.558,10.905,Medium,2,0.0411
17011,Bureau,Illinois,8461,140.0,297.0,10.883,22.056,778,778,1.655,10.875,Medium,2,0.0285
1047,Dallas,Alabama,8429,244.0,421.0,10.896,25.595,780,780,2.895,10.806,High,3,0.1384
21157,Marshall,Kentucky,8421,112.0,285.0,10.876,23.951,775,775,1.33,10.866,Medium,2,0.0264
48025,Bee,Texas,8418,153.0,718.0,11.671,33.039,766,766,1.818,10.99,High,3,0.075
21035,Calloway,Kentucky,8414,94.0,227.0,10.741,21.164,785,785,1.117,10.718,Low,2,0.0479
22039,Evangeline,Louisiana,8398,159.0,385.0,10.948,24.277,784,784,1.893,10.712,High,3,0.033
13227,Pickens,Georgia,8392,167.0,241.0,10.721,19.379,785,785,1.99,10.69,High,3,0.0368
49039,Sanpete,Utah,8374,56.0,338.0,11.119,28.532,756,756,0.669,11.077,Low,2,0.0573
48321,Matagorda,Texas,8374,175.0,262.0,10.672,18.636,789,789,2.09,10.613,High,3,0.0481
21141,Logan,Kentucky,8369,126.0,234.0,10.752,21.336,782,782,1.506,10.702,Medium,2,0.029
18137,Ripley,Indiana,8360,138.0,226.0,10.732,19.615,783,783,1.651,10.677,Medium,2,0.0212
39127,Perry,Ohio,8356,125.0,133.0,10.801,16.408,774,774,1.496,10.796,Medium,2,0.0438
28085,Lincoln,Mississippi,8324,157.0,307.0,10.621,20.93,784,784,1.886,10.617,High,3,0.0349
42031,Clarion,Pennsylvania,8323,203.0,141.0,10.759,15.808,777,777,2.439,10.712,High,3,0.0928
47079,Henry,Tennessee,8310,163.0,471.0,10.727,34.072,776,776,1.961,10.709,High,3,0.0507
27103,Nicollet,Minnesota,8305,66.0,190.0,10.542,17.918,788,788,0.795,10.539,Low,2,0.0472
51730,Petersburg city,Virginia,8302,140.0,344.0,11.231,25.029,775,775,1.686,10.712,Medium,2,0.0361
42083,McKean,Pennsylvania,8298,141.0,142.0,10.689,16.264,777,777,1.699,10.68,Medium,2,0.0364
40015,Caddo,Oklahoma,8278,171.0,797.0,10.649,44.086,778,778,2.066,10.64,High,3,0.0779
53065,Stevens,Washington,8277,147.0,267.0,10.642,24.889,785,785,1.776,10.544,High,3,0.0407
42117,Tioga,Pennsylvania,8270,193.0,107.0,10.655,15.273,777,777,2.334,10.644,High,3,0.0607
48259,Kendall,Texas,8263,119.0,482.0,10.729,29.969,780,780,1.44,10.594,Medium,2,0.0372
36025,Delaware,New York,8261,72.0,118.0,10.417,14.485,793,793,0.872,10.417,Low,2,0.0432
41045,Malheur,Oregon,8251,108.0,188.0,10.68,19.356,774,774,1.309,10.66,Medium,2,0.0267
47185,White,Tennessee,8249,129.0,499.0,10.647,35.289,780,780,1.564,10.576,Medium,2,0.0403
28117,Prentiss,Mississippi,8245,103.0,268.0,10.587,21.598,780,780,1.249,10.571,Medium,2,0.0248
21173,Montgomery,Kentucky,8200,108.0,232.0,10.344,21.906,793,793,1.317,10.34,Medium,2,0.0238
29219,Warren,Missouri,8200,102.0,258.0,10.629,19.125,777,777,1.244,10.553,Medium,2,0.024
42115,Susquehanna,Pennsylvania,8188,110.0,145.0,10.526,15.08,779,779,1.343,10.511,Medium,2,0.0283
1093,Marion,Alabama,8157,152.0,360.0,10.452,24.138,784,784,1.863,10.404,High,3,0.0486
42109,Snyder,Pennsylvania,8149,158.0,169.0,10.516,14.768,777,777,1.939,10.488,High,3,0.032
46011,Brookings,South Dakota,8149,52.0,251.0,10.449,20.368,781,781,0.638,10.434,Low,2,0.0593
26063,Huron,Michigan,8138,147.0,265.0,10.496,22.372,778,778,1.806,10.46,High,3,0.0237
21085,Grayson,Kentucky,8121,134.0,223.0,10.503,21.599,780,780,1.65,10.412,Medium,2,0.0208
40089,McCurtain,Oklahoma,8117,166.0,645.0,10.532,37.715,771,771,2.045,10.528,High,3,0.0716
29105,Laclede,Missouri,8102,176.0,297.0,11.086,19.404,735,735,2.172,11.023,High,3,0.0534
56033,Sheridan,Wyoming,8097,78.0,196.0,10.224,19.933,794,794,0.963,10.198,Low,2,0.0412
29167,Polk,Missouri,8073,108.0,169.0,10.536,18.598,767,767,1.338,10.525,Medium,2,0.0227
49047,Uintah,Utah,8071,72.0,375.0,10.41,28.028,778,778,0.892,10.374,Low,2,0.0384
28163,Yazoo,Mississippi,8054,107.0,403.0,10.253,27.674,786,786,1.329,10.247,Medium,2,0.0416
5111,Poinsett,Arkansas,8052,127.0,119.0,10.248,15.288,786,786,1.577,10.244,Medium,2,0.0349
29127,Marion,Missouri,8051,118.0,466.0,10.786,25.825,756,756,1.466,10.649,Medium,2,0.0368
35006,Cibola,New Mexico,8048,189.0,265.0,10.355,22.562,781,781,2.348,10.305,High,3,0.0562
48499,Wood,Texas,8031,288.0,687.0,11.361,36.885,773,773,3.586,10.389,High,3,0.2543
39031,Coshocton,Ohio,8008,159.0,126.0,10.173,15.136,788,788,1.986,10.162,High,3,0.0364
40001,Adair,Oklahoma,8001,75.0,670.0,10.281,44.798,780,780,0.937,10.258,Low,2,0.0841
48073,Cherokee,Texas,7989,254.0,928.0,11.244,38.644,778,778,3.179,10.269,High,3,0.1881
41009,Columbia,Oregon,7987,95.0,201.0,10.314,20.767,778,778,1.189,10.266,Low,2,0.026
19167,Sioux,Iowa,7987,87.0,351.0,10.213,27.06,783,783,1.089,10.201,Low,2,0.0464
23009,Hancock,Maine,7983,87.0,457.0,10.353,25.783,773,773,1.09,10.327,Low,2,0.0508
26061,Houghton,Michigan,7982,92.0,349.0,10.31,25.553,775,775,1.153,10.299,Low,2,0.0329
37113,Macon,North Carolina,7978,121.0,265.0,10.385,19.371,772,772,1.517,10.334,Medium,2,0.0303
54059,Mingo,West Virginia,7968,123.0,127.0,10.492,15.483,762,762,1.544,10.457,Medium,2,0.0251
32005,Douglas,Nevada,7960,92.0,411.0,11.155,30.001,782,782,1.156,10.179,Low,2,0.0339
20113,McPherson,Kansas,7944,126.0,375.0,10.222,29.822,778,778,1.586,10.211,Medium,2,0.0367
18143,Scott,Indiana,7943,106.0,222.0,10.165,20.05,783,783,1.335,10.144,Medium,2,0.0195
17165,Saline,Illinois,7935,111.0,297.0,10.25,22.679,775,775,1.399,10.239,Medium,2,0.0269
40039,Custer,Oklahoma,7935,169.0,513.0,10.108,34.467,786,786,2.13,10.095,High,3,0.0704
48459,Upshur,Texas,7926,186.0,663.0,10.117,29.799,785,785,2.347,10.097,High,3,0.0719
54057,Mineral,West Virginia,7914,157.0,215.0,10.341,18.903,771,771,1.984,10.265,High,3,0.0295
40081,Lincoln,Oklahoma,7897,140.0,649.0,10.151,40.556,779,779,1.773,10.137,High,3,0.0742
48373,Polk,Texas,7896,247.0,238.0,10.183,24.648,776,776,3.128,10.175,High,3,0.1338
45069,Marlboro,South Carolina,7880,105.0,330.0,10.08,24.043,784,784,1.332,10.051,Medium,2,0.0275
19111,Lee,Iowa,7880,142.0,298.0,10.245,30.06,770,770,1.802,10.234,High,3,0.0262
22003,Allen,Louisiana,7880,141.0,419.0,10.229,29.711,782,782,1.789,10.077,High,3,0.0414
21051,Clay,Kentucky,7867,92.0,181.0,10.448,23.162,755,755,1.169,10.42,Low,2,0.0376
20121,Miami,Kansas,7865,93.0,389.0,10.14,27.617,777,777,1.182,10.122,Low,2,0.0355
55057,Juneau,Wisconsin,7859,69.0,301.0,10.095,22.039,780,780,0.878,10.076,Low,2,0.0337
21081,Grant,Kentucky,7855,62.0,306.0,10.144,20.049,777,777,0.789,10.109,Low,2,0.0438
39047,Fayette,Ohio,7846,121.0,154.0,10.074,16.16,780,780,1.542,10.059,Medium,2,0.022
39117,Morrow,Ohio,7845,103.0,107.0,10.159,14.643,773,773,1.313,10.149,Medium,2,0.0291
29107,Lafayette,Missouri,7832,134.0,420.0,10.179,20.464,782,782,1.711,10.015,High,2,0.0312
29069,Dunklin,Missouri,7824,117.0,292.0,10.06,20.349,785,785,1.495,9.967,Medium,2,0.0276
24019,Dorchester,Maryland,7819,108.0,499.0,10.135,26.141,773,773,1.381,10.115,Medium,2,0.0434
13305,Wayne,Georgia,7817,207.0,152.0,10.299,19.657,770,770,2.648,10.152,High,3,0.0942
13293,Upson,Georgia,7803,235.0,373.0,10.094,24.364,778,778,3.012,10.03,High,3,0.1425
29109,Lawrence,Missouri,7798,164.0,589.0,10.669,25.867,741,741,2.103,10.524,High,3,0.0626
47097,Lauderdale,Tennessee,7764,106.0,574.0,10.129,36.17,773,773,1.365,10.044,Medium,2,0.0477
6009,Calaveras,California,7754,120.0,279.0,10.009,23.351,781,781,1.548,9.928,Medium,2,0.032
48219,Hockley,Texas,7750,161.0,1065.0,9.906,41.809,785,785,2.077,9.873,High,3,0.1179
45087,Union,South Carolina,7750,150.0,361.0,9.964,24.565,780,780,1.935,9.936,High,3,0.0421
55019,Clark,Wisconsin,7694,122.0,148.0,9.933,16.983,779,779,1.586,9.877,Medium,2,0.0298
1079,Lawrence,Alabama,7682,160.0,374.0,9.858,23.978,780,780,2.083,9.849,High,3,0.0525
47109,McNairy,Tennessee,7662,120.0,505.0,9.974,35.193,776,776,1.566,9.874,Medium,2,0.0432
51023,Botetourt,Virginia,7607,101.0,206.0,9.765,18.453,784,784,1.328,9.703,Medium,2,0.0201
47069,Hardeman,Tennessee,7606,116.0,372.0,9.867,28.18,777,777,1.525,9.789,Medium,2,0.0346
1109,Pike,Alabama,7590,134.0,373.0,9.787,21.425,780,780,1.765,9.731,High,3,0.0358
19125,Marion,Iowa,7590,125.0,301.0,9.906,27.693,768,768,1.647,9.883,Medium,2,0.0254
1133,Winston,Alabama,7576,131.0,512.0,9.808,25.547,778,778,1.729,9.738,High,2,0.0392
37055,Dare,North Carolina,7565,27.0,455.0,9.829,26.469,772,772,0.357,9.799,Low,2,0.0882
39053,Gallia,Ohio,7565,127.0,140.0,9.674,15.356,783,783,1.679,9.662,Medium,2,0.0386
51197,Wythe,Virginia,7557,149.0,167.0,9.764,16.886,776,776,1.972,9.738,High,3,0.0336
12007,Bradford,Florida,7538,150.0,455.0,9.642,37.615,783,783,1.99,9.627,High,3,0.0531
32023,Nye,Nevada,7514,241.0,481.0,9.622,23.539,785,785,3.207,9.572,High,3,0.139
17145,Perry,Illinois,7509,107.0,341.0,9.864,23.877,763,763,1.425,9.841,Medium,2,0.0321
42123,Warren,Pennsylvania,7506,212.0,110.0,9.631,16.489,780,780,2.824,9.623,High,3,0.0906
18027,Daviess,Indiana,7496,154.0,164.0,9.761,17.37,769,769,2.054,9.748,High,3,0.042
39131,Pike,Ohio,7493,123.0,214.0,9.646,17.094,777,777,1.642,9.644,Medium,2,0.0261
26043,Dickinson,Michigan,7490,110.0,402.0,9.72,26.251,772,772,1.469,9.702,Medium,2,0.0369
13053,Chattahoochee,Georgia,7486,22.0,137.0,9.658,16.187,778,778,0.294,9.622,Low,2,0.0772
8075,Logan,Colorado,7480,109.0,182.0,9.605,18.769,782,782,1.457,9.565,Medium,2,0.0317
6093,Siskiyou,California,7478,105.0,458.0,9.538,25.384,784,784,1.404,9.538,Medium,2,0.037
51073,Gloucester,Virginia,7453,104.0,322.0,9.541,22.463,785,785,1.395,9.494,Medium,2,0.0267
28057,Itawamba,Mississippi,7430,144.0,176.0,9.487,18.299,784,784,1.938,9.477,High,3,0.0225
48097,Cooke,Texas,7409,134.0,265.0,9.711,22.838,764,764,1.809,9.698,High,3,0.025
21167,Mercer,Kentucky,7401,106.0,199.0,9.61,20.154,779,779,1.432,9.501,Medium,2,0.0353
28137,Tate,Mississippi,7396,143.0,209.0,9.46,18.463,783,783,1.933,9.446,High,3,0.0227
51093,Isle of Wight,Virginia,7395,119.0,247.0,9.454,17.942,784,784,1.609,9.432,Medium,2,0.026
13177,Lee,Georgia,7387,103.0,220.0,9.418,20.141,794,794,1.394,9.304,Medium,2,0.0228
54067,Nicholas,West Virginia,7378,97.0,119.0,9.639,14.477,767,767,1.315,9.619,Medium,2,0.0262
22031,De Soto,Louisiana,7362,135.0,346.0,9.466,23.331,785,785,1.834,9.378,High,3,0.0382
28139,Tippah,Mississippi,7361,109.0,246.0,9.377,18.929,785,785,1.481,9.377,Medium,2,0.0303
27095,Mille Lacs,Minnesota,7356,114.0,101.0,9.715,15.328,758,758,1.55,9.704,Medium,2,0.0244
22041,Franklin,Louisiana,7352,178.0,506.0,9.553,25.245,777,777,2.421,9.462,High,3,0.1026
51155,Pulaski,Virginia,7343,138.0,163.0,9.542,17.339,771,771,1.879,9.524,High,3,0.0473
22121,West Baton Rouge,Louisiana,7335,90.0,381.0,9.415,26.445,786,786,1.227,9.332,Medium,2,0.0432
18001,Adams,Indiana,7331,112.0,126.0,9.328,15.35,795,795,1.528,9.221,Medium,2,0.0296
28083,Leflore,Mississippi,7326,169.0,321.0,9.256,21.579,792,792,2.307,9.25,High,3,0.0492
22037,East Feliciana,Louisiana,7324,170.0,569.0,9.615,32.257,779,779,2.321,9.402,High,3,0.0655
41031,Jefferson,Oregon,7319,92.0,239.0,9.655,21.556,760,760,1.257,9.63,Medium,2,0.0267
51009,Amherst,Virginia,7316,89.0,184.0,9.434,16.726,783,783,1.217,9.344,Low,2,0.0239
21183,Ohio,Kentucky,7313,103.0,235.0,9.574,19.463,770,770,1.408,9.497,Medium,2,0.0259
37123,Montgomery,North Carolina,7308,129.0,370.0,9.38,22.394,781,781,1.765,9.357,High,3,0.0346
48273,Kleberg,Texas,7304,147.0,322.0,9.545,20.302,776,776,2.013,9.412,High,3,0.0474
17109,McDonough,Illinois,7303,105.0,351.0,9.599,20.737,763,763,1.438,9.571,Medium,2,0.0311
17075,Iroquois,Illinois,7294,118.0,210.0,9.395,17.054,778,778,1.618,9.375,Medium,2,0.0263
28029,Copiah,Mississippi,7287,121.0,309.0,9.212,20.076,792,792,1.66,9.201,Medium,2,0.0329
13087,Decatur,Georgia,7269,131.0,153.0,9.414,16.517,780,780,1.802,9.319,High,3,0.0337
16039,Elmore,Idaho,7264,70.0,143.0,9.381,16.577,775,775,0.964,9.373,Low,2,0.038
48223,Hopkins,Texas,7264,180.0,970.0,10.224,45.264,780,780,2.478,9.313,High,3,0.138
18055,Greene,Indiana,7262,139.0,158.0,9.393,16.48,776,776,1.914,9.358,High,3,0.0311
48067,Cass,Texas,7260,197.0,365.0,9.296,19.917,785,785,2.713,9.248,High,3,0.0952
13187,Lumpkin,Georgia,7258,132.0,223.0,9.272,18.786,784,784,1.819,9.258,High,3,0.0292
24035,Queen Anne's,Maryland,7246,110.0,745.0,9.276,29.985,782,782,1.518,9.266,Medium,2,0.0932
28001,Adams,Mississippi,7224,143.0,309.0,9.206,19.187,785,785,1.98,9.203,High,3,0.0392
41041,Lincoln,Oregon,7223,86.0,209.0,9.278,21.846,780,780,1.191,9.26,Low,2,0.0277
51083,Halifax,Virginia,7217,159.0,227.0,9.256,18.73,781,781,2.203,9.241,High,3,0.0343
42047,Elk,Pennsylvania,7193,101.0,101.0,9.408,14.031,767,767,1.404,9.378,Medium,2,0.0279
55069,Lincoln,Wisconsin,7188,148.0,140.0,9.689,15.505,743,743,2.059,9.674,High,3,0.0385
27115,Pine,Minnesota,7175,67.0,148.0,9.373,16.028,766,766,0.934,9.367,Low,2,0.0422
5123,St. Francis,Arkansas,7170,96.0,235.0,9.258,17.43,775,775,1.339,9.252,Medium,2,0.0208
26165,Wexford,Michigan,7169,107.0,256.0,9.161,21.796,784,784,1.493,9.144,Medium,2,0.0272
20051,Ellis,Kansas,7165,84.0,350.0,9.394,25.573,763,763,1.172,9.391,Low,2,0.0286
28039,George,Mississippi,7163,87.0,265.0,9.152,22.019,784,784,1.215,9.136,Low,2,0.0269
47133,Overton,Tennessee,7157,123.0,489.0,9.186,29.921,781,781,1.719,9.164,High,2,0.0353
17051,Fayette,Illinois,7155,104.0,222.0,9.228,18.832,777,777,1.454,9.208,Medium,2,0.0266
1025,Clarke,Alabama,7154,101.0,350.0,9.344,24.178,773,773,1.412,9.255,Medium,2,0.0286
33007,Coos,New Hampshire,7140,113.0,385.0,9.267,23.133,771,771,1.583,9.261,Medium,2,0.0323
21133,Letcher,Kentucky,7140,114.0,179.0,9.307,19.002,769,769,1.597,9.285,Medium,2,0.0274
39065,Hardin,Ohio,7138,158.0,136.0,9.255,13.864,772,772,2.214,9.246,High,3,0.0399
27083,Lyon,Minnesota,7131,73.0,152.0,9.222,15.354,774,774,1.024,9.213,Low,2,0.0305
37039,Cherokee,North Carolina,7126,122.0,242.0,9.165,19.747,783,783,1.712,9.101,High,2,0.0476
27021,Cass,Minnesota,7123,81.0,139.0,9.143,15.698,782,782,1.137,9.109,Low,2,0.0392
13279,Toombs,Georgia,7114,202.0,122.0,9.276,15.006,779,779,2.839,9.132,High,3,0.0909
38093,Stutsman,North Dakota,7113,97.0,137.0,9.302,17.556,766,766,1.364,9.286,Medium,2,0.0316
55029,Door,Wisconsin,7097,71.0,230.0,9.173,19.665,775,775,1.0,9.157,Low,2,0.0307
30081,Ravalli,Montana,7089,164.0,237.0,9.106,18.157,784,784,2.313,9.042,High,3,0.0465
48489,Willacy,Texas,7089,130.0,300.0,9.274,20.483,778,778,1.834,9.112,High,3,0.0347
28031,Covington,Mississippi,7086,113.0,283.0,9.172,21.263,777,777,1.595,9.12,Medium,2,0.0255
40049,Garvin,Oklahoma,7068,148.0,510.0,9.031,32.016,785,785,2.094,9.004,High,3,0.0573
18031,Decatur,Indiana,7061,147.0,199.0,9.086,17.336,781,781,2.082,9.041,High,3,0.0359
51001,Accomack,Virginia,7054,106.0,365.0,9.043,23.585,785,785,1.503,8.986,Medium,2,0.0322
48363,Palo Pinto,Texas,7052,154.0,204.0,9.145,20.511,772,772,2.184,9.135,High,3,0.0327
54109,Wyoming,West Virginia,7044,116.0,148.0,9.201,16.62,767,767,1.647,9.184,Medium,2,0.0267
46093,Meade,South Dakota,7042,64.0,224.0,9.042,16.947,780,780,0.909,9.028,Low,2,0.0363
28127,Simpson,Mississippi,7026,149.0,214.0,8.972,16.766,784,784,2.121,8.962,High,3,0.0263
39001,Adams,Ohio,7022,148.0,153.0,9.13,14.767,770,770,2.108,9.119,High,3,0.0246
20059,Franklin,Kansas,7018,81.0,322.0,8.877,25.226,791,791,1.154,8.872,Low,2,0.0297
12123,Taylor,Florida,7015,102.0,586.0,9.164,42.252,767,767,1.454,9.146,Medium,2,0.0485
18079,Jennings,Indiana,6995,108.0,197.0,8.914,17.42,787,787,1.544,8.888,Medium,2,0.0253
50025,Windham,Vermont,6994,36.0,918.0,9.064,36.425,784,784,0.515,8.921,Low,2,0.115
27105,Nobles,Minnesota,6981,60.0,170.0,9.161,16.613,764,764,0.859,9.137,Low,2,0.037
21239,Woodford,Kentucky,6978,49.0,304.0,9.048,21.075,778,778,0.702,8.969,Low,2,0.041
51033,Caroline,Virginia,6976,85.0,217.0,9.198,17.683,771,771,1.218,9.048,Low,2,0.021
28091,Marion,Mississippi,6974,135.0,239.0,8.932,20.159,782,782,1.936,8.918,High,3,0.0221
13085,Dawson,Georgia,6964,101.0,303.0,8.918,19.116,785,785,1.45,8.871,Medium,2,0.0281
13123,Gilmer,Georgia,6960,178.0,219.0,9.065,15.726,775,775,2.557,8.981,High,3,0.0725
13195,Madison,Georgia,6950,110.0,244.0,8.925,17.977,782,782,1.583,8.887,Medium,2,0.026
22053,Jefferson Davis,Louisiana,6942,157.0,318.0,9.063,20.198,780,780,2.262,8.9,High,3,0.0583
18181,White,Indiana,6934,97.0,137.0,8.942,14.893,777,777,1.399,8.924,Medium,2,0.0194
51137,Orange,Virginia,6928,86.0,201.0,9.172,18.124,780,780,1.241,8.882,Medium,2,0.0232
54097,Upshur,West Virginia,6928,95.0,87.0,9.031,13.738,779,779,1.371,8.893,Medium,2,0.0329
22111,Union,Louisiana,6928,135.0,474.0,9.067,24.425,780,780,1.949,8.882,High,3,0.0486
54035,Jackson,West Virginia,6926,135.0,118.0,8.921,14.134,785,785,1.949,8.823,High,3,0.0346
20175,Seward,Kansas,6920,61.0,258.0,9.07,23.916,767,767,0.882,9.022,Low,2,0.031
31043,Dakota,Nebraska,6909,82.0,361.0,9.14,26.935,762,762,1.187,9.067,Low,2,0.0347
27153,Todd,Minnesota,6898,58.0,121.0,9.064,14.345,762,762,0.841,9.052,Low,2,0.0481
48147,Fannin,Texas,6897,184.0,199.0,9.009,18.589,785,785,2.668,8.786,High,3,0.0714
51167,Russell,Virginia,6877,114.0,123.0,9.066,15.844,768,768,1.658,8.954,Medium,2,0.0277
48227,Howard,Texas,6876,184.0,1304.0,10.115,50.096,764,764,2.676,9.0,High,3,0.2736
26105,Mason,Michigan,6873,96.0,213.0,8.982,21.162,767,767,1.397,8.961,Medium,2,0.0212
18041,Fayette,Indiana,6871,146.0,168.0,8.762,16.229,787,787,2.125,8.731,High,3,0.0225
22067,Morehouse,Louisiana,6871,134.0,341.0,8.874,21.249,780,780,1.95,8.809,High,3,0.0366
5149,Yell,Arkansas,6859,106.0,126.0,8.927,14.39,769,769,1.545,8.919,Medium,2,0.0241
13311,White,Georgia,6857,163.0,199.0,8.826,17.219,780,780,2.377,8.791,High,3,0.0476
18021,Clay,Indiana,6856,88.0,148.0,8.86,16.517,776,776,1.284,8.835,Medium,2,0.0263
47081,Hickman,Tennessee,6850,110.0,347.0,8.878,27.475,773,773,1.606,8.862,Medium,2,0.023
13261,Sumter,Georgia,6845,170.0,304.0,8.758,20.786,785,785,2.484,8.72,High,3,0.0616
51109,Louisa,Virginia,6842,85.0,186.0,8.797,17.759,783,783,1.242,8.738,Medium,2,0.0217
26035,Clare,Michigan,6834,157.0,238.0,8.732,19.437,784,784,2.297,8.717,High,3,0.045
5071,Johnson,Arkansas,6830,87.0,124.0,8.811,13.669,777,777,1.274,8.79,Medium,2,0.026
54029,Hancock,West Virginia,6809,142.0,155.0,8.814,14.519,778,778,2.085,8.752,High,3,0.0354
16057,Latah,Idaho,6801,49.0,147.0,8.805,16.029,773,773,0.72,8.798,Low,2,0.0395
56029,Park,Wyoming,6801,144.0,112.0,8.713,14.835,788,788,2.117,8.631,High,3,0.0202
47057,Grainger,Tennessee,6793,109.0,386.0,8.823,28.972,773,773,1.605,8.788,Medium,2,0.0247
45037,Edgefield,South Carolina,6779,71.0,245.0,8.67,20.199,784,784,1.047,8.647,Low,2,0.0328
39161,Van Wert,Ohio,6755,148.0,155.0,8.717,13.441,777,777,2.191,8.694,High,3,0.0278
48233,Hutchinson,Texas,6755,135.0,1041.0,8.839,41.16,770,770,1.999,8.773,High,3,0.1125
35017,Grant,New Mexico,6748,90.0,202.0,8.746,19.432,773,773,1.334,8.73,Medium,2,0.0189
51035,Carroll,Virginia,6747,148.0,162.0,8.758,14.06,774,774,2.194,8.717,High,3,0.0274
21205,Rowan,Kentucky,6739,69.0,205.0,8.862,16.094,763,763,1.024,8.832,Low,2,0.0247
22083,Richland,Louisiana,6732,97.0,454.0,8.721,23.372,782,782,1.441,8.609,Medium,2,0.0406
39073,Hocking,Ohio,6731,123.0,100.0,8.827,13.223,763,763,1.827,8.822,High,3,0.0384
51775,Salem city,Virginia,6730,105.0,262.0,9.101,20.251,772,772,1.56,8.718,Medium,2,0.0293
35029,Luna,New Mexico,6725,129.0,175.0,8.827,17.002,764,764,1.918,8.802,High,3,0.0277
54053,Mason,West Virginia,6703,93.0,106.0,8.633,14.056,779,779,1.387,8.605,Medium,2,0.0261
13055,Chattooga,Georgia,6687,134.0,188.0,8.554,16.497,783,783,2.004,8.54,High,3,0.0344
8097,Pitkin,Colorado,6676,7.0,472.0,8.518,25.444,794,794,0.105,8.408,Low,2,0.1044
54005,Boone,West Virginia,6660,77.0,135.0,8.766,13.624,766,766,1.156,8.695,Low,2,0.034
31001,Adams,Nebraska,6660,73.0,307.0,8.521,19.606,787,787,1.096,8.463,Low,2,0.044
45001,Abbeville,South Carolina,6655,70.0,509.0,8.511,26.938,786,786,1.052,8.467,Low,2,0.0708
29009,Barry,Missouri,6648,132.0,663.0,8.621,26.594,778,778,1.986,8.545,High,3,0.0555
12133,Washington,Florida,6642,110.0,485.0,8.562,36.711,779,779,1.656,8.526,Medium,2,0.0341
20099,Labette,Kansas,6636,74.0,437.0,8.63,27.087,774,774,1.115,8.574,Low,2,0.0539
30047,Lake,Montana,6634,100.0,182.0,8.576,17.832,778,778,1.507,8.527,Medium,2,0.0313
6021,Glenn,California,6631,67.0,257.0,8.55,19.743,777,777,1.01,8.534,Low,2,0.0285
27015,Brown,Minnesota,6624,81.0,145.0,8.575,14.636,774,774,1.223,8.558,Medium,2,0.0266
21005,Anderson,Kentucky,6620,70.0,175.0,8.474,17.03,784,784,1.057,8.444,Low,2,0.0313
50019,Orleans,Vermont,6610,38.0,919.0,8.469,35.028,781,781,0.575,8.464,Low,2,0.115
17041,Douglas,Illinois,6609,61.0,251.0,8.501,19.419,780,780,0.923,8.473,Low,2,0.0389
26047,Emmet,Michigan,6608,87.0,208.0,8.453,16.994,783,783,1.317,8.439,Medium,2,0.0258
46081,Lawrence,South Dakota,6605,83.0,143.0,8.504,15.22,778,778,1.257,8.49,Medium,2,0.0232
21003,Allen,Kentucky,6601,107.0,182.0,8.455,17.604,783,783,1.621,8.43,Medium,2,0.0236
32001,Churchill,Nevada,6599,110.0,200.0,8.748,20.018,761,761,1.667,8.671,Medium,2,0.0316
27079,Le Sueur,Minnesota,6586,51.0,111.0,8.42,13.075,783,783,0.774,8.411,Low,2,0.0332
18129,Posey,Indiana,6580,58.0,185.0,8.454,16.836,779,779,0.881,8.447,Low,2,0.0298
40065,Jackson,Oklahoma,6575,108.0,493.0,8.321,34.346,791,791,1.643,8.312,Medium,2,0.0352
37007,Anson,North Carolina,6567,101.0,253.0,8.516,19.621,774,774,1.538,8.484,Medium,2,0.0328
8107,Routt,Colorado,6562,25.0,276.0,8.324,17.678,792,792,0.381,8.285,Low,2,0.0642
28123,Scott,Mississippi,6559,119.0,137.0,8.365,13.88,786,786,1.814,8.345,High,3,0.0294
13035,Butts,Georgia,6556,157.0,222.0,8.433,16.116,783,783,2.395,8.373,High,3,0.0444
18179,Wells,Indiana,6523,132.0,93.0,8.277,13.507,791,791,2.024,8.247,High,3,0.0395
55137,Waushara,Wisconsin,6522,87.0,210.0,8.513,17.611,768,768,1.334,8.492,Medium,2,0.0204
22075,Plaquemines,Louisiana,6509,45.0,291.0,8.377,22.657,786,786,0.691,8.281,Low,2,0.04
20009,Barton,Kansas,6508,96.0,303.0,8.451,22.105,774,774,1.475,8.408,Medium,2,0.0319
1061,Geneva,Alabama,6494,164.0,245.0,8.552,16.485,762,762,2.525,8.522,High,3,0.0509
21137,Lincoln,Kentucky,6487,137.0,96.0,8.472,14.22,772,772,2.112,8.403,High,3,0.0243
48123,DeWitt,Texas,6486,99.0,2104.0,8.385,78.61,786,786,1.526,8.252,Medium,2,0.2833
28027,Coahoma,Mississippi,6486,126.0,222.0,8.25,17.286,787,787,1.943,8.241,High,3,0.0224
39069,Henry,Ohio,6485,106.0,121.0,8.479,12.595,766,766,1.635,8.466,Medium,2,0.0309
37009,Ashe,North Carolina,6471,78.0,222.0,8.436,17.775,770,770,1.205,8.404,Low,2,0.0266
23027,Waldo,Maine,6467,58.0,318.0,8.282,19.866,781,781,0.897,8.28,Low,2,0.0248
5023,Cleburne,Arkansas,6466,128.0,175.0,8.21,15.19,789,789,1.98,8.195,High,3,0.0277
1007,Bibb,Alabama,6457,105.0,254.0,8.359,17.279,775,775,1.626,8.332,Medium,2,0.0307
21207,Russell,Kentucky,6446,87.0,163.0,8.336,16.868,774,774,1.35,8.328,Medium,2,0.0258
51840,Winchester city,Virginia,6440,81.0,251.0,8.401,17.722,776,776,1.258,8.299,Medium,2,0.023
21155,Marion,Kentucky,6433,85.0,142.0,8.339,15.741,775,775,1.321,8.301,Medium,2,0.0236
19021,Buena Vista,Iowa,6428,58.0,365.0,8.4,26.346,767,767,0.902,8.381,Low,2,0.0276
28079,Leake,Mississippi,6427,120.0,179.0,8.204,16.817,784,784,1.867,8.198,High,3,0.0392
26127,Oceana,Michigan,6422,90.0,161.0,8.261,16.695,779,779,1.401,8.244,Medium,2,0.0219
21097,Harrison,Kentucky,6417,76.0,240.0,8.07,17.566,797,797,1.184,8.051,Low,2,0.0299
36049,Lewis,New York,6417,49.0,67.0,8.272,10.864,776,776,0.764,8.269,Low,2,0.0369
23013,Knox,Maine,6414,38.0,232.0,8.219,19.356,782,782,0.592,8.202,Low,2,0.0448
36099,Seneca,New York,6391,91.0,81.0,8.257,11.987,774,774,1.424,8.257,Medium,2,0.0365
6015,Del Norte,California,6381,50.0,180.0,8.266,19.953,772,772,0.784,8.266,Low,2,0.0372
22085,Sabine,Louisiana,6343,113.0,314.0,8.299,18.605,776,776,1.781,8.174,High,3,0.0306
13257,Stephens,Georgia,6340,159.0,144.0,8.159,13.69,781,781,2.508,8.118,High,3,0.0441
19149,Plymouth,Iowa,6330,100.0,269.0,8.224,20.517,771,771,1.58,8.21,Medium,2,0.0245
17083,Jersey,Illinois,6320,91.0,233.0,8.208,18.251,771,771,1.44,8.197,Medium,2,0.0251
22077,Pointe Coupee,Louisiana,6297,94.0,438.0,8.213,23.88,779,779,1.493,8.083,Medium,2,0.0397
47041,DeKalb,Tennessee,6288,101.0,393.0,8.131,27.742,781,781,1.606,8.051,Medium,2,0.0247
29195,Saline,Missouri,6288,107.0,437.0,8.285,19.859,771,771,1.702,8.156,Medium,2,0.0419
17173,Shelby,Illinois,6262,80.0,186.0,8.177,15.119,767,767,1.278,8.164,Medium,2,0.0242
17033,Crawford,Illinois,6249,61.0,313.0,8.088,20.227,775,775,0.976,8.063,Low,2,0.0373
2180,Nome Census Area,Alaska,6245,5.0,222.0,8.232,27.422,759,759,0.08,8.228,Low,2,0.0895
55123,Vernon,Wisconsin,6239,98.0,178.0,8.336,15.017,750,750,1.571,8.319,Medium,2,0.0316
13225,Peach,Georgia,6239,133.0,235.0,7.967,15.86,786,786,2.132,7.938,High,3,0.0352
8029,Delta,Colorado,6232,140.0,100.0,8.09,13.194,781,781,2.246,7.98,High,3,0.0553
8083,Montezuma,Colorado,6229,81.0,125.0,8.156,15.29,776,776,1.3,8.027,Medium,2,0.0314
51117,Mecklenburg,Virginia,6217,123.0,198.0,7.955,16.341,784,784,1.978,7.93,High,3,0.0272
51105,Lee,Virginia,6214,94.0,139.0,7.992,15.564,783,783,1.513,7.936,Medium,2,0.0309
47129,Morgan,Tennessee,6209,87.0,435.0,8.021,29.106,777,777,1.401,7.991,Medium,2,0.0361
37175,Transylvania,North Carolina,6199,77.0,159.0,8.004,15.355,781,781,1.242,7.937,Medium,2,0.0211
48179,Gray,Texas,6195,125.0,669.0,8.272,32.197,773,773,2.018,8.014,High,3,0.0608
47075,Haywood,Tennessee,6191,102.0,415.0,8.013,29.137,776,776,1.648,7.978,Medium,2,0.0295
21115,Johnson,Kentucky,6173,118.0,113.0,8.044,14.157,769,769,1.912,8.027,High,3,0.0286
28141,Tishomingo,Mississippi,6172,122.0,244.0,7.982,16.798,774,774,1.977,7.974,High,3,0.0296
47159,Smith,Tennessee,6171,85.0,363.0,7.979,25.097,778,778,1.377,7.932,Medium,2,0.0293
24011,Caroline,Maryland,6159,80.0,516.0,7.87,23.212,784,784,1.299,7.856,Medium,2,0.0571
20021,Cherokee,Kansas,6158,85.0,364.0,7.844,22.645,786,786,1.38,7.835,Medium,2,0.027
41013,Crook,Oregon,6158,79.0,231.0,8.003,18.338,771,771,1.283,7.987,Medium,2,0.0299
40133,Seminole,Oklahoma,6142,135.0,450.0,7.92,31.012,776,776,2.198,7.915,High,3,0.0667
31025,Cass,Nebraska,6141,42.0,130.0,7.908,14.424,793,793,0.684,7.744,Low,2,0.025
51670,Hopewell city,Virginia,6141,119.0,222.0,8.13,17.415,777,777,1.938,7.903,High,3,0.0238
29207,Stoddard,Missouri,6139,130.0,142.0,7.949,12.993,779,779,2.118,7.881,High,3,0.0256
5015,Carroll,Arkansas,6138,102.0,81.0,7.957,11.312,773,773,1.662,7.94,Medium,2,0.034
5067,Jackson,Arkansas,6135,63.0,137.0,8.078,14.587,761,761,1.027,8.062,Low,2,0.0302
36031,Essex,New York,6124,61.0,107.0,7.799,11.919,787,787,0.996,7.781,Low,2,0.0237
29131,Miller,Missouri,6123,123.0,165.0,8.096,14.012,759,759,2.009,8.067,High,3,0.0311
38079,Rolette,North Dakota,6121,43.0,156.0,8.041,16.351,763,763,0.702,8.022,Low,2,0.0266
37117,Martin,North Carolina,6112,93.0,357.0,7.912,20.698,774,774,1.522,7.897,Medium,2,0.0335
21231,Wayne,Kentucky,6107,92.0,301.0,7.855,20.021,780,780,1.506,7.829,Medium,2,0.0284
48241,Jasper,Texas,6102,187.0,781.0,8.911,40.056,772,772,3.065,7.904,High,3,0.1689
16053,Jerome,Idaho,6101,65.0,79.0,7.89,11.607,775,775,1.065,7.872,Low,2,0.0282
13145,Harris,Georgia,6095,113.0,322.0,7.806,18.933,782,782,1.854,7.794,High,3,0.0455
29001,Adair,Missouri,6095,63.0,227.0,7.804,18.833,782,782,1.034,7.794,Low,2,0.0297
29147,Nodaway,Missouri,6089,44.0,232.0,7.917,19.683,770,770,0.723,7.908,Low,2,0.0361
19011,Benton,Iowa,6089,77.0,310.0,7.819,25.8,780,780,1.265,7.806,Medium,2,0.0264
16013,Blaine,Idaho,6059,30.0,173.0,7.678,14.811,791,791,0.495,7.66,Low,2,0.0528
28101,Newton,Mississippi,6059,98.0,153.0,7.796,14.852,781,781,1.617,7.758,Medium,2,0.0279
29175,Randolph,Missouri,6058,103.0,782.0,7.908,30.679,780,780,1.7,7.767,Medium,2,0.0831
16051,Jefferson,Idaho,6043,65.0,116.0,7.763,12.488,780,780,1.076,7.747,Low,2,0.0296
51820,Waynesboro city,Virginia,6033,69.0,298.0,7.836,18.86,774,774,1.144,7.795,Low,2,0.0338
29221,Washington,Missouri,6032,141.0,586.0,7.987,24.376,766,766,2.338,7.875,High,3,0.0814
23007,Franklin,Maine,6014,60.0,209.0,7.737,17.121,779,779,0.998,7.72,Low,2,0.0232
18175,Washington,Indiana,6010,85.0,166.0,7.676,14.427,784,784,1.414,7.666,Medium,2,0.0274
28153,Wayne,Mississippi,6008,87.0,260.0,7.788,17.112,772,772,1.448,7.782,Medium,2,0.0275
45039,Fairfield,South Carolina,6007,107.0,330.0,7.645,22.827,789,789,1.781,7.613,High,3,0.0286
21017,Bourbon,Kentucky,6002,59.0,199.0,7.614,16.79,791,791,0.983,7.588,Low,2,0.0235
27093,Meeker,Minnesota,5998,75.0,91.0,7.75,13.1,775,775,1.25,7.739,Medium,2,0.0194
40139,Texas,Oklahoma,5996,54.0,380.0,7.741,24.417,776,776,0.901,7.727,Low,2,0.0308
40009,Beckham,Oklahoma,5983,107.0,429.0,7.734,28.492,775,775,1.788,7.72,High,3,0.0394
48255,Karnes,Texas,5968,70.0,181.0,7.956,16.079,779,779,1.173,7.661,Low,2,0.028
5133,Sevier,Arkansas,5943,75.0,88.0,7.573,11.119,786,786,1.262,7.561,Medium,2,0.0215
50001,Addison,Vermont,5939,18.0,963.0,7.597,36.704,785,785,0.303,7.566,Low,2,0.1662
48163,Frio,Texas,5935,93.0,299.0,8.114,17.764,766,766,1.567,7.748,Medium,2,0.0242
18135,Randolph,Indiana,5935,148.0,193.0,7.676,14.804,778,778,2.494,7.629,High,3,0.0413
21001,Adair,Kentucky,5929,107.0,127.0,7.727,13.849,769,769,1.805,7.71,High,3,0.034
46135,Yankton,South Dakota,5929,59.0,164.0,7.658,15.004,777,777,0.995,7.631,Low,2,0.019
13207,Monroe,Georgia,5927,174.0,190.0,7.595,14.402,785,785,2.936,7.55,High,3,0.0724
55061,Kewaunee,Wisconsin,5927,59.0,104.0,7.745,13.039,768,768,0.995,7.717,Low,2,0.0235
35047,San Miguel,New Mexico,5926,63.0,322.0,7.555,19.286,786,786,1.063,7.539,Low,2,0.0452
45053,Jasper,South Carolina,5924,93.0,324.0,7.585,19.873,784,784,1.57,7.556,Medium,2,0.0267
13107,Emanuel,Georgia,5924,160.0,134.0,7.707,14.849,774,774,2.701,7.654,High,3,0.0746
18119,Owen,Indiana,5911,121.0,189.0,7.537,15.309,786,786,2.047,7.52,High,3,0.0325
46035,Davison,South Dakota,5907,80.0,145.0,7.438,14.688,795,795,1.354,7.43,Medium,2,0.0332
54027,Hampshire,West Virginia,5906,73.0,90.0,7.748,11.706,766,766,1.236,7.71,Medium,2,0.0263
27039,Dodge,Minnesota,5888,21.0,172.0,7.522,15.002,784,784,0.357,7.51,Low,2,0.0614
18087,LaGrange,Indiana,5871,102.0,133.0,7.563,12.427,778,778,1.737,7.546,High,2,0.0255
47023,Chester,Tennessee,5870,99.0,416.0,7.51,27.594,783,783,1.687,7.497,Medium,2,0.0422
22043,Grant,Louisiana,5861,94.0,308.0,7.623,19.234,782,782,1.604,7.495,Medium,2,0.0296
50005,Caledonia,Vermont,5854,25.0,856.0,7.574,33.039,781,781,0.427,7.496,Low,2,0.1349
12079,Madison,Florida,5849,97.0,460.0,7.613,34.681,773,773,1.658,7.567,Medium,2,0.0316
51169,Scott,Virginia,5847,111.0,125.0,7.686,14.162,764,764,1.898,7.653,High,3,0.0267
45011,Barnwell,South Carolina,5834,103.0,301.0,7.569,19.615,775,775,1.766,7.528,High,3,0.0347
29209,Stone,Missouri,5829,122.0,275.0,7.578,14.04,775,775,2.093,7.521,High,3,0.0339
37079,Greene,North Carolina,5826,67.0,302.0,7.548,18.465,778,778,1.15,7.488,Low,2,0.0333
13229,Pierce,Georgia,5821,133.0,308.0,7.611,16.861,782,782,2.285,7.444,High,3,0.0552
21163,Meade,Kentucky,5821,66.0,170.0,7.569,16.092,772,772,1.134,7.54,Low,2,0.0299
48015,Austin,Texas,5818,73.0,131.0,7.506,11.301,780,780,1.255,7.459,Medium,2,0.0166
29119,McDonald,Missouri,5813,73.0,255.0,7.455,18.822,780,780,1.256,7.453,Medium,2,0.0206
26007,Alpena,Michigan,5809,139.0,107.0,7.647,15.234,763,763,2.393,7.613,High,3,0.0334
22093,St. James,Louisiana,5805,77.0,300.0,7.478,19.502,786,786,1.326,7.385,Medium,2,0.0291
27157,Wabasha,Minnesota,5795,16.0,135.0,7.402,13.151,784,784,0.276,7.392,Low,2,0.0518
13131,Grady,Georgia,5795,113.0,219.0,7.548,16.003,774,774,1.95,7.487,High,3,0.028
20149,Pottawatomie,Kansas,5785,58.0,350.0,7.434,22.39,781,781,1.003,7.407,Low,2,0.0379
51790,Staunton city,Virginia,5781,118.0,206.0,7.99,15.67,770,770,2.041,7.508,High,3,0.0322
26137,Otsego,Michigan,5779,101.0,113.0,7.377,13.889,788,788,1.748,7.334,High,2,0.0289
28133,Sunflower,Mississippi,5773,125.0,155.0,7.381,12.8,783,783,2.165,7.373,High,3,0.0373
24023,Garrett,Maryland,5761,116.0,314.0,7.38,16.488,782,782,2.014,7.367,High,3,0.0347
48127,Dimmit,Texas,5760,51.0,149.0,7.717,17.372,763,763,0.885,7.549,Low,2,0.0289
29083,Henry,Missouri,5758,86.0,225.0,7.331,14.727,792,792,1.494,7.27,Medium,2,0.0297
55053,Jackson,Wisconsin,5736,43.0,141.0,7.483,15.733,775,775,0.75,7.401,Low,2,0.0353
8087,Morgan,Colorado,5735,138.0,138.0,7.341,12.056,786,786,2.406,7.296,High,3,0.0394
29007,Audrain,Missouri,5734,111.0,627.0,7.797,26.969,755,755,1.936,7.595,High,3,0.0756
48057,Calhoun,Texas,5731,48.0,230.0,7.422,17.79,779,779,0.838,7.357,Low,2,0.039
21147,McCreary,Kentucky,5727,82.0,215.0,7.404,16.168,780,780,1.432,7.342,Medium,2,0.0273
20191,Sumner,Kansas,5724,70.0,281.0,7.356,19.618,779,779,1.223,7.348,Medium,2,0.0307
47049,Fentress,Tennessee,5722,128.0,361.0,7.397,24.879,775,775,2.237,7.383,High,3,0.0587
24041,Talbot,Maryland,5702,88.0,431.0,7.246,19.761,789,789,1.543,7.227,Medium,2,0.0463
47181,Wayne,Tennessee,5700,72.0,967.0,7.444,41.13,775,775,1.263,7.355,Medium,2,0.1204
5001,Arkansas,Arkansas,5696,79.0,173.0,7.387,14.797,776,776,1.387,7.34,Medium,2,0.0249
26109,Menominee,Michigan,5693,70.0,217.0,7.461,16.066,764,764,1.23,7.452,Medium,2,0.0278
27091,Martin,Minnesota,5685,65.0,102.0,7.226,11.859,788,788,1.143,7.214,Low,2,0.031
19183,Washington,Iowa,5681,79.0,270.0,7.273,23.731,787,787,1.391,7.219,Medium,2,0.0311
1005,Barbour,Alabama,5681,98.0,247.0,7.379,16.03,771,771,1.725,7.368,High,2,0.0295
54047,McDowell,West Virginia,5663,75.0,129.0,7.426,13.131,767,767,1.324,7.383,Medium,2,0.0273
51139,Page,Virginia,5660,122.0,122.0,7.336,13.103,774,774,2.155,7.313,High,3,0.037
56041,Uinta,Wyoming,5643,39.0,138.0,7.396,13.599,772,772,0.691,7.31,Low,2,0.0217
21213,Simpson,Kentucky,5635,94.0,173.0,7.229,14.993,781,781,1.668,7.215,Medium,2,0.0309
26051,Gladwin,Michigan,5632,114.0,280.0,7.211,17.309,783,783,2.024,7.193,High,3,0.0308
48407,San Jacinto,Texas,5611,102.0,662.0,7.253,26.443,776,776,1.818,7.231,High,3,0.0814
54043,Lincoln,West Virginia,5606,82.0,357.0,7.843,17.216,760,760,1.463,7.376,Medium,2,0.0367
48341,Moore,Texas,5604,111.0,621.0,7.373,26.598,775,775,1.981,7.231,High,3,0.0537
28017,Chickasaw,Mississippi,5603,96.0,260.0,7.181,16.628,783,783,1.713,7.156,High,2,0.0266
27161,Waseca,Minnesota,5587,39.0,108.0,7.095,12.625,790,790,0.698,7.072,Low,2,0.0265
16075,Payette,Idaho,5586,87.0,70.0,7.187,9.799,780,780,1.557,7.162,Medium,2,0.0283
23015,Lincoln,Maine,5578,35.0,306.0,7.072,17.487,790,790,0.627,7.061,Low,2,0.0515
22007,Assumption,Louisiana,5575,70.0,278.0,7.216,17.43,786,786,1.256,7.093,Medium,2,0.0226
19087,Henry,Iowa,5573,74.0,238.0,7.126,20.897,784,784,1.328,7.108,Medium,2,0.0218
19017,Bremer,Iowa,5559,82.0,239.0,7.209,20.595,772,772,1.475,7.201,Medium,2,0.0274
48281,Lampasas,Texas,5556,90.0,628.0,7.245,29.812,771,771,1.62,7.206,Medium,2,0.0624
28043,Grenada,Mississippi,5533,131.0,145.0,7.059,13.347,784,784,2.368,7.057,High,3,0.0421
23023,Sagadahoc,Maine,5531,32.0,302.0,7.092,16.563,784,784,0.579,7.055,Low,2,0.0423
19015,Boone,Iowa,5519,54.0,226.0,7.113,19.869,777,777,0.978,7.103,Low,2,0.0269
19105,Jones,Iowa,5511,73.0,498.0,7.119,27.366,775,775,1.325,7.111,Medium,2,0.0575
51630,Fredericksburg city,Virginia,5498,42.0,175.0,7.288,14.449,780,780,0.764,7.049,Low,2,0.0291
17101,Lawrence,Illinois,5494,52.0,141.0,7.229,15.131,767,767,0.946,7.163,Low,2,0.032
18045,Fountain,Indiana,5491,103.0,111.0,7.072,12.015,779,779,1.876,7.049,High,3,0.0284
5029,Conway,Arkansas,5491,65.0,153.0,7.038,13.711,781,781,1.184,7.031,Low,2,0.0223
5103,Ouachita,Arkansas,5484,104.0,97.0,7.122,11.891,772,772,1.896,7.104,High,3,0.0245
13231,Pike,Georgia,5473,98.0,150.0,7.055,14.411,777,777,1.791,7.044,High,3,0.0367
13143,Haralson,Georgia,5452,173.0,191.0,7.006,14.028,779,779,3.173,6.999,High,3,0.0928
49041,Sevier,Utah,5448,31.0,208.0,7.194,16.299,759,759,0.569,7.178,Low,2,0.0426
51053,Dinwiddie,Virginia,5442,93.0,120.0,7.142,12.049,767,767,1.709,7.095,High,2,0.0288
39175,Wyandot,Ohio,5441,105.0,90.0,6.997,10.842,779,779,1.93,6.985,High,3,0.0275
5027,Columbia,Arkansas,5438,95.0,127.0,6.988,12.316,781,781,1.747,6.963,High,2,0.025
12059,Holmes,Florida,5429,87.0,385.0,7.063,28.466,775,775,1.603,7.005,Medium,2,0.034
21099,Hart,Kentucky,5428,101.0,106.0,7.102,13.171,767,767,1.861,7.077,High,3,0.0289
48171,Gillespie,Texas,5426,109.0,240.0,7.106,19.406,772,772,2.009,7.028,High,3,0.028
35055,Taos,New Mexico,5425,90.0,279.0,6.9,18.351,788,788,1.659,6.885,Medium,2,0.032
55049,Iowa,Wisconsin,5424,29.0,118.0,6.968,13.083,780,780,0.535,6.954,Low,2,0.047
29055,Crawford,Missouri,5422,104.0,288.0,7.068,14.044,775,775,1.918,6.996,High,3,0.0309
17181,Union,Illinois,5415,68.0,167.0,7.166,13.914,759,759,1.256,7.134,Medium,2,0.0205
13119,Franklin,Georgia,5414,104.0,169.0,6.976,12.776,779,779,1.921,6.95,High,3,0.0186
47173,Union,Tennessee,5409,75.0,367.0,6.992,24.996,777,777,1.387,6.961,Medium,2,0.0286
28131,Stone,Mississippi,5409,71.0,182.0,7.049,15.242,769,769,1.313,7.034,Medium,2,0.0277
21215,Spencer,Kentucky,5384,59.0,235.0,6.982,15.604,784,784,1.096,6.867,Low,2,0.0367
5019,Clark,Arkansas,5379,79.0,93.0,6.87,11.51,786,786,1.469,6.844,Medium,2,0.0186
28007,Attala,Mississippi,5361,113.0,344.0,6.853,17.567,784,784,2.108,6.838,High,3,0.0445
54041,Lewis,West Virginia,5359,87.0,70.0,7.049,10.912,768,768,1.623,6.978,Medium,2,0.0332
37033,Caswell,North Carolina,5357,48.0,314.0,6.939,17.096,776,776,0.896,6.903,Low,2,0.0347
37199,Yancey,North Carolina,5353,57.0,157.0,7.259,15.321,741,741,1.065,7.224,Low,2,0.0233
36095,Schoharie,New York,5336,36.0,76.0,6.789,10.171,786,786,0.675,6.789,Low,2,0.0301
5075,Lawrence,Arkansas,5324,78.0,105.0,6.839,9.913,781,781,1.465,6.817,Medium,2,0.0204
17191,Wayne,Illinois,5320,85.0,158.0,7.052,14.513,757,757,1.598,7.028,Medium,2,0.0239
13033,Burke,Georgia,5315,110.0,171.0,6.848,13.909,782,782,2.07,6.797,High,3,0.0305
31047,Dawson,Nebraska,5303,44.0,323.0,6.897,17.821,783,783,0.83,6.773,Low,2,0.0457
35027,Lincoln,New Mexico,5296,67.0,160.0,6.882,13.51,770,770,1.265,6.878,Medium,2,0.0233
18153,Sullivan,Indiana,5296,76.0,141.0,6.795,14.307,781,781,1.435,6.781,Medium,2,0.0325
55067,Langlade,Wisconsin,5295,92.0,152.0,7.344,13.797,723,723,1.737,7.324,High,2,0.0241
39019,Carroll,Ohio,5291,126.0,83.0,6.773,9.993,783,783,2.381,6.757,High,3,0.0358
1099,Monroe,Alabama,5276,80.0,250.0,6.815,16.08,777,777,1.516,6.79,Medium,2,0.0245
21175,Morgan,Kentucky,5272,28.0,217.0,6.946,20.295,762,762,0.531,6.919,Low,2,0.0476
1107,Pickens,Alabama,5271,102.0,260.0,6.788,15.026,780,780,1.935,6.758,High,3,0.0244
55125,Vilas,Wisconsin,5270,89.0,150.0,6.789,12.811,779,779,1.689,6.765,Medium,2,0.0334
55047,Green Lake,Wisconsin,5268,64.0,100.0,6.932,11.333,761,761,1.215,6.922,Low,2,0.0275
24039,Somerset,Maryland,5267,74.0,168.0,6.742,15.433,784,784,1.405,6.718,Medium,2,0.0284
49007,Carbon,Utah,5264,46.0,101.0,6.834,12.743,771,771,0.874,6.827,Low,2,0.0333
51065,Fluvanna,Virginia,5260,46.0,136.0,6.747,13.98,783,783,0.875,6.718,Low,2,0.0317
51145,Powhatan,Virginia,5257,59.0,173.0,6.799,12.578,777,777,1.122,6.766,Low,2,0.0306
42131,Wyoming,Pennsylvania,5257,106.0,87.0,6.842,9.125,770,770,2.016,6.827,High,3,0.0402
13205,Mitchell,Georgia,5255,117.0,154.0,6.809,14.318,781,781,2.226,6.729,High,3,0.0406
18147,Spencer,Indiana,5253,61.0,100.0,6.825,11.251,772,772,1.161,6.804,Low,2,0.0257
13091,Dodge,Georgia,5244,154.0,186.0,6.836,16.312,780,780,2.937,6.723,High,3,0.0597
28159,Winston,Mississippi,5231,104.0,170.0,6.668,15.172,786,786,1.988,6.655,High,3,0.0334
4012,La Paz,Arizona,5227,144.0,94.0,6.824,11.989,779,779,2.755,6.71,High,3,0.0604
29177,Ray,Missouri,5221,94.0,349.0,6.798,15.898,778,778,1.8,6.711,High,3,0.0442
41065,Wasco,Oregon,5218,63.0,209.0,6.701,14.414,779,779,1.207,6.698,Low,2,0.021
5121,Randolph,Arkansas,5217,89.0,87.0,6.703,9.578,779,779,1.706,6.697,High,2,0.0323
17045,Edgar,Illinois,5209,79.0,267.0,7.33,17.413,715,715,1.517,7.285,Medium,2,0.025
13267,Tattnall,Georgia,5202,131.0,109.0,6.807,11.856,783,783,2.518,6.644,High,3,0.0425
47033,Crockett,Tennessee,5199,85.0,384.0,6.933,24.277,756,756,1.635,6.877,Medium,2,0.0417
1091,Marengo,Alabama,5196,108.0,212.0,6.874,15.372,779,779,2.079,6.67,High,3,0.0255
47171,Unicoi,Tennessee,5191,96.0,434.0,6.697,24.824,779,779,1.849,6.664,High,3,0.0506
37115,Madison,North Carolina,5186,81.0,228.0,6.983,16.359,749,749,1.562,6.924,Medium,2,0.0301
47091,Johnson,Tennessee,5181,95.0,174.0,6.709,15.814,777,777,1.834,6.668,High,3,0.0406
40153,Woodward,Oklahoma,5172,77.0,389.0,6.714,25.016,772,772,1.489,6.699,Medium,2,0.039
21027,Breckinridge,Kentucky,5170,78.0,150.0,6.704,14.929,777,777,1.509,6.654,Medium,2,0.0258
20133,Neosho,Kansas,5168,66.0,388.0,6.668,21.059,780,780,1.277,6.626,Medium,2,0.0466
17159,Richland,Illinois,5167,83.0,182.0,6.744,14.731,767,767,1.606,6.737,Medium,2,0.022
13111,Fannin,Georgia,5141,160.0,109.0,6.622,10.906,781,781,3.112,6.583,High,3,0.0777
39075,Holmes,Ohio,5135,182.0,65.0,6.634,9.101,775,775,3.544,6.626,High,3,0.1083
1019,Cherokee,Alabama,5134,86.0,278.0,6.608,16.332,780,780,1.675,6.582,Medium,2,0.0286
5083,Logan,Arkansas,5130,80.0,85.0,6.708,9.91,768,768,1.559,6.68,Medium,2,0.0214
51099,King George,Virginia,5119,39.0,238.0,6.623,14.597,779,779,0.762,6.571,Low,2,0.0355
5003,Ashley,Arkansas,5115,66.0,131.0,6.602,12.66,776,776,1.29,6.591,Medium,2,0.0265
51147,Prince Edward,Virginia,5107,71.0,87.0,6.522,11.638,793,793,1.39,6.44,Medium,2,0.0268
29217,Vernon,Missouri,5104,109.0,504.0,6.829,21.377,765,765,2.136,6.672,High,3,0.0746
22029,Concordia,Louisiana,5103,89.0,270.0,6.694,17.269,774,774,1.744,6.593,High,2,0.0367
48293,Limestone,Texas,5100,124.0,789.0,6.574,30.878,780,780,2.431,6.538,High,3,0.116
1111,Randolph,Alabama,5092,75.0,215.0,6.578,13.537,778,778,1.473,6.545,Medium,2,0.0225
54009,Brooke,West Virginia,5082,106.0,86.0,6.644,10.134,767,767,2.086,6.626,High,3,0.0244
13189,McDuffie,Georgia,5082,98.0,220.0,6.528,13.312,779,779,1.928,6.524,High,3,0.0156
13169,Jones,Georgia,5080,109.0,175.0,6.547,13.586,780,780,2.146,6.513,High,3,0.0322
41061,Union,Oregon,5068,80.0,125.0,6.464,14.531,785,785,1.579,6.456,Medium,2,0.0259
1013,Butler,Alabama,5068,129.0,221.0,6.54,12.987,780,780,2.545,6.497,High,3,0.0412
26133,Osceola,Michigan,5067,80.0,181.0,6.532,14.199,777,777,1.579,6.521,Medium,2,0.0277
29157,Perry,Missouri,5059,46.0,126.0,6.504,11.827,782,782,0.909,6.469,Low,2,0.0395
21203,Rockcastle,Kentucky,5059,59.0,137.0,6.558,13.093,774,774,1.166,6.536,Low,2,0.0241
18117,Orange,Indiana,5051,96.0,147.0,6.517,12.909,779,779,1.901,6.484,High,3,0.0274
37053,Currituck,North Carolina,5051,36.0,228.0,6.535,14.806,776,776,0.713,6.509,Low,2,0.0355
17149,Pike,Illinois,5050,70.0,138.0,6.588,13.23,770,770,1.386,6.558,Medium,2,0.0205
48051,Burleson,Texas,5048,66.0,665.0,6.516,30.337,777,777,1.307,6.497,Medium,2,0.0785
31155,Saunders,Nebraska,5039,30.0,296.0,6.496,16.399,781,781,0.595,6.452,Low,2,0.0417
16031,Cassia,Idaho,5037,53.0,112.0,6.47,10.11,781,781,1.052,6.449,Low,2,0.0206
29143,New Madrid,Missouri,5036,86.0,303.0,6.583,15.049,772,772,1.708,6.523,High,2,0.0241
45049,Hampton,South Carolina,5024,86.0,309.0,6.543,17.847,772,772,1.712,6.508,High,2,0.0234
35041,Roosevelt,New Mexico,5023,97.0,169.0,6.474,13.363,778,778,1.931,6.456,High,3,0.0139
51750,Radford city,Virginia,5018,53.0,127.0,6.467,12.344,779,779,1.056,6.442,Low,2,0.0215
21161,Mason,Kentucky,5017,105.0,137.0,6.466,13.081,779,779,2.093,6.44,High,3,0.0264
26029,Charlevoix,Michigan,5014,60.0,137.0,6.346,13.511,792,792,1.197,6.331,Low,2,0.0189
27057,Hubbard,Minnesota,5010,59.0,84.0,6.958,11.198,721,721,1.178,6.949,Low,2,0.0229
2150,Kodiak Island Borough,Alaska,4992,12.0,252.0,6.598,20.781,758,758,0.24,6.586,Low,2,0.0583
50017,Orange,Vermont,4986,14.0,1480.0,6.597,53.316,789,789,0.281,6.319,Low,2,0.2485
1057,Fayette,Alabama,4986,96.0,193.0,6.45,12.914,775,775,1.925,6.434,High,3,0.0136
48415,Scurry,Texas,4983,104.0,252.0,8.409,26.627,765,765,2.087,6.514,High,3,0.0293
30003,Big Horn,Montana,4980,96.0,153.0,6.707,14.686,764,764,1.928,6.518,High,3,0.0146
28025,Clay,Mississippi,4974,98.0,157.0,6.349,14.059,784,784,1.97,6.344,High,3,0.0319
19027,Carroll,Iowa,4958,66.0,225.0,6.296,17.827,793,793,1.331,6.252,Medium,2,0.0211
51570,Colonial Heights city,Virginia,4958,97.0,151.0,6.571,13.773,764,764,1.956,6.49,High,3,0.0326
13019,Berrien,Georgia,4955,83.0,265.0,6.417,15.939,775,775,1.675,6.394,Medium,2,0.0269
48331,Milam,Texas,4950,102.0,357.0,6.721,21.199,780,780,2.061,6.346,High,3,0.0406
28061,Jasper,Mississippi,4943,75.0,107.0,6.439,11.66,773,773,1.517,6.395,Medium,2,0.0192
18049,Fulton,Indiana,4935,103.0,106.0,6.368,10.454,778,778,2.087,6.343,High,3,0.0228
19123,Mahaska,Iowa,4934,87.0,189.0,6.388,18.136,779,779,1.763,6.334,High,3,0.034
53001,Adams,Washington,4926,39.0,252.0,6.366,15.984,782,782,0.792,6.299,Low,2,0.0384
27045,Fillmore,Minnesota,4921,24.0,101.0,6.284,11.063,785,785,0.488,6.269,Low,2,0.0431
5079,Lincoln,Arkansas,4920,68.0,185.0,6.251,15.344,789,789,1.382,6.236,Medium,2,0.024
13075,Cook,Georgia,4911,76.0,140.0,6.354,13.88,775,775,1.548,6.337,Medium,2,0.0269
18139,Rush,Indiana,4907,59.0,151.0,6.382,12.769,780,780,1.202,6.291,Low,2,0.0175
51027,Buchanan,Virginia,4902,122.0,179.0,6.441,12.585,767,767,2.489,6.391,High,3,0.0472
13147,Hart,Georgia,4899,100.0,174.0,6.33,11.801,778,778,2.041,6.297,High,3,0.0282
8119,Teller,Colorado,4897,58.0,104.0,6.295,10.657,782,782,1.184,6.262,Low,2,0.0193
40091,McIntosh,Oklahoma,4895,124.0,457.0,6.483,29.91,757,757,2.533,6.466,High,3,0.0769
13291,Union,Georgia,4888,159.0,108.0,6.356,11.112,773,773,3.253,6.323,High,3,0.0851
17023,Clark,Illinois,4887,60.0,132.0,6.321,12.867,775,775,1.228,6.306,Medium,2,0.026
55119,Taylor,Wisconsin,4884,72.0,103.0,6.769,11.359,723,723,1.474,6.755,Medium,2,0.0148
8039,Elbert,Colorado,4880,40.0,135.0,6.259,11.118,784,784,0.82,6.224,Low,2,0.032
18075,Jay,Indiana,4866,78.0,126.0,6.323,11.523,773,773,1.603,6.295,Medium,2,0.0179
13171,Lamar,Georgia,4864,113.0,188.0,6.21,13.478,785,785,2.323,6.196,High,3,0.0329
26069,Iosco,Michigan,4860,145.0,117.0,6.244,12.802,780,780,2.984,6.231,High,3,0.0613
47085,Humphreys,Tennessee,4855,74.0,328.0,6.286,19.584,774,774,1.524,6.273,Medium,2,0.0307
54001,Barbour,West Virginia,4838,79.0,204.0,6.583,12.194,773,773,1.633,6.259,Medium,2,0.0264
2188,Northwest Arctic Borough,Alaska,4837,13.0,212.0,6.688,18.694,724,724,0.269,6.681,Low,2,0.0492
21103,Henry,Kentucky,4836,52.0,181.0,6.304,13.454,774,774,1.075,6.248,Low,2,0.0277
5037,Cross,Arkansas,4836,83.0,126.0,6.222,11.266,781,781,1.716,6.192,High,2,0.0298
13001,Appling,Georgia,4833,128.0,148.0,6.505,12.082,775,775,2.648,6.236,High,3,0.0588
20087,Jefferson,Kansas,4832,64.0,247.0,6.208,17.546,779,779,1.325,6.203,Medium,2,0.0212
29049,Clinton,Missouri,4829,119.0,490.0,6.382,19.684,782,782,2.464,6.175,High,3,0.0742
5107,Phillips,Arkansas,4829,99.0,95.0,6.299,10.195,769,769,2.05,6.28,High,3,0.029
29003,Andrew,Missouri,4828,58.0,549.0,6.401,21.943,763,763,1.201,6.328,Low,2,0.0819
21079,Garrard,Kentucky,4815,78.0,132.0,6.374,12.809,760,760,1.62,6.336,Medium,2,0.0245
20041,Dickinson,Kansas,4815,78.0,213.0,6.342,15.897,760,760,1.62,6.336,Medium,2,0.0252
41007,Clatsop,Oregon,4810,50.0,134.0,6.172,13.694,781,781,1.04,6.159,Low,2,0.0214
48117,Deaf Smith,Texas,4809,112.0,249.0,6.32,14.247,784,784,2.329,6.134,High,3,0.0375
42067,Juniata,Pennsylvania,4797,176.0,73.0,6.15,8.963,781,781,3.669,6.142,High,3,0.1574
48149,Fayette,Texas,4796,105.0,466.0,6.165,23.705,780,780,2.189,6.149,High,3,0.0706
30053,Lincoln,Montana,4787,89.0,93.0,6.155,11.142,779,779,1.859,6.145,High,3,0.0243
18149,Starke,Indiana,4785,99.0,59.0,6.152,9.26,781,781,2.069,6.127,High,3,0.03
40035,Craig,Oklahoma,4785,55.0,405.0,6.167,24.348,779,779,1.149,6.142,Low,2,0.0547
21197,Powell,Kentucky,4782,44.0,96.0,6.2,12.144,774,774,0.92,6.178,Low,2,0.0389
37091,Hertford,North Carolina,4779,84.0,221.0,6.162,15.419,780,780,1.758,6.127,High,3,0.0329
26031,Cheboygan,Michigan,4760,104.0,118.0,6.161,12.521,776,776,2.185,6.134,High,3,0.0377
17025,Clay,Illinois,4750,74.0,108.0,6.272,12.096,760,760,1.558,6.25,Medium,2,0.0218
8015,Chaffee,Colorado,4749,47.0,184.0,6.101,12.456,784,784,0.99,6.057,Low,2,0.031
51127,New Kent,Virginia,4742,32.0,151.0,6.194,13.173,777,777,0.675,6.103,Low,2,0.0303
1065,Hale,Alabama,4741,106.0,198.0,6.154,12.658,775,775,2.236,6.117,High,3,0.0351
47139,Polk,Tennessee,4740,74.0,310.0,6.187,19.976,772,772,1.561,6.14,Medium,2,0.0334
55001,Adams,Wisconsin,4738,61.0,93.0,6.155,10.787,772,772,1.287,6.137,Medium,2,0.0188
48177,Gonzales,Texas,4736,99.0,269.0,6.203,17.063,773,773,2.09,6.127,High,3,0.0315
29215,Texas,Missouri,4732,102.0,257.0,6.671,13.519,715,715,2.156,6.618,High,3,0.0438
13211,Morgan,Georgia,4709,70.0,122.0,6.061,11.283,782,782,1.487,6.022,Medium,2,0.0168
48337,Montague,Texas,4694,129.0,116.0,6.04,13.157,778,778,2.748,6.033,High,3,0.0476
26143,Roscommon,Michigan,4690,115.0,168.0,5.995,13.482,783,783,2.452,5.99,High,3,0.0508
5043,Drew,Arkansas,4687,70.0,246.0,6.027,13.74,780,780,1.493,6.009,Medium,2,0.0204
39105,Meigs,Ohio,4686,88.0,72.0,6.115,9.097,767,767,1.878,6.11,High,3,0.0273
13081,Crisp,Georgia,4679,137.0,180.0,6.009,13.434,781,781,2.928,5.991,High,3,0.0648
13321,Worth,Georgia,4677,119.0,162.0,6.022,13.199,785,785,2.544,5.958,High,3,0.0311
18123,Perry,Indiana,4675,69.0,116.0,6.171,11.962,764,764,1.476,6.119,Medium,2,0.0132
47007,Bledsoe,Tennessee,4669,57.0,242.0,6.039,20.419,777,777,1.221,6.009,Medium,2,0.0258
27055,Houston,Minnesota,4660,19.0,125.0,6.079,11.0,769,769,0.408,6.06,Low,2,0.0445
55113,Sawyer,Wisconsin,4651,62.0,78.0,6.088,9.974,765,765,1.333,6.08,Medium,2,0.0263
19097,Jackson,Iowa,4644,69.0,204.0,5.995,18.848,775,775,1.486,5.992,Medium,2,0.0218
48253,Jones,Texas,4643,93.0,644.0,7.305,32.654,766,766,2.003,6.061,High,3,0.0643
28013,Calhoun,Mississippi,4641,71.0,202.0,5.958,13.408,780,780,1.53,5.95,Medium,2,0.0314
5135,Sharp,Arkansas,4640,105.0,130.0,6.058,9.902,772,772,2.263,6.01,High,3,0.0449
17017,Cass,Illinois,4640,44.0,159.0,6.195,13.339,754,754,0.948,6.154,Low,2,0.027
39125,Paulding,Ohio,4639,74.0,56.0,6.056,8.69,768,768,1.595,6.04,Medium,2,0.0162
42093,Montour,Pennsylvania,4637,93.0,201.0,7.788,19.143,784,784,2.006,5.915,High,3,0.0345
6027,Inyo,California,4636,56.0,207.0,6.001,17.107,780,780,1.208,5.944,Low,2,0.0173
48389,Reeves,Texas,4636,74.0,571.0,7.052,24.695,736,736,1.596,6.299,Medium,2,0.0601
56007,Carbon,Wyoming,4627,52.0,192.0,5.918,12.934,784,784,1.124,5.902,Low,2,0.0328
37011,Avery,North Carolina,4621,44.0,129.0,6.426,11.895,725,725,0.952,6.374,Low,2,0.0256
19019,Buchanan,Iowa,4619,58.0,211.0,5.931,19.216,781,781,1.256,5.914,Medium,2,0.0252
48365,Panola,Texas,4609,129.0,281.0,6.022,15.401,772,772,2.799,5.97,High,3,0.0529
40095,Marshall,Oklahoma,4605,46.0,387.0,6.022,26.811,767,767,0.999,6.004,Low,2,0.0462
31177,Washington,Nebraska,4598,45.0,321.0,5.955,16.056,782,782,0.979,5.88,Low,2,0.0386
46005,Beadle,South Dakota,4596,60.0,74.0,5.8,10.306,795,795,1.305,5.781,Medium,2,0.0197
54091,Taylor,West Virginia,4585,73.0,72.0,6.02,9.483,768,768,1.592,5.97,Medium,2,0.0145
23029,Washington,Maine,4585,57.0,209.0,5.962,13.867,771,771,1.243,5.947,Medium,2,0.0257
1067,Henry,Alabama,4584,76.0,179.0,5.979,12.075,771,771,1.658,5.946,Medium,2,0.0271
17147,Piatt,Illinois,4575,29.0,138.0,5.951,12.346,772,772,0.634,5.926,Low,2,0.044
30041,Hill,Montana,4574,73.0,95.0,5.883,11.36,780,780,1.596,5.864,Medium,2,0.0118
5057,Hempstead,Arkansas,4571,68.0,87.0,5.905,9.688,776,776,1.488,5.89,Medium,2,0.017
12041,Gilchrist,Florida,4562,93.0,275.0,6.017,24.531,767,767,2.039,5.948,High,3,0.0322
8003,Alamosa,Colorado,4560,62.0,114.0,5.945,10.421,778,778,1.36,5.861,Medium,2,0.0241
13105,Elbert,Georgia,4558,109.0,113.0,5.968,11.368,771,771,2.391,5.912,High,3,0.039
53003,Asotin,Washington,4554,66.0,220.0,5.931,13.958,771,771,1.449,5.907,Medium,2,0.0252
26101,Manistee,Michigan,4550,91.0,370.0,5.875,19.513,781,781,2.0,5.826,High,3,0.046
21127,Lawrence,Kentucky,4550,69.0,87.0,5.888,10.484,774,774,1.516,5.879,Medium,2,0.0148
6011,Colusa,California,4549,22.0,94.0,5.864,12.283,778,778,0.484,5.847,Low,2,0.0424
48395,Robertson,Texas,4541,77.0,685.0,5.832,32.011,780,780,1.696,5.822,Medium,2,0.0665
19047,Crawford,Iowa,4539,54.0,179.0,5.916,15.065,775,775,1.19,5.857,Low,2,0.0194
17087,Johnson,Illinois,4538,47.0,132.0,5.986,13.456,761,761,1.036,5.963,Low,2,0.0216
47005,Benton,Tennessee,4533,93.0,281.0,5.846,19.355,779,779,2.052,5.819,High,3,0.0285
21135,Lewis,Kentucky,4529,86.0,81.0,5.871,10.668,776,776,1.899,5.836,High,3,0.0302
13237,Putnam,Georgia,4528,106.0,105.0,5.898,9.91,773,773,2.341,5.858,High,3,0.0287
27135,Roseau,Minnesota,4524,44.0,94.0,5.913,11.144,767,767,0.973,5.898,Low,2,0.0372
32013,Humboldt,Nevada,4509,54.0,214.0,5.858,18.551,777,777,1.198,5.803,Low,2,0.0187
17053,Ford,Illinois,4496,75.0,144.0,5.846,12.142,774,774,1.668,5.809,Medium,2,0.0213
48419,Shelby,Texas,4491,134.0,322.0,5.774,15.262,778,778,2.984,5.772,High,3,0.0741
13199,Meriwether,Georgia,4487,145.0,168.0,5.764,11.886,781,781,3.232,5.745,High,3,0.0714
26009,Antrim,Michigan,4470,66.0,82.0,5.781,10.433,775,775,1.477,5.768,Medium,2,0.0146
2185,North Slope Borough,Alaska,4468,11.0,152.0,6.258,16.411,716,716,0.246,6.24,Low,2,0.0495
5053,Grant,Arkansas,4468,61.0,94.0,5.692,9.532,786,786,1.365,5.684,Medium,2,0.0241
28051,Holmes,Mississippi,4455,104.0,188.0,5.7,13.598,786,786,2.334,5.668,High,3,0.0262
51520,Bristol city,Virginia,4454,80.0,158.0,5.778,12.266,778,778,1.796,5.725,High,3,0.0265
22127,Winn,Louisiana,4452,64.0,256.0,5.791,15.73,780,780,1.438,5.708,Medium,2,0.0294
17039,De Witt,Illinois,4424,45.0,131.0,5.767,12.119,771,771,1.017,5.738,Low,2,0.0299
17067,Hancock,Illinois,4420,58.0,92.0,5.795,9.954,766,766,1.312,5.77,Medium,2,0.019
17193,White,Illinois,4413,59.0,155.0,5.885,11.714,754,754,1.337,5.853,Medium,2,0.0237
13303,Washington,Georgia,4411,138.0,137.0,5.835,11.829,782,782,3.129,5.641,High,3,0.0631
22049,Jackson,Louisiana,4409,76.0,255.0,5.804,14.673,780,780,1.724,5.653,High,2,0.0283
18047,Franklin,Indiana,4400,65.0,118.0,5.615,10.272,788,788,1.477,5.584,Medium,2,0.0147
49013,Duchesne,Utah,4397,27.0,127.0,5.898,13.256,771,771,0.614,5.703,Low,2,0.0417
20011,Bourbon,Kansas,4391,52.0,239.0,5.627,16.534,782,782,1.184,5.615,Low,2,0.0296
37185,Warren,North Carolina,4381,45.0,162.0,5.714,13.434,770,770,1.027,5.69,Low,2,0.0269
26129,Ogemaw,Michigan,4372,106.0,125.0,5.637,12.322,779,779,2.425,5.612,High,3,0.0466
17005,Bond,Illinois,4370,37.0,111.0,5.652,11.193,776,776,0.847,5.631,Low,2,0.0366
54103,Wetzel,West Virginia,4367,86.0,64.0,5.718,8.702,776,776,1.969,5.628,High,3,0.04
48279,Lamb,Texas,4356,122.0,605.0,5.66,25.925,777,777,2.801,5.606,High,3,0.1124
37131,Northampton,North Carolina,4351,84.0,165.0,5.697,13.506,780,780,1.931,5.578,High,3,0.0223
13017,Ben Hill,Georgia,4344,122.0,81.0,5.585,10.244,781,781,2.808,5.562,High,3,0.0498
21225,Union,Kentucky,4341,57.0,140.0,5.578,11.268,779,779,1.313,5.573,Medium,2,0.0217
46065,Hughes,South Dakota,4335,58.0,89.0,5.55,9.322,782,782,1.338,5.543,Medium,2,0.0222
20005,Atchison,Kansas,4323,34.0,224.0,5.716,15.959,775,775,0.786,5.578,Low,2,0.0324
8089,Otero,Colorado,4322,130.0,88.0,5.596,11.006,780,780,3.008,5.541,High,3,0.0614
12125,Union,Florida,4321,116.0,272.0,5.673,21.694,774,774,2.685,5.583,High,3,0.0605
54065,Morgan,West Virginia,4307,69.0,127.0,5.593,10.841,776,776,1.602,5.55,Medium,2,0.018
17015,Carroll,Illinois,4301,49.0,131.0,5.559,11.836,777,777,1.139,5.535,Low,2,0.0267
51135,Nottoway,Virginia,4300,92.0,95.0,5.55,10.644,780,780,2.14,5.513,High,3,0.0237
55023,Crawford,Wisconsin,4299,28.0,286.0,5.578,14.847,773,773,0.651,5.561,Low,2,0.0521
12045,Gulf,Florida,4292,79.0,271.0,5.596,21.402,773,773,1.841,5.552,High,3,0.0385
21109,Jackson,Kentucky,4286,80.0,77.0,5.614,9.733,766,766,1.867,5.595,High,3,0.0247
48287,Lee,Texas,4278,60.0,372.0,5.57,21.071,772,772,1.403,5.541,Medium,2,0.0481
37015,Bertie,North Carolina,4277,68.0,251.0,5.519,14.267,780,780,1.59,5.483,Medium,2,0.0298
22059,LaSalle,Louisiana,4275,61.0,201.0,5.593,14.271,779,779,1.427,5.488,Medium,2,0.0296
45061,Lee,South Carolina,4272,95.0,229.0,5.508,14.776,787,787,2.224,5.428,High,3,0.0435
48285,Lavaca,Texas,4271,120.0,252.0,5.537,14.333,787,787,2.81,5.427,High,3,0.0483
18015,Carroll,Indiana,4268,68.0,102.0,5.509,9.578,778,778,1.593,5.486,Medium,2,0.0148
29163,Pike,Missouri,4264,63.0,263.0,5.61,13.212,775,775,1.477,5.502,Medium,2,0.0224
27159,Wadena,Minnesota,4261,55.0,61.0,5.721,9.719,746,746,1.291,5.712,Medium,2,0.0157
54063,Monroe,West Virginia,4260,46.0,93.0,5.62,10.129,763,763,1.08,5.583,Low,2,0.0251
30067,Park,Montana,4260,35.0,145.0,5.499,12.876,778,778,0.822,5.476,Low,2,0.0263
48225,Houston,Texas,4253,111.0,366.0,6.313,18.641,755,755,2.61,5.633,High,3,0.0587
29015,Benton,Missouri,4248,107.0,143.0,5.499,10.14,779,779,2.519,5.453,High,3,0.0392
28023,Clarke,Mississippi,4239,108.0,122.0,5.474,10.53,777,777,2.548,5.456,High,3,0.0319
47169,Trousdale,Tennessee,4238,45.0,897.0,5.485,36.457,777,777,1.062,5.454,Low,2,0.153
16067,Minidoka,Idaho,4235,64.0,75.0,5.488,8.31,775,775,1.511,5.465,Medium,2,0.0143
21119,Knott,Kentucky,4233,64.0,90.0,5.574,11.015,763,763,1.512,5.548,Medium,2,0.0133
47015,Cannon,Tennessee,4227,63.0,288.0,5.454,18.468,779,779,1.49,5.426,Medium,2,0.0226
47153,Sequatchie,Tennessee,4226,69.0,273.0,5.541,16.946,773,773,1.633,5.467,Medium,2,0.0301
21045,Casey,Kentucky,4216,74.0,146.0,5.551,11.136,760,760,1.755,5.547,High,3,0.0333
54031,Hardy,West Virginia,4202,50.0,95.0,5.466,9.676,774,774,1.19,5.429,Low,2,0.0167
19031,Cedar,Iowa,4201,35.0,233.0,5.408,17.797,781,781,0.833,5.379,Low,2,0.0315
40073,Kingfisher,Oklahoma,4178,71.0,336.0,5.425,20.437,772,772,1.699,5.412,Medium,2,0.033
48007,Aransas,Texas,4177,86.0,126.0,5.466,10.793,769,769,2.059,5.432,High,3,0.0247
13025,Brantley,Georgia,4168,109.0,129.0,5.574,11.689,768,768,2.615,5.427,High,3,0.0429
40099,Murray,Oklahoma,4166,77.0,475.0,5.469,23.583,764,764,1.848,5.453,High,3,0.0559
37041,Chowan,North Carolina,4160,61.0,203.0,5.459,14.743,771,771,1.466,5.396,Medium,2,0.0179
21033,Caldwell,Kentucky,4158,61.0,188.0,5.896,13.351,770,770,1.467,5.4,Medium,2,0.0199
5021,Clay,Arkansas,4154,93.0,115.0,5.424,8.649,768,768,2.239,5.409,High,3,0.0367
2130,Ketchikan Gateway Borough,Alaska,4154,17.0,176.0,5.279,14.84,788,788,0.409,5.272,Low,2,0.036
42057,Fulton,Pennsylvania,4153,65.0,47.0,5.41,7.958,769,769,1.565,5.401,Medium,2,0.02
51075,Goochland,Virginia,4153,53.0,138.0,5.308,10.566,788,788,1.276,5.27,Medium,2,0.0193
5113,Polk,Arkansas,4148,149.0,64.0,5.286,8.431,786,786,3.592,5.277,High,3,0.0793
29053,Cooper,Missouri,4142,77.0,185.0,5.367,10.263,780,780,1.859,5.31,High,3,0.0287
19083,Hardin,Iowa,4140,62.0,257.0,5.339,17.696,778,778,1.498,5.321,Medium,2,0.0225
19059,Dickinson,Iowa,4140,72.0,163.0,5.329,13.875,778,778,1.739,5.321,High,2,0.0222
48035,Bosque,Texas,4130,70.0,423.0,5.441,20.704,759,759,1.695,5.441,Medium,2,0.0425
18165,Vermillion,Indiana,4130,75.0,72.0,5.324,9.213,777,777,1.816,5.315,High,3,0.0237
28129,Smith,Mississippi,4127,68.0,108.0,5.269,10.268,785,785,1.648,5.257,Medium,2,0.0313
19065,Fayette,Iowa,4123,74.0,174.0,5.267,16.073,784,784,1.795,5.259,High,3,0.0236
40117,Pawnee,Oklahoma,4121,85.0,263.0,5.264,20.058,788,788,2.063,5.23,High,3,0.032
19041,Clay,Iowa,4120,44.0,227.0,5.326,16.853,774,774,1.068,5.323,Low,2,0.0318
21065,Estill,Kentucky,4120,50.0,160.0,5.806,13.689,711,711,1.214,5.795,Low,2,0.0198
51071,Giles,Virginia,4115,50.0,123.0,5.396,11.38,768,768,1.215,5.358,Low,2,0.0199
28161,Yalobusha,Mississippi,4114,57.0,141.0,5.327,11.281,779,779,1.386,5.281,Medium,2,0.0231
38077,Richland,North Dakota,4108,23.0,67.0,5.4,8.788,765,765,0.56,5.37,Low,2,0.0396
17085,Jo Daviess,Illinois,4105,39.0,108.0,5.255,9.763,783,783,0.95,5.243,Low,2,0.0292
12013,Calhoun,Florida,4103,98.0,232.0,5.379,20.549,774,774,2.388,5.301,High,3,0.0458
17139,Moultrie,Illinois,4100,52.0,109.0,5.325,9.887,772,772,1.268,5.311,Medium,2,0.0227
1027,Clay,Alabama,4099,82.0,249.0,5.309,13.954,780,780,2.0,5.255,High,3,0.0403
17187,Warren,Illinois,4089,87.0,85.0,5.372,8.961,763,763,2.128,5.359,High,3,0.0211
17131,Mercer,Illinois,4087,47.0,89.0,5.306,10.19,772,772,1.15,5.294,Low,2,0.019
2158,Kusilvak Census Area,Alaska,4084,14.0,228.0,6.024,16.341,680,680,0.343,6.006,Low,2,0.0501
55129,Washburn,Wisconsin,4078,47.0,91.0,5.391,9.439,760,760,1.153,5.366,Low,2,0.0187
51079,Greene,Virginia,4074,62.0,100.0,5.331,10.507,779,779,1.522,5.23,Medium,2,0.0166
55013,Burnett,Wisconsin,4062,43.0,64.0,5.581,9.202,730,730,1.059,5.564,Low,2,0.0243
40023,Choctaw,Oklahoma,4062,64.0,384.0,5.294,22.606,778,778,1.576,5.221,Medium,2,0.0376
48507,Zavala,Texas,4059,68.0,170.0,5.395,14.122,757,757,1.675,5.362,Medium,2,0.0163
51077,Grayson,Virginia,4059,83.0,149.0,5.46,11.267,746,746,2.045,5.441,High,3,0.0241
19055,Delaware,Iowa,4056,68.0,169.0,5.301,14.549,767,767,1.677,5.288,Medium,2,0.0158
29141,Morgan,Missouri,4053,115.0,90.0,5.253,8.313,775,775,2.837,5.23,High,3,0.0562
12029,Dixie,Florida,4046,70.0,202.0,5.264,20.474,770,770,1.73,5.255,High,2,0.0176
46127,Union,South Dakota,4026,52.0,100.0,5.197,8.909,778,778,1.292,5.175,Medium,2,0.0166
21221,Trigg,Kentucky,4016,44.0,167.0,5.329,11.812,762,762,1.096,5.27,Low,2,0.0304
49037,San Juan,Utah,4004,49.0,120.0,5.172,9.765,777,777,1.224,5.153,Medium,2,0.0243
48503,Young,Texas,4002,94.0,113.0,5.188,9.635,778,778,2.349,5.144,High,3,0.0248
47061,Grundy,Tennessee,3998,73.0,192.0,5.147,14.737,781,781,1.826,5.119,High,3,0.0265
55103,Richland,Wisconsin,3995,48.0,94.0,5.153,9.711,778,778,1.202,5.135,Low,2,0.0176
51029,Buckingham,Virginia,3993,57.0,87.0,5.191,10.254,774,774,1.427,5.159,Medium,2,0.0211
22013,Bienville,Louisiana,3992,111.0,245.0,5.316,13.635,784,784,2.781,5.092,High,3,0.0471
13011,Banks,Georgia,3990,94.0,142.0,5.208,9.462,775,775,2.356,5.148,High,3,0.0303
20001,Allen,Kansas,3989,53.0,273.0,5.732,16.602,698,698,1.329,5.715,Medium,2,0.0279
27127,Redwood,Minnesota,3985,54.0,64.0,5.195,8.846,768,768,1.355,5.189,Medium,2,0.0202
17125,Mason,Illinois,3980,61.0,116.0,5.175,10.405,770,770,1.533,5.169,Medium,2,0.0182
56023,Lincoln,Wyoming,3979,31.0,100.0,5.178,8.9,771,771,0.779,5.161,Low,2,0.0325
30035,Glacier,Montana,3978,74.0,130.0,5.257,12.538,771,771,1.86,5.16,High,3,0.0229
5087,Madison,Arkansas,3975,61.0,82.0,5.208,7.991,766,766,1.535,5.189,Medium,2,0.0174
13133,Greene,Georgia,3974,85.0,132.0,5.114,9.953,781,781,2.139,5.088,High,3,0.0232
45081,Saluda,South Carolina,3968,78.0,262.0,5.118,13.7,786,786,1.966,5.048,High,3,0.0419
21229,Washington,Kentucky,3967,61.0,79.0,5.115,9.021,777,777,1.538,5.106,Medium,2,0.0193
13161,Jeff Davis,Georgia,3966,72.0,91.0,5.21,9.51,768,768,1.815,5.164,High,3,0.0219
12065,Jefferson,Florida,3964,61.0,304.0,5.192,22.455,770,770,1.539,5.148,Medium,2,0.0388
50015,Lamoille,Vermont,3964,17.0,493.0,5.156,20.353,780,780,0.429,5.082,Low,2,0.0912
31185,York,Nebraska,3954,21.0,315.0,5.135,17.753,775,775,0.531,5.102,Low,2,0.0523
46102,Oglala Lakota,South Dakota,3952,62.0,204.0,5.187,13.961,766,766,1.569,5.159,Medium,2,0.0267
21153,Magoffin,Kentucky,3950,51.0,59.0,5.456,9.881,728,728,1.291,5.426,Medium,2,0.0164
20139,Osage,Kansas,3946,49.0,196.0,5.084,14.791,778,778,1.242,5.072,Medium,2,0.0241
54007,Braxton,West Virginia,3940,43.0,246.0,5.21,12.0,766,766,1.091,5.144,Low,2,0.0337
48299,Llano,Texas,3933,97.0,350.0,5.058,16.223,780,780,2.466,5.042,High,3,0.0522
21069,Fleming,Kentucky,3928,59.0,82.0,5.21,9.866,763,763,1.502,5.148,Medium,2,0.0184
19171,Tama,Iowa,3925,90.0,175.0,5.022,13.994,783,783,2.293,5.013,High,3,0.0399
37149,Polk,North Carolina,3918,64.0,190.0,5.08,11.471,777,777,1.633,5.042,Medium,2,0.0208
21233,Webster,Kentucky,3914,49.0,100.0,5.042,9.912,779,779,1.252,5.024,Medium,2,0.0243
40005,Atoka,Oklahoma,3911,54.0,244.0,5.087,17.485,772,772,1.381,5.066,Medium,2,0.0379
20085,Jackson,Kansas,3908,29.0,211.0,5.01,14.417,783,783,0.742,4.991,Low,2,0.0439
5065,Izard,Arkansas,3906,70.0,96.0,5.132,9.543,768,768,1.792,5.086,High,3,0.0242
19191,Winneshiek,Iowa,3906,50.0,155.0,4.992,14.036,787,787,1.28,4.963,Medium,2,0.0186
17127,Massac,Illinois,3887,71.0,113.0,5.039,10.305,773,773,1.827,5.028,High,3,0.0234
1087,Macon,Alabama,3885,85.0,169.0,5.057,11.276,776,776,2.188,5.006,High,3,0.023
48161,Freestone,Texas,3880,82.0,736.0,5.375,30.904,759,759,2.113,5.112,High,3,0.1142
21031,Butler,Kentucky,3874,54.0,80.0,5.017,9.567,777,777,1.394,4.986,Medium,2,0.0229
55077,Marquette,Wisconsin,3873,61.0,73.0,5.014,8.846,775,775,1.575,4.997,Medium,2,0.0185
29229,Wright,Missouri,3847,84.0,167.0,4.991,9.633,778,778,2.184,4.945,High,3,0.0207
27043,Faribault,Minnesota,3843,52.0,84.0,4.97,8.506,778,778,1.353,4.94,Medium,2,0.0198
12047,Hamilton,Florida,3841,56.0,232.0,5.04,19.81,768,768,1.458,5.001,Medium,2,0.0184
29135,Moniteau,Missouri,3838,57.0,105.0,4.945,9.544,782,782,1.485,4.908,Medium,2,0.0156
1041,Crenshaw,Alabama,3834,100.0,191.0,4.973,10.571,779,779,2.608,4.922,High,3,0.0408
35053,Socorro,New Mexico,3834,88.0,122.0,4.838,10.992,794,794,2.295,4.829,High,3,0.0351
51685,Manassas Park city,Virginia,3828,27.0,262.0,4.969,20.6,776,776,0.705,4.933,Low,2,0.0455
41057,Tillamook,Oregon,3827,64.0,81.0,4.926,10.851,779,779,1.672,4.913,Medium,2,0.0179
29059,Dallas,Missouri,3826,72.0,412.0,5.037,16.782,767,767,1.882,4.988,High,3,0.0492
48003,Andrews,Texas,3822,72.0,295.0,5.282,17.564,770,770,1.884,4.964,High,3,0.0423
5047,Franklin,Arkansas,3818,73.0,60.0,4.987,7.5,768,768,1.912,4.971,High,3,0.0354
51011,Appomattox,Virginia,3817,53.0,71.0,5.007,8.259,768,768,1.389,4.97,Medium,2,0.0226
31151,Saline,Nebraska,3812,12.0,244.0,5.112,14.019,760,760,0.315,5.016,Low,2,0.0591
48089,Colorado,Texas,3808,64.0,106.0,4.996,8.069,773,773,1.681,4.926,Medium,2,0.015
21025,Breathitt,Kentucky,3801,54.0,71.0,4.885,9.933,783,783,1.421,4.854,Medium,2,0.0216
48145,Falls,Texas,3797,65.0,574.0,5.141,24.795,781,781,1.712,4.862,High,2,0.0635
53049,Pacific,Washington,3795,57.0,170.0,5.072,15.233,764,764,1.502,4.967,Medium,2,0.0246
54023,Grant,West Virginia,3787,56.0,59.0,5.007,7.895,762,762,1.479,4.97,Medium,2,0.0141
27129,Renville,Minnesota,3783,56.0,72.0,4.796,8.558,791,791,1.48,4.783,Medium,2,0.0125
19109,Kossuth,Iowa,3783,88.0,117.0,4.851,12.627,783,783,2.326,4.831,High,3,0.0294
48313,Madison,Texas,3778,54.0,608.0,5.282,29.104,765,765,1.429,4.939,Medium,2,0.0766
51101,King William,Virginia,3767,44.0,131.0,4.877,9.974,775,775,1.168,4.861,Low,2,0.0247
29013,Bates,Missouri,3766,96.0,196.0,4.862,10.474,784,784,2.549,4.804,High,3,0.0374
5061,Howard,Arkansas,3763,50.0,168.0,4.846,9.438,779,779,1.329,4.831,Medium,2,0.0275
18125,Pike,Indiana,3761,49.0,72.0,4.959,9.152,762,762,1.303,4.936,Medium,2,0.0191
21087,Green,Kentucky,3761,45.0,66.0,4.91,9.183,767,767,1.196,4.904,Low,2,0.0141
17185,Wabash,Illinois,3759,31.0,176.0,4.996,11.797,768,768,0.825,4.895,Low,2,0.0251
48505,Zapata,Texas,3752,55.0,256.0,4.892,13.239,768,768,1.466,4.885,Medium,2,0.02
29117,Livingston,Missouri,3751,97.0,381.0,4.975,16.982,775,775,2.586,4.84,High,3,0.0534
1075,Lamar,Alabama,3745,65.0,160.0,4.791,10.268,785,785,1.736,4.771,High,2,0.0182
21123,Larue,Kentucky,3741,73.0,98.0,4.873,10.284,778,778,1.951,4.808,High,3,0.0336
47039,Decatur,Tennessee,3738,70.0,257.0,4.907,16.936,766,766,1.873,4.88,High,3,0.0352
1129,Washington,Alabama,3736,59.0,145.0,4.803,11.221,785,785,1.579,4.759,Medium,2,0.0171
55065,Lafayette,Wisconsin,3731,26.0,68.0,4.871,8.289,767,767,0.697,4.864,Low,2,0.0363
48289,Leon,Texas,3728,93.0,507.0,4.83,24.167,775,775,2.495,4.81,High,3,0.0683
19157,Poweshiek,Iowa,3728,61.0,181.0,4.771,15.168,783,783,1.636,4.761,Medium,2,0.0201
36097,Schuyler,New York,3724,25.0,60.0,4.793,7.221,777,777,0.671,4.793,Low,2,0.0243
21131,Leslie,Kentucky,3724,49.0,93.0,4.867,10.1,769,769,1.316,4.843,Medium,2,0.0219
37173,Swain,North Carolina,3715,43.0,86.0,5.047,9.784,745,745,1.157,4.987,Low,2,0.0208
19095,Iowa,Iowa,3711,50.0,238.0,4.821,17.994,778,778,1.347,4.77,Medium,2,0.0351
51141,Patrick,Virginia,3706,98.0,86.0,4.938,7.855,753,753,2.644,4.922,High,3,0.0422
36123,Yates,New York,3704,40.0,43.0,4.799,6.791,772,772,1.08,4.798,Low,2,0.0223
48093,Comanche,Texas,3698,78.0,144.0,4.798,11.596,773,773,2.109,4.784,High,3,0.0199
41027,Hood River,Oregon,3698,44.0,108.0,4.747,9.276,782,782,1.19,4.729,Low,2,0.0117
26089,Leelanau,Michigan,3697,55.0,171.0,4.693,12.027,792,792,1.488,4.668,Medium,2,0.0243
13005,Bacon,Georgia,3692,78.0,126.0,5.115,11.077,776,776,2.113,4.758,High,3,0.0166
13241,Rabun,Georgia,3691,99.0,123.0,4.789,8.849,774,774,2.682,4.769,High,3,0.0488
29186,Ste. Genevieve,Missouri,3689,39.0,140.0,4.836,10.132,774,774,1.057,4.766,Low,2,0.024
27113,Pennington,Minnesota,3687,41.0,73.0,4.91,8.12,753,753,1.112,4.896,Low,2,0.0297
16045,Gem,Idaho,3681,79.0,71.0,4.753,7.438,778,778,2.146,4.731,High,3,0.0286
21053,Clinton,Kentucky,3674,52.0,92.0,4.786,9.834,770,770,1.415,4.771,Medium,2,0.023
13163,Jefferson,Georgia,3668,113.0,78.0,4.747,7.961,775,775,3.081,4.733,High,3,0.0729
17061,Greene,Illinois,3663,58.0,131.0,4.83,10.3,764,764,1.583,4.795,Medium,2,0.0155
29121,Macon,Missouri,3652,58.0,275.0,4.81,12.516,775,775,1.588,4.712,Medium,2,0.0275
56015,Goshen,Wyoming,3648,57.0,79.0,4.719,9.925,778,778,1.562,4.689,Medium,2,0.0146
38071,Ramsey,North Dakota,3638,57.0,56.0,4.673,7.927,785,785,1.567,4.634,Medium,2,0.0139
48019,Bandera,Texas,3636,77.0,130.0,4.81,10.848,765,765,2.118,4.753,High,3,0.0156
8071,Las Animas,Colorado,3635,43.0,115.0,4.759,10.594,771,771,1.183,4.715,Low,2,0.0151
22123,West Carroll,Louisiana,3629,66.0,218.0,4.845,14.725,768,768,1.819,4.725,High,3,0.0249
19197,Wright,Iowa,3626,63.0,193.0,4.703,13.46,778,778,1.737,4.661,High,2,0.0199
22021,Caldwell,Louisiana,3625,55.0,144.0,4.79,11.863,772,772,1.517,4.696,Medium,2,0.0229
21171,Monroe,Kentucky,3624,77.0,74.0,4.728,8.609,769,769,2.125,4.713,High,3,0.0205
26079,Kalkaska,Michigan,3623,61.0,130.0,4.648,11.22,781,781,1.684,4.639,Medium,2,0.0172
29123,Madison,Missouri,3622,57.0,257.0,4.811,11.768,768,768,1.574,4.716,Medium,2,0.0267
28147,Walthall,Mississippi,3622,79.0,140.0,4.621,10.386,786,786,2.181,4.608,High,3,0.0214
53039,Klickitat,Washington,3612,47.0,138.0,4.608,11.617,791,791,1.301,4.566,Medium,2,0.0233
18121,Parke,Indiana,3608,52.0,103.0,4.733,9.276,771,771,1.441,4.68,Medium,2,0.0191
55011,Buffalo,Wisconsin,3608,12.0,56.0,4.682,7.627,774,774,0.333,4.661,Low,2,0.0395
19067,Floyd,Iowa,3605,62.0,185.0,4.875,14.704,743,743,1.72,4.852,High,2,0.0239
31067,Gage,Nebraska,3602,44.0,282.0,4.746,13.996,772,772,1.222,4.666,Medium,2,0.0318
8049,Grand,Colorado,3599,28.0,165.0,4.628,10.243,786,786,0.778,4.579,Low,2,0.0322
27143,Sibley,Minnesota,3596,24.0,50.0,4.646,7.556,779,779,0.667,4.616,Low,2,0.0275
28077,Lawrence,Mississippi,3590,56.0,112.0,4.631,9.87,785,785,1.56,4.573,Medium,2,0.0192
25007,Dukes,Massachusetts,3587,2.0,155.0,4.64,10.795,780,780,0.056,4.599,Low,2,0.0698
27065,Kanabec,Minnesota,3575,57.0,57.0,4.83,8.092,743,743,1.594,4.812,Medium,2,0.0213
47101,Lewis,Tennessee,3573,60.0,212.0,4.603,15.275,780,780,1.679,4.581,Medium,2,0.02
51005,Alleghany,Virginia,3572,98.0,112.0,4.898,10.195,776,776,2.744,4.603,High,3,0.0405
1029,Cleburne,Alabama,3566,69.0,226.0,4.587,11.294,780,780,1.935,4.572,High,3,0.0317
17129,Menard,Illinois,3560,24.0,108.0,4.601,10.448,776,776,0.674,4.588,Low,2,0.0243
18159,Tipton,Indiana,3544,87.0,98.0,4.539,7.936,783,783,2.455,4.526,High,3,0.0348
40107,Okfuskee,Oklahoma,3534,62.0,279.0,4.641,19.693,764,764,1.754,4.626,High,3,0.0366
29133,Mississippi,Missouri,3521,59.0,105.0,4.722,8.818,752,752,1.676,4.682,Medium,2,0.0146
26019,Benzie,Michigan,3514,68.0,184.0,4.693,12.124,756,756,1.935,4.648,High,3,0.0274
19101,Jefferson,Iowa,3513,51.0,180.0,4.579,15.7,772,772,1.452,4.551,Medium,2,0.0254
19043,Clayton,Iowa,3510,72.0,120.0,4.526,12.899,779,779,2.051,4.506,High,3,0.0155
21041,Carroll,Kentucky,3504,45.0,178.0,4.562,10.582,777,777,1.284,4.51,Medium,2,0.0189
39111,Monroe,Ohio,3499,82.0,55.0,4.562,7.087,769,769,2.344,4.55,High,3,0.0308
21191,Pendleton,Kentucky,3498,38.0,100.0,4.569,9.108,772,772,1.086,4.531,Low,2,0.0235
46027,Clay,South Dakota,3493,21.0,126.0,4.537,9.724,776,776,0.601,4.501,Low,2,0.0344
5141,Van Buren,Arkansas,3489,62.0,97.0,4.5,7.913,786,786,1.777,4.439,High,3,0.02
48487,Wilbarger,Texas,3486,87.0,240.0,4.595,13.239,760,760,2.496,4.587,High,3,0.0464
25019,Nantucket,Massachusetts,3481,3.0,152.0,4.454,10.977,784,784,0.086,4.44,Low,2,0.0645
19079,Hamilton,Iowa,3481,72.0,167.0,4.573,13.236,769,769,2.068,4.527,High,3,0.0228
51690,Martinsville city,Virginia,3478,124.0,69.0,4.685,7.196,746,746,3.565,4.662,High,3,0.0583
37121,Mitchell,North Carolina,3474,37.0,90.0,4.56,8.676,772,772,1.065,4.5,Low,2,0.0169
55107,Rusk,Wisconsin,3465,55.0,61.0,4.528,8.634,771,771,1.587,4.494,Medium,2,0.0194
19141,O'Brien,Iowa,3457,71.0,183.0,4.492,13.336,772,772,2.054,4.478,High,3,0.0218
17189,Washington,Illinois,3455,41.0,122.0,4.409,8.984,787,787,1.187,4.39,Low,2,0.0127
45009,Bamberg,South Carolina,3446,75.0,192.0,4.481,12.697,774,774,2.176,4.452,High,3,0.0243
51175,Southampton,Virginia,3446,93.0,146.0,4.472,10.431,779,779,2.699,4.424,High,3,0.0448
19085,Harrison,Iowa,3437,95.0,184.0,4.356,13.535,792,792,2.764,4.34,High,3,0.0409
13027,Brooks,Georgia,3430,86.0,121.0,4.451,9.75,776,776,2.507,4.42,High,3,0.0413
55007,Bayfield,Wisconsin,3425,41.0,67.0,4.415,7.786,786,786,1.197,4.358,Low,2,0.0147
31159,Seward,Nebraska,3415,42.0,318.0,4.468,16.466,769,769,1.23,4.441,Medium,2,0.0344
48131,Duval,Texas,3412,70.0,82.0,4.649,9.203,760,760,2.052,4.489,High,3,0.0172
5089,Marion,Arkansas,3409,88.0,60.0,4.492,6.907,764,764,2.581,4.462,High,3,0.0467
8051,Gunnison,Colorado,3407,14.0,253.0,4.352,11.928,795,795,0.411,4.286,Low,2,0.0404
48457,Tyler,Texas,3405,88.0,480.0,5.153,23.121,770,770,2.584,4.422,High,3,0.0681
47121,Meigs,Tennessee,3394,58.0,237.0,4.399,15.397,779,779,1.709,4.357,High,2,0.0336
13083,Dade,Georgia,3393,29.0,61.0,4.41,6.953,775,775,0.855,4.378,Low,2,0.0258
28155,Webster,Mississippi,3388,70.0,104.0,4.355,9.615,783,783,2.066,4.327,High,3,0.021
41015,Curry,Oregon,3385,54.0,134.0,4.417,11.154,768,768,1.595,4.408,Medium,2,0.0212
31131,Otoe,Nebraska,3385,19.0,221.0,4.417,11.422,772,772,0.561,4.385,Low,2,0.0413
29073,Gasconade,Missouri,3385,102.0,627.0,4.51,23.227,773,773,3.013,4.379,High,3,0.1352
17035,Cumberland,Illinois,3381,49.0,92.0,4.286,8.897,791,791,1.449,4.274,Medium,2,0.021
6063,Plumas,California,3379,14.0,134.0,4.401,10.55,774,774,0.414,4.366,Low,2,0.0368
38099,Walsh,North Dakota,3374,34.0,70.0,4.349,8.342,782,782,1.008,4.315,Low,2,0.0241
19129,Mills,Iowa,3365,42.0,226.0,4.397,14.64,770,770,1.248,4.37,Medium,2,0.0247
55003,Ashland,Wisconsin,3364,36.0,64.0,4.36,7.755,774,774,1.07,4.346,Low,2,0.0192
13023,Bleckley,Georgia,3353,100.0,125.0,4.396,9.577,775,775,2.982,4.326,High,3,0.0538
8025,Crowley,Colorado,3347,30.0,176.0,4.323,14.216,786,786,0.896,4.258,Low,2,0.0373
51081,Greensville,Virginia,3341,40.0,176.0,4.396,12.332,776,776,1.197,4.305,Low,2,0.0219
19145,Page,Iowa,3339,46.0,103.0,4.297,11.923,779,779,1.378,4.286,Medium,2,0.0253
20115,Marion,Kansas,3337,43.0,221.0,4.339,13.537,771,771,1.289,4.328,Medium,2,0.0209
51051,Dickenson,Virginia,3325,50.0,70.0,4.861,8.772,697,697,1.504,4.77,Medium,2,0.0206
21159,Martin,Kentucky,3308,49.0,75.0,4.264,8.083,781,781,1.481,4.236,Medium,2,0.0143
51163,Rockbridge,Virginia,3301,80.0,60.0,4.357,7.206,782,782,2.424,4.221,High,3,0.0428
16047,Gooding,Idaho,3297,55.0,77.0,4.283,7.057,773,773,1.668,4.265,Medium,2,0.0198
26053,Gogebic,Michigan,3296,69.0,192.0,4.25,11.153,779,779,2.093,4.231,High,3,0.0302
47161,Stewart,Tennessee,3294,59.0,186.0,4.303,14.0,770,770,1.791,4.278,High,3,0.0251
51025,Brunswick,Virginia,3284,47.0,116.0,4.273,10.032,774,774,1.431,4.243,Medium,2,0.0188
51193,Westmoreland,Virginia,3284,52.0,135.0,4.297,9.343,771,771,1.583,4.259,Medium,2,0.0155
55099,Price,Wisconsin,3283,33.0,56.0,4.316,7.253,763,763,1.005,4.303,Low,2,0.0242
5081,Little River,Arkansas,3281,104.0,72.0,4.514,7.834,728,728,3.17,4.507,High,3,0.0644
22027,Claiborne,Louisiana,3280,78.0,173.0,4.425,11.801,784,784,2.378,4.184,High,3,0.0362
30085,Roosevelt,Montana,3279,74.0,92.0,4.243,9.969,786,786,2.257,4.172,High,3,0.0285
39115,Morgan,Ohio,3278,60.0,42.0,4.293,6.851,768,768,1.83,4.268,High,3,0.0277
49027,Millard,Utah,3274,35.0,129.0,4.268,10.671,771,771,1.069,4.246,Low,2,0.0188
38053,McKenzie,North Dakota,3272,25.0,33.0,4.249,5.617,774,774,0.764,4.227,Low,2,0.0301
26011,Arenac,Michigan,3267,67.0,124.0,4.242,10.105,774,774,2.051,4.221,High,3,0.0155
22065,Madison,Louisiana,3264,59.0,210.0,4.268,12.243,779,779,1.808,4.19,High,3,0.0256
39067,Harrison,Ohio,3263,74.0,59.0,4.312,6.928,759,759,2.268,4.299,High,3,0.0271
29065,Dent,Missouri,3263,83.0,82.0,4.524,8.029,729,729,2.544,4.476,High,3,0.0424
28005,Amite,Mississippi,3259,69.0,102.0,4.218,8.849,777,777,2.117,4.194,High,3,0.0192
48239,Jackson,Texas,3258,59.0,87.0,4.268,10.025,779,779,1.811,4.182,High,3,0.0215
42105,Potter,Pennsylvania,3256,92.0,49.0,4.153,6.337,785,785,2.826,4.148,High,3,0.0437
38061,Mountrail,North Dakota,3254,37.0,66.0,4.218,7.506,777,777,1.137,4.188,Low,2,0.0213
27033,Cottonwood,Minnesota,3253,41.0,87.0,4.204,7.728,776,776,1.26,4.192,Medium,2,0.0198
19023,Butler,Iowa,3252,53.0,155.0,4.186,11.865,778,778,1.63,4.18,Medium,2,0.0184
13221,Oglethorpe,Georgia,3250,58.0,135.0,4.218,8.691,774,774,1.785,4.199,High,3,0.0185
20131,Nemaha,Kansas,3243,60.0,111.0,4.359,11.564,746,746,1.85,4.347,High,3,0.0221
41001,Baker,Oregon,3231,48.0,83.0,4.385,7.96,738,738,1.486,4.378,Medium,2,0.014
29151,Osage,Missouri,3230,46.0,178.0,4.227,9.675,775,775,1.424,4.168,Medium,2,0.0252
39121,Noble,Ohio,3220,58.0,52.0,4.227,7.089,765,765,1.801,4.209,High,3,0.0238
47087,Jackson,Tennessee,3211,63.0,211.0,4.188,14.881,772,772,1.962,4.159,High,3,0.0305
21011,Bath,Kentucky,3210,48.0,67.0,4.18,7.836,772,772,1.495,4.158,Medium,2,0.0188
28135,Tallahatchie,Mississippi,3203,60.0,115.0,4.24,8.795,782,782,1.873,4.096,High,3,0.0207
53031,Jefferson,Washington,3198,29.0,100.0,4.031,11.421,799,799,0.907,4.003,Low,2,0.0299
28041,Greene,Mississippi,3198,59.0,112.0,4.182,9.152,768,768,1.845,4.164,High,3,0.0205
54087,Roane,West Virginia,3187,38.0,106.0,4.279,8.016,775,775,1.192,4.112,Low,2,0.0127
19121,Madison,Iowa,3181,40.0,129.0,4.128,11.012,773,773,1.257,4.115,Medium,2,0.018
13159,Jasper,Georgia,3155,73.0,118.0,4.092,8.99,781,781,2.314,4.04,High,3,0.0241
35057,Torrance,New Mexico,3152,56.0,95.0,4.093,8.909,775,775,1.777,4.067,High,3,0.018
6043,Mariposa,California,3145,35.0,95.0,4.221,10.402,746,746,1.113,4.216,Low,2,0.0231
6051,Mono,California,3144,6.0,150.0,4.149,11.43,781,781,0.191,4.026,Low,2,0.0641
56009,Converse,Wyoming,3144,55.0,60.0,4.064,7.781,777,777,1.749,4.046,High,3,0.0313
46041,Dewey,South Dakota,3139,44.0,559.0,4.513,23.221,707,707,1.402,4.44,Medium,2,0.0627
27023,Chippewa,Minnesota,3128,48.0,63.0,4.156,6.968,754,754,1.535,4.149,Medium,2,0.0255
18009,Blackford,Indiana,3123,69.0,63.0,4.074,7.555,772,772,2.209,4.045,High,3,0.0318
24029,Kent,Maryland,3122,66.0,252.0,4.053,10.953,780,780,2.114,4.003,High,3,0.0352
27121,Pope,Minnesota,3119,17.0,56.0,4.242,7.611,739,739,0.545,4.221,Low,2,0.0279
23021,Piscataquis,Maine,3112,31.0,136.0,4.134,10.052,755,755,0.996,4.122,Low,2,0.0213
40085,Love,Oklahoma,3109,39.0,240.0,4.028,15.499,775,775,1.254,4.012,Medium,2,0.0288
13271,Telfair,Georgia,3101,85.0,57.0,4.087,7.772,772,772,2.741,4.017,High,3,0.0422
12037,Franklin,Florida,3087,52.0,192.0,4.074,16.71,771,771,1.684,4.004,Medium,2,0.0216
18131,Pulaski,Indiana,3086,86.0,65.0,4.053,7.35,768,768,2.787,4.018,High,3,0.0466
13049,Charlton,Georgia,3076,63.0,69.0,3.93,6.707,795,795,2.048,3.869,High,3,0.0181
48353,Nolan,Texas,3065,99.0,109.0,4.241,9.784,750,750,3.23,4.087,High,3,0.0501
30017,Custer,Montana,3062,48.0,53.0,4.389,8.629,701,701,1.568,4.368,Medium,2,0.0171
8081,Moffat,Colorado,3062,52.0,68.0,3.981,6.855,777,777,1.698,3.941,Medium,2,0.026
37187,Washington,North Carolina,3056,50.0,169.0,3.957,11.169,776,776,1.636,3.938,Medium,2,0.0186
40103,Noble,Oklahoma,3050,39.0,270.0,3.905,16.81,783,783,1.279,3.895,Medium,2,0.0288
27001,Aitkin,Minnesota,3049,62.0,43.0,4.067,6.865,757,757,2.033,4.028,High,3,0.0239
28111,Perry,Mississippi,3048,64.0,96.0,3.9,7.948,787,787,2.1,3.873,High,3,0.0254
40069,Johnston,Oklahoma,3041,54.0,286.0,4.013,16.346,760,760,1.776,4.001,High,3,0.0383
5041,Desha,Arkansas,3030,41.0,85.0,3.856,7.781,789,789,1.353,3.84,Medium,2,0.0247
38003,Barnes,North Dakota,3024,47.0,70.0,3.932,7.634,777,777,1.554,3.892,Medium,2,0.0185
29155,Pemiscot,Missouri,3013,74.0,122.0,3.891,7.391,781,781,2.456,3.858,High,3,0.0287
48115,Dawson,Texas,2998,94.0,73.0,4.302,9.436,776,776,3.135,3.863,High,3,0.05
16049,Idaho,Idaho,2998,52.0,91.0,3.845,7.881,780,780,1.734,3.844,High,2,0.025
5011,Bradley,Arkansas,2997,49.0,100.0,3.823,7.516,787,787,1.635,3.808,Medium,2,0.0138
27165,Watonwan,Minnesota,2990,23.0,62.0,3.881,6.56,775,775,0.769,3.858,Low,2,0.0244
21219,Todd,Kentucky,2987,43.0,105.0,3.979,8.035,767,767,1.44,3.894,Medium,2,0.0148
19189,Winnebago,Iowa,2984,47.0,116.0,3.897,11.234,768,768,1.575,3.885,Medium,2,0.0189
19035,Cherokee,Iowa,2981,62.0,156.0,3.967,11.65,753,753,2.08,3.959,High,3,0.0231
37005,Alleghany,North Carolina,2981,16.0,100.0,3.861,8.612,776,776,0.537,3.841,Low,2,0.0284
41049,Morrow,Oregon,2980,34.0,72.0,3.851,7.561,778,778,1.141,3.83,Low,2,0.02
1037,Coosa,Alabama,2977,58.0,134.0,3.861,8.894,779,779,1.948,3.822,High,3,0.0256
46121,Todd,South Dakota,2975,53.0,74.0,3.846,8.486,778,778,1.782,3.824,High,3,0.017
28097,Montgomery,Mississippi,2963,77.0,80.0,3.793,8.114,783,783,2.599,3.784,High,3,0.0344
19029,Cass,Iowa,2962,78.0,109.0,3.907,12.021,761,761,2.633,3.892,High,3,0.0299
21129,Lee,Kentucky,2951,52.0,177.0,4.152,12.018,716,716,1.762,4.122,High,3,0.0257
2261,Valdez-Cordova Census Area,Alaska,2948,19.0,111.0,4.008,9.623,737,737,0.645,4.0,Low,2,0.0417
26113,Missaukee,Michigan,2946,60.0,85.0,3.798,7.836,779,779,2.037,3.782,High,3,0.0187
46023,Charles Mix,South Dakota,2942,35.0,78.0,3.714,7.448,795,795,1.19,3.701,Low,2,0.0162
29039,Cedar,Missouri,2936,57.0,380.0,3.863,14.829,775,775,1.941,3.788,High,3,0.0531
19007,Appanoose,Iowa,2927,68.0,122.0,3.788,11.825,779,779,2.323,3.757,High,3,0.0209
8007,Archuleta,Colorado,2926,16.0,86.0,3.809,7.384,775,775,0.547,3.775,Low,2,0.0257
48059,Callahan,Texas,2920,72.0,276.0,3.837,12.185,767,767,2.466,3.807,High,3,0.0433
5137,Stone,Arkansas,2918,68.0,81.0,3.752,6.516,781,781,2.33,3.736,High,3,0.0236
39163,Vinton,Ohio,2918,55.0,58.0,3.933,6.351,746,746,1.885,3.912,High,3,0.0208
8093,Park,Colorado,2913,20.0,89.0,3.739,7.239,785,785,0.687,3.711,Low,2,0.0274
5077,Lee,Arkansas,2912,59.0,197.0,3.789,11.539,773,773,2.026,3.767,High,3,0.0315
49029,Morgan,Utah,2903,15.0,96.0,3.734,8.3,779,779,0.517,3.727,Low,2,0.0353
49023,Juab,Utah,2899,25.0,108.0,3.792,8.483,771,771,0.862,3.76,Low,2,0.0193
1131,Wilcox,Alabama,2892,46.0,205.0,3.756,10.814,780,780,1.591,3.708,Medium,2,0.0252
19005,Allamakee,Iowa,2890,60.0,116.0,3.678,10.149,790,790,2.076,3.658,High,3,0.0225
21143,Lyon,Kentucky,2881,34.0,252.0,3.816,14.906,788,788,1.18,3.656,Low,2,0.0335
35028,Los Alamos,New Mexico,2880,16.0,280.0,3.748,15.067,770,770,0.556,3.74,Low,2,0.0469
21169,Metcalfe,Kentucky,2875,64.0,63.0,3.875,6.528,746,746,2.226,3.854,High,3,0.0272
48063,Camp,Texas,2873,75.0,153.0,3.745,7.652,773,773,2.611,3.717,High,3,0.0336
1035,Conecuh,Alabama,2869,71.0,127.0,3.736,8.785,773,773,2.475,3.712,High,3,0.026
19081,Hancock,Iowa,2867,47.0,86.0,3.692,10.039,782,782,1.639,3.666,Medium,2,0.015
28065,Jefferson Davis,Mississippi,2865,53.0,130.0,3.75,8.73,765,765,1.85,3.745,High,3,0.0206
29011,Barton,Missouri,2859,52.0,174.0,4.104,8.956,702,702,1.819,4.073,High,3,0.0224
51678,Lexington city,Virginia,2857,40.0,103.0,3.798,8.961,771,771,1.4,3.706,Medium,2,0.0273
8105,Rio Grande,Colorado,2856,46.0,54.0,3.718,6.694,779,779,1.611,3.666,Medium,2,0.0288
22125,West Feliciana,Louisiana,2835,46.0,828.0,4.31,30.72,778,778,1.623,3.644,Medium,2,0.1147
54089,Summers,West Virginia,2831,54.0,67.0,3.742,6.711,763,763,1.907,3.71,High,3,0.0276
48475,Ward,Texas,2830,44.0,235.0,4.11,11.099,721,721,1.555,3.925,Medium,2,0.0357
48133,Eastland,Texas,2829,113.0,213.0,3.655,9.749,780,780,3.994,3.627,High,3,0.1389
20205,Wilson,Kansas,2828,43.0,185.0,3.745,11.03,757,757,1.521,3.736,Medium,2,0.0356
20107,Linn,Kansas,2827,28.0,130.0,3.707,11.155,786,786,0.99,3.597,Low,2,0.0205
17123,Marshall,Illinois,2809,33.0,100.0,3.615,7.569,780,780,1.175,3.601,Low,2,0.0164
13183,Long,Georgia,2801,35.0,102.0,3.733,8.899,780,780,1.25,3.591,Medium,2,0.0145
45017,Calhoun,South Carolina,2799,61.0,111.0,3.631,9.018,788,788,2.179,3.552,High,3,0.02
40061,Haskell,Oklahoma,2796,41.0,246.0,3.708,15.472,757,757,1.466,3.694,Medium,2,0.0306
29111,Lewis,Missouri,2796,36.0,201.0,3.799,10.719,756,756,1.288,3.698,Medium,2,0.0236
27071,Koochiching,Minnesota,2796,37.0,56.0,3.642,6.638,772,772,1.323,3.622,Medium,2,0.0194
48445,Terry,Texas,2790,84.0,99.0,4.553,11.065,780,780,3.011,3.577,High,3,0.0552
40105,Nowata,Oklahoma,2785,40.0,232.0,3.601,14.375,777,777,1.436,3.584,Medium,2,0.0316
37143,Perquimans,North Carolina,2780,24.0,106.0,3.613,8.154,777,777,0.863,3.578,Low,2,0.0188
12067,Lafayette,Florida,2780,61.0,308.0,3.654,19.109,766,766,2.194,3.629,High,3,0.0417
5017,Chicot,Arkansas,2778,60.0,152.0,3.592,10.406,779,779,2.16,3.566,High,3,0.0311
13099,Early,Georgia,2767,62.0,81.0,3.608,7.638,786,786,2.241,3.52,High,3,0.0253
46019,Butte,South Dakota,2757,45.0,68.0,4.104,7.129,675,675,1.632,4.084,Medium,2,0.0176
47095,Lake,Tennessee,2749,43.0,351.0,3.862,18.32,761,761,1.564,3.612,Medium,2,0.0411
48371,Pecos,Texas,2749,71.0,187.0,4.717,12.622,768,768,2.583,3.579,High,3,0.0421
19119,Lyon,Iowa,2747,50.0,132.0,3.564,10.025,771,771,1.82,3.563,High,3,0.0212
16079,Shoshone,Idaho,2746,76.0,37.0,4.041,5.54,680,680,2.768,4.038,High,3,0.0437
31037,Colfax,Nebraska,2741,27.0,146.0,3.657,9.458,772,772,0.985,3.551,Low,2,0.0235
38055,McLean,North Dakota,2737,49.0,34.0,3.553,5.35,777,777,1.79,3.523,High,3,0.0237
20013,Brown,Kansas,2735,48.0,122.0,3.723,9.866,740,740,1.755,3.696,High,3,0.0192
28103,Noxubee,Mississippi,2730,48.0,97.0,3.501,7.226,781,781,1.758,3.496,High,3,0.019
19165,Shelby,Iowa,2724,51.0,115.0,3.574,10.362,777,777,1.872,3.506,High,3,0.0155
16081,Teton,Idaho,2723,9.0,59.0,3.469,6.659,791,791,0.331,3.442,Low,2,0.0375
19175,Union,Iowa,2720,51.0,91.0,3.605,11.065,764,764,1.875,3.56,High,3,0.0134
35007,Colfax,New Mexico,2708,65.0,91.0,3.667,8.529,765,765,2.4,3.54,High,3,0.0321
48455,Trinity,Texas,2707,72.0,228.0,3.527,9.889,770,770,2.66,3.516,High,3,0.0483
51125,Nelson,Virginia,2707,36.0,92.0,3.61,8.01,780,780,1.33,3.471,Medium,2,0.0159
19037,Chickasaw,Iowa,2701,32.0,147.0,3.527,11.519,768,768,1.185,3.517,Low,2,0.0193
22025,Catahoula,Louisiana,2700,55.0,131.0,3.575,8.827,785,785,2.037,3.439,High,3,0.0232
29181,Ripley,Missouri,2697,61.0,169.0,3.569,7.977,777,777,2.262,3.471,High,3,0.0329
5049,Fulton,Arkansas,2696,90.0,43.0,3.636,5.577,751,751,3.338,3.59,High,3,0.0799
55041,Forest,Wisconsin,2694,52.0,58.0,3.673,7.006,738,738,1.93,3.65,High,3,0.0286
17079,Jasper,Illinois,2691,33.0,98.0,3.516,7.508,770,770,1.226,3.495,Medium,2,0.0322
47083,Houston,Tennessee,2689,62.0,134.0,3.452,10.026,783,783,2.306,3.434,High,3,0.0246
51007,Amelia,Virginia,2683,61.0,65.0,3.469,6.955,779,779,2.274,3.444,High,3,0.0202
2220,Sitka City and Borough,Alaska,2681,6.0,93.0,3.594,11.088,748,748,0.224,3.584,Low,2,0.0457
51043,Clarke,Virginia,2679,42.0,78.0,3.571,7.213,774,774,1.568,3.461,Medium,2,0.0161
40127,Pushmataha,Oklahoma,2677,45.0,208.0,3.604,14.158,747,747,1.681,3.584,Medium,2,0.0264
27149,Stevens,Minnesota,2675,13.0,68.0,3.916,7.905,716,716,0.486,3.736,Low,2,0.0399
26071,Iron,Michigan,2673,87.0,114.0,3.775,8.993,711,711,3.255,3.759,High,3,0.0486
13251,Screven,Georgia,2659,70.0,92.0,3.463,8.063,774,774,2.633,3.435,High,3,0.0288
8099,Prowers,Colorado,2654,51.0,42.0,3.511,6.09,765,765,1.922,3.469,High,3,0.029
48247,Jim Hogg,Texas,2648,22.0,140.0,3.538,12.074,751,751,0.831,3.526,Low,2,0.0225
30083,Richland,Montana,2646,35.0,131.0,3.475,8.298,766,766,1.323,3.454,Medium,2,0.0226
37043,Clay,North Carolina,2645,44.0,80.0,3.459,7.841,774,774,1.664,3.417,Medium,2,0.0224
16085,Valley,Idaho,2642,16.0,97.0,3.428,7.975,783,783,0.606,3.374,Low,2,0.0298
40149,Washita,Oklahoma,2639,54.0,232.0,3.637,14.666,730,730,2.046,3.615,High,3,0.029
48075,Childress,Texas,2638,33.0,599.0,3.766,23.846,755,755,1.251,3.494,Medium,2,0.0898
51159,Richmond,Virginia,2638,27.0,149.0,4.316,10.16,771,771,1.024,3.422,Low,2,0.0317
29017,Bollinger,Missouri,2635,41.0,92.0,3.456,6.61,779,779,1.556,3.383,Medium,2,0.0157
19091,Humboldt,Iowa,2635,38.0,134.0,3.559,11.026,753,753,1.442,3.499,Medium,2,0.0174
13259,Stewart,Georgia,2634,35.0,74.0,3.429,7.444,774,774,1.329,3.403,Medium,2,0.0149
30087,Rosebud,Montana,2633,60.0,96.0,3.938,9.315,711,711,2.279,3.703,High,3,0.024
37137,Pamlico,North Carolina,2630,28.0,122.0,3.443,8.252,776,776,1.065,3.389,Low,2,0.0227
26039,Crawford,Michigan,2629,31.0,68.0,3.411,7.706,778,778,1.179,3.379,Low,2,0.0148
1085,Lowndes,Alabama,2628,77.0,99.0,3.413,6.886,779,779,2.93,3.374,High,3,0.0469
21149,McLean,Kentucky,2621,53.0,89.0,3.427,7.336,769,769,2.022,3.408,High,3,0.0257
5109,Pike,Arkansas,2618,44.0,64.0,3.384,6.414,781,781,1.681,3.352,Medium,2,0.0189
20159,Rice,Kansas,2614,23.0,110.0,3.494,9.931,751,751,0.88,3.481,Low,2,0.0242
18013,Brown,Indiana,2608,62.0,63.0,3.35,6.265,781,781,2.377,3.339,High,3,0.0183
19025,Calhoun,Iowa,2608,25.0,137.0,3.525,11.613,743,743,0.959,3.51,Low,2,0.0308
30043,Jefferson,Montana,2601,23.0,52.0,3.341,6.387,781,781,0.884,3.33,Low,2,0.0273
1119,Sumter,Alabama,2594,51.0,132.0,3.381,8.987,775,775,1.966,3.347,High,3,0.0247
21063,Elliott,Kentucky,2594,19.0,137.0,3.652,10.757,724,724,0.732,3.583,Low,2,0.0342
18111,Newton,Indiana,2591,68.0,44.0,3.34,5.645,777,777,2.624,3.335,High,3,0.0302
51063,Floyd,Virginia,2587,49.0,65.0,3.416,6.134,765,765,1.894,3.382,High,3,0.0229
56003,Big Horn,Wyoming,2586,61.0,54.0,3.416,5.894,762,762,2.359,3.394,High,3,0.0256
40063,Hughes,Oklahoma,2586,62.0,215.0,3.624,13.091,715,715,2.398,3.617,High,3,0.038
27173,Yellow Medicine,Minnesota,2580,29.0,42.0,3.348,5.558,773,773,1.124,3.338,Low,2,0.0161
38057,Mercer,North Dakota,2577,24.0,56.0,3.509,6.2,739,739,0.931,3.487,Low,2,0.031
19075,Grundy,Iowa,2576,44.0,119.0,3.369,9.593,770,770,1.708,3.345,High,2,0.0141
13287,Turner,Georgia,2569,61.0,97.0,3.293,7.096,785,785,2.374,3.273,High,3,0.0196
48031,Blanco,Texas,2568,34.0,237.0,3.387,12.208,780,780,1.324,3.292,Medium,2,0.0386
28015,Carroll,Mississippi,2565,54.0,103.0,3.331,7.083,776,776,2.105,3.305,High,3,0.0246
30023,Deer Lodge,Montana,2563,29.0,68.0,3.318,7.178,776,776,1.131,3.303,Low,2,0.0145
21061,Edmonson,Kentucky,2563,47.0,65.0,3.401,7.071,774,774,1.834,3.311,High,3,0.0252
51640,Galax city,Virginia,2561,78.0,61.0,3.432,6.282,778,778,3.046,3.292,High,3,0.0532
29067,Douglas,Missouri,2560,80.0,118.0,3.624,6.991,713,713,3.125,3.59,High,3,0.0546
8011,Bent,Colorado,2560,47.0,163.0,3.523,11.501,734,734,1.836,3.488,High,3,0.0242
29115,Linn,Missouri,2560,65.0,630.0,3.433,23.637,771,771,2.539,3.32,High,3,0.0975
18025,Crawford,Indiana,2560,40.0,50.0,3.301,6.168,777,777,1.562,3.295,Medium,2,0.0154
28143,Tunica,Mississippi,2559,48.0,87.0,3.273,7.175,784,784,1.876,3.264,High,3,0.0144
20117,Marshall,Kansas,2559,42.0,106.0,3.727,11.363,689,689,1.641,3.714,Medium,2,0.0163
29139,Montgomery,Missouri,2548,57.0,394.0,3.388,15.185,780,780,2.237,3.267,High,3,0.0689
29079,Grundy,Missouri,2543,69.0,173.0,3.591,8.527,721,721,2.713,3.527,High,3,0.0465
51037,Charlotte,Virginia,2540,46.0,73.0,3.348,6.602,770,770,1.811,3.299,High,3,0.0188
22035,East Carroll,Louisiana,2538,38.0,138.0,3.36,8.414,777,777,1.497,3.266,Medium,2,0.0264
21237,Wolfe,Kentucky,2532,28.0,56.0,3.51,7.364,725,725,1.106,3.492,Low,2,0.0222
48343,Morris,Texas,2529,73.0,158.0,3.256,8.465,782,782,2.887,3.234,High,3,0.0466
5105,Perry,Arkansas,2523,37.0,64.0,3.282,5.973,776,776,1.467,3.251,Medium,2,0.018
19069,Franklin,Iowa,2521,43.0,130.0,3.305,9.654,768,768,1.706,3.283,High,2,0.0142
19131,Mitchell,Iowa,2519,50.0,116.0,3.279,9.755,773,773,1.985,3.259,High,3,0.025
29089,Howard,Missouri,2515,30.0,329.0,3.336,16.99,767,767,1.193,3.279,Low,2,0.0453
30027,Fergus,Montana,2515,56.0,49.0,3.635,6.915,695,695,2.227,3.619,High,3,0.0272
53051,Pend Oreille,Washington,2508,36.0,93.0,3.345,8.476,772,772,1.435,3.249,Medium,2,0.0138
18007,Benton,Indiana,2508,21.0,74.0,3.392,6.854,762,762,0.837,3.291,Low,2,0.0252
12077,Liberty,Florida,2507,30.0,156.0,3.334,13.237,764,764,1.197,3.281,Low,2,0.022
21091,Hancock,Kentucky,2498,25.0,70.0,3.233,6.439,774,774,1.001,3.227,Low,2,0.0215
19115,Louisa,Iowa,2497,62.0,126.0,3.272,9.797,771,771,2.483,3.239,High,3,0.0189
49015,Emery,Utah,2486,28.0,52.0,3.244,6.498,771,771,1.126,3.224,Low,2,0.0146
21139,Livingston,Kentucky,2482,61.0,49.0,3.283,6.018,760,760,2.458,3.266,High,3,0.0266
26097,Mackinac,Michigan,2479,31.0,96.0,3.224,8.165,773,773,1.251,3.207,Medium,2,0.0128
51620,Franklin city,Virginia,2470,54.0,65.0,3.249,6.034,774,774,2.186,3.191,High,3,0.0146
29173,Ralls,Missouri,2470,28.0,237.0,3.205,9.798,780,780,1.134,3.167,Low,2,0.0443
13191,McIntosh,Georgia,2469,37.0,90.0,3.221,8.151,775,775,1.499,3.186,Medium,2,0.0237
40093,Major,Oklahoma,2465,41.0,264.0,3.231,16.005,771,771,1.663,3.197,Medium,2,0.0402
54085,Ritchie,West Virginia,2462,32.0,35.0,3.341,5.337,741,741,1.3,3.323,Medium,2,0.024
40011,Blaine,Oklahoma,2461,43.0,209.0,3.362,13.196,740,740,1.747,3.326,High,3,0.0289
51111,Lunenburg,Virginia,2460,39.0,105.0,3.235,8.366,767,767,1.585,3.207,Medium,2,0.0156
20043,Doniphan,Kansas,2456,34.0,90.0,3.151,8.453,781,781,1.384,3.145,Medium,2,0.0202
51113,Madison,Virginia,2451,41.0,59.0,3.235,6.479,780,780,1.673,3.142,Medium,2,0.017
46109,Roberts,South Dakota,2436,53.0,56.0,3.156,5.634,776,776,2.176,3.139,High,3,0.0135
20031,Coffey,Kansas,2435,42.0,124.0,3.136,8.865,778,778,1.725,3.13,High,2,0.0187
17009,Brown,Illinois,2430,21.0,543.0,3.288,20.847,743,743,0.864,3.271,Low,2,0.1049
51183,Sussex,Virginia,2425,42.0,150.0,3.294,8.564,773,773,1.732,3.137,High,2,0.019
48357,Ochiltree,Texas,2424,48.0,155.0,3.353,10.05,750,750,1.98,3.232,High,3,0.0211
48283,La Salle,Texas,2421,48.0,218.0,3.48,13.397,758,758,1.983,3.194,High,3,0.0275
19161,Sac,Iowa,2412,33.0,122.0,3.266,9.384,743,743,1.368,3.246,Medium,2,0.0235
29223,Wayne,Missouri,2406,53.0,196.0,3.517,8.709,693,693,2.203,3.472,High,3,0.0286
13281,Towns,Georgia,2400,116.0,45.0,3.14,4.916,771,771,4.833,3.113,High,3,0.2517
16009,Benewah,Idaho,2397,41.0,86.0,3.364,6.722,719,719,1.71,3.334,High,2,0.0168
20193,Thomas,Kansas,2394,28.0,99.0,3.473,8.808,691,691,1.17,3.465,Low,2,0.0172
16087,Washington,Idaho,2394,57.0,39.0,3.12,4.887,772,772,2.381,3.101,High,3,0.0211
48399,Runnels,Texas,2393,66.0,228.0,3.257,10.13,746,746,2.758,3.208,High,3,0.0524
51735,Poquoson city,Virginia,2388,30.0,129.0,3.082,7.593,779,779,1.256,3.065,Medium,2,0.0174
13109,Evans,Georgia,2383,67.0,70.0,3.193,6.068,762,762,2.812,3.127,High,3,0.0408
13093,Dooly,Georgia,2383,69.0,109.0,3.117,6.967,775,775,2.896,3.075,High,3,0.0375
19077,Guthrie,Iowa,2372,46.0,121.0,3.063,9.173,775,775,1.939,3.061,High,3,0.0261
21187,Owen,Kentucky,2370,34.0,59.0,3.218,6.431,746,746,1.435,3.177,Medium,2,0.0143
31145,Red Willow,Nebraska,2368,20.0,145.0,3.206,8.832,757,757,0.845,3.128,Low,2,0.024
19063,Emmet,Iowa,2365,52.0,91.0,3.246,8.286,731,731,2.199,3.235,High,3,0.0221
48369,Parmer,Texas,2363,52.0,218.0,3.159,11.371,755,755,2.201,3.13,High,3,0.0274
31013,Box Butte,Nebraska,2359,17.0,243.0,3.13,11.321,763,763,0.721,3.092,Low,2,0.0381
56043,Washakie,Wyoming,2358,44.0,56.0,3.086,6.309,778,778,1.866,3.031,High,3,0.0174
30021,Dawson,Montana,2357,58.0,46.0,3.599,6.73,693,693,2.461,3.401,High,3,0.0264
40151,Woods,Oklahoma,2354,38.0,131.0,3.132,10.803,757,757,1.614,3.11,Medium,2,0.0254
31137,Phelps,Nebraska,2353,14.0,91.0,3.104,6.882,769,769,0.595,3.06,Low,2,0.0258
49019,Grand,Utah,2351,8.0,49.0,3.061,5.497,771,771,0.34,3.049,Low,2,0.0412
54015,Clay,West Virginia,2351,41.0,39.0,3.241,5.662,738,738,1.744,3.186,High,2,0.0301
27133,Rock,Minnesota,2348,34.0,46.0,3.093,5.714,762,762,1.448,3.081,Medium,2,0.0141
46079,Lake,South Dakota,2335,28.0,60.0,3.043,5.48,772,772,1.199,3.025,Low,2,0.0156
47135,Perry,Tennessee,2332,56.0,151.0,3.005,9.675,783,783,2.401,2.978,High,3,0.0337
16041,Franklin,Idaho,2331,29.0,80.0,3.271,6.436,715,715,1.244,3.26,Medium,2,0.0172
48165,Gaines,Texas,2327,83.0,59.0,3.828,8.624,780,780,3.567,2.983,High,3,0.0366
16035,Clearwater,Idaho,2324,33.0,138.0,3.397,8.72,687,687,1.42,3.383,Medium,2,0.0199
8113,San Miguel,Colorado,2322,8.0,130.0,3.087,8.805,785,785,0.345,2.958,Low,2,0.0413
18155,Switzerland,Indiana,2320,20.0,65.0,3.005,6.169,777,777,0.862,2.986,Low,2,0.0223
1011,Bullock,Alabama,2319,54.0,81.0,3.032,6.654,779,779,2.329,2.977,High,3,0.0259
28019,Choctaw,Mississippi,2318,33.0,75.0,2.987,6.796,781,781,1.424,2.968,Medium,2,0.011
27151,Swift,Minnesota,2313,33.0,41.0,3.034,5.461,767,767,1.427,3.016,Medium,2,0.0132
37075,Graham,North Carolina,2310,31.0,66.0,3.125,6.842,746,746,1.342,3.097,Medium,2,0.0173
26095,Luce,Michigan,2306,14.0,372.0,3.131,16.492,771,771,0.607,2.991,Low,2,0.0737
48387,Red River,Texas,2304,67.0,87.0,3.07,6.645,758,758,2.908,3.04,High,3,0.0344
47027,Clay,Tennessee,2300,50.0,128.0,2.991,9.162,773,773,2.174,2.975,High,3,0.0206
5127,Scott,Arkansas,2299,43.0,30.0,2.99,4.974,774,774,1.87,2.97,High,3,0.0166
48069,Castro,Texas,2297,47.0,284.0,2.949,13.32,784,784,2.046,2.93,High,3,0.0398
21055,Crittenden,Kentucky,2293,50.0,73.0,2.992,6.429,772,772,2.181,2.97,High,3,0.0121
46009,Bon Homme,South Dakota,2293,39.0,140.0,2.943,11.238,794,794,1.701,2.888,Medium,2,0.0183
48437,Swisher,Texas,2288,34.0,319.0,2.999,17.84,776,776,1.486,2.948,Medium,2,0.0442
51057,Essex,Virginia,2285,33.0,101.0,3.041,7.195,758,758,1.444,3.015,Medium,2,0.0156
13173,Lanier,Georgia,2277,25.0,219.0,2.973,10.292,773,773,1.098,2.946,Low,2,0.0441
31081,Hamilton,Nebraska,2276,24.0,168.0,2.986,9.153,772,772,1.054,2.948,Low,2,0.0333
28009,Benton,Mississippi,2274,49.0,58.0,2.958,5.948,779,779,2.155,2.919,High,3,0.0208
16073,Owyhee,Idaho,2274,54.0,30.0,2.96,4.663,776,776,2.375,2.93,High,3,0.0202
54101,Webster,West Virginia,2274,33.0,38.0,3.384,5.197,677,677,1.451,3.359,Medium,2,0.0172
40077,Latimer,Oklahoma,2273,36.0,200.0,2.936,13.06,778,778,1.584,2.922,Medium,2,0.0255
19039,Clarke,Iowa,2271,37.0,103.0,2.967,8.873,769,769,1.629,2.953,Medium,2,0.0183
5025,Cleveland,Arkansas,2269,36.0,57.0,2.888,5.816,789,789,1.587,2.876,Medium,2,0.0194
20067,Grant,Kansas,2265,36.0,119.0,3.02,8.174,750,750,1.589,3.02,Medium,2,0.0162
13167,Johnson,Georgia,2258,73.0,78.0,2.973,6.688,775,775,3.233,2.914,High,3,0.0371
42053,Forest,Pennsylvania,2250,35.0,514.0,2.924,20.26,772,772,1.556,2.915,Medium,2,0.071
13319,Wilkinson,Georgia,2247,56.0,76.0,2.969,6.589,774,774,2.492,2.903,High,3,0.0193
13317,Wilkes,Georgia,2246,53.0,108.0,2.892,7.046,780,780,2.36,2.879,High,3,0.0268
45065,McCormick,South Carolina,2244,40.0,101.0,2.918,7.536,772,772,1.783,2.907,High,3,0.0221
47127,Moore,Tennessee,2239,40.0,171.0,2.987,10.812,759,759,1.787,2.95,High,3,0.0277
21057,Cumberland,Kentucky,2238,33.0,44.0,2.921,5.809,772,772,1.475,2.899,Medium,2,0.0155
37103,Jones,North Carolina,2235,39.0,126.0,3.156,8.093,765,765,1.745,2.922,High,2,0.0243
29033,Carroll,Missouri,2233,44.0,210.0,3.059,8.912,752,752,1.97,2.969,High,3,0.026
48159,Franklin,Texas,2228,42.0,121.0,2.888,7.106,776,776,1.885,2.871,High,3,0.0228
4011,Greenlee,Arizona,2226,33.0,68.0,2.917,5.871,775,775,1.482,2.872,Medium,2,0.0194
51610,Falls Church city,Virginia,2226,17.0,111.0,3.013,8.455,761,761,0.764,2.925,Low,2,0.026
53043,Lincoln,Washington,2224,28.0,64.0,2.868,6.327,790,790,1.259,2.815,Medium,2,0.0143
29063,DeKalb,Missouri,2222,47.0,215.0,2.93,8.792,773,773,2.115,2.875,High,3,0.0397
26013,Baraga,Michigan,2222,54.0,105.0,3.008,8.169,758,758,2.43,2.931,High,3,0.0357
21077,Gallatin,Kentucky,2221,51.0,86.0,2.961,6.245,763,763,2.296,2.911,High,3,0.0222
20029,Cloud,Kansas,2219,36.0,60.0,2.881,7.726,772,772,1.622,2.874,Medium,2,0.0196
21223,Trimble,Kentucky,2217,40.0,74.0,2.92,5.977,764,764,1.804,2.902,High,3,0.0149
51133,Northumberland,Virginia,2216,46.0,96.0,2.878,6.989,777,777,2.076,2.852,High,3,0.0241
19137,Montgomery,Iowa,2216,55.0,122.0,2.859,9.237,778,778,2.482,2.848,High,3,0.0174
54095,Tyler,West Virginia,2214,32.0,41.0,2.923,5.236,767,767,1.445,2.887,Medium,2,0.0142
16043,Fremont,Idaho,2213,28.0,65.0,2.879,5.606,780,780,1.265,2.837,Medium,2,0.0151
48009,Archer,Texas,2213,28.0,70.0,3.043,6.912,729,729,1.265,3.036,Medium,2,0.0151
38097,Traill,North Dakota,2205,26.0,42.0,3.031,5.507,737,737,1.179,2.992,Low,2,0.0174
13043,Candler,Georgia,2203,96.0,62.0,2.884,6.05,776,776,4.358,2.839,High,3,0.0829
13003,Atkinson,Georgia,2200,50.0,59.0,2.928,5.237,768,768,2.273,2.865,High,3,0.0202
29093,Iron,Missouri,2200,44.0,433.0,3.01,16.196,763,763,2.0,2.883,High,3,0.0653
8073,Lincoln,Colorado,2199,9.0,235.0,2.884,12.285,778,778,0.409,2.826,Low,2,0.0461
5099,Nevada,Arkansas,2188,46.0,49.0,2.829,5.006,776,776,2.102,2.82,High,3,0.027
28069,Kemper,Mississippi,2187,48.0,57.0,2.834,5.746,778,778,2.195,2.811,High,3,0.0167
21023,Bracken,Kentucky,2186,26.0,73.0,2.848,5.865,777,777,1.189,2.813,Low,2,0.0165
51131,Northampton,Virginia,2183,65.0,111.0,2.846,8.192,779,779,2.978,2.802,High,3,0.0467
17065,Hamilton,Illinois,2181,34.0,77.0,2.923,6.038,756,756,1.559,2.885,Medium,2,0.0156
13149,Heard,Georgia,2181,54.0,68.0,2.79,5.997,785,785,2.476,2.778,High,3,0.0217
29137,Monroe,Missouri,2180,43.0,387.0,3.096,15.046,717,717,1.972,3.04,High,3,0.0494
13235,Pulaski,Georgia,2180,78.0,55.0,2.832,6.14,781,781,3.578,2.791,High,3,0.0381
31089,Holt,Nebraska,2179,20.0,128.0,2.982,7.869,741,741,0.918,2.941,Low,2,0.0244
27029,Clearwater,Minnesota,2175,30.0,44.0,2.816,5.404,777,777,1.379,2.799,Medium,2,0.0213
13253,Seminole,Georgia,2173,30.0,69.0,2.83,6.214,781,781,1.381,2.782,Medium,2,0.0195
18101,Martin,Indiana,2173,25.0,55.0,2.895,5.553,770,770,1.15,2.822,Low,2,0.0209
29075,Gentry,Missouri,2172,31.0,95.0,2.88,6.063,768,768,1.427,2.828,Medium,2,0.0121
27063,Jackson,Minnesota,2167,17.0,40.0,2.781,4.629,784,784,0.784,2.764,Low,2,0.0192
30089,Sanders,Montana,2164,47.0,51.0,3.274,6.844,669,669,2.172,3.235,High,3,0.0159
54017,Doddridge,West Virginia,2162,18.0,147.0,3.343,7.575,658,658,0.833,3.286,Low,2,0.0234
48111,Dallam,Texas,2155,41.0,389.0,3.029,17.09,767,767,1.903,2.81,High,3,0.0638
13193,Macon,Georgia,2154,50.0,109.0,2.817,6.879,781,781,2.321,2.758,High,3,0.024
48297,Live Oak,Texas,2153,42.0,123.0,2.838,10.773,773,773,1.951,2.785,High,3,0.0228
20137,Norton,Kansas,2153,38.0,142.0,2.91,12.148,743,743,1.765,2.898,High,3,0.0186
28021,Claiborne,Mississippi,2152,46.0,97.0,2.786,7.098,776,776,2.138,2.773,High,3,0.0277
20145,Pawnee,Kansas,2139,24.0,72.0,3.079,8.401,710,710,1.122,3.013,Low,2,0.0174
27075,Lake,Minnesota,2138,28.0,41.0,2.924,5.501,737,737,1.31,2.901,Medium,2,0.0196
30001,Beaverhead,Montana,2137,30.0,58.0,2.814,6.244,770,770,1.404,2.775,Medium,2,0.02
20003,Anderson,Kansas,2133,29.0,128.0,2.905,8.763,735,735,1.36,2.902,Medium,2,0.0251
32027,Pershing,Nevada,2130,29.0,704.0,2.996,32.811,716,716,1.362,2.975,Medium,2,0.0862
5129,Searcy,Arkansas,2126,48.0,65.0,2.725,5.165,786,786,2.258,2.705,High,3,0.0238
13065,Clinch,Georgia,2124,42.0,48.0,2.814,5.371,783,783,1.977,2.713,High,3,0.0198
27089,Marshall,Minnesota,2122,23.0,35.0,2.823,4.833,755,755,1.084,2.811,Low,2,0.0276
48425,Somervell,Texas,2116,36.0,242.0,3.017,10.708,704,704,1.701,3.006,Medium,2,0.0313
22081,Red River,Louisiana,2112,53.0,115.0,2.862,6.876,776,776,2.509,2.722,High,3,0.0293
18171,Warren,Indiana,2109,30.0,44.0,2.719,5.249,779,779,1.422,2.707,Medium,2,0.0145
16021,Boundary,Idaho,2107,62.0,47.0,3.083,5.037,687,687,2.943,3.067,High,3,0.0513
21181,Nicholas,Kentucky,2105,31.0,58.0,2.749,5.847,777,777,1.473,2.709,Medium,2,0.0146
29185,St. Clair,Missouri,2102,36.0,167.0,2.8,7.852,765,765,1.713,2.748,High,2,0.0208
54021,Gilmer,West Virginia,2101,19.0,64.0,2.844,5.33,749,749,0.904,2.805,Low,2,0.021
1105,Perry,Alabama,2096,47.0,91.0,2.839,6.01,765,765,2.242,2.74,High,3,0.0282
48077,Clay,Texas,2096,36.0,83.0,2.735,6.632,773,773,1.718,2.712,High,2,0.0183
45005,Allendale,South Carolina,2093,24.0,109.0,2.749,7.796,773,773,1.147,2.708,Low,2,0.0216
26141,Presque Isle,Michigan,2085,59.0,39.0,2.737,5.481,768,768,2.83,2.715,High,3,0.0357
19107,Keokuk,Iowa,2085,48.0,76.0,2.718,8.224,777,777,2.302,2.683,High,3,0.0223
13209,Montgomery,Georgia,2082,53.0,45.0,2.817,5.045,763,763,2.546,2.729,High,3,0.0264
30009,Carbon,Montana,2080,28.0,52.0,2.704,5.402,773,773,1.346,2.691,Medium,2,0.0156
19089,Howard,Iowa,2077,35.0,94.0,2.706,7.89,770,770,1.685,2.697,Medium,2,0.0162
54073,Pleasants,West Virginia,2077,36.0,165.0,2.701,7.621,778,778,1.733,2.67,High,2,0.0216
54075,Pocahontas,West Virginia,2077,32.0,42.0,2.821,5.128,747,747,1.541,2.78,Medium,2,0.0241
30005,Blaine,Montana,2077,32.0,109.0,3.129,8.165,667,667,1.541,3.114,Medium,2,0.0213
13273,Terrell,Georgia,2057,67.0,110.0,2.654,6.863,785,785,3.257,2.62,High,3,0.0457
51600,Fairfax city,Virginia,2056,43.0,112.0,2.779,8.75,764,764,2.091,2.691,High,3,0.0237
19147,Palo Alto,Iowa,2052,38.0,103.0,2.829,8.035,736,736,1.852,2.788,High,3,0.0245
2240,Southeast Fairbanks Census Area,Alaska,2052,20.0,63.0,2.678,6.221,771,771,0.975,2.661,Low,2,0.0246
1023,Choctaw,Alabama,2051,36.0,166.0,2.651,9.72,779,779,1.755,2.633,High,3,0.0209
31033,Cheyenne,Nebraska,2049,24.0,77.0,2.708,6.516,768,768,1.171,2.668,Low,2,0.017
35051,Sierra,New Mexico,2048,73.0,49.0,2.774,5.663,745,745,3.564,2.749,High,3,0.0352
46051,Grant,South Dakota,2047,51.0,46.0,2.78,5.148,738,738,2.491,2.774,High,3,0.0215
18161,Union,Indiana,2046,21.0,55.0,2.684,5.609,770,770,1.026,2.657,Low,2,0.0206
27101,Murray,Minnesota,2043,16.0,48.0,2.671,4.465,768,768,0.783,2.66,Low,2,0.0192
31041,Custer,Nebraska,2042,30.0,166.0,2.699,7.995,768,768,1.469,2.659,Medium,2,0.0303
46033,Custer,South Dakota,2034,26.0,41.0,2.877,4.746,709,709,1.278,2.869,Medium,2,0.0207
28053,Humphreys,Mississippi,2030,46.0,65.0,2.594,5.396,785,785,2.266,2.586,High,3,0.0212
29149,Oregon,Missouri,2024,33.0,166.0,2.73,7.337,767,767,1.63,2.639,Medium,2,0.0257
54093,Tucker,West Virginia,2024,38.0,33.0,2.612,4.52,786,786,1.877,2.575,High,3,0.0161
47067,Hancock,Tennessee,2023,37.0,119.0,2.812,8.891,725,725,1.829,2.79,High,3,0.022
20053,Ellsworth,Kansas,2017,32.0,112.0,2.777,9.219,740,740,1.587,2.726,Medium,2,0.0154
51530,Buena Vista city,Virginia,2017,44.0,42.0,2.663,4.739,771,771,2.181,2.616,High,3,0.0135
13315,Wilcox,Georgia,2014,71.0,74.0,2.642,6.086,774,774,3.525,2.602,High,3,0.0564
27117,Pipestone,Minnesota,2013,34.0,38.0,2.624,4.402,769,769,1.689,2.618,Medium,2,0.0197
35037,Quay,New Mexico,2006,54.0,43.0,2.638,5.136,763,763,2.692,2.629,High,3,0.0341
13269,Taylor,Georgia,2003,54.0,97.0,2.59,6.474,780,780,2.696,2.568,High,3,0.0309
54071,Pendleton,West Virginia,2001,22.0,31.0,2.649,4.571,772,772,1.099,2.592,Low,2,0.0155
55091,Pepin,Wisconsin,2001,18.0,34.0,2.756,4.853,730,730,0.9,2.741,Low,2,0.0236
38067,Pembina,North Dakota,1996,16.0,37.0,2.678,4.691,749,749,0.802,2.665,Low,2,0.0203
12043,Glades,Florida,1995,36.0,110.0,2.598,9.436,776,776,1.805,2.571,High,3,0.0163
55078,Menominee,Wisconsin,1987,14.0,176.0,2.595,8.75,773,773,0.705,2.571,Low,2,0.0314
20027,Clay,Kansas,1985,35.0,89.0,2.626,8.373,778,778,1.763,2.551,High,3,0.0182
38005,Benson,North Dakota,1980,23.0,33.0,2.712,4.774,737,737,1.162,2.687,Low,2,0.021
17169,Schuyler,Illinois,1977,29.0,66.0,2.616,6.341,765,765,1.467,2.584,Medium,2,0.0174
48193,Hamilton,Texas,1972,33.0,95.0,2.585,6.666,767,767,1.673,2.571,Medium,2,0.015
46125,Turner,South Dakota,1969,62.0,66.0,2.552,5.17,776,776,3.149,2.537,High,3,0.0433
20095,Kingman,Kansas,1967,28.0,101.0,2.931,7.528,677,677,1.423,2.905,Medium,2,0.0133
5117,Prairie,Arkansas,1965,43.0,61.0,2.556,5.026,771,771,2.188,2.549,High,3,0.0139
40075,Kiowa,Oklahoma,1965,52.0,202.0,2.553,12.04,772,772,2.646,2.545,High,3,0.0415
48153,Floyd,Texas,1961,48.0,249.0,2.598,13.102,766,766,2.448,2.56,High,3,0.051
32033,White Pine,Nevada,1947,20.0,111.0,2.65,10.193,765,765,1.027,2.545,Low,2,0.019
5095,Monroe,Arkansas,1936,35.0,61.0,2.521,5.237,772,772,1.808,2.508,High,3,0.0142
31023,Butler,Nebraska,1934,18.0,113.0,2.59,7.911,757,757,0.931,2.555,Low,2,0.0226
2070,Dillingham Census Area,Alaska,1932,11.0,78.0,2.719,7.799,713,713,0.569,2.71,Low,2,0.0282
20151,Pratt,Kansas,1931,30.0,59.0,2.507,6.613,773,773,1.554,2.498,Medium,2,0.0193
48195,Hansford,Texas,1929,29.0,248.0,2.58,14.071,767,767,1.503,2.515,Medium,2,0.0393
28037,Franklin,Mississippi,1927,38.0,55.0,2.484,5.131,785,785,1.972,2.455,High,3,0.0155
13155,Irwin,Georgia,1926,51.0,37.0,2.496,4.499,781,781,2.648,2.466,High,3,0.0355
56035,Sublette,Wyoming,1926,27.0,34.0,2.52,4.687,777,777,1.402,2.479,Medium,2,0.0183
37073,Gates,North Carolina,1926,20.0,68.0,2.538,5.655,772,772,1.038,2.495,Low,2,0.0198
22091,St. Helena,Louisiana,1920,23.0,89.0,2.708,7.223,774,774,1.198,2.481,Low,2,0.0153
56031,Platte,Wyoming,1911,41.0,42.0,2.676,4.745,723,723,2.145,2.643,High,3,0.0178
48107,Crosby,Texas,1894,45.0,321.0,2.51,12.836,767,767,2.376,2.469,High,3,0.0548
26085,Lake,Michigan,1893,37.0,56.0,2.497,5.619,763,763,1.955,2.481,High,3,0.0184
54013,Calhoun,West Virginia,1887,15.0,44.0,2.556,5.094,748,748,0.795,2.523,Low,2,0.0161
8125,Yuma,Colorado,1886,23.0,22.0,2.429,3.693,787,787,1.22,2.396,Low,2,0.0313
20167,Russell,Kansas,1883,37.0,71.0,2.813,6.996,673,673,1.965,2.798,High,3,0.0174
19135,Monroe,Iowa,1882,49.0,70.0,2.561,7.068,741,741,2.604,2.54,High,3,0.0222
26003,Alger,Michigan,1880,13.0,130.0,2.693,8.838,703,703,0.691,2.674,Low,2,0.0284
1063,Greene,Alabama,1877,49.0,71.0,2.433,4.783,778,778,2.611,2.413,High,3,0.0239
29081,Harrison,Missouri,1876,33.0,101.0,2.521,5.595,774,774,1.759,2.424,High,3,0.0182
51119,Middlesex,Virginia,1874,48.0,69.0,2.476,5.818,765,765,2.561,2.45,High,3,0.0269
30077,Powell,Montana,1872,29.0,142.0,2.894,8.293,654,654,1.549,2.862,Medium,2,0.0218
48335,Mitchell,Texas,1864,49.0,559.0,2.43,20.511,767,767,2.629,2.43,High,3,0.0998
31179,Wayne,Nebraska,1861,11.0,72.0,2.539,5.775,763,763,0.591,2.439,Low,2,0.0255
47175,Van Buren,Tennessee,1852,48.0,127.0,2.453,8.126,761,761,2.592,2.434,High,3,0.027
48429,Stephens,Texas,1846,46.0,151.0,2.634,9.286,764,764,2.492,2.416,High,3,0.0228
48495,Winkler,Texas,1846,34.0,125.0,2.52,6.065,764,764,1.842,2.416,High,3,0.022
51103,Lancaster,Virginia,1846,31.0,70.0,2.394,5.679,777,777,1.679,2.376,Medium,2,0.013
56019,Johnson,Wyoming,1845,19.0,90.0,2.404,6.436,779,779,1.03,2.368,Low,2,0.0175
48379,Rains,Texas,1843,59.0,126.0,2.842,8.338,764,764,3.201,2.412,High,3,0.0419
8065,Lake,Colorado,1843,23.0,85.0,2.438,5.348,774,774,1.248,2.381,Medium,2,0.0181
31147,Richardson,Nebraska,1839,24.0,63.0,2.55,5.766,731,731,1.305,2.516,Medium,2,0.0155
29085,Hickory,Missouri,1838,56.0,172.0,2.742,8.463,675,675,3.047,2.723,High,3,0.0535
51830,Williamsburg city,Virginia,1837,22.0,28.0,2.506,3.855,788,788,1.198,2.331,Low,2,0.0185
31039,Cuming,Nebraska,1834,15.0,61.0,2.426,5.518,773,773,0.818,2.373,Low,2,0.0275
19093,Ida,Iowa,1831,49.0,121.0,2.538,7.644,732,732,2.676,2.501,High,3,0.038
48119,Delta,Texas,1820,25.0,634.0,2.38,23.155,766,766,1.374,2.376,Medium,2,0.0778
30057,Madison,Montana,1819,20.0,37.0,2.355,4.429,786,786,1.1,2.314,Low,2,0.015
46047,Fall River,South Dakota,1807,39.0,45.0,2.334,4.544,776,776,2.158,2.329,High,3,0.0151
20073,Greenwood,Kansas,1807,23.0,123.0,2.351,8.124,770,770,1.273,2.347,Medium,2,0.0216
28157,Wilkinson,Mississippi,1804,46.0,96.0,2.31,6.773,786,786,2.55,2.295,High,3,0.0235
27087,Mahnomen,Minnesota,1803,18.0,38.0,2.33,4.583,778,778,0.998,2.317,Low,2,0.0162
51021,Bland,Virginia,1800,24.0,50.0,2.638,5.94,694,694,1.333,2.594,Medium,2,0.0158
31173,Thurston,Nebraska,1798,23.0,340.0,2.949,14.228,749,749,1.279,2.401,Medium,2,0.0485
37029,Camden,North Carolina,1786,9.0,64.0,2.561,5.271,747,747,0.504,2.391,Low,2,0.0258
19195,Worth,Iowa,1781,17.0,103.0,2.346,7.937,766,766,0.955,2.325,Low,2,0.0235
48391,Refugio,Texas,1781,36.0,67.0,2.438,5.656,740,740,2.021,2.407,High,3,0.0211
13079,Crawford,Georgia,1780,55.0,81.0,2.384,5.418,769,769,3.09,2.315,High,3,0.054
17047,Edwards,Illinois,1776,29.0,76.0,2.472,5.197,731,731,1.633,2.43,Medium,2,0.0151
47137,Pickett,Tennessee,1774,36.0,149.0,2.439,9.616,734,734,2.029,2.417,High,3,0.0286
27073,Lac qui Parle,Minnesota,1764,29.0,41.0,2.262,4.356,782,782,1.644,2.256,Medium,2,0.017
26153,Schoolcraft,Michigan,1763,17.0,99.0,2.322,6.892,766,766,0.964,2.302,Low,2,0.0195
8021,Conejos,Colorado,1763,54.0,54.0,2.429,4.477,737,737,3.063,2.392,High,3,0.0383
19117,Lucas,Iowa,1763,32.0,89.0,2.443,7.603,727,727,1.815,2.425,High,3,0.0187
26119,Montmorency,Michigan,1750,48.0,62.0,2.346,5.555,761,761,2.743,2.3,High,3,0.0277
5039,Dallas,Arkansas,1747,31.0,36.0,2.286,4.537,770,770,1.774,2.269,High,3,0.0244
19073,Greene,Iowa,1745,21.0,78.0,2.284,7.301,767,767,1.203,2.275,Low,2,0.0186
26001,Alcona,Michigan,1745,71.0,31.0,2.321,4.828,759,759,4.069,2.299,High,3,0.0804
29153,Ozark,Missouri,1735,58.0,114.0,2.57,5.815,693,693,3.343,2.504,High,3,0.0614
46067,Hutchinson,South Dakota,1733,36.0,40.0,2.241,4.356,777,777,2.077,2.23,High,3,0.0225
5147,Woodruff,Arkansas,1732,31.0,89.0,2.245,5.1,781,781,1.79,2.218,High,3,0.0199
29061,Daviess,Missouri,1730,29.0,142.0,2.354,6.147,759,759,1.676,2.279,Medium,2,0.02
17153,Pulaski,Illinois,1730,19.0,66.0,2.29,4.904,765,765,1.098,2.261,Low,2,0.0172
19133,Monona,Iowa,1723,49.0,108.0,2.232,7.056,779,779,2.844,2.212,High,3,0.0349
13201,Miller,Georgia,1723,31.0,44.0,2.247,4.504,785,785,1.799,2.195,High,3,0.0168
31121,Merrick,Nebraska,1719,17.0,108.0,2.278,6.363,771,771,0.989,2.23,Low,2,0.0219
5101,Newton,Arkansas,1719,47.0,55.0,2.241,3.853,775,775,2.734,2.218,High,3,0.0243
29041,Chariton,Missouri,1718,38.0,230.0,2.239,8.926,778,778,2.212,2.208,High,3,0.0373
40003,Alfalfa,Oklahoma,1716,15.0,117.0,2.268,8.843,761,761,0.874,2.255,Low,2,0.0266
29211,Sullivan,Missouri,1715,22.0,101.0,2.372,5.232,741,741,1.283,2.314,Medium,2,0.0181
21165,Menifee,Kentucky,1706,32.0,40.0,2.209,4.88,781,781,1.876,2.184,High,3,0.0174
30105,Valley,Montana,1705,37.0,28.0,2.473,4.461,695,695,2.17,2.453,High,3,0.018
41023,Grant,Oregon,1704,22.0,68.0,2.182,5.936,785,785,1.291,2.171,Medium,2,0.0188
29025,Caldwell,Missouri,1700,39.0,118.0,2.268,5.245,773,773,2.294,2.199,High,3,0.0218
8103,Rio Blanco,Colorado,1696,13.0,56.0,2.218,4.091,771,771,0.767,2.2,Low,2,0.0201
31107,Knox,Nebraska,1694,13.0,263.0,2.43,10.21,788,788,0.767,2.15,Low,2,0.0523
48315,Marion,Texas,1690,60.0,93.0,2.236,5.351,758,758,3.55,2.23,High,3,0.0427
2016,Aleutians West Census Area,Alaska,1685,1.0,152.0,2.391,10.014,709,709,0.059,2.377,Low,2,0.0719
40029,Coal,Oklahoma,1673,24.0,133.0,2.323,9.425,725,725,1.435,2.308,Medium,2,0.0211
27167,Wilkin,Minnesota,1662,22.0,28.0,2.141,3.605,779,779,1.324,2.134,Medium,2,0.0183
20077,Harper,Kansas,1654,27.0,54.0,2.227,6.043,744,744,1.632,2.223,Medium,2,0.0136
48083,Coleman,Texas,1646,71.0,91.0,2.224,6.393,742,742,4.313,2.218,High,3,0.0939
48047,Brooks,Texas,1642,52.0,67.0,2.261,4.803,752,752,3.167,2.184,High,3,0.0388
20197,Wabaunsee,Kansas,1642,22.0,73.0,2.15,6.185,769,769,1.34,2.135,Medium,2,0.0132
13283,Treutlen,Georgia,1634,61.0,35.0,2.172,4.237,768,768,3.733,2.128,High,3,0.0907
8063,Kit Carson,Colorado,1621,35.0,45.0,2.121,3.927,779,779,2.159,2.081,High,3,0.0159
41025,Harney,Oregon,1617,38.0,34.0,2.173,4.604,746,746,2.35,2.168,High,3,0.0281
29203,Shannon,Missouri,1609,40.0,99.0,2.276,5.156,717,717,2.486,2.244,High,3,0.0208
49001,Beaver,Utah,1609,16.0,61.0,2.308,5.359,698,698,0.994,2.305,Low,2,0.0146
19151,Pocahontas,Iowa,1608,27.0,67.0,2.163,6.191,747,747,1.679,2.153,Medium,2,0.0134
29125,Maries,Missouri,1606,39.0,64.0,2.097,4.211,775,775,2.428,2.072,High,3,0.0304
19051,Davis,Iowa,1604,32.0,43.0,2.156,5.643,745,745,1.995,2.153,High,3,0.0229
13181,Lincoln,Georgia,1604,35.0,44.0,2.048,3.692,785,785,2.182,2.043,High,3,0.0193
29205,Shelby,Missouri,1603,15.0,146.0,2.099,6.328,780,780,0.936,2.055,Low,2,0.0266
8019,Clear Creek,Colorado,1601,12.0,95.0,2.034,5.147,792,792,0.75,2.021,Low,2,0.0216
38009,Bottineau,North Dakota,1598,26.0,28.0,2.219,3.741,725,725,1.627,2.204,Medium,2,0.0164
29045,Clark,Missouri,1597,37.0,161.0,2.096,6.733,771,771,2.317,2.071,High,3,0.0337
56045,Weston,Wyoming,1589,18.0,116.0,2.233,6.617,717,717,1.133,2.216,Low,2,0.0235
19001,Adair,Iowa,1588,51.0,48.0,2.025,5.627,788,788,3.212,2.015,High,3,0.0323
13141,Hancock,Georgia,1587,90.0,54.0,2.099,4.679,767,767,5.671,2.069,High,3,0.8766
28119,Quitman,Mississippi,1579,31.0,42.0,2.05,4.168,779,779,1.963,2.027,High,3,0.0166
21189,Owsley,Kentucky,1575,27.0,44.0,2.092,4.653,762,762,1.714,2.067,High,2,0.0157
48305,Lynn,Texas,1556,38.0,55.0,2.009,5.292,777,777,2.442,2.003,High,3,0.035
31101,Keith,Nebraska,1549,20.0,140.0,2.142,6.804,742,742,1.291,2.088,Medium,2,0.0223
13289,Twiggs,Georgia,1543,70.0,49.0,2.026,4.143,783,783,4.537,1.971,High,3,0.1499
30095,Stillwater,Montana,1538,32.0,37.0,2.025,4.763,765,765,2.081,2.01,High,3,0.0213
17013,Calhoun,Illinois,1537,8.0,52.0,2.023,5.24,769,769,0.52,1.999,Low,2,0.0232
17175,Stark,Illinois,1536,33.0,51.0,2.03,4.313,766,766,2.148,2.005,High,3,0.0156
27107,Norman,Minnesota,1535,14.0,41.0,2.036,3.946,759,759,0.912,2.022,Low,2,0.0208
31127,Nemaha,Nebraska,1535,20.0,101.0,2.027,5.515,786,786,1.303,1.953,Medium,2,0.0182
40141,Tillman,Oklahoma,1532,35.0,110.0,1.999,7.319,770,770,2.285,1.99,High,3,0.0224
48065,Carson,Texas,1532,36.0,278.0,2.048,11.174,756,756,2.35,2.026,High,3,0.0546
53059,Skamania,Washington,1531,13.0,57.0,1.992,5.028,778,778,0.849,1.968,Low,2,0.0249
31027,Cedar,Nebraska,1528,14.0,175.0,2.299,7.783,747,747,0.916,2.046,Low,2,0.0286
5097,Montgomery,Arkansas,1525,57.0,22.0,2.07,3.443,746,746,3.738,2.044,High,3,0.0892
51115,Mathews,Virginia,1524,28.0,49.0,1.971,4.239,780,780,1.837,1.954,High,3,0.0202
48237,Jack,Texas,1523,28.0,47.0,2.069,4.529,765,765,1.838,1.991,High,3,0.0199
13197,Marion,Georgia,1520,50.0,85.0,1.995,5.134,771,771,3.289,1.971,High,3,0.0554
19053,Decatur,Iowa,1520,26.0,78.0,2.13,7.072,717,717,1.711,2.12,High,2,0.0187
31035,Clay,Nebraska,1517,24.0,83.0,2.033,5.238,764,764,1.582,1.986,Medium,2,0.0164
38073,Ransom,North Dakota,1515,28.0,26.0,2.057,3.702,748,748,1.848,2.025,High,3,0.0185
20181,Sherman,Kansas,1514,20.0,53.0,2.018,5.639,757,757,1.321,2.0,Medium,2,0.0187
20127,Morris,Kansas,1513,29.0,108.0,1.926,7.485,786,786,1.917,1.925,High,3,0.0303
48017,Bailey,Texas,1511,39.0,171.0,2.089,7.98,739,739,2.581,2.045,High,3,0.0344
46057,Hamlin,South Dakota,1508,41.0,45.0,1.945,3.775,777,777,2.719,1.941,High,3,0.0252
27051,Grant,Minnesota,1506,12.0,36.0,2.057,3.718,742,742,0.797,2.03,Low,2,0.0172
13165,Jenkins,Georgia,1504,66.0,32.0,1.947,3.6,777,777,4.388,1.936,High,3,0.079
29035,Carter,Missouri,1500,24.0,92.0,1.981,5.048,779,779,1.6,1.926,Medium,2,0.0218
38021,Dickey,North Dakota,1496,39.0,38.0,2.125,4.078,711,711,2.607,2.104,High,3,0.024
16077,Power,Idaho,1496,20.0,55.0,1.961,4.492,767,767,1.337,1.95,Medium,2,0.0148
16029,Caribou,Idaho,1495,28.0,59.0,1.951,4.108,770,770,1.873,1.942,High,3,0.0182
28063,Jefferson,Mississippi,1494,37.0,46.0,1.952,4.569,778,778,2.477,1.92,High,3,0.0262
13243,Randolph,Georgia,1490,48.0,68.0,1.917,4.732,785,785,3.221,1.898,High,3,0.0335
6105,Trinity,California,1485,20.0,58.0,2.08,4.945,734,734,1.347,2.023,Medium,2,0.0158
6049,Modoc,California,1485,11.0,89.0,2.439,7.733,654,654,0.741,2.271,Low,2,0.023
55051,Iron,Wisconsin,1482,47.0,69.0,1.923,4.597,778,778,3.171,1.905,High,3,0.0365
35019,Guadalupe,New Mexico,1482,17.0,79.0,1.989,5.84,756,756,1.147,1.96,Low,2,0.0185
48333,Mills,Texas,1475,37.0,144.0,2.081,8.343,725,725,2.508,2.034,High,3,0.0324
20189,Stevens,Kansas,1465,20.0,69.0,1.894,5.521,776,776,1.365,1.888,Medium,2,0.0204
40033,Cotton,Oklahoma,1464,29.0,84.0,1.906,6.69,775,775,1.981,1.889,High,3,0.0192
18115,Ohio,Indiana,1458,19.0,60.0,1.882,4.171,781,781,1.303,1.867,Medium,2,0.0168
54105,Wirt,West Virginia,1455,25.0,27.0,1.894,3.414,776,776,1.718,1.875,High,2,0.0156
2198,Prince of Wales-Hyder Census Area,Alaska,1454,8.0,64.0,1.934,6.421,763,763,0.55,1.906,Low,2,0.027
8055,Huerfano,Colorado,1452,35.0,48.0,1.896,4.432,781,781,2.41,1.859,High,3,0.0319
26135,Oscoda,Michigan,1450,56.0,52.0,1.895,4.088,774,774,3.862,1.873,High,3,0.1035
53055,San Juan,Washington,1450,2.0,67.0,1.89,6.226,785,785,0.138,1.847,Low,2,0.0605
29057,Dade,Missouri,1447,42.0,92.0,2.302,5.402,698,698,2.903,2.073,High,3,0.0367
2290,Yukon-Koyukuk Census Area,Alaska,1438,10.0,60.0,1.867,5.694,772,772,0.695,1.863,Low,2,0.0232
20123,Mitchell,Kansas,1429,22.0,129.0,1.837,7.0,783,783,1.54,1.825,Medium,2,0.0232
41037,Lake,Oregon,1429,29.0,36.0,2.014,4.106,717,717,2.029,1.993,High,3,0.0212
27011,Big Stone,Minnesota,1425,9.0,31.0,1.829,3.38,782,782,0.632,1.822,Low,2,0.0383
53019,Ferry,Washington,1425,29.0,75.0,1.874,5.147,780,780,2.035,1.827,High,3,0.0243
46115,Spink,South Dakota,1418,36.0,25.0,1.854,3.261,772,772,2.539,1.837,High,3,0.0234
46015,Brule,South Dakota,1415,20.0,36.0,2.008,3.91,710,710,1.413,1.993,Medium,2,0.0152
17059,Gallatin,Illinois,1415,18.0,45.0,1.849,4.223,769,769,1.272,1.84,Medium,2,0.0175
13309,Wheeler,Georgia,1414,39.0,73.0,1.869,5.634,777,777,2.758,1.82,High,3,0.0376
48501,Yoakum,Texas,1410,42.0,46.0,2.475,6.543,756,756,2.979,1.865,High,3,0.0408
20201,Washington,Kansas,1400,22.0,50.0,2.001,5.594,703,703,1.571,1.991,Medium,2,0.0205
19143,Osceola,Iowa,1395,22.0,67.0,1.836,5.173,764,764,1.577,1.826,Medium,2,0.0162
29005,Atchison,Missouri,1390,23.0,138.0,1.821,6.352,778,778,1.655,1.787,Medium,2,0.0272
19071,Fremont,Iowa,1387,25.0,86.0,1.897,6.075,736,736,1.802,1.885,High,3,0.0169
21007,Ballard,Kentucky,1387,29.0,60.0,1.824,4.212,766,766,2.091,1.811,High,3,0.0208
31045,Dawes,Nebraska,1387,21.0,108.0,1.941,5.414,735,735,1.514,1.887,Medium,2,0.0333
46101,Moody,South Dakota,1386,28.0,40.0,1.839,3.725,758,758,2.02,1.828,High,3,0.0202
19177,Van Buren,Iowa,1383,27.0,58.0,1.812,6.054,775,775,1.952,1.785,High,3,0.0233
46123,Tripp,South Dakota,1382,24.0,30.0,1.903,3.943,730,730,1.737,1.893,High,2,0.0265
20163,Rooks,Kansas,1377,20.0,72.0,1.827,5.922,767,767,1.452,1.795,Medium,2,0.0236
48351,Newton,Texas,1367,61.0,237.0,2.16,10.584,773,773,4.462,1.768,High,3,0.1372
51049,Cumberland,Virginia,1366,27.0,28.0,1.794,3.126,772,772,1.977,1.769,High,3,0.0122
13037,Calhoun,Georgia,1365,22.0,82.0,2.004,5.446,779,779,1.612,1.752,Medium,2,0.0198
48205,Hartley,Texas,1364,3.0,165.0,1.885,8.042,754,754,0.22,1.809,Low,2,0.0481
20147,Phillips,Kansas,1361,30.0,43.0,1.794,4.407,763,763,2.204,1.784,High,3,0.0271
49025,Kane,Utah,1355,15.0,37.0,1.758,3.856,772,772,1.107,1.755,Low,2,0.0176
20157,Republic,Kansas,1354,16.0,62.0,1.762,5.639,769,769,1.182,1.761,Low,2,0.0164
56011,Crook,Wyoming,1351,29.0,38.0,1.762,3.784,770,770,2.147,1.755,High,3,0.0195
31021,Burt,Nebraska,1351,16.0,61.0,1.8,4.495,765,765,1.184,1.766,Low,2,0.0169
38085,Sioux,North Dakota,1350,19.0,38.0,1.785,3.538,777,777,1.407,1.737,Medium,2,0.0127
46087,McCook,South Dakota,1348,31.0,35.0,1.713,3.543,792,792,2.3,1.702,High,3,0.024
46077,Kingsbury,South Dakota,1340,22.0,30.0,1.884,3.289,715,715,1.642,1.874,Medium,2,0.0146
37095,Hyde,North Carolina,1340,13.0,85.0,1.828,5.44,745,745,0.97,1.799,Low,2,0.0211
40067,Jefferson,Oklahoma,1339,28.0,110.0,1.754,6.131,768,768,2.091,1.743,High,3,0.0246
19173,Taylor,Iowa,1318,22.0,55.0,1.704,5.475,777,777,1.669,1.696,Medium,2,0.0188
38049,McHenry,North Dakota,1318,31.0,27.0,1.707,2.835,779,779,2.352,1.692,High,3,0.023
46129,Walworth,South Dakota,1315,26.0,22.0,1.74,3.25,762,762,1.977,1.726,High,3,0.0127
51720,Norton city,Virginia,1310,22.0,33.0,1.788,3.793,753,753,1.679,1.74,Medium,2,0.0153
48307,McCulloch,Texas,1308,47.0,108.0,1.952,5.793,765,765,3.593,1.71,High,3,0.0579
50009,Essex,Vermont,1301,3.0,105.0,1.731,4.861,766,766,0.231,1.698,Low,2,0.0415
51580,Covington city,Virginia,1300,26.0,80.0,2.054,5.145,735,735,2.0,1.769,High,3,0.0252
5073,Lafayette,Arkansas,1298,31.0,31.0,1.69,3.241,771,771,2.388,1.684,High,3,0.0311
40055,Greer,Oklahoma,1296,37.0,118.0,1.687,7.542,773,773,2.855,1.677,High,3,0.0404
46037,Day,South Dakota,1295,35.0,41.0,1.76,3.409,745,745,2.703,1.738,High,3,0.0299
31139,Pierce,Nebraska,1295,21.0,88.0,1.82,4.713,763,763,1.622,1.697,Medium,2,0.0171
30099,Teton,Montana,1290,24.0,29.0,1.902,3.422,681,681,1.86,1.894,High,3,0.016
17003,Alexander,Illinois,1288,15.0,45.0,1.708,3.717,758,758,1.165,1.699,Low,2,0.0197
48103,Crane,Texas,1285,24.0,229.0,2.097,9.819,786,786,1.868,1.635,High,3,0.0479
30007,Broadwater,Montana,1283,21.0,22.0,1.642,2.805,786,786,1.637,1.632,Medium,2,0.0146
48169,Garza,Texas,1279,28.0,199.0,1.751,8.35,744,744,2.189,1.719,High,3,0.036
20171,Scott,Kansas,1279,34.0,87.0,1.683,5.385,767,767,2.658,1.668,High,3,0.0342
17171,Scott,Illinois,1276,12.0,30.0,1.896,3.806,680,680,0.94,1.876,Low,2,0.0174
19185,Wayne,Iowa,1271,33.0,90.0,1.715,5.745,743,743,2.596,1.711,High,3,0.0252
41063,Wallowa,Oregon,1267,16.0,58.0,1.643,4.363,774,774,1.263,1.637,Medium,2,0.0212
32021,Mineral,Nevada,1267,17.0,302.0,1.684,11.827,756,756,1.342,1.676,Medium,2,0.0576
31123,Morrill,Nebraska,1262,21.0,117.0,1.725,5.976,759,759,1.664,1.663,Medium,2,0.0214
16059,Lemhi,Idaho,1261,25.0,22.0,1.701,3.246,749,749,1.983,1.684,High,3,0.0154
48403,Sabine,Texas,1254,89.0,171.0,1.863,10.167,765,765,7.097,1.639,High,3,2.6792
31143,Polk,Nebraska,1250,18.0,86.0,1.659,5.35,765,765,1.44,1.634,Medium,2,0.021
30101,Toole,Montana,1249,24.0,94.0,1.639,5.397,779,779,1.922,1.603,High,3,0.0283
48411,San Saba,Texas,1242,35.0,129.0,1.919,7.663,725,725,2.818,1.713,High,3,0.0358
48211,Hemphill,Texas,1239,7.0,118.0,1.63,5.517,770,770,0.565,1.609,Low,2,0.0259
20093,Kearny,Kansas,1237,20.0,46.0,1.647,4.368,762,762,1.617,1.623,Medium,2,0.0174
20069,Gray,Kansas,1236,23.0,52.0,1.654,5.113,751,751,1.861,1.646,High,3,0.0164
31099,Kearney,Nebraska,1227,9.0,114.0,1.737,5.326,779,779,0.733,1.575,Low,2,0.0251
20119,Meade,Kansas,1221,20.0,85.0,1.64,5.232,750,750,1.638,1.628,Medium,2,0.017
27081,Lincoln,Minnesota,1220,6.0,27.0,1.575,2.911,778,778,0.492,1.568,Low,2,0.0283
21075,Fulton,Kentucky,1218,31.0,40.0,1.636,3.27,755,755,2.545,1.613,High,3,0.0188
31095,Jefferson,Nebraska,1216,7.0,97.0,1.678,5.184,748,748,0.576,1.626,Low,2,0.0276
48175,Goliad,Texas,1216,32.0,100.0,1.65,6.799,772,772,2.632,1.575,High,3,0.0257
20143,Ottawa,Kansas,1210,17.0,68.0,1.571,4.36,778,778,1.405,1.555,Medium,2,0.0147
31051,Dixon,Nebraska,1207,11.0,83.0,1.721,4.584,754,754,0.911,1.601,Low,2,0.0226
48317,Martin,Texas,1207,26.0,185.0,1.696,7.223,779,779,2.154,1.549,High,3,0.0356
46085,Lyman,South Dakota,1205,12.0,62.0,1.554,3.605,782,782,0.996,1.541,Low,2,0.0144
8109,Saguache,Colorado,1203,12.0,31.0,1.593,2.916,774,774,0.998,1.554,Low,2,0.0145
22023,Cameron,Louisiana,1199,9.0,47.0,1.78,4.072,767,767,0.751,1.563,Low,2,0.0211
48483,Wheeler,Texas,1193,23.0,106.0,1.624,4.936,752,752,1.928,1.586,High,3,0.0273
51036,Charles City,Virginia,1191,27.0,38.0,1.545,3.097,787,787,2.267,1.513,High,3,0.0236
31093,Howard,Nebraska,1191,17.0,58.0,1.615,4.311,758,758,1.427,1.571,Medium,2,0.0225
32015,Lander,Nevada,1189,21.0,57.0,1.598,4.338,753,753,1.766,1.579,High,3,0.0209
51595,Emporia city,Virginia,1187,55.0,32.0,1.63,3.096,771,771,4.634,1.54,High,3,0.1459
30073,Pondera,Montana,1183,8.0,34.0,1.584,3.368,759,759,0.676,1.559,Low,2,0.0171
13249,Schley,Georgia,1173,11.0,48.0,1.539,3.855,775,775,0.938,1.514,Low,2,0.0157
13263,Talbot,Georgia,1172,32.0,61.0,1.533,3.759,775,775,2.73,1.512,High,3,0.0209
17071,Henderson,Illinois,1166,28.0,32.0,1.561,2.888,757,757,2.401,1.54,High,3,0.0335
29179,Reynolds,Missouri,1165,26.0,88.0,1.606,4.945,775,775,2.232,1.503,High,3,0.0279
31059,Fillmore,Nebraska,1164,13.0,138.0,1.588,6.092,752,752,1.117,1.548,Low,2,0.0256
56017,Hot Springs,Wyoming,1159,16.0,77.0,1.498,4.685,779,779,1.381,1.488,Medium,2,0.0276
17155,Putnam,Illinois,1158,10.0,54.0,1.607,3.457,728,728,0.864,1.591,Low,2,0.0214
48129,Donley,Texas,1153,26.0,101.0,1.53,5.97,772,772,2.255,1.494,High,3,0.0304
51097,King and Queen,Virginia,1146,12.0,55.0,1.501,3.497,774,774,1.047,1.481,Low,2,0.0184
48043,Brewster,Texas,1142,29.0,129.0,1.968,7.158,743,743,2.539,1.537,High,3,0.0314
20185,Stafford,Kansas,1139,26.0,64.0,1.468,4.355,776,776,2.283,1.468,High,3,0.0174
19159,Ringgold,Iowa,1135,34.0,64.0,1.588,5.271,725,725,2.996,1.566,High,3,0.0359
16061,Lewis,Idaho,1134,29.0,21.0,1.771,3.292,643,677,2.557,1.675,High,3,0.0204
50013,Grand Isle,Vermont,1132,5.0,116.0,1.482,5.057,767,767,0.442,1.476,Low,2,0.0475
51045,Craig,Virginia,1128,18.0,42.0,1.495,3.35,767,767,1.596,1.471,Medium,2,0.0173
31065,Furnas,Nebraska,1126,8.0,75.0,1.583,4.51,756,756,0.71,1.489,Low,2,0.0248
31003,Antelope,Nebraska,1119,14.0,79.0,1.493,4.203,775,775,1.251,1.444,Medium,2,0.0247
19009,Audubon,Iowa,1114,20.0,55.0,1.494,4.643,775,775,1.795,1.437,High,3,0.0144
31011,Boone,Nebraska,1112,5.0,64.0,1.57,3.843,740,740,0.45,1.503,Low,2,0.0428
31169,Thayer,Nebraska,1110,8.0,135.0,1.59,6.118,715,715,0.721,1.552,Low,2,0.0277
51181,Surry,Virginia,1110,20.0,32.0,1.47,3.067,774,774,1.802,1.434,High,3,0.0162
16063,Lincoln,Idaho,1108,15.0,23.0,1.441,2.764,777,777,1.354,1.426,Medium,2,0.0153
35023,Hidalgo,New Mexico,1104,15.0,27.0,1.526,3.339,726,726,1.359,1.521,Medium,2,0.0127
48191,Hall,Texas,1102,24.0,157.0,1.54,6.847,724,724,2.178,1.522,High,3,0.0309
2013,Aleutians East Borough,Alaska,1101,3.0,182.0,1.577,9.424,704,704,0.272,1.564,Low,2,0.0672
30061,Mineral,Montana,1100,17.0,36.0,1.73,3.584,641,641,1.545,1.716,Medium,2,0.0159
16015,Boise,Idaho,1094,14.0,31.0,1.602,3.19,688,688,1.28,1.59,Medium,2,0.0186
55037,Florence,Wisconsin,1093,17.0,24.0,1.462,2.825,769,769,1.555,1.421,Medium,2,0.022
42113,Sullivan,Pennsylvania,1092,36.0,22.0,1.432,2.589,770,770,3.297,1.418,High,3,0.0508
48105,Crockett,Texas,1091,19.0,176.0,1.903,8.398,708,708,1.742,1.541,High,2,0.0353
48095,Concho,Texas,1084,11.0,79.0,1.555,5.362,764,764,1.015,1.419,Low,2,0.0266
48405,San Augustine,Texas,1082,44.0,45.0,1.56,4.07,773,773,4.067,1.4,High,3,0.0691
21039,Carlisle,Kentucky,1076,20.0,25.0,1.451,2.873,751,751,1.859,1.433,High,3,0.017
46031,Corson,South Dakota,1070,17.0,30.0,1.416,3.235,765,765,1.589,1.399,Medium,2,0.0167
8121,Washington,Colorado,1066,28.0,30.0,1.407,3.142,779,779,2.627,1.368,High,3,0.0172
38069,Pierce,North Dakota,1065,32.0,28.0,1.375,3.208,785,785,3.005,1.357,High,3,0.0401
46053,Gregory,South Dakota,1065,34.0,21.0,1.506,2.725,713,713,3.192,1.494,High,3,0.0323
40043,Dewey,Oklahoma,1064,32.0,60.0,1.409,5.011,767,767,3.008,1.387,High,3,0.0405
13301,Warren,Georgia,1064,30.0,42.0,1.388,2.973,775,775,2.82,1.373,High,3,0.0286
30071,Phillips,Montana,1062,28.0,27.0,1.648,3.242,647,647,2.637,1.641,High,3,0.0193
29087,Holt,Missouri,1060,30.0,51.0,1.407,3.222,759,759,2.83,1.397,High,3,0.0274
17069,Hardin,Illinois,1059,20.0,28.0,1.413,2.989,753,753,1.889,1.406,High,3,0.0218
51157,Rappahannock,Virginia,1051,10.0,27.0,1.494,2.689,767,767,0.951,1.37,Low,2,0.0188
27069,Kittson,Minnesota,1051,27.0,24.0,1.406,2.758,756,756,2.569,1.39,High,3,0.0266
20007,Barber,Kansas,1043,8.0,63.0,1.369,4.401,767,767,0.767,1.36,Low,2,0.0154
46039,Deuel,South Dakota,1043,12.0,30.0,1.349,2.499,777,777,1.151,1.342,Low,2,0.0155
38025,Dunn,North Dakota,1041,8.0,13.0,1.356,2.254,781,781,0.768,1.333,Low,2,0.0162
40053,Grant,Oklahoma,1036,16.0,76.0,1.349,5.086,771,771,1.544,1.344,Medium,2,0.0155
38081,Sargent,North Dakota,1031,9.0,24.0,1.448,2.729,764,764,0.873,1.349,Low,2,0.025
38103,Wells,North Dakota,1018,12.0,54.0,1.371,3.336,752,752,1.179,1.354,Low,2,0.0195
38045,LaMoure,North Dakota,1015,20.0,36.0,1.454,2.761,707,707,1.97,1.436,High,3,0.018
29171,Putnam,Missouri,1013,24.0,68.0,1.449,3.762,706,706,2.369,1.435,High,3,0.028
31161,Sheridan,Nebraska,1011,23.0,84.0,1.504,4.267,687,687,2.275,1.472,High,3,0.0186
26131,Ontonagon,Michigan,1008,38.0,33.0,1.502,3.337,679,679,3.77,1.485,High,3,0.0901
35059,Union,New Mexico,1008,16.0,80.0,1.362,4.238,749,749,1.587,1.346,Medium,2,0.0172
48377,Presidio,Texas,998,38.0,85.0,1.65,5.96,719,719,3.808,1.388,High,3,0.1007
32017,Lincoln,Nevada,995,7.0,58.0,1.389,4.627,736,736,0.704,1.352,Low,2,0.0229
38031,Foster,North Dakota,992,23.0,41.0,1.34,3.193,780,780,2.319,1.272,High,3,0.0227
30015,Chouteau,Montana,992,14.0,23.0,1.514,2.836,662,662,1.411,1.498,Medium,2,0.0145
29103,Knox,Missouri,990,14.0,179.0,1.434,7.258,703,703,1.414,1.408,Medium,2,0.0324
48229,Hudspeth,Texas,989,18.0,154.0,1.62,6.767,718,718,1.82,1.377,High,3,0.0308
22107,Tensas,Louisiana,988,11.0,71.0,1.372,4.323,763,763,1.113,1.295,Low,2,0.0161
37177,Tyrrell,North Carolina,982,8.0,52.0,1.307,3.678,760,760,0.815,1.292,Low,2,0.0264
31129,Nuckolls,Nebraska,980,13.0,114.0,1.478,5.46,728,728,1.327,1.346,Medium,2,0.0244
8047,Gilpin,Colorado,977,5.0,38.0,1.305,2.947,765,765,0.512,1.277,Low,2,0.0134
40007,Beaver,Oklahoma,969,11.0,64.0,1.271,4.588,767,767,1.135,1.263,Low,2,0.0183
20081,Haskell,Kansas,965,11.0,57.0,1.297,3.724,754,754,1.14,1.28,Low,2,0.015
5013,Calhoun,Arkansas,965,10.0,19.0,1.442,2.517,681,681,1.036,1.417,Low,2,0.0181
17151,Pope,Illinois,961,8.0,24.0,1.311,2.587,736,736,0.832,1.306,Low,2,0.0232
27125,Red Lake,Minnesota,953,13.0,21.0,1.304,2.511,762,762,1.364,1.251,Medium,2,0.0148
28125,Sharkey,Mississippi,953,26.0,41.0,1.252,3.235,778,778,2.728,1.225,High,3,0.0229
46045,Edmunds,South Dakota,949,16.0,32.0,1.343,2.554,715,715,1.686,1.327,Medium,2,0.0165
13101,Echols,Georgia,937,12.0,45.0,1.25,3.135,768,768,1.281,1.22,Medium,2,0.0204
16007,Bear Lake,Idaho,931,16.0,21.0,1.373,2.478,683,683,1.719,1.363,High,2,0.0148
49017,Garfield,Utah,929,16.0,26.0,1.199,2.756,777,777,1.722,1.196,High,2,0.0156
36041,Hamilton,New York,919,5.0,22.0,1.168,2.363,787,787,0.544,1.168,Low,2,0.0345
30065,Musselshell,Montana,917,31.0,44.0,1.199,2.967,774,774,3.381,1.185,High,3,0.0725
51017,Bath,Virginia,906,20.0,32.0,1.388,3.005,675,675,2.208,1.342,High,3,0.023
48207,Haskell,Texas,897,39.0,106.0,1.25,5.021,729,729,4.348,1.23,High,3,0.0639
31097,Johnson,Nebraska,895,10.0,77.0,1.233,4.286,769,769,1.117,1.164,Low,2,0.0163
8095,Phillips,Colorado,894,19.0,33.0,1.165,2.753,775,775,2.125,1.154,High,3,0.0137
40129,Roger Mills,Oklahoma,892,16.0,46.0,1.344,4.564,669,673,1.794,1.325,High,3,0.0159
48079,Cochran,Texas,891,23.0,95.0,1.202,4.125,751,751,2.581,1.186,High,3,0.0321
8091,Ouray,Colorado,884,6.0,27.0,1.177,2.53,770,770,0.679,1.148,Low,2,0.0136
21105,Hickman,Kentucky,879,27.0,29.0,1.203,2.389,753,753,3.072,1.167,High,3,0.0481
27155,Traverse,Minnesota,871,10.0,19.0,1.134,2.169,774,774,1.148,1.125,Low,2,0.0142
2997,Bristol Bay plus Lake and Peninsula,Alaska,870,1.0,42.0,1.246,3.534,724,724,0.115,1.202,Low,2,0.0692
48383,Reagan,Texas,859,14.0,114.0,1.381,5.253,717,717,1.63,1.198,Medium,2,0.0187
8009,Baca,Colorado,855,13.0,21.0,1.109,2.598,777,777,1.52,1.1,Medium,2,0.0165
48435,Sutton,Texas,848,12.0,95.0,1.372,4.305,694,694,1.415,1.222,Medium,2,0.0183
20109,Logan,Kansas,844,13.0,49.0,1.25,3.617,689,689,1.54,1.225,Medium,2,0.0135
20019,Chautauqua,Kansas,844,17.0,45.0,1.094,3.184,774,774,2.014,1.09,High,3,0.0272
48081,Coke,Texas,843,20.0,129.0,1.395,5.592,739,739,2.372,1.141,High,3,0.0368
48461,Upton,Texas,833,18.0,131.0,1.39,5.891,694,694,2.161,1.2,High,3,0.0302
78020,St. John,Virgin Islands,832,5.0,98.0,1.102,5.518,768,768,0.601,1.083,Low,2,0.0343
38041,Hettinger,North Dakota,831,8.0,35.0,1.24,2.764,687,687,0.963,1.21,Low,2,0.0239
38011,Bowman,North Dakota,829,9.0,81.0,1.094,3.384,767,767,1.086,1.081,Low,2,0.0312
38019,Cavalier,North Dakota,822,7.0,27.0,1.215,2.889,693,693,0.852,1.186,Low,2,0.0233
42023,Cameron,Pennsylvania,822,21.0,28.0,1.059,2.196,777,777,2.555,1.058,High,3,0.0176
19003,Adams,Iowa,820,14.0,44.0,1.142,3.952,727,727,1.707,1.128,High,2,0.0162
31125,Nance,Nebraska,819,12.0,53.0,1.115,2.987,758,758,1.465,1.08,Medium,2,0.0156
48023,Baylor,Texas,818,32.0,126.0,1.188,6.125,708,708,3.912,1.155,High,3,0.0956
48385,Real,Texas,817,25.0,50.0,1.184,3.446,708,708,3.06,1.154,High,3,0.0472
20165,Rush,Kansas,810,18.0,54.0,1.193,3.58,684,684,2.222,1.184,High,3,0.0174
16071,Oneida,Idaho,807,11.0,21.0,1.189,2.39,683,683,1.363,1.182,Medium,2,0.0156
46003,Aurora,South Dakota,805,17.0,36.0,1.077,2.699,778,778,2.112,1.035,High,3,0.0131
46025,Clark,South Dakota,804,9.0,15.0,1.046,2.026,776,776,1.119,1.036,Low,2,0.0156
20141,Osborne,Kansas,803,17.0,36.0,1.074,3.212,771,771,2.117,1.042,High,3,0.0119
20207,Woodson,Kansas,796,15.0,38.0,1.033,3.062,781,781,1.884,1.019,High,3,0.0194
46091,Marshall,South Dakota,796,13.0,18.0,1.034,2.031,775,775,1.633,1.027,Medium,2,0.0205
20063,Gove,Kansas,790,23.0,34.0,1.026,3.195,778,778,2.911,1.015,High,3,0.0369
46007,Bennett,South Dakota,789,14.0,23.0,1.152,2.584,698,698,1.774,1.13,High,3,0.0205
20089,Jewell,Kansas,788,13.0,37.0,1.119,3.687,770,770,1.65,1.023,Medium,2,0.0204
48319,Mason,Texas,787,12.0,34.0,1.135,2.845,770,770,1.525,1.022,Medium,2,0.0157
20179,Sheridan,Kansas,786,18.0,33.0,1.046,3.119,755,755,2.29,1.041,High,3,0.0192
30097,Sweet Grass,Montana,785,13.0,23.0,1.193,2.5,668,668,1.656,1.175,Medium,2,0.0226
2195,Petersburg Borough,Alaska,785,4.0,34.0,1.033,3.495,768,768,0.51,1.022,Low,2,0.0127
20135,Ness,Kansas,781,18.0,37.0,1.085,3.426,726,726,2.305,1.076,High,3,0.0166
31167,Stanton,Nebraska,779,11.0,68.0,1.092,3.759,768,768,1.412,1.014,Medium,2,0.0152
27077,Lake of the Woods,Minnesota,779,6.0,17.0,1.193,2.155,658,658,0.77,1.184,Low,2,0.0165
31105,Kimball,Nebraska,776,9.0,55.0,1.023,3.467,774,774,1.16,1.003,Low,2,0.0211
40045,Ellis,Oklahoma,774,8.0,55.0,1.146,4.295,692,692,1.034,1.118,Low,2,0.019
35033,Mora,New Mexico,772,18.0,30.0,1.15,2.916,673,673,2.332,1.147,High,3,0.0141
38063,Nelson,North Dakota,768,18.0,21.0,1.036,2.129,755,755,2.344,1.017,High,3,0.0141
38027,Eddy,North Dakota,761,6.0,37.0,1.027,2.453,771,771,0.788,0.987,Low,2,0.0239
20195,Trego,Kansas,756,10.0,37.0,1.053,3.067,722,722,1.323,1.047,Medium,2,0.0193
31175,Valley,Nebraska,754,6.0,59.0,1.044,3.16,747,747,0.796,1.009,Low,2,0.0233
31029,Chase,Nebraska,749,7.0,30.0,1.072,2.596,720,720,0.935,1.04,Low,2,0.016
48271,Kinney,Texas,741,11.0,58.0,1.056,3.816,714,714,1.484,1.038,Medium,2,0.024
29197,Schuyler,Missouri,740,26.0,36.0,1.03,2.407,728,728,3.514,1.016,High,3,0.0695
38029,Emmons,North Dakota,728,18.0,24.0,0.967,2.198,769,769,2.473,0.947,High,3,0.0355
48295,Lipscomb,Texas,720,16.0,53.0,0.975,2.873,746,746,2.222,0.965,High,3,0.018
31181,Webster,Nebraska,715,11.0,43.0,0.973,3.009,764,764,1.538,0.936,Medium,2,0.0142
48267,Kimble,Texas,714,15.0,31.0,1.029,2.652,736,736,2.101,0.97,High,3,0.022
40059,Harper,Oklahoma,714,12.0,48.0,0.951,3.384,756,756,1.681,0.944,Medium,2,0.0155
8023,Costilla,Colorado,708,18.0,19.0,0.934,2.203,778,778,2.542,0.91,High,3,0.0203
29129,Mercer,Missouri,704,14.0,120.0,1.013,4.7,713,713,1.989,0.987,High,3,0.0304
46107,Potter,South Dakota,704,7.0,19.0,1.085,2.173,660,660,0.994,1.067,Low,2,0.0163
16003,Adams,Idaho,704,15.0,16.0,0.93,1.999,774,774,2.131,0.91,High,3,0.0149
48087,Collingsworth,Texas,702,16.0,71.0,0.963,4.274,739,739,2.279,0.95,High,3,0.0201
30091,Sheridan,Montana,699,11.0,21.0,1.034,2.42,680,680,1.574,1.028,Medium,2,0.0206
56027,Niobrara,Wyoming,694,10.0,37.0,0.932,2.757,764,764,1.441,0.908,Medium,2,0.0277
48417,Shackelford,Texas,691,12.0,61.0,0.97,2.867,737,737,1.737,0.938,High,2,0.027
38051,McIntosh,North Dakota,688,9.0,44.0,0.904,2.321,779,779,1.308,0.883,Medium,2,0.022
46105,Perkins,South Dakota,684,18.0,18.0,1.042,2.225,672,672,2.632,1.018,High,3,0.0164
46043,Douglas,South Dakota,684,16.0,12.0,0.925,1.766,747,747,2.339,0.916,High,3,0.0103
20153,Rawlins,Kansas,683,10.0,45.0,1.145,3.645,628,628,1.464,1.088,Medium,2,0.016
29199,Scotland,Missouri,683,18.0,40.0,0.907,2.58,767,767,2.635,0.89,High,3,0.0171
30025,Fallon,Montana,680,10.0,25.0,1.018,2.802,671,671,1.471,1.013,Medium,2,0.0171
20017,Chase,Kansas,676,9.0,30.0,0.956,3.21,757,757,1.331,0.893,Medium,2,0.0179
21201,Robertson,Kentucky,672,21.0,16.0,1.032,2.07,682,682,3.125,0.985,High,3,0.0707
46137,Ziebach,South Dakota,671,11.0,117.0,0.934,4.954,738,738,1.639,0.909,Medium,2,0.023
20097,Kiowa,Kansas,668,7.0,40.0,0.895,3.073,751,751,1.048,0.889,Low,2,0.0168
20023,Cheyenne,Kansas,661,14.0,29.0,0.893,2.62,745,745,2.118,0.887,High,3,0.0114
8027,Custer,Colorado,656,21.0,23.0,0.873,1.993,772,772,3.201,0.85,High,3,0.0292
46061,Hanson,South Dakota,655,6.0,19.0,0.927,1.901,710,710,0.916,0.923,Low,2,0.0214
20183,Smith,Kansas,645,8.0,26.0,0.872,2.79,759,759,1.24,0.85,Medium,2,0.0282
38095,Towner,North Dakota,641,12.0,14.0,0.966,1.864,676,676,1.872,0.948,High,3,0.021
46117,Stanley,South Dakota,637,7.0,17.0,0.864,1.705,750,750,1.099,0.849,Low,2,0.0262
46071,Jackson,South Dakota,632,21.0,37.0,0.888,2.37,720,720,3.323,0.878,High,3,0.0393
2100,Haines Borough,Alaska,624,1.0,37.0,0.893,3.587,704,704,0.16,0.886,Low,2,0.0581
20105,Lincoln,Kansas,623,10.0,24.0,0.932,2.742,673,673,1.605,0.926,Medium,2,0.023
20129,Morton,Kansas,623,11.0,32.0,0.818,2.8,768,768,1.766,0.811,High,3,0.0189
20039,Decatur,Kansas,620,20.0,29.0,0.936,2.654,671,671,3.226,0.924,High,3,0.0407
46017,Buffalo,South Dakota,620,18.0,20.0,0.861,2.104,746,746,2.903,0.831,High,3,0.0395
53013,Columbia,Washington,613,16.0,33.0,0.803,2.346,793,793,2.61,0.773,High,3,0.021
13125,Glascock,Georgia,610,25.0,26.0,0.847,2.26,737,737,4.098,0.828,High,3,0.0975
48151,Fisher,Texas,609,24.0,28.0,0.878,2.216,729,729,3.941,0.835,High,3,0.0907
38001,Adams,North Dakota,598,10.0,9.0,0.939,1.575,655,655,1.672,0.913,Medium,2,0.0183
27031,Cook,Minnesota,594,4.0,22.0,0.871,1.924,700,700,0.673,0.849,Low,2,0.0147
35011,De Baca,New Mexico,589,6.0,13.0,0.974,1.997,611,611,1.019,0.964,Low,2,0.0254
31163,Sherman,Nebraska,587,4.0,73.0,0.835,3.191,751,751,0.681,0.782,Low,2,0.0183
38039,Griggs,North Dakota,583,3.0,14.0,0.83,1.767,722,722,0.515,0.807,Low,2,0.0121
2275,Wrangell City and Borough,Alaska,579,1.0,32.0,0.83,3.038,705,705,0.173,0.821,Low,2,0.0606
46111,Sanborn,South Dakota,575,6.0,15.0,0.764,1.802,763,763,1.043,0.754,Low,2,0.0182
40025,Cimarron,Oklahoma,574,7.0,29.0,0.785,2.974,753,753,1.22,0.762,Low,2,0.0185
46049,Faulk,South Dakota,573,16.0,29.0,0.748,1.829,778,778,2.792,0.737,High,3,0.0325
20065,Graham,Kansas,572,15.0,32.0,0.852,2.687,677,677,2.622,0.845,High,3,0.0178
20049,Elk,Kansas,571,10.0,30.0,0.84,2.621,687,687,1.751,0.831,High,3,0.0287
48359,Oldham,Texas,565,6.0,57.0,0.739,2.959,784,784,1.062,0.721,Low,2,0.0305
46059,Hand,South Dakota,563,12.0,13.0,0.767,1.711,748,748,2.131,0.753,High,3,0.015
20047,Edwards,Kansas,562,13.0,20.0,0.75,2.146,752,752,2.313,0.747,High,3,0.0188
48197,Hardeman,Texas,556,19.0,44.0,0.779,3.047,721,721,3.417,0.771,High,3,0.0911
38075,Renville,North Dakota,556,15.0,16.0,0.767,1.676,743,743,2.698,0.748,High,3,0.0374
2998,Yakutat plus Hoonah-Angoon,Alaska,556,5.0,43.0,0.859,2.862,659,659,0.899,0.844,Low,2,0.0233
48011,Armstrong,Texas,555,9.0,74.0,0.75,3.285,760,760,1.622,0.73,Medium,2,0.0195
31031,Cherry,Nebraska,546,10.0,135.0,0.89,5.439,770,770,1.832,0.709,High,3,0.0324
31087,Hitchcock,Nebraska,544,8.0,45.0,0.926,3.0,744,744,1.471,0.731,Medium,2,0.0165
31063,Frontier,Nebraska,543,3.0,130.0,0.821,5.034,745,745,0.552,0.729,Low,2,0.0329
31135,Perkins,Nebraska,541,12.0,35.0,0.881,2.61,663,663,2.218,0.816,High,3,0.0204
53069,Wahkiakum,Washington,538,7.0,63.0,0.736,2.95,770,770,1.301,0.699,Medium,2,0.0249
30039,Granite,Montana,537,9.0,14.0,0.788,1.749,688,688,1.676,0.781,Medium,2,0.0166
13007,Baker,Georgia,536,15.0,14.0,0.74,1.647,781,781,2.799,0.686,High,3,0.0281
13061,Clay,Georgia,533,6.0,25.0,0.714,2.049,775,775,1.126,0.688,Low,2,0.0145
16037,Custer,Idaho,532,9.0,12.0,0.693,1.48,779,779,1.692,0.683,Medium,2,0.0209
48413,Schleicher,Texas,528,9.0,67.0,0.937,3.228,700,700,1.705,0.754,High,2,0.0175
46095,Mellette,South Dakota,527,8.0,17.0,0.78,1.793,700,700,1.518,0.753,Medium,2,0.0154
26083,Keweenaw,Michigan,523,14.0,26.0,0.807,2.062,703,703,2.677,0.744,High,3,0.0404
31017,Brown,Nebraska,523,4.0,57.0,0.878,2.901,639,639,0.765,0.818,Low,2,0.0183
40057,Harmon,Oklahoma,522,12.0,48.0,0.776,2.849,682,682,2.299,0.765,High,3,0.0175
48109,Culberson,Texas,514,14.0,23.0,0.861,2.249,693,693,2.724,0.742,High,3,0.0312
48327,Menard,Texas,513,12.0,20.0,0.779,1.924,691,691,2.339,0.742,High,3,0.0093
38043,Kidder,North Dakota,510,13.0,14.0,0.733,1.419,704,704,2.549,0.724,High,3,0.022
20025,Clark,Kansas,504,8.0,18.0,0.687,1.92,751,751,1.587,0.671,Medium,2,0.0199
48421,Sherman,Texas,499,16.0,112.0,0.668,4.477,758,758,3.206,0.658,High,3,0.0369
20203,Wichita,Kansas,494,8.0,26.0,0.75,2.427,661,661,1.619,0.747,Medium,2,0.0208
48275,Knox,Texas,492,25.0,31.0,0.738,2.793,767,767,5.081,0.641,High,3,0.3802
8115,Sedgwick,Colorado,490,11.0,15.0,0.746,1.64,669,669,2.245,0.732,High,3,0.0357
38033,Golden Valley,North Dakota,477,4.0,14.0,0.726,1.497,669,669,0.839,0.713,Low,2,0.0234
16023,Butte,Idaho,476,9.0,9.0,0.757,1.498,641,641,1.891,0.743,High,3,0.023
48137,Edwards,Texas,467,11.0,33.0,0.693,2.323,688,688,2.355,0.679,High,3,0.0231
48045,Briscoe,Texas,465,8.0,62.0,0.636,2.879,742,742,1.72,0.627,High,2,0.0179
20075,Hamilton,Kansas,464,3.0,25.0,0.62,1.977,763,763,0.647,0.608,Low,2,0.0315
38023,Divide,North Dakota,459,4.0,13.0,0.596,1.381,777,777,0.871,0.591,Low,2,0.0297
46097,Miner,South Dakota,457,13.0,16.0,0.603,1.578,764,764,2.845,0.598,High,3,0.0314
38037,Grant,North Dakota,453,11.0,8.0,0.605,1.251,774,774,2.428,0.585,High,3,0.0247
48125,Dickens,Texas,453,16.0,41.0,0.617,2.307,766,766,3.532,0.591,High,3,0.067
46055,Haakon,South Dakota,452,12.0,17.0,0.672,1.484,677,677,2.655,0.668,High,3,0.033
48235,Irion,Texas,445,3.0,29.0,0.662,2.039,711,711,0.674,0.626,Low,2,0.0147
49055,Wayne,Utah,444,0.0,22.0,0.686,1.766,656,656,0.0,0.677,Low,2,0.0066
20033,Comanche,Kansas,441,16.0,23.0,0.622,2.21,722,722,3.628,0.611,High,3,0.0701
13307,Webster,Georgia,439,8.0,25.0,0.579,1.603,774,774,1.822,0.567,High,3,0.0284
20199,Wallace,Kansas,438,5.0,15.0,0.697,1.921,628,628,1.142,0.697,Low,2,0.0123
20187,Stanton,Kansas,437,9.0,25.0,0.579,1.693,762,762,2.059,0.573,High,3,0.0497
38047,Logan,North Dakota,436,12.0,16.0,0.673,1.422,672,675,2.752,0.646,High,3,0.042
38013,Burke,North Dakota,433,3.0,11.0,0.577,1.271,773,773,0.693,0.56,Low,2,0.0211
13239,Quitman,Georgia,427,4.0,36.0,0.582,1.961,771,771,0.937,0.554,Low,2,0.018
46089,McPherson,South Dakota,426,9.0,11.0,0.578,1.255,749,749,2.113,0.569,High,3,0.0165
2068,Denali Borough,Alaska,424,1.0,13.0,0.621,1.463,688,688,0.236,0.616,Low,2,0.0508
31133,Pawnee,Nebraska,422,4.0,33.0,0.655,1.999,672,672,0.948,0.628,Low,2,0.0194
31061,Franklin,Nebraska,422,12.0,22.0,0.59,1.608,764,764,2.844,0.552,High,3,0.0308
35003,Catron,New Mexico,421,14.0,33.0,0.554,1.831,773,773,3.325,0.545,High,3,0.0418
31077,Greeley,Nebraska,418,2.0,26.0,0.587,1.803,751,751,0.478,0.557,Low,2,0.0426
46073,Jerauld,South Dakota,415,20.0,44.0,0.55,1.979,765,765,4.819,0.542,High,3,0.226
69100,Rota,Northern Mariana Islands,415,0.0,232.0,3.64,24.788,114,114,0.0,3.64,Low,2,0.067
30059,Meagher,Montana,412,10.0,14.0,0.534,1.484,779,779,2.427,0.529,High,3,0.0246
20083,Hodgeman,Kansas,412,10.0,25.0,0.587,2.075,722,722,2.427,0.571,High,3,0.0245
31015,Boyd,Nebraska,410,7.0,16.0,0.605,1.55,712,712,1.707,0.576,High,2,0.0169
29227,Worth,Missouri,407,3.0,20.0,0.542,1.432,768,768,0.737,0.53,Low,2,0.0239
31071,Garfield,Nebraska,403,4.0,80.0,0.597,3.283,708,708,0.993,0.569,Low,2,0.0212
31083,Harlan,Nebraska,401,3.0,21.0,0.638,1.596,690,690,0.748,0.581,Low,2,0.0229
30051,Liberty,Montana,398,4.0,18.0,0.525,1.538,774,774,1.005,0.514,Low,2,0.0217
53023,Garfield,Washington,389,7.0,13.0,0.59,1.449,671,671,1.799,0.58,High,3,0.0194
38091,Steele,North Dakota,388,2.0,9.0,0.556,1.202,727,727,0.515,0.534,Low,2,0.0139
51091,Highland,Virginia,387,7.0,10.0,0.525,1.274,752,752,1.809,0.515,High,3,0.0233
30107,Wheatland,Montana,386,14.0,15.0,0.52,1.58,750,750,3.627,0.515,High,3,0.0708
30055,McCone,Montana,386,9.0,13.0,0.603,1.333,663,663,2.332,0.582,High,3,0.0104
30019,Daniels,Montana,386,9.0,11.0,0.593,1.476,658,658,2.332,0.587,High,3,0.0104
31073,Gosper,Nebraska,381,7.0,25.0,0.532,1.489,777,777,1.837,0.49,High,3,0.0311
31069,Garden,Nebraska,376,1.0,25.0,0.551,2.083,712,712,0.266,0.528,Low,2,0.0616
8033,Dolores,Colorado,367,8.0,8.0,0.608,1.269,666,666,2.18,0.551,High,3,0.0442
48433,Stonewall,Texas,362,7.0,23.0,0.547,1.566,665,665,1.934,0.544,High,3,0.0399
31057,Dundy,Nebraska,350,6.0,37.0,0.553,1.895,662,666,1.714,0.526,High,2,0.0149
32029,Storey,Nevada,345,11.0,24.0,0.57,1.851,726,726,3.188,0.475,High,3,0.0389
30075,Powder River,Montana,344,10.0,14.0,0.532,1.408,660,660,2.907,0.521,High,3,0.0434
49033,Rich,Utah,343,0.0,12.0,0.499,1.299,701,701,0.0,0.489,Low,2,0.004
69120,Tinian,Northern Mariana Islands,341,0.0,209.0,0.51,9.1,669,669,0.0,0.51,Low,2,0.0505
8061,Kiowa,Colorado,336,6.0,25.0,0.571,1.788,597,597,1.786,0.563,High,3,0.0233
20071,Greeley,Kansas,333,3.0,31.0,0.519,1.898,671,671,0.901,0.496,Low,2,0.0231
38065,Oliver,North Dakota,329,5.0,8.0,0.435,1.011,775,775,1.52,0.425,Medium,2,0.0174
31049,Deuel,Nebraska,325,2.0,19.0,0.526,1.502,669,669,0.615,0.486,Low,2,0.0416
6091,Sierra,California,324,5.0,14.0,0.468,1.312,722,722,1.543,0.449,Medium,2,0.0218
8017,Cheyenne,Colorado,322,9.0,8.0,0.463,1.151,737,737,2.795,0.437,High,3,0.0327
41055,Sherman,Oregon,321,6.0,37.0,0.428,1.69,769,769,1.869,0.417,High,3,0.0252
48101,Cottle,Texas,319,9.0,46.0,0.43,2.062,747,747,2.821,0.427,High,3,0.032
32011,Eureka,Nevada,309,2.0,44.0,0.46,2.112,687,687,0.647,0.45,Low,2,0.0324
46069,Hyde,South Dakota,307,8.0,12.0,0.415,1.213,761,761,2.606,0.403,High,3,0.0256
49031,Piute,Utah,304,7.0,19.0,0.421,1.407,737,737,2.303,0.412,High,3,0.0205
38083,Sheridan,North Dakota,299,7.0,9.0,0.437,1.059,707,707,2.341,0.423,High,3,0.0127
20101,Lane,Kansas,296,12.0,14.0,0.416,1.43,722,722,4.054,0.41,High,3,0.0773
48345,Motley,Texas,286,13.0,39.0,0.38,2.032,761,761,4.545,0.376,High,3,0.1516
41021,Gilliam,Oregon,284,5.0,14.0,0.42,1.214,679,679,1.761,0.418,High,3,0.0237
48447,Throckmorton,Texas,271,8.0,50.0,0.4,2.295,680,680,2.952,0.399,High,3,0.0659
13265,Taliaferro,Georgia,268,3.0,12.0,0.383,1.11,741,741,1.119,0.362,Low,2,0.0151
46021,Campbell,South Dakota,268,7.0,8.0,0.404,0.974,680,680,2.612,0.394,High,3,0.0219
30079,Prairie,Montana,263,3.0,14.0,0.409,1.388,648,648,1.141,0.406,Low,2,0.0126
28055,Issaquena,Mississippi,262,9.0,42.0,0.384,1.934,688,688,3.435,0.381,High,3,0.1026
30011,Carter,Montana,252,5.0,20.0,0.474,1.664,597,597,1.984,0.422,High,3,0.0293
41069,Wheeler,Oregon,246,3.0,21.0,0.441,1.871,580,580,1.22,0.424,Low,2,0.0177
48431,Sterling,Texas,245,6.0,40.0,0.43,1.871,639,639,2.449,0.383,High,3,0.0358
46119,Sully,South Dakota,245,3.0,7.0,0.328,0.799,762,762,1.224,0.322,Medium,2,0.0185
8079,Mineral,Colorado,241,2.0,12.0,0.323,1.029,776,776,0.83,0.311,Low,2,0.0277
30045,Judith Basin,Montana,225,1.0,9.0,0.343,0.878,661,661,0.444,0.34,Low,2,0.0534
30033,Garfield,Montana,225,3.0,10.0,0.36,1.155,670,670,1.333,0.336,Medium,2,0.0217
48243,Jeff Davis,Texas,224,9.0,13.0,0.376,1.265,687,687,4.018,0.326,High,3,0.093
48263,Kent,Texas,210,4.0,16.0,0.314,1.09,669,669,1.905,0.314,High,3,0.0353
48155,Foard,Texas,209,11.0,24.0,0.343,1.391,673,673,5.263,0.311,High,3,0.4425
30109,Wibaux,Montana,204,8.0,8.0,0.309,0.905,669,669,3.922,0.305,High,3,0.098
8111,San Juan,Colorado,203,2.0,13.0,0.393,1.221,738,738,0.985,0.275,Low,2,0.0215
46063,Harding,South Dakota,201,3.0,13.0,0.33,1.035,639,639,1.493,0.315,Medium,2,0.0303
48173,Glasscock,Texas,199,3.0,44.0,0.394,2.098,744,744,1.508,0.267,Medium,2,0.0231
48301,Loving,Texas,196,1.0,12.0,0.363,1.233,543,543,0.51,0.361,Low,2,0.0166
2230,Skagway Municipality,Alaska,187,0.0,18.0,0.332,1.232,575,575,0.0,0.325,Low,2,0.0027
31149,Rock,Nebraska,179,2.0,49.0,0.334,2.054,689,689,1.117,0.26,Low,2,0.0169
46075,Jones,South Dakota,177,2.0,5.0,0.268,0.692,675,675,1.13,0.262,Low,2,0.0163
48393,Roberts,Texas,175,2.0,12.0,0.236,0.812,758,758,1.143,0.231,Low,2,0.0145
48311,McMullen,Texas,169,9.0,7.0,0.254,0.743,669,669,5.325,0.253,High,3,0.4784
8057,Jackson,Colorado,166,0.0,6.0,0.262,0.754,688,688,0.0,0.241,Low,2,0.0009
16025,Camas,Idaho,158,2.0,7.0,0.209,0.657,774,774,1.266,0.204,Medium,2,0.0333
49009,Daggett,Utah,153,0.0,6.0,0.257,0.704,611,611,0.0,0.25,Low,2,0.0004
30037,Golden Valley,Montana,150,5.0,11.0,0.201,0.748,763,763,3.333,0.197,High,3,0.0512
31113,Logan,Nebraska,149,0.0,9.0,0.272,0.801,633,633,0.0,0.235,Low,2,0.001
38007,Billings,North Dakota,145,1.0,5.0,0.237,0.64,693,693,0.69,0.209,Low,2,0.0216
30103,Treasure,Montana,136,1.0,6.0,0.2,0.734,689,689,0.735,0.197,Low,2,0.029
8053,Hinsdale,Colorado,131,0.0,13.0,0.236,0.773,784,784,0.0,0.167,Low,2,0.0012
31183,Wheeler,Nebraska,127,2.0,10.0,0.216,0.739,649,658,1.575,0.193,Medium,2,0.0282
6003,Alpine,California,126,0.0,21.0,0.172,0.994,775,775,0.0,0.163,Low,2,0.0027
48443,Terrell,Texas,121,3.0,13.0,0.223,0.906,690,690,2.479,0.175,High,3,0.0472
31103,Keya Paha,Nebraska,119,0.0,10.0,0.209,0.737,627,634,0.0,0.188,Low,2,0.0006
31091,Hooker,Nebraska,114,5.0,13.0,0.183,0.793,682,682,4.386,0.167,High,3,0.0879
31085,Hayes,Nebraska,113,0.0,8.0,0.223,0.713,587,587,0.0,0.193,Low,2,0.0003
32009,Esmeralda,Nevada,109,4.0,19.0,0.205,1.132,547,547,3.67,0.199,High,3,0.0957
16033,Clark,Idaho,109,1.0,5.0,0.167,0.511,658,664,0.917,0.164,Low,2,0.0261
31075,Grant,Nebraska,107,5.0,14.0,0.192,0.776,605,605,4.673,0.177,High,3,0.1463
31171,Thomas,Nebraska,101,1.0,5.0,0.152,0.487,738,738,0.99,0.137,Low,2,0.0199
48033,Borden,Texas,100,2.0,18.0,0.171,0.955,598,598,2.0,0.167,High,3,0.0348
31115,Loup,Nebraska,99,0.0,11.0,0.178,0.778,625,625,0.0,0.158,Low,2,0.0009
31007,Banner,Nebraska,94,2.0,12.0,0.155,0.658,704,704,2.128,0.134,High,3,0.0212
48261,Kenedy,Texas,86,2.0,7.0,0.129,0.519,680,680,2.326,0.126,High,3,0.0195
35021,Harding,New Mexico,85,4.0,7.0,0.115,0.559,751,751,4.706,0.113,High,3,0.1568
31165,Sioux,Nebraska,82,1.0,17.0,0.16,0.912,701,702,1.22,0.117,Low,2,0.0201
31117,McPherson,Nebraska,75,1.0,16.0,0.123,0.72,673,673,1.333,0.111,Medium,2,0.0238
31009,Blaine,Nebraska,69,3.0,5.0,0.131,0.463,596,596,4.348,0.116,High,3,0.0801
48999,Pending County Assignment,Texas,65,0.0,65.0,13.0,29.069,5,5,0.0,13.0,Low,2,0.1549
38087,Slope,North Dakota,64,0.0,4.0,0.092,0.358,771,771,0.0,0.083,Low,2,0.002
48269,King,Texas,51,0.0,9.0,0.095,0.558,578,578,0.0,0.088,Low,2,0.0016
